cod_unico,direccion,institucion,establecimiento,files,clasificacion,correo,longitud,latitud,pagina
00008390,AVENIDA AV. CANEVARO Nº 550 DISTRITO LINCE PROVINCIA LIMA DEPARTAMENTO LIMA,PUBLICO,SISOL SALUD LINCE,"""http://maps.google.es/?q=-12.0839839%20-77.0394842,INSASU20200221162952.jpeg,""",POLICLINICOS,jorge.santamaria@sisol.gob.pe,-77.0394842,-12.0839839,http://www.sisol.gob.pe/
00006152,AVENIDA SIMÓN BOLÍVAR ESQUINA JR. MARIANO NECOCHEA S/N DISTRITO VILLA MARIA DEL TRIUNFO PROVINCIA LIMA DEPARTAMENTO LIMA,PUBLICO,CENTRO MATERNO INFANTIL JOSE CARLOS MARIATEGUI,"""http://maps.google.es/?q=-12.147521%20-76.950802,INSASU20240816151638.jpg,INSASU20240816151645.jpg,INSASU20240816151654.jpg,""",CENTROS DE SALUD CON CAMAS DE INTERNAMIENTO,cmijosecarlosm6152@gmail.com,-76.950802,-12.147521,https://www.gob.pe/dirislimasur
00007633,AVENIDA AV. HONORIO DELGADO 262 URB. INGENIERIA DISTRITO SAN MARTIN DE PORRES PROVINCIA LIMA DEPARTAMENTO LIMA,PUBLICO,HOSPITAL NACIONAL CAYETANO HEREDIA,"""http://maps.google.es/?q=-12.0220216%20-77.0544967,INSASU20190930123536.jpg,""",HOSPITALES O CLINICAS DE ATENCION ESPECIALIZADA,segundo.acho@upch.pe,-77.0544967,-12.0220216,HTTP://WWW.DISAVLC.GOB.PE
00009989,JIRÓN JR. EL POLO 570 MONTERRICO-SANTIAGO DE SURCO DISTRITO SANTIAGO DE SURCO PROVINCIA LIMA DEPARTAMENTO LIMA,PRIVADO,CLINICA PADRE LUIS TEZZA,"""http://maps.google.es/?q=-12.10362434%20-76.97213981,INSASU20230718190125.jpg,INSASU20230718190134.jpg,INSASU20230718190145.jpg,""",HOSPITALES O CLINICAS DE ATENCION GENERAL,directorageneral@clinicatezza.com.pe,-76.97213981,-12.10362434,
00010858,AVENIDA AV. FRANCISCO TUDELA Y VARELA 102-106- SAN ISIDRO DISTRITO SAN ISIDRO PROVINCIA LIMA DEPARTAMENTO LIMA,PRIVADO,CAFAE-SE,"""http://maps.google.es/?q=-12.1076979%20-77.0398989,INSASU20240123071915.jpg,INSASU20240123071924.jpg,INSASU20240123071936.jpg,""",POLICLINICOS,SERVICIOSDESALUD@CAFAE-SE.COM.PE,-77.0398989,-12.1076979,HTTP://WWW.CAFAE-SE.COM.PE
00033381,OTROS ASOCIACION -  LA ESTRELLA .AVENIDA - JOSE CARLOS MARIATEGUI NUMERO 364 DISTRITO ATE PROVINCIA LIMA DEPARTAMENTO LIMA,PUBLICO,HOSPITAL DE LIMA ESTE -VITARTE,"""http://maps.google.es/?q=-12.0261339%20-76.9173085,INSASU20230630094205.jpeg,INSASU20230630094209.jpeg,INSASU20230630094240.jpeg,""",HOSPITALES O CLINICAS DE ATENCION ESPECIALIZADA,jgarcia@hlev.gob.pe,-76.9173085,-12.0261339,https://www.gob.pe/hlev
00005991,CALLE CALLE LEOPOLDO ARIAS NRO. 200 DISTRITO CHORRILLOS PROVINCIA LIMA DEPARTAMENTO LIMA,PUBLICO,CENTRO MATERNO INFANTIL DE SALUD VIRGEN DEL CARMEN,"""http://maps.google.es/?q=-12.1659155%20-77.0202982,INSASU20250220075422.jpg,INSASU20250220075416.jpg,INSASU20250220075419.jpg,""",CENTROS DE SALUD CON CAMAS DE INTERNAMIENTO,rocio_guillen2000@yahoo.es,-77.0202982,-12.1659155,
00006206,PARQUE PARQUE HISTORIA DE LA MEDICINA PERUANA S/N ALTURA CUADRA 13 AV GRAU NUMERO S/N DISTRITO LIMA PROVINCIA LIMA DEPARTAMENTO LIMA,PUBLICO,HOSPITAL NACIONAL  DOS DE MAYO,"""""",HOSPITALES O CLINICAS DE ATENCION ESPECIALIZADA,direccionadjuntahdosdemayo@gmail.com,,,https://www.hdosdemayo.gob.pe/
00006213,AVENIDA AV. ROOSVELT N° 6355 (EX AV. REPUBLICA DE PANAMA) AV. ROOSVELT N° 6355 (EX AV. REPUBLICA DE PANAMA) MIRAFLORES LIMA LIMA,PUBLICO,HOSPITAL DE EMERGENCIAS JOSÉ CASIMIRO ULLOA,"""http://maps.google.es/?q=-12.12810608%20-77.01773784,INSASU20211129110736.jpg,INSASU20231113115021.jpg,INSASU20231113115123.jpg,""",HOSPITALES O CLINICAS DE ATENCION ESPECIALIZADA,vllacsa@hejcu.gob.pe,-77.01773784,-12.12810608,HTTP://WWW.hejcu.gob.pe
00007639,AVENIDA AVENIDA JOSE ARAMBULO LA ROSA Nº 221-251-271 DISTRITO HUACHO PROVINCIA HUAURA DEPARTAMENTO LIMA,PUBLICO,HOSPITAL REGIONAL DE HUACHO,"""http://maps.google.es/?q=-11.11552309%20-77.60782172,Fotografia_7639_40252678_1462798155433.png,Fotografia_7639_40252678_1462798168278.png,Fotografia_7639_40252678_1462798207870.png,""",HOSPITALES O CLINICAS DE ATENCION GENERAL,direccioneje@hdhuacho.gob.pe,-77.60782172,-11.11552309,HTTP://WWW.HDHUACHO.GOB.PE
00008943,AVENIDA AV ANGAMOS OESTE N° 300 AV ANGAMOS OESTE N° 300 MIRAFLORES LIMA LIMA,PRIVADO,SUIZA LAB - SEDE MIRAFLORES,"""http://maps.google.es/?q=-12.1135251%20-77.0314966,INSASU20191226141906.jpg,INSASU20240617122728.jpg,INSASU20240617122732.jpg,""",CENTROS DE SALUD O CENTROS MEDICOS,yjordan@suizalab.com,-77.0314966,-12.1135251,
00023249,AVENIDA LA ENCALADA NÚMERO 1090 DISTRITO SANTIAGO DE SURCO PROVINCIA LIMA DEPARTAMENTO LIMA,PRIVADO,SUIZA LAB,"""http://maps.google.es/?q=-12.1056924%20-76.9709494,INSASU20191206094321.jpg,INSASU20191206094327.jpg,INSASU20191207100616.JPG,""",POLICLINICOS,yjordan@suizalab.com,-76.9709494,-12.1056924,https://www.suizalab.com/
00008325,AVENIDA AV. PASO DE LOS ANDES 675 DISTRITO PUEBLO LIBRE PROVINCIA LIMA DEPARTAMENTO LIMA,PRIVADO,CLINICA CENTENARIO PERUANO JAPONESA,"""http://maps.google.es/?q=-12.0731243%20-77.059128,INSASU20190611110403.jpg,""",HOSPITALES O CLINICAS DE ATENCION GENERAL,ADMINISTRACION@CLINICAPJ.ORG.PE,-77.059128,-12.0731243,HTTP://WWW.APJ.ORG.PE
00008398,AVENIDA AV AURELIO MIROQUESADA 1030 DISTRITO SAN ISIDRO PROVINCIA LIMA DEPARTAMENTO LIMA,PRIVADO,CLINICA EL GOLF,"""http://maps.google.es/?q=-12.09783477%20-77.05120651,INSASU20201214165307.jpeg,""",HOSPITALES O CLINICAS DE ATENCION GENERAL,ceg.comunicacionesoficiales@sanna.pe,-77.05120651,-12.09783477,http://www.sanna.pe/
00008445,JIRÓN JR. CAMANA 700 DISTRITO LIMA PROVINCIA LIMA DEPARTAMENTO LIMA,PUBLICO,SOLIDARIDAD CAMANA,"""http://maps.google.es/?q=-12.0493589%20-77.035362,INSASU20250218114102.jpeg,INSASU20250218114105.jpeg,INSASU20250218114133.jpeg,""",POLICLINICOS,mesadepartesvirtual@sisol.gob.pe,-77.035362,-12.0493589,HTTP://WWW.SISOL.GOB.PE
00010668,AVENIDA AV. GREGORIO ESCOBEDO NO. 783 DISTRITO JESUS MARIA PROVINCIA LIMA DEPARTAMENTO LIMA,PRIVADO,POLICLÍNICO PERUANO JAPONÉS,"""http://maps.google.es/?q=-12.087682%20-77.054784,INSASU20201022105016.jpg,""",POLICLINICOS,POLI@APJ.ORG.PE,-77.054784,-12.087682,https://www.policlinicoperuanojapones.org
00012633,AVENIDA AV. JAVIER PRADO ESTE 499 URB. JARDIN LIMA- SAN ISIDRO DISTRITO SAN ISIDRO PROVINCIA LIMA DEPARTAMENTO LIMA,PRIVADO,CLINICA JAVIER PRADO,"""http://maps.google.es/?q=-12.090915%20-77.028305,INSASU20181102084145.jpg,INSASU20181102084147.jpg,""",HOSPITALES O CLINICAS DE ATENCION GENERAL,direccionmedica@clinicajavierprado.com.pe,-77.028305,-12.090915,HTTP://WWW.CLINICAJAVIERPRADO.COM.PE/
00014501,AVENIDA AV. LA MARINA 2945-2949-2955-2965 MARANGA- SAN MIGUEL DISTRITO SAN MIGUEL PROVINCIA LIMA DEPARTAMENTO LIMA,PRIVADO,CLINICA SAN GABRIEL,"""http://maps.google.es/?q=-12.0766644%20-77.0957206,INSASU20240620140511.jpg,INSASU20240620140539.jpg,INSASU20240620140547.jpg,""",HOSPITALES O CLINICAS DE ATENCION GENERAL,clinicasangabriel@sanpablo.com.pe,-77.0957206,-12.0766644,HTTP://WWW.CLINICASANGABRIEL.COM.PE
00036675,AVENIDA IQUITOS NUMERO 600 DISTRITO LA VICTORIA PROVINCIA LIMA DEPARTAMENTO LIMA,PRIVADO,Clinica San Pablo La Victoria,"""http://maps.google.es/?q=-12.0660414%20-77.0305797,INSASU20241206101225.jpeg,INSASU20241206101230.jpeg,INSASU20241206101234.jpeg,""",HOSPITALES O CLINICAS DE ATENCION GENERAL,szegarra.sanpablo@gmail.com,-77.0305797,-12.0660414,https://www.sanpablo.com.pe/
00009988,CALLE CALLE LA CONQUISTA 145-URB. EL DERBY DE MONTERRICO DISTRITO SANTIAGO DE SURCO PROVINCIA LIMA DEPARTAMENTO LIMA,PRIVADO,CLINICA SAN PABLO SAC,"""http://maps.google.es/?q=-12.1001824%20-76.9712723,INSASU20230302085925.jpeg,INSASU20230302085930.jpeg,INSASU20230302085935.jpeg,""",HOSPITALES O CLINICAS DE ATENCION GENERAL,JALVAREZ@SANPABLO.COM.PE,-76.9712723,-12.1001824,http://www.sanpablo.com.pe/
00009886,AVENIDA AV. GUARDIA CIVIL N° 337 AV. GUARDIA CIVIL N° 337 SAN BORJA LIMA LIMA,PRIVADO,CLINICA SAN BORJA,"""http://maps.google.es/?q=-12.0917981%20-77.0086722,INSASU20191016155911.jpg,""",HOSPITALES O CLINICAS DE ATENCION GENERAL,CARLOS.MARTINEZ@SANNA.PE,-77.0086722,-12.0917981,HTTP://WWW.CLINICASANBORJA.COM.PE
00009409,AVENIDA AV. JAVIER PRADO ESTE 1066 DISTRITO SAN ISIDRO PROVINCIA LIMA DEPARTAMENTO LIMA,PRIVADO,CLINICA RICARDO PALMA,"""http://maps.google.es/?q=-12.09036833%20-77.01813667,INSASU20201116184218.jpg,INSASU20201116184220.jpg,INSASU20201116184223.jpg,""",HOSPITALES O CLINICAS DE ATENCION GENERAL,DIRECCION@CRP.COM.PE,-77.01813667,-12.09036833,HTTP://WWW.CRP.COM.PE
00009682,AVENIDA AV. GUARDIA CIVIL Nº 385 DISTRITO SAN BORJA PROVINCIA LIMA DEPARTAMENTO LIMA,PRIVADO,CLÍNICA INTERNACIONAL,"""http://maps.google.es/?q=-12.09246393%20-77.00883127,INSASU20171219204029.jpg,""",HOSPITALES O CLINICAS DE ATENCION GENERAL,ysoto@cinternacional.com.pe,-77.00883127,-12.09246393,http://www.clinicainternacional.com.pe/
00012975,JIRÓN JR EDUARDO ORDOÑEZ 468 DISTRITO SAN BORJA PROVINCIA LIMA DEPARTAMENTO LIMA,PRIVADO,CL ESPECIALIDADES MEDICAS,"""http://maps.google.es/?q=-12.1059423%20-77.0015215,INSASU20191207101656.jpg,INSASU20191207101659.jpg,INSASU20191207101701.jpg,""",HOSPITALES O CLINICAS DE ATENCION ESPECIALIZADA,comunicaciones@especialidadesmedicas.org,-77.0015215,-12.1059423,HTTPS://WWW.ESPECIALIDADESMEDICAS.ORG/
00013591,AVENIDA AVENIDA BRASIL CUADRA 26 S/N NÚMERO S/N DISTRITO JESUS MARIA PROVINCIA LIMA DEPARTAMENTO LIMA,PUBLICO,HOSPITAL NACIONAL POLICIA NACIONAL DEL PERU GRAL PNP LUIS N. SAENZ.,"""""",HOSPITALES O CLINICAS DE ATENCION GENERAL,ESTADOMAYORHNLNSPNP@GMAIL.COM,,,
00015610,JIRÓN JR. WASHINGTON 1471 DISTRITO LIMA PROVINCIA LIMA DEPARTAMENTO LIMA,PRIVADO,Clínica Internacional - Sede Lima,"""http://maps.google.es/?q=-12.05836675%20-77.03836239,INSASU20170926171457.jpg,INSASU20170926171212.jpg,""",HOSPITALES O CLINICAS DE ATENCION GENERAL,nparedes@cinternacional.com.pe,-77.03836239,-12.05836675,https://www.clinicainternacional.com.pe/
00019049,AVENIDA AV ANGAMOS OESTE N°450-490 DISTRITO MIRAFLORES PROVINCIA LIMA DEPARTAMENTO LIMA,PRIVADO,AUNA CLÍNICA DELGADO,"""http://maps.google.es/?q=-12.1140163%20-77.0325176,INSASU20240223180505.jpg,INSASU20240223180514.jpg,INSASU20240223180526.jpg,""",HOSPITALES O CLINICAS DE ATENCION GENERAL,SSANTIAGO@AUNA.PE,-77.0325176,-12.1140163,https://www.clinicadelgado.pe
00024299,JIRÓN El Polo 461 – 473- 455 NÚMERO 461 URBANIZACIÓN El Derby de Monterrico DISTRITO SANTIAGO DE SURCO PROVINCIA LIMA DEPARTAMENTO LIMA,PRIVADO,CLINICA INTERNACIONAL - SEDE SURCO,"""http://maps.google.es/?q=-12.10386453%20-76.97278372,INSASU20190819114149.JPG,""",POLICLINICOS,nparedes@cinternacional.com.pe,-76.97278372,-12.10386453,http://www.clinicainternacional.com.pe
00027320,AVENIDA Guardia Civil NUMERO 368 DISTRITO SAN ISIDRO PROVINCIA LIMA DEPARTAMENTO LIMA,PRIVADO,CLINICA AUNA SEDE GUARDIA CIVIL,"""http://maps.google.es/?q=-12.09189611%20-77.00903512,INSASU20230906161623.jpg,INSASU20190911161536.jpg,INSASU20241122112028.jpg,""",HOSPITALES O CLINICAS DE ATENCION GENERAL,sabrina.santiago@auna.org,-77.00903512,-12.09189611,
00021014,AVENIDA AV. HUAYLAS 149- 161 DISTRITO CHORRILLOS PROVINCIA LIMA DEPARTAMENTO LIMA,PRIVADO,SEMEGUA SAC,"""http://maps.google.es/?q=-12.1664915%20-77.026399,INSASU20181217102308.jpg,""",POLICLINICOS,equipodegestion@semegua.net,-77.026399,-12.1664915,HTTP://www.semegua.net
00005617,AVENIDA ENTRE PARADERO 10 Y 11 DE AV. CANTO GRANDE (HUASCAR) DISTRITO SAN JUAN DE LURIGANCHO PROVINCIA LIMA DEPARTAMENTO LIMA,PUBLICO,HOSPITAL SAN JUAN DE LURIGANCHO,"""http://maps.google.es/?q=-11.9665774%20-77.0030573,INSASU20191115153153.JPG,INSASU20191115153159.JPG,INSASU20191115153202.JPG,""",HOSPITALES O CLINICAS DE ATENCION GENERAL,DIRECCION.EJECUTIVA@HOSPITALSJL.GOB.PE,-77.0030573,-11.9665774,HTTP://WWW.GOB.PE/HSJL
00006207,AVENIDA AV. ALFONSO UGARTE 848 AV. ALFONSO UGARTE 848 LIMA LIMA LIMA,PUBLICO,HOSPITAL NACIONAL ARZOBISPO LOAYZA,"""http://maps.google.es/?q=-12.0498454%20-77.0425597,INSASU20191129114822.JPG,""",HOSPITALES O CLINICAS DE ATENCION GENERAL,eyong@hospitalloayza.gob.pe,-77.0425597,-12.0498454,http://www.hospitalloayza.gob.pe
00006208,JIRÓN JR. ANTONIO MIROQUESADA Nº 941 DISTRITO LIMA PROVINCIA LIMA DEPARTAMENTO LIMA,PUBLICO,INSTITUTO NACIONAL MATERNO PERINATAL,"""http://maps.google.es/?q=-12.0529163%20-77.0221718,INSASU20231012144443.jpg,INSASU20231012144448.jpg,INSASU20231012144453.jpg,""",INSTITUTOS DE SALUD ESPECIALIZADOS,DIRECCIONGENERAL@IEMP.GOB.PE,-77.0221718,-12.0529163,HTTP://WWW.INMP.GOB.PE
00006209,JIRÓN JR. ANCASH 1271 - LIMA DISTRITO LIMA PROVINCIA LIMA DEPARTAMENTO LIMA,PUBLICO,INSTITUTO NACIONAL DE CIENCIAS NEUROLOGICAS,"""http://maps.google.es/?q=-12.0462295%20-77.0156898,INSASU20220711131046.jpg,INSASU20220711131054.jpg,INSASU20220711131058.jpg,""",INSTITUTOS DE SALUD ESPECIALIZADOS,direccionegeneral@incn.gob.pe,-77.0156898,-12.0462295,HTTP://WWW.ICN.MINSA.GOB.PE
00006210,"AVENIDA AV.  ANGAMOS ESTE Nº 2520, URB. CALERA DE LA MERCED DISTRITO SURQUILLO PROVINCIA LIMA DEPARTAMENTO LIMA",PUBLICO,INSTITUTO NACIONAL DE ENFERMEDADES NEOPLASICAS,"""http://maps.google.es/?q=-12.1117911%20-76.9991488,INSASU20220607163844.jpg,INSASU20220607163849.jpg,INSASU20220607163855.jpg,""",INSTITUTOS DE SALUD ESPECIALIZADOS,mesadepartesj@inen.sld.pe,-76.9991488,-12.1117911,https://portal.inen.sld.pe/
00006212,AVENIDA AV GRAU 854 - PROLONG JR HUAMANGA 147 AV GRAU 854 - PROLONG JR HUAMANGA 147 LA VICTORIA LIMA LIMA,PUBLICO,HOSPITAL DE EMERGENCIAS PEDIATRICAS,"""http://maps.google.es/?q=-12.0581708%20-77.0217293,INSASU20190205113412.jpg,""",HOSPITALES O CLINICAS DE ATENCION ESPECIALIZADA,mesadepartesvirtualhep@hep.gob.pe,-77.0217293,-12.0581708,HTTP://WWW.HEP.GOB.PE
00006215,AVENIDA AV ALFONSO UGARTE Nº 825 LIMA CERCADO - ANEXO : JR.CHOTA 748 825 FRENTE AL HOSPITAL ARZOBISPO LOAYZA LIMA LIMA LIMA,PUBLICO,HOSPITAL NACIONAL DOCENTE MADRE NIÑO SAN BARTOLOME,"""http://maps.google.es/?q=-12.0499179%20-77.0423608,INSASU20181228094221.jpg,INSASU20181228113354.jpg,INSASU20181228113357.jpg,""",HOSPITALES O CLINICAS DE ATENCION ESPECIALIZADA,comunicaciones@sanbartolome.gob.pe,-77.0423608,-12.0499179,http://www.sanbartolome.gob.pe/
00007632,AVENIDA AV. SAENZ PEÑA - CUADRA 6 S/N S/N AV. SAENZ PEÑA - CUADRA 6 S/N PUENTE PIEDRA LIMA LIMA,PUBLICO,HOSPITAL CARLOS LANFRANCO LA HOZ,"""http://maps.google.es/?q=-11.8631805%20-77.079335,INSASU20190528110309.jpg,INSASU20190528110316.jpg,INSASU20190528110322.jpg,""",HOSPITALES O CLINICAS DE ATENCION GENERAL,webmaster@hcllh.gob.pe,-77.079335,-11.8631805,http://www.hcllh.gob.pe
00007634,AVENIDA AV. TUPAC AMARU KM. 14.5 AV. TUPAC AMARU KM. 14.5 COMAS LIMA LIMA,PUBLICO,HOSPITAL SERGIO E. BERNALES,"""http://maps.google.es/?q=-11.9138337%20-77.0395181,INSASU20181213111316.jpg,INSASU20181213111321.JPG,INSASU20181213111325.JPG,""",HOSPITALES O CLINICAS DE ATENCION GENERAL,direccion@hnseb.gob.pe,-77.0395181,-11.9138337,HTTP://www.hnseb.gob.pe
00008292,AVENIDA AVENIDA ESCUELA MILITAR S/N CHORRILLOS NUMERO S/N DISTRITO CHORRILLOS PROVINCIA LIMA DEPARTAMENTO LIMA,PUBLICO,"CENTRO MEDICO DE LA ESCUELA MILITAR DE CHORRILLOS ""CORONEL FRANCISCO BOLOGNESI""","""http://maps.google.es/?q=-12.1601295%20-77.0189409,INSASU20171227215626.jpg,INSASU20240605144053.jpeg,INSASU20240605144102.jpeg,""",CENTROS DE SALUD O CENTROS MEDICOS,cmemch1500@gmail.com,-77.0189409,-12.1601295,HTTP://WWW.EJERCITO.MIL.PE
00008318,CARRETERA CARRETERA CENTRAL KM. 3.5 Nº 1351 CARRETERA CENTRAL KM. 3.5 Nº 1351 SANTA ANITA LIMA LIMA,PUBLICO,ESSALUD - HOSPITAL I JORGE VOTO BERNALES CORPANCHO,"""http://maps.google.es/?q=-12.04742267%20-76.94735173,INSASU20180104143326.jpg,""",HOSPITALES O CLINICAS DE ATENCION GENERAL,GLORIA.VALENCIA@ESSALUD.GOB.PE,-76.94735173,-12.04742267,HTTP://WWW.ESSALUD.GOB.PE
00008353,JIRÓN JR. SAN MARTIN DE PORTES 265 DISTRITO ATE PROVINCIA LIMA DEPARTAMENTO LIMA,PUBLICO,HOSPITAL II VITARTE - ESSALUD,"""http://maps.google.es/?q=-12.02704336%20-76.92369527,INSASU20220511160520.jpg,INSASU20220511160534.jpg,INSASU20220511160555.jpg,""",HOSPITALES O CLINICAS DE ATENCION GENERAL,edgard.miguel@essalud.gob.pe,-76.92369527,-12.02704336,
00008502,AVENIDA AVENIDA GRAU N° 351 DISTRITO LIMA PROVINCIA LIMA DEPARTAMENTO LIMA,PUBLICO,HOSPITAL DE EMERGENCIAS GRAU,"""http://maps.google.es/?q=-12.0589571%20-77.0312779,INSASU20221130204436.jpg,INSASU20221130204441.jpeg,INSASU20221130204445.jpeg,""",HOSPITALES O CLINICAS DE ATENCION GENERAL,henry.sanchezl@essalud.gob.pe,-77.0312779,-12.0589571,http://portal.essalud.gob.pe/
00008720,JIRÓN EDGARDO REBAGLIATI 490 JESUS MARIA LIMA LIMA,PUBLICO,HOSPITAL NACIONAL EDGARDO REBAGLIATI MARTINS,"""http://maps.google.es/?q=-12.0798682%20-77.0402713,INSASU20230210113050.jpg,INSASU20230210113345.jpg,INSASU20230210113436.jpg,""",INSTITUTOS DE SALUD ESPECIALIZADOS,consultamesadepartes@essalud.gob.pe,-77.0402713,-12.0798682,HTTP://WWW.ESSALUD.GOB.PE
00009188,JIRÓN JIRÓN GUILLERMO DANSEY Nº 390 DISTRITO LIMA PROVINCIA LIMA DEPARTAMENTO LIMA,PUBLICO,HOSPITAL II RAMON CASTILLA,"""http://maps.google.es/?q=-12.0443408%20-77.0440331,INSASU20171109104821.jpg,INSASU20171109104829.jpg,INSASU20171109104833.jpg,""",HOSPITALES O CLINICAS DE ATENCION GENERAL,guillermo.barrios@essalud.gob.pe,-77.0440331,-12.0443408,HTTP://WWW.ESSALUD.GOB.PE
00010318,"JIRÓN JR. LOS JILGUEROS 102-104, URBANIZACIÓN SANTA ANITA DISTRITO SANTA ANITA PROVINCIA LIMA DEPARTAMENTO LIMA",PRIVADO,CENTRO MEDICO MAYO,"""http://maps.google.es/?q=-12.0509548%20-76.9654572,INSASU20201024181548.JPG,INSASU20201024181611.JPG,""",CENTROS DE SALUD O CENTROS MEDICOS,salud@centromedicomayo.com.pe,-76.9654572,-12.0509548,
00010467,JIRÓN JR ALEXANDER FLEMING 103 URB SAN BORJA SUR DISTRITO SAN BORJA PROVINCIA LIMA DEPARTAMENTO LIMA,PRIVADO,CLINICA FLEMING,"""""",HOSPITALES O CLINICAS DE ATENCION ESPECIALIZADA,SISTEMAS@CLINICAFLEMING.COM.PE,,,
00010515,AVENIDA AV. GUARDIA CIVIL 301 AV. GUARDIA CIVIL 301 SAN BORJA LIMA LIMA,PRIVADO,CLINICA SANTA LUCIA S.A.C.,"""""",HOSPITALES O CLINICAS DE ATENCION GENERAL,ADMINISTRACION@CLINICA-SANTALUCIA.COM,,,
00010751,AVENIDA AV. ARAMBURU 2DA. CUADRA S/N NUMERO S/N DISTRITO MIRAFLORES PROVINCIA LIMA DEPARTAMENTO LIMA,PUBLICO,HOSPITAL CENTRAL DE LA FUERZA AEREA DEL PERU,"""http://maps.google.es/?q=-12.10342333%20-77.029825,INSASU20180222114454.JPG,INSASU20241112094310.JPG,INSASU20241112094318.JPG,""",HOSPITALES O CLINICAS DE ATENCION GENERAL,hospi_mespa@fap.mil.pe,-77.029825,-12.10342333,HTTP://WWW.FAP.MIL.PE
00012340,AVENIDA AV. PROCERES DE LA INDEPENDENCIA S/N (DENTRO DEL PARQUE ZONAL HUIRACOCHA) NÚMERO S/N DISTRITO SAN JUAN DE LURIGANCHO PROVINCIA LIMA DEPARTAMENTO LIMA,PUBLICO,SISTEMA METROPOLITANO DE LA SOLIDARIDAD SAN JUAN DE LURIGANCHO,"""http://maps.google.es/?q=-12.0085642%20-77.0035429,INSASU20200814150522.jpeg,""",POLICLINICOS,cesar.sotelo@sisol.gob.pe,-77.0035429,-12.0085642,HTTP://WWW.SISOL.GOB.PE
00014548,AVENIDA AV GERARDO UNGER CUADRA 16 S/N NÚMERO S/N DISTRITO RIMAC PROVINCIA LIMA DEPARTAMENTO LIMA,PUBLICO,SISTEMA METROPOLITANO DE LA SOLIDARIDAD METRO UNI,"""http://maps.google.es/?q=-12.01288243%20-77.05216177,INSASU20191007162011.jpg,""",POLICLINICOS,olger.ortega@sisol.gob.pe,-77.05216177,-12.01288243,HTTP://WWW.SISOL.GOB.PE
00014575,AVENIDA AV. PASTOR SEVILLA S/N OVALO COCHARCAS NÚMERO S/N DISTRITO VILLA EL SALVADOR PROVINCIA LIMA DEPARTAMENTO LIMA,PUBLICO,SISTEMA METROPOLITANO DE LA SOLIDARIDAD  SISOL VILLA EL SALVADOR,"""http://maps.google.es/?q=-12.06819767%20-77.02039159,INSASU20181227185630.jpg,INSASU20181227185634.jpg,""",POLICLINICOS,susalud.renipress@sisol.gob.pe,-77.02039159,-12.06819767,HTTP://WWW.SISOL.GOB.PE
00015077,AVENIDA AVENIDA BRASIL 2746 DISTRITO PUEBLO LIBRE PROVINCIA LIMA DEPARTAMENTO LIMA,PRIVADO,LIGA CONTRA EL CÁNCER,"""http://maps.google.es/?q=-12.0848305%20-77.0621073,INSASU20201123173641.jpeg,""",HOSPITALES O CLINICAS DE ATENCION ESPECIALIZADA,LIGACANCER@LIGACANCER.ORG.PE,-77.0621073,-12.0848305,HTTP://WWW.LIGACANCER.ORG.PE
00016121,CALLE CALLE LEONIDAS AVENDAÑO Nº 116 DISTRITO MIRAFLORES PROVINCIA LIMA DEPARTAMENTO LIMA,PRIVADO,CLÍNICA AVENDAÑO,"""http://maps.google.es/?q=-12.1311497%20-77.0245336,INSASU20230512121250.jpg,""",HOSPITALES O CLINICAS DE ATENCION ESPECIALIZADA,acastro@clinicaavendanoperu.com,-77.0245336,-12.1311497,https://www.clinicaavendanoperu.com/
00016918,AVENIDA AV LA ROSA TORO 1250 URB JACARANDA II DISTRITO SAN BORJA PROVINCIA LIMA DEPARTAMENTO LIMA,PUBLICO,INSTITUTO NACIONAL DE SALUD NIÑO SAN BORJA,"""http://maps.google.es/?q=-12.0853791%20-76.9919372,INSASU20181212162323.JPG,INSASU20181212162328.JPG,INSASU20181212162333.JPG,""",INSTITUTOS DE SALUD ESPECIALIZADOS,renipress@insnsb.gob.pe,-76.9919372,-12.0853791,https://www.insnsb.gob.pe/
00017024,AVENIDA AV FAUSTINO SANCHEZ CARRION S/N (EX. AV PERSHIN S/N) S/N AV FAUSTINO SANCHEZ CARRION S/N (EX. AV PERSHIN S/N) JESUS MARIA LIMA LIMA,PUBLICO,HOSPITAL  MILITAR LUIS ARIAS SCHEREIBER,"""http://maps.google.es/?q=-12.0871197%20-77.0619786,INSASU20180702114754.jpg,""",HOSPITALES O CLINICAS DE ATENCION ESPECIALIZADA,HMC@MIL.PE,-77.0619786,-12.0871197,HTTP://WWW.EJERCITO.MIL.PE
00017634,AVENIDA GUARDIA CIVIL 219-225-227- 229 MZ. A2 LT. 02 URB. CORPA 1RA ZONA DISTRITO SAN BORJA PROVINCIA LIMA DEPARTAMENTO LIMA,PRIVADO,CLINICA ONCOSALUD,"""http://maps.google.es/?q=-12.0906552%20-77.0076122,INSASU20220207095631.jpg,INSASU20180717153631.jpg,INSASU20180717153636.JPG,""",HOSPITALES O CLINICAS DE ATENCION ESPECIALIZADA,rnunezg@auna.pe,-77.0076122,-12.0906552,
00018011,JIRÓN JIRON CORONEL FÉLIX ZEGARRA Nº.S 397-417-455-465-491-495 DISTRITO JESUS MARIA PROVINCIA LIMA DEPARTAMENTO LIMA,PUBLICO,INSTITUTO NACIONAL CARDIOVASCULAR CARLOS ALBERTO PESCHIERA CARRILLO – INCOR –ESSALUD,"""http://maps.google.es/?q=-12.0768185%20-77.0398868,INSASU20171030142027.jpg,INSASU20231013124528.jpeg,INSASU20231013124550.jpeg,""",HOSPITALES O CLINICAS DE ATENCION ESPECIALIZADA,frank.britto@essalud.gob.pe,-77.0398868,-12.0768185,HTTP://WWW.ESSALUD.GOB.PE
00023159,AVENIDA PASTOR SEVILLA NUMERO 000 DISTRITO VILLA EL SALVADOR PROVINCIA LIMA DEPARTAMENTO LIMA,PUBLICO,HOSPITAL DE EMERGENCIAS VILLA EL SALVADOR,"""http://maps.google.es/?q=-12.2326004%20-76.9336669,INSASU20231206084943.jpg,INSASU20231206084958.JPG,INSASU20231206085000.JPG,""",HOSPITALES O CLINICAS DE ATENCION GENERAL,alan.robinet@heves.gob.pe,-76.9336669,-12.2326004,http://www.heves.gob.pe/
00023282,AVENIDA MANCO CAPAC NÚMERO 218 DISTRITO LA VICTORIA PROVINCIA LIMA DEPARTAMENTO LIMA,PUBLICO,SISOL SALUD LA VICTORIA,"""http://maps.google.es/?q=-12.0608683%20-77.0297089,INSASU20200304083200.jpg,""",POLICLINICOS,cristhian.inga@sisol.gob.pe,-77.0297089,-12.0608683,http://www.sisol.gob.pe/
00026793,AVENIDA BRASIL NUMERO 1199 DISTRITO JESUS MARIA PROVINCIA LIMA DEPARTAMENTO LIMA,PRIVADO,CLINICA BELLAFORMA,"""http://maps.google.es/?q=-12.071132%20-77.0503715,INSASU20241108124545.jpg,INSASU20241108124505.jpg,INSASU20241108130457.jpg,""",HOSPITALES O CLINICAS DE ATENCION ESPECIALIZADA,dafnanna@gmail.com,-77.0503715,-12.071132,
00027929,AVENIDA ABANCAY 491 PISO 6 (FRENTE HIRAOKA.) LIMA LIMA LIMA,PUBLICO,"INSTITUTO DE MEDICINA LEGAL Y CIENCIAS FORENSES ""LEONIDAS AVENDAÑO URETA""","""http://maps.google.es/?q=-12.05095195%20-77.02792379,INSASU20211014102311.jpg,INSASU20211014102315.jpg,INSASU20211014102319.jpg,""",CENTROS MEDICOS ESPECIALIZADOS,STAKUDA@MPNF.GOB.PE,-77.02792379,-12.05095195,https://www.mpfn.gob.pe/iml/
00031032,CALLE Independencia NÚMERO 1055 DISTRITO MIRAFLORES PROVINCIA LIMA DEPARTAMENTO LIMA,PRIVADO,Centros de Bienestar AUNA,"""http://maps.google.es/?q=-12.1086589%20-77.0326898,INSASU20210802192659.JPG,""",POLICLINICOS,fbueno@auna.pe,-77.0326898,-12.1086589,
00036034,"OTROS FUNDO DON LUIS B 01 COSTADO DE LA UNIVERSIDAD DE CAÑETE
CARRETERA LA QUEBRADA - ANTIGUA PANAMERICANA SUR - SAN LUIS SAN LUIS CAÑETE LIMA",PUBLICO,HOSPITAL REGIONAL DE CAÑETE - REZOLA,"""http://maps.google.es/?q=-13.0601065%20-76.4210929,INSASU20230807133047.jpeg,INSASU20230807133052.jpg,INSASU20230807133057.jpg,""",HOSPITALES O CLINICAS DE ATENCION GENERAL,secretariadireccion@hospitalrezola.gob.pe,-76.4210929,-13.0601065,http://www.hospitalrezola.gob.pe/
00036184,AVENIDA PETIT THOUARS NÚMERO 3547 DISTRITO SAN ISIDRO PROVINCIA LIMA DEPARTAMENTO LIMA,PRIVADO,VITAL SALUD CENTER,"""http://maps.google.es/?q=-12.0974888%20-77.0312812,INSASU20240624225004.jpeg,INSASU20240624225010.jpg,INSASU20240624225016.jpg,""",CENTROS DE SALUD O CENTROS MEDICOS,grisnerymt@gmail.com,-77.0312812,-12.0974888,
00018580,AVENIDA PP.JJ. NUEVA ESPERANZA MZ 1B SUBLOTE 1 PABELLON 1 CRUCE AV. 26 DE NOVIEMBRE C/ AV DEFENSORES DE LIMA DISTRITO VILLA MARIA DEL TRIUNFO PROVINCIA LIMA DEPARTAMENTO LIMA,PRIVADO,GUILLERMO KAELIN DE LA FUENTE,"""http://maps.google.es/?q=-12.1782885%20-76.9405994,INSASU20191024150643.jpg,INSASU20191024150649.jpg,INSASU20191024150654.jpg,""",HOSPITALES O CLINICAS DE ATENCION GENERAL,dante.arce@sop.com.pe,-76.9405994,-12.1782885,
00025321,AVENIDA UNION NÚMERO 16 MANZANA T LOTE 16 KILOMETRO 22 URBANIZACIÓN VIRGEN DE FATIMA DE MORON DISTRITO CHACLACAYO PROVINCIA LIMA DEPARTAMENTO LIMA,PRIVADO,POLICLINICO SERTAVA,"""http://maps.google.es/?q=-11.9808497%20-76.7931438,INSASU20231224121753.jpg,INSASU20231224121756.jpg,INSASU20231224121800.jpg,""",POLICLINICOS,SERTAVALABCLINICO@HOTMAIL.COM,-76.7931438,-11.9808497,
00026612,AVENIDA FRANCISCO BOLOGNESI NÚMERO 1040 URBANIZACIÓN UNIVERSAL DISTRITO SANTA ANITA PROVINCIA LIMA DEPARTAMENTO LIMA,PRIVADO,POLICLINICO PERUMEDIC,"""http://maps.google.es/?q=-12.04620366%20-76.97347152,INSASU20220707202654.jpeg,INSASU20220707202659.jpeg,INSASU20220707202705.jpeg,""",POLICLINICOS,PERUMEDIC.2019@GMAIL.COM,-76.97347152,-12.04620366,https://www.perumedic.com/web/
00035005,PASAJE LAS MICASITAS NÚMERO 127 DISTRITO LURIGANCHO PROVINCIA LIMA DEPARTAMENTO LIMA,PRIVADO,POLICLINICO SERTAVA,"""""",POLICLINICOS,POLICLINICOSERTAVA1@HOTMAIL.COM,,,
00009090,AVENIDA AV. PROCERES DE LA INDEPENDENCIA 2701 - Y GANIMIDES 106 - 110 DISTRITO SAN JUAN DE LURIGANCHO PROVINCIA LIMA DEPARTAMENTO LIMA,PRIVADO,"CLINICA "" LIMATAMBO""","""""",HOSPITALES O CLINICAS DE ATENCION GENERAL,jsalazar@clinicalimatambo.com,,,http://www.clinicalimatambo.com/
00009437,AVENIDA AV. REPUBLICA DE PANAMA 3606 AV. REPUBLICA DE PANAMA 3606 SAN ISIDRO LIMA LIMA,PRIVADO,CLINICA LIMATAMBO,"""http://maps.google.es/?q=-12.100626%20-77.0194727,INSASU20181105102120.jpg,""",HOSPITALES O CLINICAS DE ATENCION GENERAL,jsalazar@clinicalimatambo.com,-77.0194727,-12.100626,http://www.clinicalimatambo.com/
00011340,AVENIDA BERNARDINO RIVADAVIA NÚMERO S/N DISTRITO ATE PROVINCIA LIMA DEPARTAMENTO LIMA,PUBLICO,SISTEMA METROPOLITANO DE LA SOLIDARIDAD ATE,"""http://maps.google.es/?q=-12.02896849%20-76.92612772,INSASU20200818122756.jpeg,""",CENTROS DE SALUD O CENTROS MEDICOS,jorge.guerra@sisol.gob.pe,-76.92612772,-12.02896849,HTTP://WWW.SISOL.GOB.PE
00014687,"AVENIDA MIGUEL IGLESIAS N°917,U.I. N°1 - N°919, U.I. N°2, MZ. D2, LT.17, URB. SAN JUAN DE MIRAFLORES, PARCELA D DEL DISTRITO DE SAN JUAN DE MIRAFLORES DISTRITO SAN JUAN DE MIRAFLORES PROVINCIA LIMA DEPARTAMENTO LIMA",PRIVADO,POLICLINICO BAZAN,"""http://maps.google.es/?q=-12.1608301%20-76.9594188,INSASU20221026124449.jpeg,INSASU20221026124444.jpeg,INSASU20221026124446.jpeg,""",POLICLINICOS,POLICLINICOBAZAN919@GMAIL.COM,-76.9594188,-12.1608301,
00015718,JIRÓN JR HUARAZ 1425 DISTRITO BREÑA PROVINCIA LIMA DEPARTAMENTO LIMA,PRIVADO,CLINICA SAN MARCOS,"""http://maps.google.es/?q=-12.0637223%20-77.0480458,INSASU20181213063418.jpg,INSASU20181213063451.jpg,""",HOSPITALES O CLINICAS DE ATENCION ESPECIALIZADA,CLINSANMARCOS@HOTMAIL.COM,-77.0480458,-12.0637223,HTTP://WWW.CLINICASANMARCOS.PE
00015937,AVENIDA AV. ALFONSO UGARTE 712 CONJ. RESID. 2 DE MAYO (SECTOR 10) DISTRITO LIMA PROVINCIA LIMA DEPARTAMENTO LIMA,PRIVADO,CENTRO INTEGRAL MEDICO SEMEDIC,"""http://maps.google.es/?q=-12.048247%20-77.042889,INSASU20230321115253.jpeg,""",POLICLINICOS,sansema112@gmail.com,-77.042889,-12.048247,
00006211,AVENIDA AV. BOLIVAR S/N CUADRA 8 S/N AV. BOLIVAR S/N CUADRA 8 PUEBLO LIBRE LIMA LIMA,PUBLICO,HOSPITAL DE APOYO SANTA ROSA,"""""",HOSPITALES O CLINICAS DE ATENCION ESPECIALIZADA,HSANTAROSA@HSR.GOB.PE,,,http://www.hsr.gob.pe
00010603,AVENIDA AV. HONORIO DELGADO 370 INGENIERIA SMP DISTRITO SAN MARTIN DE PORRES PROVINCIA LIMA DEPARTAMENTO LIMA,PRIVADO,CLÍNICA MÉDICA CAYETANO HEREDIA,"""http://maps.google.es/?q=-12.02361464%20-77.05581016,INSASU20211228135329.jpg,INSASU20240125114256.jpg,INSASU20240125114306.jpg,""",HOSPITALES O CLINICAS DE ATENCION GENERAL,KSALIRROSAS@CMCH.COM.PE,-77.05581016,-12.02361464,HTTP://WWW.CMCH.COM.PE
00010743,AVENIDA AV. PASO DE LOS ANDES Nº 923 DISTRITO PUEBLO LIBRE PROVINCIA LIMA DEPARTAMENTO LIMA,PRIVADO,CLINICA STELLA MARIS,"""http://maps.google.es/?q=-12.07139763%20-77.05928362,INSASU20191212160817.jpg,INSASU20191212160823.jpg,INSASU20191212160828.jpg,""",HOSPITALES O CLINICAS DE ATENCION GENERAL,CLINICA@STELLAMARIS.COM.PE,-77.05928362,-12.07139763,HTTP://WWW.STELLAMARIS.COM.PE
00016951,JIRÓN ESQUINA DE JR. CHUCUITO Y JR. TRUJILLO SUR S/N NÚMERO S/N DISTRITO LURIGANCHO PROVINCIA LIMA DEPARTAMENTO LIMA,PRIVADO,CLINICA MADRE ZORAIDA,"""http://maps.google.es/?q=-11.93860918%20-76.69931622,INSASU20220712085317.jpg,""",HOSPITALES O CLINICAS DE ATENCION ESPECIALIZADA,adm.cmzoraida@gmail.com,-76.69931622,-11.93860918,
00027331,AVENIDA UNIVERSITARIA NORTE NÚMERO 3514 MANZANA E-1 LOTE 14 URBANIZACIÓN EL PARQUE EL NARANJAL DISTRITO LOS OLIVOS PROVINCIA LIMA DEPARTAMENTO LIMA,PUBLICO,SISOL LOS OLIVOS,"""http://maps.google.es/?q=-11.97944402%20-77.07706667,INSASU20230809144428.jpg,INSASU20230809144702.jpeg,""",POLICLINICOS,categorizacion@sisol.gob.pe,-77.07706667,-11.97944402,http://www.sisol.gob.pe/
00036497,CALLE SEVILLA NUMERO 146 URBANIZACION FUNDO BARBONCITO DISTRITO MIRAFLORES PROVINCIA LIMA DEPARTAMENTO LIMA,PRIVADO,CENTRO MÉDICO C. ALEMANA,"""http://maps.google.es/?q=-12.1067208%20-77.0304715,INSASU20241220134853.jpeg,INSASU20241220134916.jpeg,INSASU20241220134939.jpeg,""",CENTROS MEDICOS ESPECIALIZADOS,utrt.acomercial@gmail.com,-77.0304715,-12.1067208,
00008317,CALLE CALLE MAJES S/N G-11 - URB. LOS PINOS NÚMERO S/N DISTRITO SAN JUAN DE LURIGANCHO PROVINCIA LIMA DEPARTAMENTO LIMA,PUBLICO,HOSPITAL AURELIO DIAZ UFANO Y PERAL,"""http://maps.google.es/?q=-11.9684779%20-76.9955667,INSASU20230329160502.jpg,INSASU20230329160510.jpg,INSASU20230329160515.jpg,""",HOSPITALES O CLINICAS DE ATENCION GENERAL,luis.alvarado@essalud.gob.pe,-76.9955667,-11.9684779,http://portal.essalud.gob.pe/
00008489,AVENIDA AV. ANGAMOS ESTE Nº 261 DISTRITO MIRAFLORES PROVINCIA LIMA DEPARTAMENTO LIMA,PUBLICO,ESSALUD - HOSPITAL III SUÁREZ ANGAMOS,"""http://maps.google.es/?q=-12.11346867%20-77.02809522,INSASU20180917113300.jpg,INSASU20180917113319.jpg,""",HOSPITALES O CLINICAS DE ATENCION GENERAL,fausto.villavicencio@essalud.gob.pe,-77.02809522,-12.11346867,HTTP://WWW.ESSALUD.GOB.PE
00008564,AVENIDA PARQUE DE LAS LEYENDAS NÚMERO 255 DISTRITO SAN MIGUEL PROVINCIA LIMA DEPARTAMENTO LIMA,PUBLICO,HOSPITAL I OCTAVIO MONGRUT MUÑOZ,"""http://maps.google.es/?q=-12.0659612%20-77.0945832,INSASU20240528112641.jpg,INSASU20240528112647.jpg,""",HOSPITALES O CLINICAS DE ATENCION GENERAL,JOHNNY.CAMARA@ESSALUD.GOB.PE,-77.0945832,-12.0659612,HTTP://WWW.ESSALUD.GOB.PE
00008786,AVENIDA AV. NICOLÁS ARRIOLA 3250 DISTRITO SAN LUIS PROVINCIA LIMA DEPARTAMENTO LIMA,PRIVADO,CLINICA SAN JUAN DE DIOS,"""http://maps.google.es/?q=-12.0655032%20-76.9896222,INSASU20230512133922.jpg,INSASU20210712164616.jpg,INSASU20210712165815.jpg,""",HOSPITALES O CLINICAS DE ATENCION GENERAL,margarita.novoa@sanjuandedios.pe,-76.9896222,-12.0655032,HTTP://www.clinicasanjuandedioslima.pe/
00009123,CALLE CALLE ALFREDO SALAZAR Nº 350 DISTRITO SAN ISIDRO PROVINCIA LIMA DEPARTAMENTO LIMA,PRIVADO,CLINICA ANGLOAMERICANA,"""http://maps.google.es/?q=-12.1085033%20-77.0385183,INSASU20181112200805.jpg,INSASU20181112200739.jpg,INSASU20181112200749.jpg,""",HOSPITALES O CLINICAS DE ATENCION GENERAL,GALO@ANGLOAMERICANA.COM.PE,-77.0385183,-12.1085033,HTTPS://WWW.CLINICAANGLOAMERICANA.PE
00009251,AVENIDA AV. GRAU Nº 800 DISTRITO LA VICTORIA PROVINCIA LIMA DEPARTAMENTO LIMA,PUBLICO,HOSPITAL NACIONAL GUILLERMO ALMENARA IRIGOYEN,"""http://maps.google.es/?q=-12.0582734%20-77.022538,INSASU20180406153418.jpg,""",INSTITUTOS DE SALUD ESPECIALIZADOS,JORGE.AMOROS@ESSALUD.GOB.PE,-77.022538,-12.0582734,HTTP://WWW.ESSALUD.GOB.PE
00010135,AVENIDA AV. LOS CONSTRUCTORES 1201 - URB. COVIMA DISTRITO LA MOLINA PROVINCIA LIMA DEPARTAMENTO LIMA,PUBLICO,HOSPITAL I CARLOS ALCANTARA BUTTERFIELD,"""http://maps.google.es/?q=-12.062131%20-76.9455439,INSASU20180423105828.jpg,INSASU20230227100502.jpg,INSASU20230227100508.jpg,""",HOSPITALES O CLINICAS DE ATENCION GENERAL,elias.rodriguez@essalud.gob.pe,-76.9455439,-12.062131,HTTP://WWW.ESSALUD.GOB.PE
00010536,AVENIDA AV. MARISCAL BENAVIDES Nº 495 DISTRITO SAN VICENTE DE CAÑETE PROVINCIA CAÑETE DEPARTAMENTO LIMA,PUBLICO,HOSPITAL II CAÑETE,"""""",CENTROS DE SALUD CON CAMAS DE INTERNAMIENTO,luis.saravia@essalud.gob.pe,,,HTTP://WWW.ESSALUD.GOB.PE
00011167,AVENIDA AV AREQUIPA 1180  SANTA BEATRIZ DISTRITO LIMA PROVINCIA LIMA DEPARTAMENTO LIMA,PRIVADO,OFTALMOMEDIC,"""http://maps.google.es/?q=-12.07635615%20-77.0358271,INSASU20240829113133.jpg,""",HOSPITALES O CLINICAS DE ATENCION ESPECIALIZADA,direccion.medica@oftalmomedic.pe,-77.0358271,-12.07635615,https://oftalmomedic.pe/
00011401,CALLE CALLE MANUEL RAYGADA Nº 170 (ANEXO EN CALLE LAUREANO MARTINEZ Nº 140) - URB EL CAMPILLO DISTRITO SAN MIGUEL PROVINCIA LIMA DEPARTAMENTO LIMA,PRIVADO,CLINICA SAN JUDAS TADEO,"""http://maps.google.es/?q=-12.080003%20-77.080145,INSASU20221104162209.jpg,""",HOSPITALES O CLINICAS DE ATENCION GENERAL,SANJUDAS@CLINICASANJUDASTADEO.COM.PE,-77.080145,-12.080003,HTTP://WWW.CLINICASANJUDASTADEO.COM.PE
00011950,AVENIDA AV. DEFENSORES DEL MORRO N°1201 DISTRITO CHORRILLOS PROVINCIA LIMA DEPARTAMENTO LIMA,PRIVADO,CLINICA CHORRILLOS,"""http://maps.google.es/?q=-12.1745298%20-77.0186404,INSASU20240125103511.jpeg,INSASU20240611104353.jpeg,INSASU20240125103523.jpeg,""",HOSPITALES O CLINICAS DE ATENCION GENERAL,admclinicachorrillos@gmail.com,-77.0186404,-12.1745298,https://www.facebook.com/clinicachorrillos
00015684,AVENIDA AVENIDA IGNACIO MERINO 1884 AVENIDA IGNACIO MERINO 1884 LINCE LIMA LIMA,PRIVADO,CLINICA GONZALEZ S.A.,"""http://maps.google.es/?q=-12.08318206%20-77.03271098,INSASU20171124121329.JPG,INSASU20171124121356.JPG,INSASU20171124121343.JPG,""",HOSPITALES O CLINICAS DE ATENCION GENERAL,SGERENCIA@CLINICAGONZALEZ.COM,-77.03271098,-12.08318206,http://www.clinicagonzalez.com/
00017173,AVENIDA AV FRANCISCO MARIATEGUI 1418 URB FUNDO OYAGUE DISTRITO JESUS MARIA PROVINCIA LIMA DEPARTAMENTO LIMA,PRIVADO,CLINICA PORVENIR,"""http://maps.google.es/?q=-12.077661%20-77.0530119,INSASU20220607101714.jpeg,INSASU20220607101724.jpeg,""",HOSPITALES O CLINICAS DE ATENCION ESPECIALIZADA,CONTACTO@CLINICAPORVENIR.NET,-77.0530119,-12.077661,http://www.clinicaporvenir.net/
00023022,AVENIDA DEL EJERCITO NUMERO 1020 URBANIZACION SALAVERRY DISTRITO MAGDALENA DEL MAR PROVINCIA LIMA DEPARTAMENTO LIMA,PRIVADO,CLINICA MARBELLA,"""http://maps.google.es/?q=-12.10073084%20-77.06196255,INSASU20230905094520.jpg,INSASU20250219153313.jpg,INSASU20250219153308.jpg,""",HOSPITALES O CLINICAS DE ATENCION ESPECIALIZADA,administracion@clinicamarbella.com,-77.06196255,-12.10073084,https://www.clinicamarbella.com/
00023175,AVENIDA DE LAS ARTES SUR NUMERO 168 PISO 168 DEPARTAMENTO 168 INTERIOR 168 MANZANA N LOTE 09 URBANIZACION SAN BORJA SUR DISTRITO SAN BORJA PROVINCIA LIMA DEPARTAMENTO LIMA,PRIVADO,CLINICA OFTALMOLOGICA CAUTI BOZA OFTALMOLOGOS,"""http://maps.google.es/?q=-12.0959203%20-77.0058766,INSASU20220511212036.jpeg,INSASU20220511212043.jpeg,INSASU20220511212049.jpeg,""",HOSPITALES O CLINICAS DE ATENCION ESPECIALIZADA,armandocauti@hotmail.com,-77.0058766,-12.0959203,
00025598,JIRÓN GARCILAZO DE LA VEGA Y PASAJE MARIANO MELGAR 191 Y 164 G 2 Y 1C LA PASCANA COMAS LIMA LIMA,PRIVADO,CLINICA MATER PURISSIMA,"""http://maps.google.es/?q=-11.9351978%20-77.0470382,INSASU20230816121333.jpeg,""",HOSPITALES O CLINICAS DE ATENCION ESPECIALIZADA,MATERPURISSIMA@HOTMAIL.COM,-77.0470382,-11.9351978,
00025749,JIRÓN Flora Tristán NÚMERO 206 DISTRITO MAGDALENA DEL MAR PROVINCIA LIMA DEPARTAMENTO LIMA,PRIVADO,MEDAVAN,"""http://maps.google.es/?q=-12.0904353%20-77.069999,INSASU20180620214627.jpg,""",HOSPITALES O CLINICAS DE ATENCION ESPECIALIZADA,info@medavan.com.pe,-77.069999,-12.0904353,http://WWW.MEDAVAN.COM.PE
00027478,"AVENIDA SAN JUAN 871, Mz-H2 Lte-5 DISTRITO SAN JUAN DE MIRAFLORES PROVINCIA LIMA DEPARTAMENTO LIMA",PRIVADO,CLINICA BUENAVENTURA,"""http://maps.google.es/?q=-12.1587718%20-76.9734474,INSASU20211207175904.jpg,INSASU20211207175907.jpg,INSASU20211207175910.jpg,""",HOSPITALES O CLINICAS DE ATENCION ESPECIALIZADA,INFORMES@CLINICABUENAVENTURA.COM,-76.9734474,-12.1587718,
00027565,AVENIDA Guillermo de la Fuente NÚMERO 515 PISO 3 URBANIZACIÓN Santa Luzmila I Etapa DISTRITO COMAS PROVINCIA LIMA DEPARTAMENTO LIMA,PUBLICO,Hospital I Marino Molina Scippa - EsSalud,"""http://maps.google.es/?q=-11.943567%20-77.057848,INSASU20231123165727.JPG,INSASU20231123165742.JPG,INSASU20231123165749.JPG,""",HOSPITALES O CLINICAS DE ATENCION GENERAL,nicomedes.perez@essalud.gob.pe,-77.057848,-11.943567,http://www.essalud.gob.pe
00031123,OTROS CARRETERA CENTRAL KM 16.5 B 1 LOS PORTALES DE HUAYCAN KM 16.5 CARRETERA CENTRAL ATE LIMA LIMA,PRIVADO,MEDICENTRO SAN MARCOS,"""http://maps.google.es/?q=-12.0147737%20-76.8850433,INSASU20211207132656.jpeg,INSASU20211207132702.jpeg,""",HOSPITALES O CLINICAS DE ATENCION ESPECIALIZADA,medicentrosanmarcos@hotmail.com,-76.8850433,-12.0147737,
00035151,AVENIDA CESAR CANEVARO NUMERO 481 PISO 1 DISTRITO SAN JUAN DE MIRAFLORES PROVINCIA LIMA DEPARTAMENTO LIMA,PUBLICO,HOSPITAL DE ESPECIALIDADES QUIRÚRGICAS DE SAN JUAN DE MIRAFLORES,"""http://maps.google.es/?q=-12.1636311%20-76.9692559,INSASU20240712152903.jpeg,INSASU20240712152910.jpeg,INSASU20240712153045.jpeg,""",HOSPITALES O CLINICAS DE ATENCION ESPECIALIZADA,consultamesadepartes@essalud.gob.pe,-76.9692559,-12.1636311,https://www.gob.pe/essalud
00036519,AVENIDA ABEL BERGASSE DU PETIT THOUARS NUMERO 2426 PISO 1 DISTRITO LINCE PROVINCIA LIMA DEPARTAMENTO LIMA,PRIVADO,LIMA QLINIC,"""""",HOSPITALES O CLINICAS DE ATENCION ESPECIALIZADA,regenerisperu@gmail.com,,,https://www.regeneris.pe
00036819,JIRÓN LIBERTAD NUMERO 1106 DISTRITO MAGDALENA DEL MAR PROVINCIA LIMA DEPARTAMENTO LIMA,PRIVADO,CIRE INTERVENCIONISTAS,"""http://maps.google.es/?q=-12.08870046%20-77.0681305,INSASU20240829233119.jpeg,INSASU20240829233125.jpeg,INSASU20240829233130.jpeg,""",HOSPITALES O CLINICAS DE ATENCION ESPECIALIZADA,TPINEDA@CIRE.PE,-77.0681305,-12.08870046,HTTP://WWW.CIRE.PE
00005644,PASAJE PASAJE SAN GERMAN Nº 270 URB. VILLACAMPA – RIMAC PASAJE SAN GERMAN Nº 270 URB. VILLACAMPA – RIMAC RIMAC LIMA LIMA,PUBLICO,CENTRO MATERNO INFANTIL RÍMAC,"""http://maps.google.es/?q=-12.0343399%20-77.0336606,INSASU20171227085835.jpg,""",CENTROS DE SALUD CON CAMAS DE INTERNAMIENTO,centromaternorimac@hotmail.com,-77.0336606,-12.0343399,http://www.dirislimanorte.gob.pe
00005742,AVENIDA AV  DIEZ CANSECO Nº 3613 - URB CONDEVILLA AV  DIEZ CANSECO Nº 3613 - URB CONDEVILLA SAN MARTIN DE PORRES LIMA LIMA,PUBLICO,MEXICO,"""http://maps.google.es/?q=-11.9814397%20-77.0969718,INSASU20231002110507.jpeg,INSASU20231002110513.jpeg,INSASU20231002110533.jpeg,""",CENTROS DE SALUD CON CAMAS DE INTERNAMIENTO,cs.mexico@dirislimanorte.gob.pe,-77.0969718,-11.9814397,HTTP://WWW.DIRISLIMANORTE.GOB.PE
00005850,JIRÓN LA FLORIDA NUMERO 144 MANZANA B LOTE 10 DISTRITO MATUCANA PROVINCIA HUAROCHIRI DEPARTAMENTO LIMA,PUBLICO,HOSPITAL SAN JUAN DE MATUCANA,"""""",HOSPITALES O CLINICAS DE ATENCION GENERAL,REDHUAROCHIRI@YAHOO.ES,,,
00005946,AVENIDA AV. CÉSAR VALLEJO 1390 - EL AGUSTINO DISTRITO EL AGUSTINO PROVINCIA LIMA DEPARTAMENTO LIMA,PUBLICO,HOSPITAL NACIONAL HIPOLITO UNANUE,"""http://maps.google.es/?q=-12.03996905%20-76.99258174,INSASU20220810145243.JPG,INSASU20220810145316.jpg,INSASU20220810145332.JPG,""",HOSPITALES O CLINICAS DE ATENCION GENERAL,DIRECCIONGENERAL@HNHU.GOB.PE,-76.99258174,-12.03996905,HTTP://WWW.HNHU.GOB.PE
00005947,JIRÓN JR. AREQUIPA 214-218 JR. AREQUIPA 214-218 LURIGANCHO LIMA LIMA,PUBLICO,HOSPITAL DE MEDIANA COMPLEJIDAD JOSE AGURTO TELLO,"""http://maps.google.es/?q=-11.93419549%20-76.69349468,INSASU20170829153750.jpg,INSASU20170829153820.JPG,INSASU20170829153820.JPG,""",HOSPITALES O CLINICAS DE ATENCION GENERAL,DIRECCIONEJECUTIVA@HOSPITALCHOSICA.GOB.PE,-76.69349468,-11.93419549,HTTP://WWW.HOSPITALCHOSICA.GOB.PE
00005948,CARRETERA CARRETERA CENTRAL KM 3.5 SANTA ANITA DISTRITO SANTA ANITA PROVINCIA LIMA DEPARTAMENTO LIMA,PUBLICO,HOSPITAL HERMILIO VALDIZAN,"""http://maps.google.es/?q=-12.0468271%20-76.9454975,INSASU20231003111113.jpeg,INSASU20231003111118.jpeg,INSASU20231003111123.jpeg,""",HOSPITALES O CLINICAS DE ATENCION ESPECIALIZADA,VALDIZAN@HHV.GOB.PE,-76.9454975,-12.0468271,HTTP://WWW.HHV.GOB.PE
00005950,AVENIDA AV. ALAMEDA GRAU Nº 103 DISTRITO RICARDO PALMA PROVINCIA HUAROCHIRI DEPARTAMENTO LIMA,PUBLICO,RICARDO PALMA,"""http://maps.google.es/?q=-11.923455%20-76.66398,Fotografia_5950_15735291_1460737131698.png,Fotografia_5950_15735291_1460737178337.png,Fotografia_5950_15735291_1460737248244.png,""",CENTROS DE SALUD CON CAMAS DE INTERNAMIENTO,ricardopalma.c.s@gmail.com,-76.66398,-11.923455,HTTP://WWW.RSH.GOB.PE
00006072,AVENIDA AV. SANTA ROSA S/N S/N AV. SANTA ROSA S/N MALA CAÑETE LIMA,PUBLICO,MALA,"""http://maps.google.es/?q=-12.66358708%20-76.63119615,Fotografia_6072_32541300_1461191463097.png,Fotografia_6072_32541300_1461191502789.png,Fotografia_6072_32541300_1461191526056.png,""",CENTROS DE SALUD CON CAMAS DE INTERNAMIENTO,CENTROSALUDMALA@HOTMAIL.COM,-76.63119615,-12.66358708,HTTP://WWW.DRSCHILCAMALA.GOB.PE
00006133,"AVENIDA AV. MARIANO PASTOR  SEVILLA S/N ,SECTOR 6,GRUPO 6 NUMERO S/N DISTRITO VILLA EL SALVADOR PROVINCIA LIMA DEPARTAMENTO LIMA",PUBLICO,CENTRO MATERNO INFANTIL JUAN PABLO II,"""http://maps.google.es/?q=-12.2191614%20-76.9452898,INSASU20231108104224.jpeg,INSASU20231107081752.jpg,INSASU20231107081754.jpg,""",CENTROS DE SALUD CON CAMAS DE INTERNAMIENTO,cmijuanpabloii.ves@gmail.com,-76.9452898,-12.2191614,
00006178,JIRÓN JR. NARCISO DE LA COLINA 840 JR. NARCISO DE LA COLINA 840 SURQUILLO LIMA LIMA,PUBLICO,CENTRO DE SALUD MATERNO INFANTIL SURQUILLO,"""http://maps.google.es/?q=-12.1182384%20-77.022067,INSASU20231220153016.jpg,INSASU20231220153019.jpg,INSASU20231220153021.jpg,""",CENTROS DE SALUD CON CAMAS DE INTERNAMIENTO,CSSURQUILLO@DIRISLIMACENTRO.GOB.PE,-77.022067,-12.1182384,HTTP://WWW.DIRISLIMACENTRO.GOB.PE
00006216,AVENIDA AV. BRASIL Nº 600 AV. BRASIL Nº 600 BREÑA LIMA LIMA,PUBLICO,INSTITUTO NACIONAL DE SALUD DEL NIÑO,"""http://maps.google.es/?q=-12.0654786%20-77.0459873,INSASU20180912102601.jpg,""",INSTITUTOS DE SALUD ESPECIALIZADOS,comunicacionesinsn@insn.gob.pe,-77.0459873,-12.0654786,http://www.insn.gob.pe
00006217,AVENIDA TINGO MARÍA NUMERO 398 DISTRITO LIMA PROVINCIA LIMA DEPARTAMENTO LIMA,PUBLICO,INSTITUTO NACIONAL DE OFTALMOLOGÍA DR. FRANCISCO CONTRERAS CAMPOS,"""http://maps.google.es/?q=-12.0518041%20-77.0550192,INSASU20181108092732.jpg,INSASU20181108092902.jpg,INSASU20181108092932.JPG,""",INSTITUTOS DE SALUD ESPECIALIZADOS,INO@INO.ORG.PE,-77.0550192,-12.0518041,https://www.ino.gob.pe/
00007635,AVENIDA AV. NICOLAS DE PIEROLA 210 -224 DISTRITO BARRANCA PROVINCIA BARRANCA DEPARTAMENTO LIMA,PUBLICO,HOSPITAL DE BARRANCA,"""http://maps.google.es/?q=-10.75433068%20-77.76436841,Fotografia_7635_41369493_1462623830949.png,Fotografia_7635_41369493_1462623782062.png,Fotografia_7635_41369493_1462623901328.png,""",HOSPITALES O CLINICAS DE ATENCION ESPECIALIZADA,renipress.hbc@gmail.com,-77.76436841,-10.75433068,HTTP://WWW.HOSPITALBARRANCA.GOB.PE
00007636,JIRÓN JR.  ALFONSO UGARTE Nº 350 JR.  ALFONSO UGARTE Nº 350 SUPE BARRANCA LIMA,PUBLICO,HOSPITAL DE SUPE LAURA ESTHER RODRIGUEZ DULANTO,"""http://maps.google.es/?q=-10.79690607%20-77.7172015,Fotografia_7636_41369493_1461517454309.png,Fotografia_7636_41369493_1461517383995.png,Fotografia_7636_41369493_1461517495138.png,""",HOSPITALES O CLINICAS DE ATENCION GENERAL,hossupecomunicacion@gmail.com,-77.7172015,-10.79690607,HTTP://WWW.HOSPITALBARRANCA.GOB.PE
00007637,CALLE CALLE TACNA Nº 120 URB. SAN JUAN II CALLE TACNA Nº 120 URB. SAN JUAN II HUARAL HUARAL LIMA,PUBLICO,HOSPITAL SAN JUAN BAUTISTA HUARAL,"""http://maps.google.es/?q=-11.50329771%20-77.21380309,Fotografia_7637_40805284_1462402763858.png,Fotografia_7637_40805284_1462462660985.png,Fotografia_7637_40805284_1462402821121.png,""",HOSPITALES O CLINICAS DE ATENCION GENERAL,HHUARAL@HOSPITALHUARAL.GOB.PE,-77.21380309,-11.50329771,HTTP://WWW.HOSPITALHUARAL.GOB.PE
00007638,JIRÓN JR. . SUCRE S/N S/N JR. . SUCRE S/N CHANCAY HUARAL LIMA,PUBLICO,HOSPITAL DE CHANCAY Y SBS Dr. HIDALGO ATOCHE LOPEZ,"""http://maps.google.es/?q=-11.56082038%20-77.27058037,Fotografia_7638_40805284_1462458987289.png,Fotografia_7638_40805284_1462459374509.png,Fotografia_7638_40805284_1462459027133.png,""",HOSPITALES O CLINICAS DE ATENCION GENERAL,INFORMES@HOSPITALDECHANCAY.GOB.PE,-77.27058037,-11.56082038,HTTP://WWW.HOSPITALDECHANCAY.GOB.PE
00008258,AVENIDA AV GUARDIA CIVIL 627 DISTRITO SAN BORJA PROVINCIA LIMA DEPARTAMENTO LIMA,PRIVADO,R.E.C.SR LTDA-CLINICA CABANI,"""http://maps.google.es/?q=-12.0959889%20-77.0106324,INSASU20231214134207.jpeg,INSASU20231214134220.jpeg,INSASU20231214134224.jpeg,""",HOSPITALES O CLINICAS DE ATENCION ESPECIALIZADA,consultascabani@gmail.com,-77.0106324,-12.0959889,
00008271,"AVENIDA AV. PROCERES DE LA INDEPENDENCIA 1764, MZ. G, OOTES 10-11-20-21 - URB. LAS FLORES AV. PROCERES DE LA INDEPENDENCIA 1764, MZ. G, OOTES 10-11-20-21 - URB. LAS FLORES SAN JUAN DE LURIGANCHO LIMA LIMA",PRIVADO,CLINICA SAN JUAN BAUTISTA,"""http://maps.google.es/?q=-12.004119%20-77.006803,INSASU20201216163824.jpg,INSASU20201216164431.jpg,""",HOSPITALES O CLINICAS DE ATENCION GENERAL,MSALAZARM@SANPABLO.COM.PE,-77.006803,-12.004119,https://www.clinicasanjuanbautista.com.pe/
00008281,JIRÓN JR. MIGUEL ALJOVIN  NRO. 208 -222 JR. MIGUEL ALJOVIN  NRO. 208 -222 LIMA LIMA LIMA,PRIVADO,CLINICA MAISON DE SANTE  DE LIMA,"""""",HOSPITALES O CLINICAS DE ATENCION GENERAL,kcontreras@clubdesalud.pe,,,HTTP://WWW.MAISONDESANTE.ORG.PE
00008519,AVENIDA AV. UNIVERSITARIA N° 6062 Y JR. PAGADOR Nº 137 URB. SANTA LUZMILA DISTRITO COMAS PROVINCIA LIMA DEPARTAMENTO LIMA,PRIVADO,CLINICA UNIVERSITARIA,"""http://maps.google.es/?q=-11.95133646%20-77.05948747,INSASU20231120123831.jpg,INSASU20180323115951.jpg,INSASU20180323115957.jpg,""",HOSPITALES O CLINICAS DE ATENCION GENERAL,INFORMES@CLINICAUNIVERSITARIA.COM.PE,-77.05948747,-11.95133646,http://www.clinicauniversitaria.com.pe
00008580,AVENIDA AVENIDA MANCO CAPAC # 700 DISTRITO LA VICTORIA PROVINCIA LIMA DEPARTAMENTO LIMA,PRIVADO,PRONTO SALUD,"""http://maps.google.es/?q=-12.0673203%20-77.0288698,INSASU20230127102642.jpeg,""",POLICLINICOS,hsilva@prontosalud.com.pe,-77.0288698,-12.0673203,
00008746,"AVENIDA MALECON BALTA 956, 934, 944 Y AV. GRAU N° 755 NUMERO / DISTRITO MIRAFLORES PROVINCIA LIMA DEPARTAMENTO LIMA",PRIVADO,CLINICA ADVENTISTA GOOD HOPE,"""http://maps.google.es/?q=-12.1255566%20-77.0343341,INSASU20180718104856.jpg,INSASU20180718104852.jpg,INSASU20180718104900.jpg,""",HOSPITALES O CLINICAS DE ATENCION GENERAL,sec.direccion.general@goodhope.org.pe,-77.0343341,-12.1255566,HTTP://WWW.GOODHOPE.ORG.PE
00008917,AVENIDA AV. JOSE GALVEZ BARRENECHEA 1044 - URB CORPAC DISTRITO SAN ISIDRO PROVINCIA LIMA DEPARTAMENTO LIMA,PRIVADO,ALIADA,"""http://maps.google.es/?q=-12.1066306%20-77.01079088,INSASU20241126135631.jpg,INSASU20250407111427.jpg,INSASU20250407111440.jpg,""",CENTROS MEDICOS ESPECIALIZADOS,alejandro.leon@aliada.com.pe,-77.01079088,-12.1066306,HTTP://WWW.ALIADA.COM.PE
00009116,AVENIDA AV. GREGORIO ESCOBEDO N° 650 AV. GREGORIO ESCOBEDO N° 650 JESUS MARIA LIMA LIMA,PRIVADO,CLINICA SAN FELIPE S.A.,"""http://maps.google.es/?q=-12.0860498%20-77.0540661,INSASU20191121165652.jpg,""",HOSPITALES O CLINICAS DE ATENCION GENERAL,EASPILLAGA@CLINICASANFELIPE.COM,-77.0540661,-12.0860498,HTTP://WWW.CLINICASANFELIPE.COM
00009288,"AVENIDA AV. SALAVERRY N° 2665 – 2669, URB. CONTRY CLUB DISTRITO SAN ISIDRO PROVINCIA LIMA DEPARTAMENTO LIMA",PRIVADO,NOVOCLINIC,"""http://maps.google.es/?q=-12.0942697%20-77.0536324,INSASU20201025193806.JPG,INSASU20201025193810.JPG,INSASU20201025193815.JPG,""",HOSPITALES O CLINICAS DE ATENCION ESPECIALIZADA,novoclinic0117@gmail.com,-77.0536324,-12.0942697,HTTP://WWW.NOVOCLINIC.COM.PE
00009641,AVENIDA AV. CARLOS IZAGUIRRE NO 1234 DISTRITO LOS OLIVOS PROVINCIA LIMA DEPARTAMENTO LIMA,PRIVADO,CLINICA MUNDO SALUD SAC,"""http://maps.google.es/?q=-11.9914139%20-77.076977,INSASU20230314163332.jpeg,INSASU20230314163337.jpeg,INSASU20230314163354.jpeg,""",HOSPITALES O CLINICAS DE ATENCION ESPECIALIZADA,administracion@clinicamundosalud.com.pe,-77.076977,-11.9914139,http://www.clinicamundosalud.com.pe
00009850,CALLE JOSEPH THOMPSON NUMERO 140 MANZANA D LOTE 09 URBANIZACION URB. SANTO TOMAS DISTRITO SAN BORJA PROVINCIA LIMA DEPARTAMENTO LIMA,PRIVADO,CLÍNICA VESALIO,"""http://maps.google.es/?q=-12.10637845%20-77.0072239,INSASU20231006191201.jpg,INSASU20231006191205.jpg,INSASU20231006191209.jpg,""",HOSPITALES O CLINICAS DE ATENCION GENERAL,dmedico@vesalio.com.pe,-77.0072239,-12.10637845,https://www.vesalio.com.pe/
00009888,AV. GUARDIA CIVIL 618 CORPAC,PRIVADO,CLINICA UNIPLAST S.A.C. (CLINICA BISBAL PLASTIC),"""""",HOSPITALES O CLINICAS DE ATENCION ESPECIALIZADA,INFO@CLINICABISBALPLASTIC.COM,,,HTTP://WWW.CLINICABISBALPLASTIC.COM
00009933,"CALLE CALLE CARLOS FERREYROS Nº 120, ESQUINA CON AV GUARDIA CIVIL Nº 186 (OF 301-303-401-402) - URB CORPAC DISTRITO SAN ISIDRO PROVINCIA LIMA DEPARTAMENTO LIMA",PRIVADO,CLINICA OFTALMOLOGICA MACULA D&T,"""http://maps.google.es/?q=-12.08970746%20-77.00787372,INSASU20211214120544.jpeg,INSASU20220818115337.jpeg,INSASU20220818115350.jpeg,""",HOSPITALES O CLINICAS DE ATENCION ESPECIALIZADA,informes@maculadt.com.pe,-77.00787372,-12.08970746,http://www.maculadt.com.pe/
00009982,JIRÓN JR.MAXIMO ABRIL Nº 585 - 589 DISTRITO JESUS MARIA PROVINCIA LIMA DEPARTAMENTO LIMA,PRIVADO,CLINICA REPROMEDIC,"""http://maps.google.es/?q=-12.07129271%20-77.03934408,INSASU20210709095019.jpg,INSASU20210709095026.jpg,""",HOSPITALES O CLINICAS DE ATENCION ESPECIALIZADA,REPROMEDICSAC@HOTMAIL.COM,-77.03934408,-12.07129271,
00010251,"AVENIDA AV. CHORRILLOS 171 - 173, CHORRILLOS DISTRITO CHORRILLOS PROVINCIA LIMA DEPARTAMENTO LIMA",PRIVADO,CLINICA MAISON DE SANTE DEL SUR,"""http://maps.google.es/?q=-12.15719987%20-77.02277876,INSASU20181115133830.jpg,INSASU20181115133839.jpg,INSASU20181115133839.jpg,""",HOSPITALES O CLINICAS DE ATENCION GENERAL,cnavarro@clubdelasalud.pe,-77.02277876,-12.15719987,HTTP://WWW.MAISONDESANTE.ORG.PE
00010883,AVENIDA AVENIDA ECHENIQUE Nº 641 - HUACHO AVENIDA ECHENIQUE Nº 641 - HUACHO HUACHO HUAURA LIMA,PRIVADO,CLINICA SAN PEDRO,"""http://maps.google.es/?q=-11.123465%20-77.6092087,INSASU20230331195252.jpg,INSASU20230331195304.jpg,INSASU20230331195310.jpg,""",HOSPITALES O CLINICAS DE ATENCION GENERAL,invermega@clinicasanpedro.com,-77.6092087,-11.123465,http://www.clinicasanpedro.com
00011110,AVENIDA AV. BENAVIDES 4813  LAS GARDENIAS DISTRITO SANTIAGO DE SURCO PROVINCIA LIMA DEPARTAMENTO LIMA,PRIVADO,CLINICA CAMPBELL,"""http://maps.google.es/?q=-12.1277039%20-76.9871194,INSASU20210310105524.jpeg,""",HOSPITALES O CLINICAS DE ATENCION ESPECIALIZADA,CONSULTAS@CAMPBELLCIRUGIAPLASTICA.COM,-76.9871194,-12.1277039,HTTP://WWW.CAMPBELLCIRUGIAPLASTICA.COM
00011113,AVENIDA AV. MANUEL OLGUIN 1045 - 1047 DISTRITO SANTIAGO DE SURCO PROVINCIA LIMA DEPARTAMENTO LIMA,PRIVADO,CLINICA MONTERRICO,"""http://maps.google.es/?q=-12.103083%20-76.973925,INSASU20180810101333.jpg,""",HOSPITALES O CLINICAS DE ATENCION ESPECIALIZADA,lespinoza@igyr.com.pe,-76.973925,-12.103083,
00011337,AVENIDA AVENIDA FRANCISCO VIDAL Nº 707 AVENIDA FRANCISCO VIDAL Nº 707 HUACHO HUAURA LIMA,PUBLICO,HOSPITAL II GUSTAVO LANATTA LUJAN - ESSALUD,"""http://maps.google.es/?q=-11.1133442%20-77.6091848,INSASU20171003115928.jpg,INSASU20171003115938.jpg,""",HOSPITALES O CLINICAS DE ATENCION GENERAL,javier.rey@essalud.gob.pe,-77.6091848,-11.1133442,HTTP://WWW.ESSALUD.GOB.PE
00011741,AVENIDA AV.PASO DE LOS ANDES 850 PUEBLO LIBRE DISTRITO PUEBLO LIBRE PROVINCIA LIMA DEPARTAMENTO LIMA,PRIVADO,CLÍNICA NORVISION,"""http://maps.google.es/?q=-12.0709888%20-77.0588865,INSASU20171020112004.JPG,INSASU20171020112049.JPG,""",,INFORMES@NORVISION.PE,-77.0588865,-12.0709888,https://www.norvision.pe/
00011849,CALLE CALLE J.A. ENCINAS 141 URBANIZACIÓN EL ROSEDAL DISTRITO MIRAFLORES PROVINCIA LIMA DEPARTAMENTO LIMA,PRIVADO,CLINICA MIRAFLORES SAC,"""http://maps.google.es/?q=-12.111062%20-77.0315913,INSASU20190807165259.jpg,INSASU20190806130833.jpg,INSASU20250407092836.jpg,""",HOSPITALES O CLINICAS DE ATENCION ESPECIALIZADA,ginefert@igf.com.pe,-77.0315913,-12.111062,https://www.igf.com.pe
00012020,AVENIDA AV. ANGAMOS ESTE Nº 714 - 1ER 2DO Y 3ER PISO DISTRITO SURQUILLO PROVINCIA LIMA DEPARTAMENTO LIMA,PRIVADO,CLINICA OFTALMOLOGICA ESPECIALIZADA ÑAHUI,"""http://maps.google.es/?q=-12.1135576%20-77.0240858,INSASU20240220125143.jpeg,INSASU20240220125128.jpeg,INSASU20240220125131.jpeg,""",HOSPITALES O CLINICAS DE ATENCION ESPECIALIZADA,MHUAYNATES@NAHUI.COM.PE,-77.0240858,-12.1135576,
00012206,AVENIDA AV. ANGAMOS ESTE N° 2688 DISTRITO SURQUILLO PROVINCIA LIMA DEPARTAMENTO LIMA,PRIVADO,DETECTA CLINICA,"""http://maps.google.es/?q=-12.111764%20-76.9956497,INSASU20230913162610.jpg,INSASU20230913162616.jpg,INSASU20230913162620.jpg,""",HOSPITALES O CLINICAS DE ATENCION ESPECIALIZADA,direccionmedica@detecta.pe,-76.9956497,-12.111764,http://www.detecta.pe/
00012220,CALLE CALLE ARMANDO CAMBANA Nº279 URB. LOS LAURELES - CHORRILLOS DISTRITO CHORRILLOS PROVINCIA LIMA DEPARTAMENTO LIMA,PRIVADO,CLINICA REAL LOS LAURELES,"""http://maps.google.es/?q=-12.17477494%20-77.02035538,INSASU20180922082854.jpg,""",HOSPITALES O CLINICAS DE ATENCION ESPECIALIZADA,clinicaloslaureles2@gmail.com,-77.02035538,-12.17477494,
00012446,AVENIDA AV. GUARDIA CIVIL 715-721 URB CORPAC AV. GUARDIA CIVIL 715-721 URB CORPAC SAN BORJA LIMA LIMA,PRIVADO,CEFRA,"""""",CENTROS MEDICOS ESPECIALIZADOS,ADMINISTRACION@CEFRA.COM.PE,,,HTTP://WWW.CEFRA.COM.PE
00012666,CALLE CALLE CARLOS GONZALES 250 URB. MARANGA DISTRITO SAN MIGUEL PROVINCIA LIMA DEPARTAMENTO LIMA,PRIVADO,CLINICA PROVIDENCIA,"""""",HOSPITALES O CLINICAS DE ATENCION GENERAL,msuarez@clinicaprovidencia.pe,,,http://www.clinicaprovidencia.pe
00014181,JIRÓN JR.MAXIMO ABRIL 552 JR.MAXIMO ABRIL 552 JESUS MARIA LIMA LIMA,PRIVADO,CLINICA SERVISALUD,"""http://maps.google.es/?q=-12.07143353%20-77.03949486,INSASU20170913155731.png,""",HOSPITALES O CLINICAS DE ATENCION ESPECIALIZADA,CLINICA@SERVISALUD.COM.PE,-77.03949486,-12.07143353,HTTP://WWW.SERVIPERU.COM
00014361,AVENIDA ALFREDO BENAVIDES NÚMERO 2965 DISTRITO MIRAFLORES PROVINCIA LIMA DEPARTAMENTO LIMA,PRIVADO,INSTITUTO DEL CEREBRO Y LA COLUMNA VERTEBRAL,"""http://maps.google.es/?q=-12.12824464%20-77.0044053,INSASU20220829094326.jpg,""",HOSPITALES O CLINICAS DE ATENCION ESPECIALIZADA,admin@iccvperu.com,-77.0044053,-12.12824464,
00014509,AVENIDA AV. PROCERES DE LA INDEPENDENCIA 576 AV. PROCERES DE LA INDEPENDENCIA 576 SAN JUAN DE LURIGANCHO LIMA LIMA,PRIVADO,CLINICA SAN MARTIN,"""http://maps.google.es/?q=-12.0223985%20-77.0086955,INSASU20220823162326.jpg,""",HOSPITALES O CLINICAS DE ATENCION ESPECIALIZADA,epimll@hotmail.com,-77.0086955,-12.0223985,
00015078,AVENIDA AV. DE LAS ARTES SUR NÚMERO 193 DISTRITO SAN BORJA PROVINCIA LIMA DEPARTAMENTO LIMA,PRIVADO,NOVO Q,"""http://maps.google.es/?q=-12.0963822%20-77.00561798,INSASU20191108101947.jpg,INSASU20191108101953.jpg,""",HOSPITALES O CLINICAS DE ATENCION ESPECIALIZADA,novoqclinica@gmail.com,-77.00561798,-12.0963822,http://clinicanovoq.com
00015118,"AVENIDA AV. PROLONGACION ALFREDO BENAVIDES 5362 URB. LAS GARDENIAS, SANTIAGO DE SURCO DISTRITO SANTIAGO DE SURCO PROVINCIA LIMA DEPARTAMENTO LIMA",PRIVADO,CLINICA MAISON DE SANTE DEL ESTE,"""http://maps.google.es/?q=-12.1344664%20-76.9955902,INSASU20240930114654.jpg,""",HOSPITALES O CLINICAS DE ATENCION GENERAL,epena@clubdelasalud.pe,-76.9955902,-12.1344664,HTTP://WWW.MAISONDESANTE.ORG.PE
00015182,AV. ANGAMOS OESTE 884,PRIVADO,OPTIMA VISION S.R.L. (OPTIMA VISION),"""""",HOSPITALES O CLINICAS DE ATENCION ESPECIALIZADA,ADMINISTRACION@OPTIMAVISION.COM.PE,,,HTTP://WWW.OPTIMAVISION.COM.PE
00015461,"AVENIDA AV. LA ENCALADA N° 923, URB. CENTRO COMERCIAL MONTERRICO DISTRITO SANTIAGO DE SURCO PROVINCIA LIMA DEPARTAMENTO LIMA",PRIVADO,VISTASALUD CENTRO OFTALMOLOGICO,"""""",HOSPITALES O CLINICAS DE ATENCION ESPECIALIZADA,RETINA_MACULA@YAHOO.COM,,,
00015927,AVENIDA AV AREQUIPA 1885 DISTRITO LINCE PROVINCIA LIMA DEPARTAMENTO LIMA,PRIVADO,CLINICA DE OJOS D´OPELUCE,"""http://maps.google.es/?q=-12.0832995%20-77.034389,INSASU20211206172855.jpg,""",CENTROS MEDICOS ESPECIALIZADOS,spmontenegro@opeluce.com.pe,-77.034389,-12.0832995,HTTP://WWW.OPELUCE.COM.PE
00016085,AVENIDA AV. SAN MARTIN 460 DISTRITO PUEBLO LIBRE PROVINCIA LIMA DEPARTAMENTO LIMA,PRIVADO,INSTITUTO DE IMAGENES MEDICAS,"""http://maps.google.es/?q=-12.0707706%20-77.0618555,INSASU20171113101547.jpg,INSASU20171113101555.jpg,INSASU20171113101601.jpg,""",POLICLINICOS,administrativo@institutodeimagenesmedicas.com,-77.0618555,-12.0707706,
00016094,PASAJE PSJE SAN GERMAN S/N CUADRA 2 - URB VILLACAMPA S/N PSJE SAN GERMAN S/N CUADRA 2 - URB VILLACAMPA RIMAC LIMA LIMA,PUBLICO,"HOSPITAL PNP ""AUGUSTO B. LEGUIA""","""http://maps.google.es/?q=-12.0281717%20-77.0193529,INSASU20191024114030.jpg,""",HOSPITALES O CLINICAS DE ATENCION GENERAL,dirsapol.habl@policia.gob,-77.0193529,-12.0281717,https://web.policia.gob.pe/direcciones_policiales/dirsapol/index.html
00016786,"AVENIDA AV. GUARDIA CIVIL 545,571,585 MANZANA B5 LOTE 06-09 URBANIZACIÓN CORPAC 1ERA ZONA DISTRITO SAN BORJA PROVINCIA LIMA DEPARTAMENTO LIMA",PRIVADO,ONCOSALUD,"""http://maps.google.es/?q=-12.0975184%20-77.0117551,INSASU20210914142328.jpg,""",POLICLINICOS,cgrillol@auna.pe,-77.0117551,-12.0975184,
00017311,AV. MIGUEL GRAU N° 726 - 734 - 736 - 740,PRIVADO,DOCTOR LUIS QUITO S.A.C. (DR. LUIS QUITO),"""""",POLICLINICOS,HILDA_LQ@HOTMAIL.COM,,,
00017392,JIRÓN JR. ANTONIO MIROQUESADA NRO.332 - CERCADO JR. ANTONIO MIROQUESADA NRO.332 - CERCADO LIMA LIMA LIMA,PRIVADO,CLINICA ANTONIO MIROQUESADA,"""""",HOSPITALES O CLINICAS DE ATENCION ESPECIALIZADA,clinicamiroquesada@gmail.com,,,
00017847,AVENIDA AV. UNIVERSITARIA MZ- B LT- 12 COOP. CAJABAMBA DISTRITO LOS OLIVOS PROVINCIA LIMA DEPARTAMENTO LIMA,PRIVADO,CLINICA DEL NORTE,"""http://maps.google.es/?q=-11.9896079%20-77.08108,INSASU20171210065215.jpg,INSASU20171210064841.jpg,""",HOSPITALES O CLINICAS DE ATENCION ESPECIALIZADA,CLINICADELNORTESAC@GMAIL.COM,-77.08108,-11.9896079,
00018307,JIRÓN JR: AQUIA 4844 URB. NARANJAL DISTRITO LOS OLIVOS PROVINCIA LIMA DEPARTAMENTO LIMA,PRIVADO,CLINICA MARIA SRL,"""http://maps.google.es/?q=-11.9694263%20-77.087022,INSASU20220331194516.JPG,""",HOSPITALES O CLINICAS DE ATENCION ESPECIALIZADA,CLINICAMARIA@LIVE.COM,-77.087022,-11.9694263,
00018584,CALLE MZ J LOTE 3-A CALLE APURIMAC 116 URB. TILDA DISTRITO ATE PROVINCIA LIMA DEPARTAMENTO LIMA,PRIVADO,CLINICA MARIA DEL SOCORRO,"""http://maps.google.es/?q=-12.0320174%20-76.9355714,INSASU20210924174609.jpg,INSASU20210924174626.jpg,INSASU20210924174228.jpg,""",HOSPITALES O CLINICAS DE ATENCION GENERAL,gerenciageneral@clinicamariadelsocorro.pe,-76.9355714,-12.0320174,
00018626,AVENIDA SAN BORJA NORTE NÚMERO 783 DISTRITO SAN BORJA PROVINCIA LIMA DEPARTAMENTO LIMA,PRIVADO,OFTALMICA S.A,"""http://maps.google.es/?q=-12.09412063%20-76.99929344,INSASU20220509091313.jpeg,INSASU20220509091325.jpeg,""",HOSPITALES O CLINICAS DE ATENCION ESPECIALIZADA,carlos.castillorojo@oftalmicaperu.com,-76.99929344,-12.09412063,HTTP://WWW.OFTALMICAPERU.COM
00018985,AVENIDA BELISARIO SUAREZ 998 DISTRITO SAN JUAN DE MIRAFLORES PROVINCIA LIMA DEPARTAMENTO LIMA,PRIVADO,CLINICA SANTA MARTHA DEL SUR,"""http://maps.google.es/?q=-12.1630853%20-76.9652512,INSASU20240711164927.jpeg,INSASU20240711164931.jpeg,INSASU20240711165013.jpeg,""",HOSPITALES O CLINICAS DE ATENCION GENERAL,echiok@sanpablo.com.pe,-76.9652512,-12.1630853,HTTP://WWW.SANPABLO.COM.PE
00019671,CALLE CALLE CORONEL INCLAN N° 986 DISTRITO MIRAFLORES PROVINCIA LIMA DEPARTAMENTO LIMA,PRIVADO,CLINICA RENACER,"""""",HOSPITALES O CLINICAS DE ATENCION ESPECIALIZADA,angelesvan@hotmail.com,,,HTTP://WWW.CLINICARENACERPERU.COM
00022113,AVENIDA AVENIDA JAVIER PRADO ESTE N° 7118 URB. COVIMA DISTRITO LA MOLINA PROVINCIA LIMA DEPARTAMENTO LIMA,PRIVADO,CLINICA SANTA JULIA,"""http://maps.google.es/?q=-12.0657815%20-76.9414425,INSASU20240214154329.jpg,INSASU20240214154340.jpg,INSASU20240214154343.jpg,""",HOSPITALES O CLINICAS DE ATENCION ESPECIALIZADA,clinicasantajulia7118@gmail.com,-76.9414425,-12.0657815,
00025305,AVENIDA UNIVERSITARIA NUMERO 390 URBANIZACION SANTA ISABEL DISTRITO CARABAYLLO PROVINCIA LIMA DEPARTAMENTO LIMA,PRIVADO,ECOSSALUD DEL NORTE,"""http://maps.google.es/?q=-11.8978559%20-77.0378745,INSASU20180417070629.jpg,""",POLICLINICOS,ORLANDO_2851@HOTMAIL.COM,-77.0378745,-11.8978559,
00026070,AVENIDA MARISCAL BENAVIDES NÚMERO 565 PISO 5 DISTRITO SAN VICENTE DE CAÑETE PROVINCIA CAÑETE DEPARTAMENTO LIMA,PRIVADO,CLINICA CORAZON DE JESUS,"""""",HOSPITALES O CLINICAS DE ATENCION GENERAL,clinicacorazondejesus@gmail.com,,,http://clinicacorazondejesus.com.pe
00026299,AVENIDA CESAR VALLEJO NUMERO 1545 URBANIZACION COOPERATIVA TAYACAJA DISTRITO EL AGUSTINO PROVINCIA LIMA DEPARTAMENTO LIMA,PRIVADO,CLINICA ONCOVIDA,"""http://maps.google.es/?q=-12.0396985%20-76.9918105,INSASU20230309141823.jpeg,INSASU20230309141826.jpeg,INSASU20230309141829.jpeg,""",HOSPITALES O CLINICAS DE ATENCION ESPECIALIZADA,cov.clinicaoncovida@gmail.com,-76.9918105,-12.0396985,
00026800,JIRÓN ESTADOS UNIDOS 878 CLINICA DE CIRUGIA PLASTICA Y ESTETICA SAN MIGUEL JESUS MARIA LIMA LIMA,PRIVADO,CLINICA SAN MIGUEL S.A.C,"""http://maps.google.es/?q=-12.05327803%20-77.07105315,INSASU20181012213019.jpg,""",HOSPITALES O CLINICAS DE ATENCION ESPECIALIZADA,gerencia@clinicaesteticasanmiguel.com,-77.07105315,-12.05327803,
00026936,AVENIDA ALFREDO MENDIOLA NÚMERO 6301 URBANIZACIÓN SANTA LUISA DISTRITO LOS OLIVOS PROVINCIA LIMA DEPARTAMENTO LIMA,PRIVADO,CLINICA AVIVA SEDE LOS OLIVOS,"""http://maps.google.es/?q=-11.9564535%20-77.0696053,INSASU20240814151911.jpg,INSASU20240814151914.jpg,INSASU20240814151923.jpg,""",HOSPITALES O CLINICAS DE ATENCION GENERAL,hernan.icochea@aviva.pe,-77.0696053,-11.9564535,HTTP://WWW.AVIVA.PE
00026938,AVENIDA CAMINOS DEL INCA N° 238 (OF. 103) - N° 244 (OF. 301-401-501) URBANIZACIÓN TAMBO DE MONTERRICO DISTRITO SANTIAGO DE SURCO PROVINCIA LIMA DEPARTAMENTO LIMA,PRIVADO,CONSULTORIO MEDICO MAPFRE SEDE SURCO,"""http://maps.google.es/?q=-12.1137876%20-76.9923607,INSASU20230505161441.jpg,INSASU20230505161449.jpg,INSASU20230505161537.jpg,""",CENTROS DE SALUD O CENTROS MEDICOS,guribel@mapfre.com.pe,-76.9923607,-12.1137876,
00028244,"JIRÓN BUENAVENTURA AGUIRRE N°1299 MZ.D1, SUB LT. 01, ZONA C2 DISTRITO SAN JUAN DE MIRAFLORES PROVINCIA LIMA DEPARTAMENTO LIMA",PRIVADO,CLINICA SAGRADA FAMILIA DEL SUR,"""http://maps.google.es/?q=-12.16644854%20-76.96101442,INSASU20190924224155.jpeg,INSASU20190924224159.jpeg,INSASU20190924224204.jpeg,""",HOSPITALES O CLINICAS DE ATENCION ESPECIALIZADA,clinicasagradafamiliasur@gmail.com,-76.96101442,-12.16644854,
00028941,AVENIDA Reducto NÚMERO 1330 URBANIZACIÓN Armendaris DISTRITO MIRAFLORES PROVINCIA LIMA DEPARTAMENTO LIMA,PRIVADO,Instituto de Glaucoma y Catarata,"""http://maps.google.es/?q=-12.13209119%20-77.02359549,INSASU20190325224331.jpg,INSASU20240313113031.jpeg,INSASU20240313113036.jpeg,""",HOSPITALES O CLINICAS DE ATENCION ESPECIALIZADA,administracion@glaucomaperu.org,-77.02359549,-12.13209119,
00029024,URBANIZACIÓN BEATO JOSEMARIA ESCRIBA DE BALAGUER LOS REYES MANZANA I LOTE 16 DISTRITO SAN VICENTE DE CAÑETE PROVINCIA CAÑETE DEPARTAMENTO LIMA,PRIVADO,CLINICA DANIEL ALCIDES CARRION,"""http://maps.google.es/?q=-13.1917039%20-76.247912,INSASU20230915131707.jpg,INSASU20230915131711.jpg,INSASU20230915131719.jpg,""",HOSPITALES O CLINICAS DE ATENCION ESPECIALIZADA,centroginecoobstetricomujer@hotmail.com,-76.247912,-13.1917039,
00029401,AVENIDA EMILIO CAVENECIA NUMERO 151 INTERIOR 504 DISTRITO MIRAFLORES PROVINCIA LIMA DEPARTAMENTO LIMA,PRIVADO,CERAS SAC,"""http://maps.google.es/?q=-12.109437%20-77.037901,INSASU20200828025011.jpg,INSASU20250306091653.jpg,INSASU20250306091656.jpg,""",CONSULTORIOS MEDICOS Y DE OTROS PROFESIONALES DE LA SALUD,favizcarra@gmail.com,-77.037901,-12.109437,
00030287,AVENIDA HUANCARAY MANZANA MZ. F LOTE LOTE 10 KILOMETRO PISO 2 URBANIZACION EL ASESOR 1 DISTRITO SANTA ANITA PROVINCIA LIMA DEPARTAMENTO LIMA,PRIVADO,ESPROMEDIC,"""http://maps.google.es/?q=-12.03748353%20-76.95374699,INSASU20210831212112.jpg,INSASU20240928130039.jpeg,INSASU20241219153318.jpg,""",POLICLINICOS,espromedic@gmail.com,-76.95374699,-12.03748353,
00030606,AVENIDA Universitaria NUMERO 7644 MANZANA z LOTE 5 URBANIZACION popular San Agustin primera etapa DISTRITO COMAS PROVINCIA LIMA DEPARTAMENTO LIMA,PRIVADO,VISANA CLINICA  ESPECIALIZADA OFTALMOLOGICA,"""http://maps.google.es/?q=-11.933512%20-77.05523,INSASU20210212080409.jpg,INSASU20210212080419.jpg,""",HOSPITALES O CLINICAS DE ATENCION ESPECIALIZADA,malvarez@visana.com.pe,-77.05523,-11.933512,
00033237,AVENIDA Paseo De La República NUMERO 2772 DISTRITO LINCE PROVINCIA LIMA DEPARTAMENTO LIMA,PRIVADO,CLINICA ARTHROSALUD,"""http://maps.google.es/?q=-12.08992253%20-77.02398307,INSASU20221121120521.jpg,INSASU20221121120526.jpg,INSASU20221121120530.jpg,""",HOSPITALES O CLINICAS DE ATENCION ESPECIALIZADA,teddyromeroa@gmail.com,-77.02398307,-12.08992253,
00033263,AVENIDA AREQUIPA NÚMERO 1801 DISTRITO LINCE PROVINCIA LIMA DEPARTAMENTO LIMA,PRIVADO,CLINICA SAN CLEMENTE S.A.C.,"""http://maps.google.es/?q=-12.0825772%20-77.0345145,INSASU20220420235157.jpg,""",HOSPITALES O CLINICAS DE ATENCION ESPECIALIZADA,ccallirgos@hotmail.com,-77.0345145,-12.0825772,
00033344,AVENIDA AREQUIPA NÚMERO 1800 DISTRITO LINCE PROVINCIA LIMA DEPARTAMENTO LIMA,PRIVADO,NOVOCENTRAL,"""http://maps.google.es/?q=-12.0825671%20-77.0349621,INSASU20210312095907.jpeg,""",HOSPITALES O CLINICAS DE ATENCION ESPECIALIZADA,diego_isayama@yahoo.com,-77.0349621,-12.0825671,
00033481,AVENIDA BRASIL NÚMERO 831 DISTRITO JESUS MARIA PROVINCIA LIMA DEPARTAMENTO LIMA,PRIVADO,CLINICA INTEGRA QUIRURGICA,"""http://maps.google.es/?q=-12.06753968%20-77.04730509,INSASU20220820001538.jpg,INSASU20220820001543.jpg,INSASU20220820001934.jpg,""",HOSPITALES O CLINICAS DE ATENCION ESPECIALIZADA,amartinez@iso.com.pe,-77.04730509,-12.06753968,
00033799,AVENIDA PRIMAVERA NÚMERO 886 PISO 6 DEPARTAMENTO 601 DISTRITO SANTIAGO DE SURCO PROVINCIA LIMA DEPARTAMENTO LIMA,PRIVADO,CLINICA ZEGARRA,"""http://maps.google.es/?q=-12.110657%20-76.9834287,INSASU20221019202439.jpeg,INSASU20221019211704.jpeg,INSASU20221019211715.jpeg,""",HOSPITALES O CLINICAS DE ATENCION ESPECIALIZADA,administracion@clinicazegarra.com,-76.9834287,-12.110657,HTTP://WWW.CLINICAZEGARRA.COM
00033999,AVENIDA LAS PRADERAS NÚMERO 134 DISTRITO ATE PROVINCIA LIMA DEPARTAMENTO LIMA,PRIVADO,CLINICA SANICEN,"""http://maps.google.es/?q=-12.0232233%20-76.9143719,INSASU20220406102311.jpeg,INSASU20220406102315.jpeg,INSASU20220406102320.jpeg,""",HOSPITALES O CLINICAS DE ATENCION ESPECIALIZADA,ginemedicasociados@gmail.com,-76.9143719,-12.0232233,
00035955,AVENIDA Colonial NUMERO 443 DISTRITO LIMA PROVINCIA LIMA DEPARTAMENTO LIMA,PRIVADO,Clínica aviva - Sede Lima Centro,"""http://maps.google.es/?q=-12.04692644%20-77.04737831,INSASU20240528094937.jpeg,INSASU20240528094942.jpeg,INSASU20240528100812.jpeg,""",HOSPITALES O CLINICAS DE ATENCION GENERAL,rocio.rios@aviva.pe,-77.04737831,-12.04692644,https://www.aviva.pe/
00036868,AVENIDA ANDRES AVELINO CACERES NUMERO 559 DISTRITO SURQUILLO PROVINCIA LIMA DEPARTAMENTO LIMA,PRIVADO,CLINICA ESPECIALIZADA DE LA MUJER,"""http://maps.google.es/?q=-12.1193164%20-77.0197461,INSASU20240828082951.jpg,INSASU20240828083143.jpg,INSASU20240828083157.jpg,""",HOSPITALES O CLINICAS DE ATENCION ESPECIALIZADA,ABALDOCEDA@HOTMAIL.COM,-77.0197461,-12.1193164,
00037119,AVENIDA AREQUIPA N° 2022 - 2030 DISTRITO LINCE PROVINCIA LIMA DEPARTAMENTO LIMA,PRIVADO,CLINICA RISSO,"""http://maps.google.es/?q=-12.084988%20-77.0345776,INSASU20241203112840.jpg,INSASU20241203112846.jpg,INSASU20241203112850.jpg,""",HOSPITALES O CLINICAS DE ATENCION ESPECIALIZADA,direccion.medica@clinicarisso.com,-77.0345776,-12.084988,
00037540,URBANIZACIÓN MELCHORITA E 5 POLICLINICO ESNESTO MISPIRETA VALDIVIA IMPERIAL CAÑETE LIMA,PUBLICO,CENTRO MATERNO INFANTIL RAMOS LARREA,"""""",CENTROS DE SALUD CON CAMAS DE INTERNAMIENTO,marthaazl.0209@gmail.com,,,
00005987,CALLE CALLE MIGUEL IGLESIAS N°968 DISTRITO SAN JUAN DE MIRAFLORES PROVINCIA LIMA DEPARTAMENTO LIMA,PUBLICO,HOSPITAL MARIA AUXILIADORA,"""http://maps.google.es/?q=-12.1605768%20-76.9591024,INSASU20221006141856.jpeg,INSASU20221006141858.jpeg,INSASU20221006141902.jpeg,""",HOSPITALES O CLINICAS DE ATENCION GENERAL,mauxiliadora@hma.gob.pe,-76.9591024,-12.1605768,http://www.hma.gob.pe/
00009505,AVENIDA AV. JAVIER PRADO ESTE N° 1142 DISTRITO SAN ISIDRO PROVINCIA LIMA DEPARTAMENTO LIMA,PRIVADO,OFTALMOSALUD,"""http://maps.google.es/?q=-12.09026479%20-77.01683364,INSASU20191205111952.jpg,INSASU20240702180007.jpg,""",HOSPITALES O CLINICAS DE ATENCION ESPECIALIZADA,EMUNOZ@OFTALMOSALUD.COM.PE,-77.01683364,-12.09026479,HTTP://WWW.OFTALMOSALUD.COM.PE
00016353,AVENIDA AV. BUENOS AIRES Nº 2307 DISTRITO PUENTE PIEDRA PROVINCIA LIMA DEPARTAMENTO LIMA,PRIVADO,CLINICA MONTELUZ,"""http://maps.google.es/?q=-11.843333%20-77.10187,INSASU20200504113821.jpg,INSASU20200504113825.jpg,INSASU20200504113829.jpg,""",HOSPITALES O CLINICAS DE ATENCION ESPECIALIZADA,Narda.Vicuna@gmail.com,-77.10187,-11.843333,
00010464,AVENIDA AV. LA FONTANA 362 - URB. RESIDENCIAL MONTERRICO SUR DISTRITO LA MOLINA PROVINCIA LIMA DEPARTAMENTO LIMA,PRIVADO,CLINICA ANGLO AMERICANA,"""http://maps.google.es/?q=-12.0743644%20-76.9560011,INSASU20221129122140.jpg,INSASU20221129122153.jpg,INSASU20221129122159.jpg,""",POLICLINICOS,LAMOLINA@ANGLOAMERICANA.COM.PE,-76.9560011,-12.0743644,https://www.clinicaangloamericana.pe
00005735,AVENIDA AV. TUPAC AMARU Nº 2950 (KM 22) DISTRITO CARABAYLLO PROVINCIA LIMA DEPARTAMENTO LIMA,PUBLICO,CENTRO MATERNO INFANTIL EL PROGRESO,"""http://maps.google.es/?q=-11.87520403%20-77.01699612,INSASU20180910185325.jpg,INSASU20180910185330.jpg,""",CENTROS DE SALUD CON CAMAS DE INTERNAMIENTO,cmi.elprogreso@dirislimanorte.gob.pe,-77.01699612,-11.87520403,http://www.dirislimanorte.gob.pe
00006132,"AVENIDA AV. LOS ÁNGELES S/N, SECTOR 1, GRUPO 15 NUMERO S/N DISTRITO VILLA EL SALVADOR PROVINCIA LIMA DEPARTAMENTO LIMA",PUBLICO,CENTRO MATERNO INFANTIL SAN JOSE,"""http://maps.google.es/?q=-12.1982974%20-76.9463104,INSASU20180914105508.jpg,INSASU20180919163750.jpg,INSASU20180919163757.jpg,""",CENTROS DE SALUD CON CAMAS DE INTERNAMIENTO,jorgehurtadoh@gmail.com,-76.9463104,-12.1982974,
00008539,JIRÓN JR. CHINCHA 226 DISTRITO LIMA PROVINCIA LIMA DEPARTAMENTO LIMA,PUBLICO,POLICLINICO CHINCHA,"""http://maps.google.es/?q=-12.06264167%20-77.03923833,INSASU20201121101747.jpg,""",POLICLINICOS,WEBMASTER@ESSALUD.GOB.PE,-77.03923833,-12.06264167,HTTP://WWW.ESSALUD.GOB.PE
00008709,AVENIDA AV. JORGE CHAVEZ S/N BASE AEREA LAS PALMAS NÚMERO S/N DISTRITO SANTIAGO DE SURCO PROVINCIA LIMA DEPARTAMENTO LIMA,PUBLICO,CENTRO DE SALUD FAP LAS PALMAS,"""http://maps.google.es/?q=-12.1521653%20-77.0038897,INSASU20201211111057.jpg,INSASU20201211111109.jpg,INSASU20201211111114.jpg,""",CENTROS DE SALUD CON CAMAS DE INTERNAMIENTO,HOLAP@FAP.MIL.PE,-77.0038897,-12.1521653,HTTP://WWW.FAP.MIL.PE
00008880,JIRÓN JR. CHOTA Nº 1449 - CERCADO DE LIMA DISTRITO LIMA PROVINCIA LIMA DEPARTAMENTO LIMA,PUBLICO,CENTRO MEDICO ANCIJE,"""http://maps.google.es/?q=-12.0590926%20-77.0401513,INSASU20180406100548.jpg,INSASU20180406100559.jpg,INSASU20180406100535.jpg,""",POLICLINICOS,alexander.ticona@essalud.gob.pe,-77.0401513,-12.0590926,
00008881,AVENIDA AV. FRANCISCO PIZARRO 585 DISTRITO RIMAC PROVINCIA LIMA DEPARTAMENTO LIMA,PUBLICO,FRANCISCO PIZARRO,"""http://maps.google.es/?q=-12.0370175%20-77.0351271,INSASU20211029072909.jpeg,""",POLICLINICOS,jorge.villalta@essalud.gob.pe,-77.0351271,-12.0370175,HTTP://WWW.ESSALUD.GOB.PE
00008956,AVENIDA AVENIDA 28 DE JULIO  1331 DISTRITO MIRAFLORES PROVINCIA LIMA DEPARTAMENTO LIMA,PRIVADO,CLINICA DEL INCA,"""http://maps.google.es/?q=-12.1304553%20-77.0193066,INSASU20171221114652.jpg,INSASU20171221114701.jpg,""",INSTITUTOS DE SALUD ESPECIALIZADOS,GERENCIA@INCA.ORG.PE,-77.0193066,-12.1304553,HTTP://WWW.INCA.ORG.PE
00009153,"AVENIDA AV. SEPARADORA INDUSTRIAL Nº 1818-1820 (ANTES 380-390) MZ. A1. LT 17-24, URB. CACTUS DISTRITO LA MOLINA PROVINCIA LIMA DEPARTAMENTO LIMA",PRIVADO,CLINICA MONTEFIORI,"""http://maps.google.es/?q=-12.06548989%20-76.96600358,INSASU20230328094246.jpg,INSASU20230328094351.jpg,INSASU20230328094343.jpg,""",HOSPITALES O CLINICAS DE ATENCION GENERAL,AVITTOR@MONTEFIORI.COM.PE,-76.96600358,-12.06548989,
00009229,AVENIDA AV SAN MARTIN CUADRA DOS S/N CARABAYLLO NÚMERO S/N DISTRITO CARABAYLLO PROVINCIA LIMA DEPARTAMENTO LIMA,PUBLICO,SISTEMA METROPOLITANO DE LA SOLIDARIDAD CARABAYLLO,"""http://maps.google.es/?q=-11.901217%20-77.034336,INSASU20211216085432.jpg,""",CENTROS DE SALUD O CENTROS MEDICOS,mesadepartesvirtual@sisol.gob.pe,-77.034336,-11.901217,http://www.sisol.gob.pe
00009615,JIRÓN URB. HUAQUILLAY JR. COSTA RICA NRO: 138 COMAS DISTRITO COMAS PROVINCIA LIMA DEPARTAMENTO LIMA,PRIVADO,POLICLÍNICO NUESTRA SEÑORA DE LA PAZ,"""http://maps.google.es/?q=-11.95411751%20-77.05209797,INSASU20241128121236.jpg,""",POLICLINICOS,ANSS.NSDP.61@GMAIL.COM,-77.05209797,-11.95411751,
00009636,AVENIDA AV SAN BORJA SUR Nº 237 DISTRITO SAN BORJA PROVINCIA LIMA DEPARTAMENTO LIMA,PRIVADO,FMC MEDICAL CENTER CENTRO DE DIAGNOSTICO S.A.C.,"""http://maps.google.es/?q=-12.0998899%20-77.0088721,INSASU20240624112547.jpg,INSASU20240624112551.jpg,INSASU20240624112554.jpg,""",POLICLINICOS,gerenciageneral@fmc.pe,-77.0088721,-12.0998899,https://fmc.pe/
00009805,AVENIDA AVENIDA UNIVERSITARIA 1801 DISTRITO SAN MIGUEL PROVINCIA LIMA DEPARTAMENTO LIMA,PRIVADO,SERVICIO DE SALUD,"""http://maps.google.es/?q=-12.0687255%20-77.0781351,INSASU20231117144923.jpg,INSASU20231117144929.jpg,""",POLICLINICOS,medico@pucp.edu.pe,-77.0781351,-12.0687255,HTTP://WWW.PUCP.EDU.PE
00009868,AVENIDA AVENIDA PROLONGACION PASEO DE L AREPUBLICA S/N URBANIZACION MATELLINI NUMERO S/N DISTRITO CHORRILLOS PROVINCIA LIMA DEPARTAMENTO LIMA,PRIVADO,CLINICA RICARDO PALMA CENTRO MEDICO PLAZA LIMA SUR,"""http://maps.google.es/?q=-12.0502081%20-77.053568,INSASU20190105092043.jpg,""",POLICLINICOS,backoffice@pls-crp.com.pe,-77.053568,-12.0502081,
00009905,JIRÓN N° GRAU 356 - 359 DISTRITO LURIN PROVINCIA LIMA DEPARTAMENTO LIMA,PRIVADO,POLICLINICO VIRGEN DE GUADALUPE,"""http://maps.google.es/?q=-12.2608455%20-76.8838234,INSASU20200103125522.jpg,""",POLICLINICOS,DRVICTORCUYA@GMAIL.COM,-76.8838234,-12.2608455,
00010092,AVENIDA AV. PETIT THOUARS 4136 DISTRITO MIRAFLORES PROVINCIA LIMA DEPARTAMENTO LIMA,PRIVADO,MILENIUM SALUD,"""http://maps.google.es/?q=-12.103714%20-77.0305329,INSASU20210915190555.jpg,""",POLICLINICOS,mileniumocupacional@gmail.com,-77.0305329,-12.103714,HTTP://WWW.MILENIUMDALETH.COM
00010098,AVENIDA AV. ESCUELA MILITAR S/N NUMERO S/N DISTRITO CHORRILLOS PROVINCIA LIMA DEPARTAMENTO LIMA,PUBLICO,HOSPITAL MILITAR GERIATRICO,"""http://maps.google.es/?q=-12.16220614%20-77.01971338,INSASU20200218103051.jpg,INSASU20200218103100.jpg,INSASU20200218103131.jpg,""",HOSPITALES O CLINICAS DE ATENCION ESPECIALIZADA,HOSPITALMILITARGERIATRICO@GMAIL.COM,-77.01971338,-12.16220614,HTTP://WWW.EJERCITO.MIL.PE
00010109,AVENIDA AV. JAVIER PRADO ESTE NRO. 4200 INT. CM DPTO. CONS URB. FUNDO MONTERRICO CHICO LIMA DISTRITO SANTIAGO DE SURCO PROVINCIA LIMA DEPARTAMENTO LIMA,PRIVADO,JOCKEY SALUD,"""http://maps.google.es/?q=-12.08514127%20-76.97726167,INSASU20190301183042.JPG,INSASU20190301183125.JPG,INSASU20190301183129.JPG,""",POLICLINICOS,srios@jockeysalud.com.pe,-76.97726167,-12.08514127,HTTP://WWW.JOCKEYSALUD.COM.PE/
00010292,JIRÓN JR. PUNO 182- CHOSICA JR. PUNO 182- CHOSICA LURIGANCHO LIMA LIMA,PRIVADO,CENTRO MEDICO ESPECIALIZADO SAN FELIPE,"""http://maps.google.es/?q=-11.9373125%20-76.6950625,INSASU20230613175904.jpg,INSASU20230613175908.jpg,INSASU20230613175912.jpg,""",CENTROS DE SALUD CON CAMAS DE INTERNAMIENTO,mpacheco@cmesanfelipe.com,-76.6950625,-11.9373125,https://www.facebook.com/CentroMedicoEspecializadoSanFelipe/
00010396,CALLE CALLE LAS TUNAS 209 URB. RECAUDADORES - SALAMANCA DISTRITO ATE PROVINCIA LIMA DEPARTAMENTO LIMA,PRIVADO,POLICLINICO SALAMANCA,"""http://maps.google.es/?q=-12.08038091%20-76.98566503,INSASU20170907125854.png,""",POLICLINICOS,dpoletti@feban.net,-76.98566503,-12.08038091,HTTP://WWW.FEBAN.NET
00010438,JIRÓN JR. LAS CORALINAS 747 - URB. LAS FLORES DISTRITO SAN JUAN DE LURIGANCHO PROVINCIA LIMA DEPARTAMENTO LIMA,PRIVADO,POLICLINICO PARROQUIAL SAN BENITO,"""http://maps.google.es/?q=-12.00934577%20-77.01271108,INSASU20240112083405.jpg,INSASU20240112083412.jpg,""",POLICLINICOS,directorio.sbenito@gmail.com,-77.01271108,-12.00934577,
00010457,CALLE CALLE OCTAVIO PAZ 255 URB . LA  CALERA SURQUILLO DISTRITO SURQUILLO PROVINCIA LIMA DEPARTAMENTO LIMA,PRIVADO,BIOSMED,"""http://maps.google.es/?q=-12.1152646%20-77.0061716,INSASU20210408095122.jpg,""",POLICLINICOS,recepcionbios@biosmed.net,-77.0061716,-12.1152646,
00010458,"AVENIDA AV. SAN MARTIN S/N., ALT. PARADERO 1 - HUASCAR NÚMERO S/N DISTRITO SAN JUAN DE LURIGANCHO PROVINCIA LIMA DEPARTAMENTO LIMA",PRIVADO,POLICLINICO PARROQUIAL HERMANO ANDRES,"""""",POLICLINICOS,ADMPPHA@HOTMAIL.COM,,,
00010669,JIRÓN MAYTA CAPAC NUMERO 1398 DISTRITO JESUS MARIA PROVINCIA LIMA DEPARTAMENTO LIMA,PRIVADO,CLÍNICA PERUANA DE LA VISION,"""http://maps.google.es/?q=-12.07644535%20-77.04263247,INSASU20200729094841.jpg,INSASU20200729094845.jpg,INSASU20251113160508.jpg,""",HOSPITALES O CLINICAS DE ATENCION ESPECIALIZADA,SREVELLO@CPV.COM.PE,-77.04263247,-12.07644535,HTTP://WWW.CPV.COM.PE
00010670,JIRÓN JR CAMANA 390 DISTRITO LIMA PROVINCIA LIMA DEPARTAMENTO LIMA,PRIVADO,FONDO DE EMPLEADOS DEL BANCO DE LA NACIÓN,"""""",POLICLINICOS,dpoletti@feban.net,,,HTTP://WWW.FEBAN.NET
00010737,CALLE ALFA AGUILA 100-102 106-108-112-114 DISTRITO SURQUILLO PROVINCIA LIMA DEPARTAMENTO LIMA,PRIVADO,POLICLINICO DE LA CALERA,"""http://maps.google.es/?q=-12.1182244%20-77.0036747,INSASU20220526160044.jpeg,""",POLICLINICOS,dpoletti@feban.net,-77.0036747,-12.1182244,HTTP://WWW.FEBAN.NET
00010814,AVENIDA ESQ. AV. ALFONSO UGARTE Y AV. ESPERANZA S/N - SAN GREGORIO NUMERO S/N DISTRITO ATE PROVINCIA LIMA DEPARTAMENTO LIMA,PRIVADO,POLICLINICO INFANTIL NUESTRA SEÑORA DEL SAGRADO CORAZON,"""""",POLICLINICOS,PSALUDCHOSICA@HOTMAIL.COM,,,
00010844,CALLE CALLE PAUL HARRIS 205 DISTRITO SAN ISIDRO PROVINCIA LIMA DEPARTAMENTO LIMA,PUBLICO,POLICLINICO MUNICIPAL DE SAN ISIDRO,"""http://maps.google.es/?q=-12.1074758%20-77.05116189,INSASU20190415093459.jpg,""",POLICLINICOS,JESUS.ELERA@MUNISANISIDRO.GOB.PE,-77.05116189,-12.1074758,HTTP://WWW.MUNISANISIDRO.GOB.PE
00010921,AVENIDA AV. RUISEÑORES 476 - URB. SANTA ANITA DISTRITO SANTA ANITA PROVINCIA LIMA DEPARTAMENTO LIMA,PRIVADO,CENTRO CARDIOLOGICO CORAZÓN DE JESUS,"""http://maps.google.es/?q=-12.0514708%20-76.9660847,INSASU20190820103912.jpg,INSASU20221003082141.jpg,INSASU20221003082148.jpg,""",CENTROS MEDICOS ESPECIALIZADOS,LURGIANGELICA@HOTMAIL.COM,-76.9660847,-12.0514708,
00010983,JIRÓN JR. BOLOGNESI 260 DISTRITO MAGDALENA DEL MAR PROVINCIA LIMA DEPARTAMENTO LIMA,PUBLICO,SISOL SALUD MAGDALENA,"""http://maps.google.es/?q=-12.0925599%20-77.0700289,INSASU20211215111654.jpeg,""",POLICLINICOS,karla.huamani@sisol.gob.pe,-77.0700289,-12.0925599,HTTP://WWW.SISOL.GOB.PE
00011087,AVENIDA AV. AREQUIPA 1148 - URB. SANTA BEATRIZ DISTRITO LIMA PROVINCIA LIMA DEPARTAMENTO LIMA,PRIVADO,CLINICA LA LUZ S.A.C.,"""""",HOSPITALES O CLINICAS DE ATENCION ESPECIALIZADA,CLINICALALUZ.SAC@GMAIL.COM,,,
00011098,"CALLE CALLE GONZÁLES OLAECHEA Nº 165, URB. CÓRPAC DISTRITO SAN ISIDRO PROVINCIA LIMA DEPARTAMENTO LIMA",PRIVADO,CENTRO MEDICO CORPAC S.A.,"""http://maps.google.es/?q=-12.09781567%20-77.02419051,INSASU20211002190131.jpeg,INSASU20211002190137.jpeg,INSASU20211002190142.jpeg,""",POLICLINICOS,CENTROMEDICOCORPAC@GMAIL.COM,-77.02419051,-12.09781567,
00011750,CALLE CALLE ASUNCION Nº 177 DISTRITO MIRAFLORES PROVINCIA LIMA DEPARTAMENTO LIMA,PRIVADO,CLINICA LOS ANDES SAC,"""http://maps.google.es/?q=-12.10471922%20-77.0321701,INSASU20220518171359.jpg,""",HOSPITALES O CLINICAS DE ATENCION ESPECIALIZADA,ADMINISTRACION@CLINICALOSANDES.COM.PE,-77.0321701,-12.10471922,HTTP://WWW.CLINICALOSANDES.COM.PE
00011795,AVENIDA AV. JAVIER PRADO 4841 DISTRITO LA MOLINA PROVINCIA LIMA DEPARTAMENTO LIMA,PRIVADO,CENTRO MEDICO SAN FELIPE,"""http://maps.google.es/?q=-12.08231654%20-76.9691091,INSASU20230206083955.jpeg,INSASU20230206084005.JPG,""",CENTROS DE SALUD O CENTROS MEDICOS,SINDATOS@HOTMAIL.COM,-76.9691091,-12.08231654,HTTP://WWW.CLINICASANFELIPE.COM
00012219,AVENIDA AV. EL POLO NRO. 505 URB. EL DERBY MONTERRICO DISTRITO SANTIAGO DE SURCO PROVINCIA LIMA DEPARTAMENTO LIMA,PRIVADO,CLINICA MONTESUR,"""http://maps.google.es/?q=-12.09496596%20-76.96820787,INSASU20190516084027.jpg,""",HOSPITALES O CLINICAS DE ATENCION ESPECIALIZADA,JQUEZADA@CLINICAMONTESUR.COM,-76.96820787,-12.09496596,HTTP://WWW.CLINICAMONTESUR.COM.PE
00012267,AVENIDA AV. SANTA ROSA 1719 - URB. INCA MANCO CAPAC AV. SANTA ROSA 1719 - URB. INCA MANCO CAPAC SAN JUAN DE LURIGANCHO LIMA LIMA,PRIVADO,CLINICA SAN MARCOS,"""http://maps.google.es/?q=-12.00199899%20-76.99948756,INSASU20230727111225.jpeg,INSASU20230727111237.jpeg,INSASU20230727111312.jpeg,""",HOSPITALES O CLINICAS DE ATENCION GENERAL,grupocastasac@gmail.com,-76.99948756,-12.00199899,https://www.clinicasanmarcos.com/
00012392,"AVENIDA AV. METROPOLITANA, MZ. F, LOTE 13 - URB. CERES I ETAPA DISTRITO ATE PROVINCIA LIMA DEPARTAMENTO LIMA",PRIVADO,POLICLINICO INTERNACIONAL,"""""",POLICLINICOS,POLICLINICOINTERNACIONAL@GMAIL.COM,,,
00012982,"JIRÓN JR. SAN PABLO, CALLE 8, S/N - URB. LOS PRODUCTORES NUMERO S/N DISTRITO SANTA ANITA PROVINCIA LIMA DEPARTAMENTO LIMA",PUBLICO,POLICLINICO MUNICIPAL SANTA ANITA,"""http://maps.google.es/?q=-12.0356084%20-76.95175923,INSASU20171227150212.jpg,INSASU20250429084329.jpg,INSASU20250429084335.jpg,""",POLICLINICOS,oalegriac@munisantanita.gob.pe,-76.95175923,-12.0356084,HTTP://WWW.MUNISANTANITA.GOB.PE
00013012,AVENIDA AV. CANEVARO CON AV. VARGAS MACHUCA S/N NUMERO S/N DISTRITO SAN JUAN DE MIRAFLORES PROVINCIA LIMA DEPARTAMENTO LIMA,PUBLICO,CENTRO DE ATENCIÓN PRIMARIA III SAN JUAN DE MIRAFLORES,"""http://maps.google.es/?q=-12.1643037%20-76.9692522,INSASU20230704174617.jpeg,INSASU20230704174635.jpeg,INSASU20230704173716.jpeg,""",POLICLINICOS,hector.malaverry@essalud.gob.pe,-76.9692522,-12.1643037,HTTP://WWW.ESSALUD.GOB.PE
00013017,CALLE JULIO C. TELLO Nº 300,PRIVADO,PROMOTORA DE SALUD SAKURA (POLICLINICO SAKURA),"""""",POLICLINICOS,AMASUZUKI@HOTMAIL.COM,,,
00013091,AVENIDA AV LOS HALCONES 414 URB LIMATAMBO AV LOS HALCONES 414 URB LIMATAMBO SURQUILLO LIMA LIMA,PUBLICO,CENTRO DE ATENCION PRIMARIA III SURQUILLO,"""http://maps.google.es/?q=-12.1042369%20-77.020628,INSASU20211112095842.jpg,INSASU20211112095853.jpg,INSASU20211112095900.jpg,""","POLICLINICOS,CONSULTORIOS MEDICOS Y DE OTROS PROFESIONALES DE LA SALUD",ALFREDO.NOVOA@ESSALUD.GOB.PE,-77.020628,-12.1042369,HTTP://WWW.ESSALUD.GOB.PE
00013176,JIRÓN JR. ATAHUALPA NRO. 163 JR. ATAHUALPA NRO. 163 HUACHO HUAURA LIMA,PRIVADO,IPRESS CLINICA SAN BARTOLOME,"""http://maps.google.es/?q=-11.106811%20-77.6101788,INSASU20240906165208.jpg,""",POLICLINICOS,afernandez@gruposanbartolome.com,-77.6101788,-11.106811,https://clinicasb.com/
00013675,CALLE CALLE A MZ D LT 25 1 ER Y 2DO PISO URBANIZACIÓN INDUSTRIAL PANAMERICANA NORTE DISTRITO INDEPENDENCIA PROVINCIA LIMA DEPARTAMENTO LIMA,PRIVADO,MEDICAL ASSISTANT,"""http://maps.google.es/?q=-11.9938577%20-77.0619517,INSASU20210521101516.jpg,INSASU20210521101415.jpg,INSASU20210521101700.jpg,""",POLICLINICOS,CROMANI@MA.COM.PE,-77.0619517,-11.9938577,HTTP://WWW.MA.COM.PE
00014387,OTROS ANTIGUA PANAMERICANA SUR KM 43 DISTRITO PUNTA HERMOSA PROVINCIA LIMA DEPARTAMENTO LIMA,PUBLICO,SISOL SALUD PUNTA HERMOSA,"""http://maps.google.es/?q=-12.3267536%20-76.825051,INSASU20191028101101.jpeg,INSASU20230327150413.jpeg,INSASU20230327150416.jpeg,""",POLICLINICOS,maritza.villa@sisol.gob.pe,-76.825051,-12.3267536,http://www.sisol.gob.pe/
00014615,AVENIDA AVENIDA FERNANDO TERÁN 990 DISTRITO CHORRILLOS PROVINCIA LIMA DEPARTAMENTO LIMA,PUBLICO,SISOL SALUD CHORRILLOS,"""http://maps.google.es/?q=-12.1673499%20-77.0189828,INSASU20200221143419.jpg,""",POLICLINICOS,karla.rachumi@sisol.gob.pe,-77.0189828,-12.1673499,http://www.sisol.gob.pe/
00014670,AVENIDA AV. SALVADOR ALLENDE CUADRA 16 S/N NÚMERO S/N DISTRITO VILLA MARIA DEL TRIUNFO PROVINCIA LIMA DEPARTAMENTO LIMA,PUBLICO,SISOL SALUD VILLA MARÍA DEL TRIUNFO,"""http://maps.google.es/?q=-12.171643%20-76.9456715,INSASU20191009160758.jpg,INSASU20230917131522.jpg,INSASU20230917131525.jpg,""",POLICLINICOS,elisabeth.perez@sisol.gob.pe,-76.9456715,-12.171643,HTTP://WWW.SISOL.GOB.PE
00014718,JIRÓN JR RAMON CASTILLA 590 DISTRITO SAN MIGUEL PROVINCIA LIMA DEPARTAMENTO LIMA,PUBLICO,HOSPITAL POLICIAL GERIATRICO SAN JOSE,"""http://maps.google.es/?q=-12.08667016%20-77.08067194,INSASU20240227125056.jpeg,INSASU20240227125102.jpeg,INSASU20240227125106.jpeg,""",HOSPITALES O CLINICAS DE ATENCION ESPECIALIZADA,dirsan.hgsj.sec@policia.gob.pe,-77.08067194,-12.08667016,HTTP://WWW.DIRSAPOLPNP.GOB.PE
00015414,"AVENIDA AV. ANGELICA GAMARRA Nº 199, URB. EL TREBOL DISTRITO LOS OLIVOS PROVINCIA LIMA DEPARTAMENTO LIMA",PRIVADO,TRÉBOL RED NACIONAL DE SALUD OCUPACIONAL,"""http://maps.google.es/?q=-12.0049108%20-77.0627757,INSASU20190125114811.jpeg,""",POLICLINICOS,EUGAZ@CENTROMEDICOELTREBOL.COM,-77.0627757,-12.0049108,
00015428,PARQUE MZ M LOTE 03-PARCELA 02 PARQUE INDUSTRIAL DISTRITO VILLA EL SALVADOR PROVINCIA LIMA DEPARTAMENTO LIMA,PRIVADO,VILLA SALUD,"""http://maps.google.es/?q=-12.20514247%20-76.93391717,INSASU20221017130722.jpeg,INSASU20221017130813.jpeg,INSASU20221017130817.jpeg,""",POLICLINICOS,SGAVIDIA@VILLASALUD.PE,-76.93391717,-12.20514247,HTTPS://WWW.VILLASALUD.PE
00015460,AVENIDA AV. ALFREDO BENAVIDES NÚMERO 4508 MANZANA F3 LOTE 2 URBANIZACIÓN VISTA ALEGRE DISTRITO SANTIAGO DE SURCO PROVINCIA LIMA DEPARTAMENTO LIMA,PRIVADO,POLICLINICO MARIA GRAÑA,"""http://maps.google.es/?q=-12.1286007%20-76.9977225,INSASU20220805111429.jpeg,""",POLICLINICOS,ADMINISTRACION@POLICLINICOLABORATORIO.COM,-76.9977225,-12.1286007,
00015516,AVENIDA AV. BRASIL 3490 DISTRITO MAGDALENA DEL MAR PROVINCIA LIMA DEPARTAMENTO LIMA,PRIVADO,CENTRO DE ESPECIALIDADES MEDICAS PRO-VIDA,"""http://maps.google.es/?q=-12.0904353%20-77.069999,INSASU20221219131508.jpeg,INSASU20221219131520.jpeg,INSASU20221219131527.jpeg,""",POLICLINICOS,provida@smprovida.com,-77.069999,-12.0904353,HTTP://WWW.CEMPROVIDA.COM
00016076,AVENIDA AV. GIUSEPPE GARIBALDI 125 - 145 DISTRITO JESUS MARIA PROVINCIA LIMA DEPARTAMENTO LIMA,PRIVADO,INPPARES SEDE CENTRAL,"""http://maps.google.es/?q=-12.0840294%20-77.0490045,INSASU20230907185945.JPG,INSASU20230907185947.jpeg,INSASU20241104235712.jpeg,""",POLICLINICOS,IRAMOS@INPPARES.ORG,-77.0490045,-12.0840294,HTTP://WWW.INPPARES.ORG
00016297,AVENIDA AVENIDA BENAVIDES 2525 DISTRITO MIRAFLORES PROVINCIA LIMA DEPARTAMENTO LIMA,PRIVADO,CENTRO DE BIENESTAR AUNA BENAVIDES,"""http://maps.google.es/?q=-12.1275952%20-77.007663,INSASU20221219222733.jpg,INSASU20231017121713.jpg,INSASU20221219222756.jpg,""",CENTROS DE SALUD O CENTROS MEDICOS,sabrina.santiago@auna.org,-77.007663,-12.1275952,https://auna.org/pe
00017695,CALLE CALLE LAS LILAS 223 SAN EUGENIO -LINCE DISTRITO LINCE PROVINCIA LIMA DEPARTAMENTO LIMA,PUBLICO,CENTRO DE ATENCION PRIMARIA III ALFREDO PIAZZA ROBERTS-GSPN I Y II-RPA-ESSALUD,"""http://maps.google.es/?q=-12.086601%20-77.0275266,INSASU20210423150932.jpg,""",POLICLINICOS,christian.montoyam@essalud.gob.pe,-77.0275266,-12.086601,HTTP://WWW.ESSALUD.GOB.PE
00017726,AVENIDA AV. RAUL FERRERO REBAGLIATI MZ. C-2 LOTE 01 URB. EL REMANSO DE LA MOLINA I ETAPA DISTRITO LA MOLINA PROVINCIA LIMA DEPARTAMENTO LIMA,PRIVADO,SANNA CENTRO CLINICO LA MOLINA,"""http://maps.google.es/?q=-12.09028708%20-76.95050932,INSASU20200722134818.jpg,INSASU20231121151538.jpg,INSASU20231121151544.jpg,""",POLICLINICOS,CARMEN.VILLANUEVA@SANNA.PE,-76.95050932,-12.09028708,HTTP://WWW.SANNA.PE
00017820,AVENIDA AV. ALFREDO MENDIOLA 3698 C.C. MEGAPLAZA TIENDA A13 DISTRITO INDEPENDENCIA PROVINCIA LIMA DEPARTAMENTO LIMA,PRIVADO,INTEGRAMÉDICA MEGAPLAZA,"""http://maps.google.es/?q=-11.9942378%20-77.0612389,INSASU20240517173858.jpeg,INSASU20240517173902.jpeg,INSASU20240517173906.jpeg,""",CENTROS DE SALUD O CENTROS MEDICOS,CENTRAL@INTEGRAMEDICA.PE,-77.0612389,-11.9942378,http://www.integramedica.pe/
00017926,AVENIDA AV. INDUSTRIAL MZ. D LT. 12 AV. INDUSTRIAL MZ. D LT. 12 INDEPENDENCIA LIMA LIMA,PRIVADO,CENTRO MEDICO MAPFRE SEDE INDEPENDENCIA,"""http://maps.google.es/?q=-11.9925312%20-77.05902345,INSASU20200820102312.jpg,INSASU20200820102317.jpg,""",CENTROS DE SALUD O CENTROS MEDICOS,jguimar@mapfre.com.pe,-77.05902345,-11.9925312,
00018171,AVENIDA AV: ESCUELA MILITAR S/N VILLA MILITAR OESTE NUMERO S/N DISTRITO CHORRILLOS PROVINCIA LIMA DEPARTAMENTO LIMA,PUBLICO,POLICLINICO MILITAR CHORRILLOS,"""http://maps.google.es/?q=-12.1567124%20-77.0190155,INSASU20240624101342.jpeg,INSASU20240624101349.jpeg,INSASU20240624101354.jpeg,""",CENTROS DE SALUD CON CAMAS DE INTERNAMIENTO,polmilchorrillos@gmail.com,-77.0190155,-12.1567124,https://www.facebook.com/p/Policl%C3%ADnico-Militar-Chorrillos-2024-100067782493469/
00018311,CALLE CALLE GRAN MARISCAL AGUSTIN GAMARRA 192 DISTRITO SAN MIGUEL PROVINCIA LIMA DEPARTAMENTO LIMA,PUBLICO,POLICLINICO MUNICIPAL LA PAZ,"""http://maps.google.es/?q=-12.04809478%20-77.04008973,INSASU20221230103232.jpeg,INSASU20221230103326.jpeg,INSASU20221230145401.jpeg,""",POLICLINICOS,policlinicodelapaz@gmail.com,-77.04008973,-12.04809478,
00019088,AVENIDA UNIVERSITARIA MZ.K LT. 06 - 07 COOP. CAJABAMBA NUMERO SN DISTRITO SAN MARTIN DE PORRES PROVINCIA LIMA DEPARTAMENTO LIMA,PRIVADO,CLINICA IZAGUIRRE,"""http://maps.google.es/?q=-11.9908379%20-77.0832458,INSASU20240921104645.jpeg,INSASU20240921104653.jpeg,INSASU20240921104744.jpeg,""",CENTROS DE SALUD CON CAMAS DE INTERNAMIENTO,IZAGUIRRECLINICA@GMAIL.COM,-77.0832458,-11.9908379,
00019212,AVENIDA AV. VENEZUELA N° 1650 DISTRITO BREÑA PROVINCIA LIMA DEPARTAMENTO LIMA,PRIVADO,POLICLINICO DE BREÑA,"""http://maps.google.es/?q=-12.0554224%20-77.0554665,INSASU20201113164632.jpg,""",POLICLINICOS,JORGENAVARRO@GRUPOSALUDINTEGRAL.NET,-77.0554665,-12.0554224,
00019276,JIRÓN JIRON MARIATEGUI N°157-159-161-163 - BARRANCO DISTRITO BARRANCO PROVINCIA LIMA DEPARTAMENTO LIMA,PRIVADO,POLICLÍNICO SBC MEDIC,"""http://maps.google.es/?q=-12.14725867%20-77.01874117,INSASU20210820143200.jpeg,""",POLICLINICOS,soluciones_medicas1@yahoo.es,-77.01874117,-12.14725867,
00019416,AVENIDA AV. SAN EUGENIO N° 899 URB. SANTA CATALINA DISTRITO LA VICTORIA PROVINCIA LIMA DEPARTAMENTO LIMA,PRIVADO,RESPIRA SALUD OCUPACIONAL,"""http://maps.google.es/?q=-12.0852585%20-77.0170184,INSASU20210502151134.JPG,INSASU20210502151137.JPG,""",POLICLINICOS,atenciones@respirasac.com,-77.0170184,-12.0852585,https://respirasac.com/home/
00019787,AVENIDA AV NARANJAL 318 LOS OLIVOS AV NARANJAL 318 LOS OLIVOS LOS OLIVOS LIMA LIMA,PUBLICO,HOSPITAL MUNICIPAL LOS OLIVOS,"""http://maps.google.es/?q=-11.97723%20-77.0656159,INSASU20171214155236.jpg,""",HOSPITALES O CLINICAS DE ATENCION GENERAL,direccion@hospitalmunilosolivos.gob.pe,-77.0656159,-11.97723,https://www.hospitalmunilosolivos.gob.pe/
00020645,AVENIDA AV. TOMAS MARSANO N° 2147 - URB. LA AURORA DISTRITO SURQUILLO PROVINCIA LIMA DEPARTAMENTO LIMA,PRIVADO,MEDICAL ASSISTANT,"""http://maps.google.es/?q=-12.1224303%20-77.0052026,INSASU20190531113840.jpg,""",POLICLINICOS,cromani@ma.com.pe,-77.0052026,-12.1224303,HTTP://MA.COM.PE
00020725,JIRÓN JR. MANCO CAPAC - 202 - B DISTRITO RIMAC PROVINCIA LIMA DEPARTAMENTO LIMA,PRIVADO,POLICLINICO PARROQUIAL  NUESTRA SEÑORA DE LOS ANGELES,"""http://maps.google.es/?q=-12.0343509%20-77.0246238,INSASU20240604175327.jpeg,INSASU20240604175336.jpeg,INSASU20240604175343.JPG,""",POLICLINICOS,direccionadministrativa@policlinicolosangeles.com,-77.0246238,-12.0343509,
00020779,AVENIDA ALFREDO MENDIOLA NÚMERO 5515 URBANIZACIÓN VILLA DEL NORTE DISTRITO LOS OLIVOS PROVINCIA LIMA DEPARTAMENTO LIMA,PRIVADO,CLINICOR NORTE DIAGNOSTICO Y TRATAMIENTO CARDIOVASCULAR,"""http://maps.google.es/?q=-11.9709081%20-77.0676211,INSASU20240426181007.jpeg,INSASU20240426181011.jpeg,INSASU20240426181018.jpeg,""",CENTROS MEDICOS ESPECIALIZADOS,mgarciasamaniego@gmail.com,-77.0676211,-11.9709081,https://clinicaclinicor.com/
00021819,AV. CESAR VALLEJO MZA. G LOTE. 17 GRUPO 5,PRIVADO,SOCIEDAD MEDICA DE SERVICIOS DE APOYO AL DIAGNOSTICO S.A.C (SOMESAD),"""""",POLICLINICOS,ALNUVI5@YAHOO.COM,,,
00023151,"AVENIDA CARLOS ALBERTO IZAGUIRRE NÚMERO 978 MANZANA L LOTE 13, 14, 15 URBANIZACIÓN LAS PALMERAS DISTRITO LOS OLIVOS PROVINCIA LIMA DEPARTAMENTO LIMA",PRIVADO,CLINICA CORI,"""http://maps.google.es/?q=-11.99115958%20-77.07320308,INSASU20190211134512.jpg,INSASU20190211134511.jpg,INSASU20190211134516.jpg,""",HOSPITALES O CLINICAS DE ATENCION ESPECIALIZADA,andradepilcoj@hotmail.com,-77.07320308,-11.99115958,
00023245,JIRÓN MANUEL CANDAMO 322 NUMERO 322 PISO 1 DISTRITO LINCE PROVINCIA LIMA DEPARTAMENTO LIMA,PRIVADO,CISS OCUPACIONAL,"""http://maps.google.es/?q=-12.0823669%20-77.0333433,INSASU20241127100642.jpg,INSASU20241127100646.jpg,INSASU20241127100651.jpg,""",POLICLINICOS,urba_38@hotmail.com,-77.0333433,-12.0823669,
00023429,AVENIDA FAUSTINO SANCHEZ CARRION NÚMERO 740 DISTRITO MAGDALENA DEL MAR PROVINCIA LIMA DEPARTAMENTO LIMA,PRIVADO,POLICLINICA DEL TRABAJADOR,"""http://maps.google.es/?q=-12.0905752%20-77.0572878,INSASU20231207095855.JPG,INSASU20231207095906.JPG,""",POLICLINICOS,aparedes@clinicadeltrabajador.com.pe,-77.0572878,-12.0905752,http://www.clinicadeltrabajador.com.pe
00023431,CALLE CARDENAL GUEVARA 132 SAN MIGUEL LIMA LIMA,PRIVADO,CENTRO MEDICO MAPFRE – SEDE SAN MIGUEL,"""http://maps.google.es/?q=-12.0790475%20-77.093801,INSASU20200212163747.jpg,""",CENTROS MEDICOS ESPECIALIZADOS,yzuta@mapfre.com.pe,-77.093801,-12.0790475,
00023434,PASAJE PARQUE LA INDIA NÚMERO 169 URBANIZACIÓN LOS SAUCES II DISTRITO SURQUILLO PROVINCIA LIMA DEPARTAMENTO LIMA,PRIVADO,HOLOMEDIC,"""http://maps.google.es/?q=-12.11973034%20-77.00206568,INSASU20190926160441.jpg,INSASU20190926160507.jpg,""",POLICLINICOS,carol.ly@holomedic.com.pe,-77.00206568,-12.11973034,http://www.holomedic.com.pe
00023435,AVENIDA DU PETIT THOUARS ABEL BERGASSE NÚMERO 1542 DISTRITO LINCE PROVINCIA LIMA DEPARTAMENTO LIMA,PRIVADO,MEDCORP SALUD OCUPACIONAL,"""http://maps.google.es/?q=-12.0819145%20-77.0337717,INSASU20191024091150.jpg,INSASU20191024091318.jpg,INSASU20191024091324.jpg,""",POLICLINICOS,liliana.vega@medcorp.pe,-77.0337717,-12.0819145,
00023752,CALLE GABRIELA MISTRAL NÚMERO 216 PISO 1 DEPARTAMENTO 101 INTERIOR 201 DISTRITO SURQUILLO PROVINCIA LIMA DEPARTAMENTO LIMA,PRIVADO,OISO,"""http://maps.google.es/?q=-12.11346038%20-77.00568772,INSASU20191014143746.jpg,""",POLICLINICOS,kmorales@oisoglobal.com,-77.00568772,-12.11346038,
00023852,AVENIDA CARLOS ALBERTO IZAGUIRRE NÚMERO 1250 MANZANA K LOTE 11-20 URBANIZACIÓN ANGELICA GAMARRA LEON VELARDE DISTRITO LOS OLIVOS PROVINCIA LIMA DEPARTAMENTO LIMA,PRIVADO,OFTALMOSALUD,"""http://maps.google.es/?q=-11.99138124%20-77.07712787,INSASU20200604150314.jpg,INSASU20200604150333.jpg,INSASU20200604150338.jpg,""",HOSPITALES O CLINICAS DE ATENCION ESPECIALIZADA,gmosquera@oftalmosalud.com.pe,-77.07712787,-11.99138124,http://oftalmosalud.pe/
00023857,AVENIDA JAVIER PRADO OESTE NÚMERO 2501 PISO 1 DISTRITO MAGDALENA DEL MAR PROVINCIA LIMA DEPARTAMENTO LIMA,PRIVADO,CENTRO MEDICO MAPFRE - SEDE MAGDALENA,"""http://maps.google.es/?q=-12.0940877%20-77.0572981,INSASU20231023123751.jpg,INSASU20231023123814.jpg,INSASU20231023123816.jpg,""",CONSULTORIOS MEDICOS Y DE OTROS PROFESIONALES DE LA SALUD,MESMITH@mapfre.com.pe,-77.0572981,-12.0940877,HTTP://WWW.MAPFRE.COM.PE
00024132,AVENIDA PRIMAVERA NÚMERO 336 MANZANA C LOTE 4 URBANIZACIÓN CHACARILLA DEL ESTANQUE DISTRITO SANTIAGO DE SURCO PROVINCIA LIMA DEPARTAMENTO LIMA,PRIVADO,SANNA CENTRO CLÍNICO CHACARILLA,"""http://maps.google.es/?q=-12.1110895%20-76.9903523,INSASU20181115122358.jpg,INSASU20181025104144.jpg,""",CENTROS DE SALUD O CENTROS MEDICOS,yulisa.vasquez@sanna.pe,-76.9903523,-12.1110895,
00024179,AVENIDA PROLONGACIÓN FLOR DE AMANCAES  S/N NÚMERO S/N DISTRITO RIMAC PROVINCIA LIMA DEPARTAMENTO LIMA,PUBLICO,SISOL SALUD AMANCAES,"""http://maps.google.es/?q=-12.01787727%20-77.02879227,INSASU20210916145206.jpeg,""",POLICLINICOS,luis.aguilar@sisol.gob.pe,-77.02879227,-12.01787727,http://www.sisol.gob.pe/home/hs/index.php
00024258,AVENIDA TUPAC AMARU NÚMERO 2698 KILOMETRO 12 URBANIZACIÓN REPARTICION DISTRITO COMAS PROVINCIA LIMA DEPARTAMENTO LIMA,PRIVADO,CENTRO MEDICO ESPECIALIZADO SOLIDARIO DE COMAS,"""http://maps.google.es/?q=-11.94543224%20-77.05003536,INSASU20240220115251.jpg,INSASU20240220115259.jpg,INSASU20240606114826.jpg,""",CENTROS MEDICOS ESPECIALIZADOS,genesis.sac1@gmail.com,-77.05003536,-11.94543224,
00024382,AVENIDA brasil NÚMERO 381 DISTRITO LIMA PROVINCIA LIMA DEPARTAMENTO LIMA,PRIVADO,sama ocupacional,"""http://maps.google.es/?q=-12.0630014%20-77.0435956,INSASU20201006135902.jpeg,""",CENTROS DE SALUD O CENTROS MEDICOS,vhpc90@gmail.com,-77.0435956,-12.0630014,
00025573,JIRÓN ELOY ESPINOZA SALDAÑA NUMERO 700 URBANIZACION PALAO CUARTA ETAPA DISTRITO SAN MARTIN DE PORRES PROVINCIA LIMA DEPARTAMENTO LIMA,PRIVADO,CREO Clínica Renal y Oncológica,"""http://maps.google.es/?q=-12.01986162%20-77.05514514,INSASU20241127161327.jpeg,INSASU20241127161335.jpeg,INSASU20241127161342.jpeg,""",HOSPITALES O CLINICAS DE ATENCION ESPECIALIZADA,creo@oficinas-upch.pe,-77.05514514,-12.01986162,https://www.cayetano.edu.pe/cayetano/es/
00026028,OTROS SV PROGRAMA CIUDAD MARISCAL CACERES MANZANA A1 LOTE 30 DISTRITO SAN JUAN DE LURIGANCHO PROVINCIA LIMA DEPARTAMENTO LIMA,PRIVADO,VILLA SALUD,"""http://maps.google.es/?q=-11.95880708%20-76.98639727,INSASU20180809122633.jpg,""",POLICLINICOS,SGAVIDIA@VILLASALUD.PE,-76.98639727,-11.95880708,HTTPS://WWW.VILLASALUD.PE
00026473,JIRÓN ANCASH BARRIOS ALTOS NUMERO 809 DISTRITO LIMA PROVINCIA LIMA DEPARTAMENTO LIMA,PRIVADO,OBRA DE SAN CAMILO,"""http://maps.google.es/?q=-12.04679125%20-77.02216789,INSASU20220418201534.jpg,INSASU20220418201537.jpg,""",HOSPITALES O CLINICAS DE ATENCION ESPECIALIZADA,mhisbes@clinicasancamilo.com,-77.02216789,-12.04679125,http://www.clinicasancamilo.com.pe
00027121,CALLE LOS CLAVELES PROVIVIENDA EL AGUSTINO TERCERA ZONA NÚMERO 168 DISTRITO EL AGUSTINO PROVINCIA LIMA DEPARTAMENTO LIMA,PRIVADO,POLICLINICO  ESPIRITU SANTO,"""http://maps.google.es/?q=-12.044604%20-77.0007262,INSASU20230111144832.jpeg,INSASU20230111144844.jpeg,INSASU20230111144848.jpeg,""",POLICLINICOS,policlinicoseslima@gmail.com,-77.0007262,-12.044604,http://policlinicosespiritusanto.org
00027232,"OTROS SECTOR 6, GRUPO 1-A MANZANA E LOTE 5 DISTRITO VILLA EL SALVADOR PROVINCIA LIMA DEPARTAMENTO LIMA",PRIVADO,SERVICIOS MEDICOS ADN,"""http://maps.google.es/?q=-12.20740302%20-76.95247152,INSASU20250129141751.jpg,INSASU20250129141807.jpg,INSASU20250129141814.jpg,""",POLICLINICOS,fsalazar@ssays.com.pe,-76.95247152,-12.20740302,
00027405,"JIRÓN GRAU SEMINARIO, MIGUEL ALMIRANTE NÚMERO 309 URBANIZACIÓN CERCADO DISTRITO SANTIAGO DE SURCO PROVINCIA LIMA DEPARTAMENTO LIMA",PRIVADO,SURCO SALUD SEDE PUEBLO,"""http://maps.google.es/?q=-12.1442715%20-77.0056793,INSASU20230316140804.jpeg,INSASU20230316140812.jpeg,""",POLICLINICOS,gerencia@dafisalud.com,-77.0056793,-12.1442715,
00027880,AVENIDA DEFENSORES DEL MORRO NÚMERO 2007 DISTRITO CHORRILLOS PROVINCIA LIMA DEPARTAMENTO LIMA,PRIVADO,POLICLINICO MUNICIPAL CHORRISALUD,"""http://maps.google.es/?q=-12.1796641%20-77.0135478,INSASU20220321134504.jpg,""",POLICLINICOS,PCANAMERO@CHORRISALUD.PE,-77.0135478,-12.1796641,https://chorrisalud.pe/
00028210,AVENIDA AV. PERU N° 3811 3811 SAN MARTIN DE PORRES LIMA LIMA,PRIVADO,POLICLINICO LA LUZ - SAN MARTIN DE PORRES,"""http://maps.google.es/?q=-12.0306612%20-77.0902221,INSASU20231211113255.jpeg,INSASU20231211113325.jpeg,""",POLICLINICOS,mdurand@clinicalaluz.com.pe,-77.0902221,-12.0306612,
00028276,PASAJE JOSE OLAYA NÚMERO 202 PISO 1 URBANIZACIÓN SALAMANCA DE MONTERRICO DISTRITO ATE PROVINCIA LIMA DEPARTAMENTO LIMA,PRIVADO,MEDICLIN,"""http://maps.google.es/?q=-12.07604274%20-76.98710001,INSASU20200711010708.jpg,INSASU20200711011444.jpg,""",POLICLINICOS,santserr@yahoo.es,-76.98710001,-12.07604274,
00028777,AVENIDA TANTAMAYO MANZANA A LOTE 5 URBANIZACIÓN CALIFORNIA DISTRITO SAN MARTIN DE PORRES PROVINCIA LIMA DEPARTAMENTO LIMA,PRIVADO,KURA,"""http://maps.google.es/?q=-11.9635257%20-77.0930383,INSASU20231110153849.jpeg,INSASU20231110153858.jpeg,INSASU20231110154039.jpeg,""",HOSPITALES O CLINICAS DE ATENCION ESPECIALIZADA,hector.mba1@gmail.com,-77.0930383,-11.9635257,
00029051,"OTROS SECTOR 03, GRUPO 31, MZ. A6, SUB LOTE 03 DISTRITO VILLA EL SALVADOR PROVINCIA LIMA DEPARTAMENTO LIMA",PRIVADO,ENDOSALUD,"""http://maps.google.es/?q=-12.22942016%20-76.93837156,INSASU20200529171328.jpg,INSASU20200529171333.jpg,INSASU20200529171338.jpg,""",POLICLINICOS,admi.endosalud@gmail.com,-76.93837156,-12.22942016,
00029058,AVENIDA ALFREDO MENDIOLA NÚMERO 5875 URBANIZACIÓN LOS OLIVOS DISTRITO LOS OLIVOS PROVINCIA LIMA DEPARTAMENTO LIMA,PRIVADO,INKAMAY SALUD OLIVOS,"""http://maps.google.es/?q=-11.9646817%20-77.0687176,INSASU20230914095020.jpeg,INSASU20230914095028.jpeg,INSASU20230914095037.jpeg,""",POLICLINICOS,inkamaysalud@gmail.com,-77.0687176,-11.9646817,
00029106,AVENIDA Guardia Civil NUMERO 664 URBANIZACION Corpac DISTRITO SAN ISIDRO PROVINCIA LIMA DEPARTAMENTO LIMA,PRIVADO,INTEGRAMEDICA,"""http://maps.google.es/?q=-12.095905%20-77.011262,INSASU20200810111656.jpg,""",POLICLINICOS,xiomara.calsin@anglolab.com,-77.011262,-12.095905,http://www.integramedica.pe
00029209,JIRÓN CAJAHUAMAN MANZANA A LOTE 27 URBANIZACIÓN EL TREBOL DISTRITO LOS OLIVOS PROVINCIA LIMA DEPARTAMENTO LIMA,PRIVADO,POLICLINICO PARROQUIAL INMACULADA CONCEPCION,"""http://maps.google.es/?q=-12.0066874%20-77.0687243,INSASU20200806124504.jpeg,INSASU20200806124511.jpeg,INSASU20200806124520.jpeg,""",POLICLINICOS,inmaculadapoliclinico@gmail.com,-77.0687243,-12.0066874,
00029299,AVENIDA AREQUIPA 1580 Frente a la contraloría LINCE LIMA LIMA,PRIVADO,MAS VISION S.A.C.,"""http://maps.google.es/?q=-12.0805139%20-77.0352489,INSASU20200730011955.jpg,""",CENTROS MEDICOS ESPECIALIZADOS,masvisionsac@gmail.com,-77.0352489,-12.0805139,http://xn--oftalmologamasvision-y4b.com/?utm_source=gmb&utm_medium=referral
00029436,AVENIDA CESAR VALLEJO NÚMERO 1176 DISTRITO LINCE PROVINCIA LIMA DEPARTAMENTO LIMA,PRIVADO,SEYSO,"""http://maps.google.es/?q=-12.0875997%20-77.0432986,INSASU20201028230416.jpg,INSASU20201028230423.jpg,INSASU20201028230428.jpg,""",CENTROS MEDICOS ESPECIALIZADOS,lgallo@seyso.org,-77.0432986,-12.0875997,
00029493,AVENIDA Colonial NÚMERO 2001 DISTRITO LIMA PROVINCIA LIMA DEPARTAMENTO LIMA,PUBLICO,SISOL Mirones,"""http://maps.google.es/?q=-12.04905784%20-77.06740059,INSASU20200707184921.jpg,""",POLICLINICOS,mesadepartesvirtual@sisol.gob.pe,-77.06740059,-12.04905784,http://www.sisol.gob.pe/
00029577,AVENIDA REPUBLICA DE PANAMA NUMERO 6382 URBANIZACION SAN ANTONIO DISTRITO MIRAFLORES PROVINCIA LIMA DEPARTAMENTO LIMA,PRIVADO,IPHCI SAC,"""http://maps.google.es/?q=-12.1289499%20-77.0182103,INSASU20201127192437.jpg,INSASU20201127192446.jpeg,INSASU20250508111135.jpg,""",POLICLINICOS,jvalcarcel@iphci.com.pe,-77.0182103,-12.1289499,
00029676,AVENIDA TUPAC AMARU MANZANA U LOTE 9 URBANIZACIÓN CARABAYLLO DISTRITO COMAS PROVINCIA LIMA DEPARTAMENTO LIMA,PRIVADO,INKAMAY SALUD,"""http://maps.google.es/?q=-11.97251829%20-77.05781917,INSASU20200110130205.jpg,""",POLICLINICOS,srosalescenteno@gmail.com,-77.05781917,-11.97251829,
00030141,JIRÓN MORRO SOLAR N° 936 MZ. II LOTE N° 1 SANTA TERESA DISTRITO SANTIAGO DE SURCO PROVINCIA LIMA DEPARTAMENTO LIMA,PRIVADO,ESTARBIEN,"""""",CENTROS DE SALUD O CENTROS MEDICOS,admin@estarbien.pe,,,
00030479,AVENIDA SAN LUIS NÚMERO 1323 PISO 1 DISTRITO SAN LUIS PROVINCIA LIMA DEPARTAMENTO LIMA,PRIVADO,RED SALUD OCUPACIONAL SAN LUIS,"""http://maps.google.es/?q=-12.0801305%20-76.9980286,INSASU20210617122427.jpeg,INSASU20210617122430.jpeg,INSASU20210617122433.jpeg,""","POLICLINICOS,CENTROS MEDICOS ESPECIALIZADOS",servicios@redsaludocupacional.pe,-76.9980286,-12.0801305,https://www.redsaludocupacional.pe/
00030900,"AVENIDA TUPAC AMARU 1ER,2DO Y 3ER PISO NUMERO 5635 5637 MANZANA A1 LOTE 2 URBANIZACION POPULAR SAN JUAN BAUTISTA I ETAPA DISTRITO COMAS PROVINCIA LIMA DEPARTAMENTO LIMA",PRIVADO,CESMYN,"""http://maps.google.es/?q=-11.91363782%20-77.03988204,INSASU20250502111438.jpg,INSASU20241106222625.JPG,INSASU20241106222639.JPG,""",POLICLINICOS,CESMYN@GMAIL.COM,-77.03988204,-11.91363782,
00031029,AVENIDA REPUBLICA DE PANAMA NÚMERO 3576 PISO 8 INTERIOR 1001 DISTRITO SAN ISIDRO PROVINCIA LIMA DEPARTAMENTO LIMA,PRIVADO,CENTRO MÉDICO LIMATAMBO TOWER,"""http://maps.google.es/?q=-12.1001227%20-77.0196116,INSASU20201002112830.jpg,""",CONSULTORIOS MEDICOS Y DE OTROS PROFESIONALES DE LA SALUD,admisiontower@clinicalimatambo.com,-77.0196116,-12.1001227,https://www.clinicalimatambo.com/
00031057,AVENIDA BERNARDINO RIVADAVIA CON ESQ. CALLE ANTONIO MARIÑO MANZANA D LOTE 22 URBANIZACIÓN CERES 1ERA ETAPA DISTRITO ATE PROVINCIA LIMA DEPARTAMENTO LIMA,PRIVADO,VICMA POLICLINICO,"""""",POLICLINICOS,retoasesorias@gmail.com,,,
00031112,AVENIDA ANGAMOS ESTE NUMERO 179 DISTRITO MIRAFLORES PROVINCIA LIMA DEPARTAMENTO LIMA,PRIVADO,POLICLINICO SERVIMOVIL,"""http://maps.google.es/?q=-12.1139338%20-77.0307924,INSASU20210802110904.jpg,""",POLICLINICOS,serviciosmedicosmoviles@hotmail.com,-77.0307924,-12.1139338,http://www.servimovil.com.pe
00031294,"JIRÓN RENAN ELIAS OLIVERA  145 - URBANIZACIÓN POPULAR EL AGUSTINO, Mz A, LOTE 27 Y ANEXO JIRÓN POLO JIMENEZ S/N DISTRITO EL AGUSTINO PROVINCIA LIMA DEPARTAMENTO LIMA",PUBLICO,CAP III EL AGUSTNO-RAA-ESSALUD,"""http://maps.google.es/?q=-12.0466731%20-76.9990806,INSASU20230516123837.jpeg,""",POLICLINICOS,ego.garcia@essalud.gob.pe,-76.9990806,-12.0466731,
00031369,AVENIDA CANADA NÚMERO 660 PISO 1 URBANIZACIÓN SANTA CATALINA DISTRITO LA VICTORIA PROVINCIA LIMA DEPARTAMENTO LIMA,PRIVADO,INSTITUTO DE SALUD OCUPACIONAL EIRL - INSAD,"""http://maps.google.es/?q=-12.08139069%20-77.02013007,INSASU20210917162719.jpeg,""",POLICLINICOS,marketing@insad.com.pe,-77.02013007,-12.08139069,
00031527,"JIRÓN GUISSE, MARTÍN ALMTE NUMERO 2171 DISTRITO LINCE PROVINCIA LIMA DEPARTAMENTO LIMA",PRIVADO,Consultorios externos de la Clínica Médica Cayetano Heredia,"""http://maps.google.es/?q=-12.0870363%20-77.0385066,INSASU20210824111317.jpeg,INSASU20250328191139.jpeg,INSASU20250328191144.jpeg,""",POLICLINICOS,mcortez@cmch.com.pe,-77.0385066,-12.0870363,HTTP://WWW.CMCH.COM.PE
00031663,JIRÓN TIRAVANTI NÚMERO 255 DISTRITO BARRANCO PROVINCIA LIMA DEPARTAMENTO LIMA,PRIVADO,POLICLINICO PARROQUIAL SAN JOSE OBRERO,"""http://maps.google.es/?q=-12.1433868%20-77.0169309,INSASU20220509161221.jpeg,INSASU20220509161225.jpeg,INSASU20220509161229.jpeg,""",POLICLINICOS,octavio_sl@hotmail.com,-77.0169309,-12.1433868,
00031778,AVENIDA LOS OLIVOS NUMERO 1033 MANZANA T LOTE 04 DISTRITO LA MOLINA PROVINCIA LIMA DEPARTAMENTO LIMA,PRIVADO,CENTRO MEDICO COMUNAL VIÑA ALTA LA MOLINA,"""http://maps.google.es/?q=-12.09644908%20-76.94075546,INSASU20250902165210.jpg,INSASU20250902165212.jpg,INSASU20250902165215.jpg,""",CENTROS DE SALUD O CENTROS MEDICOS,tesoreria.centromedicocomunal@gmail.com,-76.94075546,-12.09644908,
00031883,AVENIDA MIGUEL IGLESIAS Nº 993-997 MANZANA D2 LOTE 5 URBANIZACIÓN SAN JUAN DE MIRAFLORES PARCELA D DISTRITO SAN JUAN DE MIRAFLORES PROVINCIA LIMA DEPARTAMENTO LIMA,PRIVADO,CENTRO MEDICO BUENAVENTURA,"""http://maps.google.es/?q=-12.15968033%20-76.95895828,INSASU20220704084746.jpeg,""",CENTROS DE SALUD O CENTROS MEDICOS,drvillanuevasoles@gmail.com,-76.95895828,-12.15968033,
00031989,JIRÓN ARICA NÚMERO 228 DISTRITO BARRANCA PROVINCIA BARRANCA DEPARTAMENTO LIMA,PRIVADO,CENTRO MEDICO ESPECIALISTAS UNIDOS,"""http://maps.google.es/?q=-10.75523%20-77.762305,INSASU20220726093015.jpg,INSASU20221101032606.jpg,INSASU20221101032616.jpg,""",CENTROS DE SALUD O CENTROS MEDICOS,Denismedico@gmail.com,-77.762305,-10.75523,
00032083,AVENIDA CHANCAY 1 COSTADO DE LA PLAZA CENTENARIO HUARAL HUARAL LIMA,PRIVADO,TERESALUD,"""http://maps.google.es/?q=-12.022605%20-77.0672547,INSASU20220421234833.jpeg,INSASU20220421234850.jpeg,INSASU20220421234907.jpeg,""",POLICLINICOS,teresaludhuaral@gmail.com,-77.0672547,-12.022605,
00032096,AVENIDA mariscal benavides cuadra NUMERO 1515 DISTRITO SAN VICENTE DE CAÑETE PROVINCIA CAÑETE DEPARTAMENTO LIMA,PRIVADO,INKAMAY SALUD CAÑETE,"""http://maps.google.es/?q=-13.07305679%20-76.36873891,INSASU20220608142258.jpg,INSASU20220608142303.jpg,INSASU20220608142307.jpg,""",POLICLINICOS,inkamaysalud@gmail.com,-76.36873891,-13.07305679,
00032409,JIRÓN EL POLO N° 545 MZ D LT. 3AB URB. EL DERBY DISTRITO SANTIAGO DE SURCO PROVINCIA LIMA DEPARTAMENTO LIMA,PRIVADO,CLÍNICA ALVAREZ,"""http://maps.google.es/?q=-12.10305415%20-76.9726818,INSASU20230112174854.jpeg,INSASU20230112175701.jpeg,INSASU20230112175911.jpeg,""",HOSPITALES O CLINICAS DE ATENCION ESPECIALIZADA,c.alvarez@iccvperu.com,-76.9726818,-12.10305415,
00032441,AVENIDA SAN BORJA SUR NUMERO 285 MANZANA M-10 LOTE 19 URBANIZACION SAN BORJA SUR DISTRITO SAN BORJA PROVINCIA LIMA DEPARTAMENTO LIMA,PRIVADO,CLINICA SAN BORJA SALUD,"""http://maps.google.es/?q=-12.1003231%20-77.0079779,INSASU20241001134737.jpg,INSASU20251113151000.jpg,INSASU20251113151005.jpg,""",HOSPITALES O CLINICAS DE ATENCION ESPECIALIZADA,dorisaurisr@gmail.com,-77.0079779,-12.1003231,https://sanborjasalud.pe
00032557,AVENIDA JAVIER PRADO ESTE 2422   EST  1    2 J-3 26 SAN BORJA I ETAPA FRENTE AL MINISTERIO DE CULTURA Y EL GRAN TEATRO NACIONAL SAN BORJA LIMA LIMA,PRIVADO,ENDOSALUD,"""http://maps.google.es/?q=-12.0880833%20-77.0009298,INSASU20220622233441.jpg,""",POLICLINICOS,endosaludserviciossb@gmail.com,-77.0009298,-12.0880833,
00032659,OTROS ASOCIACION DE PROPIETARIOS DE LA URBANIZACION LAS VIRREYNAS MZ F LOTE 7 DISTRITO LURIN PROVINCIA LIMA DEPARTAMENTO LIMA,PRIVADO,POLICLINICO VILLA SALUD LURIN TORRE II,"""http://maps.google.es/?q=-12.2781899%20-76.8685664,INSASU20220914124743.jpeg,INSASU20220914124747.jpeg,INSASU20220914125131.jpeg,""",POLICLINICOS,SGAVIDIA@VILLASALUD.PE,-76.8685664,-12.2781899,
00032836,JIRÓN GLORIABAMBA  ASOCIACION DE POBLADORES MICAELA BASTIDAS MANZANA K LOTE 11 DISTRITO PUENTE PIEDRA PROVINCIA LIMA DEPARTAMENTO LIMA,PRIVADO,CONSULTORIO MONTELUZ,"""http://maps.google.es/?q=-11.84352463%20-77.10175869,INSASU20210810175428.jpg,INSASU20210810175431.jpg,INSASU20210810175434.jpg,""",CONSULTORIOS MEDICOS Y DE OTROS PROFESIONALES DE LA SALUD,administracion@vidayser.com.pe,-77.10175869,-11.84352463,
00033069,JIRÓN MARISCAL TORIBIO LUZURIAGA NÚMERO 102 DISTRITO JESUS MARIA PROVINCIA LIMA DEPARTAMENTO LIMA,PRIVADO,POLICLINICO ALERTA MEDICA ESPECIALIDADES,"""http://maps.google.es/?q=-12.0733768%20-77.0520459,INSASU20220715202017.jpeg,INSASU20220715202038.jpeg,""",POLICLINICOS,smartmedicalrosafort@gmail.com,-77.0520459,-12.0733768,
00033162,JIRÓN Manuel Gonzales Prada NÚMERO 558 URBANIZACIÓN Villa Los Angeles DISTRITO LOS OLIVOS PROVINCIA LIMA DEPARTAMENTO LIMA,PRIVADO,CENTRO PANAMERICANO DE SALUD,"""http://maps.google.es/?q=-11.9943964%20-77.0681381,INSASU20221116120318.jpeg,INSASU20221116120322.jpeg,INSASU20221116120325.jpeg,""",POLICLINICOS,mguillendiaz@gmail.com,-77.0681381,-11.9943964,
00034019,AVENIDA ALFREDO MENDIOLA NÚMERO 3549 DISTRITO LOS OLIVOS PROVINCIA LIMA DEPARTAMENTO LIMA,PRIVADO,SANNA CENTRO CLINICO LOS OLIVOS,"""http://maps.google.es/?q=-11.9943277%20-77.0612155,INSASU20230530140429.jpeg,INSASU20230530140717.jpeg,INSASU20230530140439.jpeg,""",CENTROS DE SALUD O CENTROS MEDICOS,angel.flores@sanna.pe,-77.0612155,-11.9943277,http://www.sanna.pe
00034154,OTROS ASENTAMIENTO HUMANO LAS PRADERAS DE JICAMARCA SECTOR EL CERCADO ANEXO 22 B 07-08 SEGUNDO NIVEL CENTRO COMERCIAL LA FORTUNA SAN ANTONIO HUAROCHIRI LIMA,PRIVADO,POLICLINICO MUNICIPAL SAN ANTONIO,"""""",POLICLINICOS,Sanantonio.direccionmedica@gmail.com,,,
00034343,AVENIDA GIUSEPPE GARIBALDI NUMERO 327 PISO 1 DISTRITO JESUS MARIA PROVINCIA LIMA DEPARTAMENTO LIMA,PRIVADO,FISIO PERU,"""http://maps.google.es/?q=-12.0838639%20-77.0510587,INSASU20230710220535.jpeg,INSASU20230710220540.jpeg,INSASU20230710220546.jpeg,""",POLICLINICOS,fisioperucentromedico@gmail.com,-77.0510587,-12.0838639,
00034355,JIRÓN EL SAUCE NÚMERO 235 DISTRITO LA MOLINA PROVINCIA LIMA DEPARTAMENTO LIMA,PRIVADO,CLÍNICA SAN FELIPE - SEDE LA MOLINA,"""http://maps.google.es/?q=-12.08389807%20-76.92871369,INSASU20230615091349.jpeg,INSASU20230615091352.jpeg,INSASU20230615091357.jpeg,""",HOSPITALES O CLINICAS DE ATENCION ESPECIALIZADA,CROMERO@CLINICASANFELIPE.COM,-76.92871369,-12.08389807,HTTP://www.clinicasanfelipe.com
00035474,AVENIDA Av. Faustino Sánchez Carrión NUMERO 230 DISTRITO SAN ISIDRO PROVINCIA LIMA DEPARTAMENTO LIMA,PRIVADO,VIVA 1A,"""http://maps.google.es/?q=-12.0934497%20-77.05218538,INSASU20240606125556.jpeg,INSASU20240606125601.jpeg,INSASU20240606125605.jpeg,""",POLICLINICOS,notificaciones@viva1a.com.pe,-77.05218538,-12.0934497,
00035514,"AVENIDA DEFENSORES DEL MORRO N° 2045, URB. SANTA LEONOR DISTRITO CHORRILLOS PROVINCIA LIMA DEPARTAMENTO LIMA",PRIVADO,POLICLINICO LOS URBANOS,"""http://maps.google.es/?q=-12.1799384%20-77.0135097,INSASU20240801160749.jpg,INSASU20240801160753.jpg,INSASU20240801160757.jpg,""",POLICLINICOS,surbanocardio@hotmail.com,-77.0135097,-12.1799384,
00035516,JIRÓN Rodolfo Rutte NUMERO 440 DISTRITO MAGDALENA DEL MAR PROVINCIA LIMA DEPARTAMENTO LIMA,PRIVADO,CENTRO MÉDICO DE ESPECIALIDADES SALUD Y VIDA,"""http://maps.google.es/?q=-12.0927914%20-77.0642939,INSASU20240724182304.jpeg,INSASU20240724182309.jpeg,INSASU20240724182311.jpeg,""",CENTROS MEDICOS ESPECIALIZADOS,luzlecca@calidadvisual.com.pe,-77.0642939,-12.0927914,
00035549,AVENIDA GRAN CHIMU NUMERO 613 URBANIZACION ZARATE DISTRITO SAN JUAN DE LURIGANCHO PROVINCIA LIMA DEPARTAMENTO LIMA,PRIVADO,SAN JOAQUIN,"""http://maps.google.es/?q=-12.0245407%20-76.9965574,INSASU20240416223005.jpeg,INSASU20240416222823.jpeg,INSASU20240416223019.jpeg,""",POLICLINICOS,informes@sanjoaquin.com.pe,-76.9965574,-12.0245407,
00035628,URBANIZACIÓN LOS HUERTOS DE NARANJAL MANZANA C LOTE 4 DISTRITO SAN MARTIN DE PORRES PROVINCIA LIMA DEPARTAMENTO LIMA,PUBLICO,HOSPITAL DE ESPECIALIDADES QUIRURGICAS CANTA CALLAO,"""http://maps.google.es/?q=-11.96990242%20-77.08505026,INSASU20231109184639.jpg,INSASU20231109184651.jpg,INSASU20231109184654.jpg,""",HOSPITALES O CLINICAS DE ATENCION ESPECIALIZADA,ANDY.SICCHA@ESSALUD.GOB.PE,-77.08505026,-11.96990242,https://portal.essalud.gob.pe/
00035735,AVENIDA DE LA MARINA NÚMERO 2251 DISTRITO SAN MIGUEL PROVINCIA LIMA DEPARTAMENTO LIMA,PRIVADO,SANNA CENTRO CLINICO SAN MIGUEL,"""http://maps.google.es/?q=-12.07834035%20-77.08614058,INSASU20240222123421.jpeg,INSASU20240222123427.jpeg,INSASU20240222123433.jpeg,""",POLICLINICOS,indira.bedrinana@sanna.pe,-77.08614058,-12.07834035,https://sanna.pe/
00035882,AVENIDA ALFREDO MENDIOLA 6381 FRENTE A LA UNIVERSIDAD CESAR VALLEJO LOS OLIVOS LIMA LIMA,PRIVADO,MEDIK CENTER SAN PABLO,"""http://maps.google.es/?q=-11.9554216%20-77.0697516,INSASU20240419091716.jpeg,INSASU20240419091730.jpeg,INSASU20240419091736.jpeg,""",CENTROS DE SALUD O CENTROS MEDICOS,jmoreau@sanpablo.com,-77.0697516,-11.9554216,https://www.medikcenter.com.pe/
00035893,PARQUE INDUSTRIAL PARCELA II MANZANA F LOTE 02 DISTRITO VILLA EL SALVADOR PROVINCIA LIMA DEPARTAMENTO LIMA,PRIVADO,POLICLINICO SOCIAL NDG,"""http://maps.google.es/?q=-12.2031581%20-76.9330661,INSASU20241105200811.jpg,INSASU20241105200818.jpg,INSASU20241105201558.jpg,""",POLICLINICOS,maicolcast@hotmail.com,-76.9330661,-12.2031581,
00035979,AVENIDA BUENOS AIRES NÚMERO 225 DISTRITO PUENTE PIEDRA PROVINCIA LIMA DEPARTAMENTO LIMA,PRIVADO,POLICLINICO BUENA SALUD,"""http://maps.google.es/?q=-11.8670825%20-77.076691,INSASU20230829125024.jpeg,INSASU20230829125031.jpeg,INSASU20230829125034.jpeg,""",POLICLINICOS,administracion@buenasalud.com.pe,-77.076691,-11.8670825,
00036303,JIRÓN FRANCISCO BOLOGNESI NUMERO 348 DISTRITO HUACHO PROVINCIA HUAURA DEPARTAMENTO LIMA,PRIVADO,CENTRAL TADEO,"""http://maps.google.es/?q=-11.109188%20-77.609061,INSASU20241105080753.jpeg,INSASU20241105080758.jpeg,INSASU20241105080802.jpeg,""",POLICLINICOS,centraltadeo@gmail.com,-77.609061,-11.109188,
00036694,AVENIDA México NUMERO 1005 PISO 5 URBANIZACION Matute DISTRITO LA VICTORIA PROVINCIA LIMA DEPARTAMENTO LIMA,PUBLICO,POLICLÍNICO DE COMPLEJIDAD CRECIENTE SAN LUIS,"""""",POLICLINICOS,ROSA.VILCHEZ@ESSALUD.GOB.PE,,,HTTP://WWW.ESSALUD.GOB.PE
00036700,CALLE 2 DE MAYO N°534 PISO 7 OFICINA 701 DISTRITO MIRAFLORES PROVINCIA LIMA DEPARTAMENTO LIMA,PRIVADO,TREBOL RED NACIONAL DE SALUD OCUPACIONAL,"""http://maps.google.es/?q=-12.1178342%20-77.034182,INSASU20241029162750.jpeg,INSASU20241029163520.jpeg,INSASU20241029163541.jpeg,""",POLICLINICOS,eugaz@centromedicoeltrebol.com,-77.034182,-12.1178342,https://www.redsaludocupacionaltrebol.com
00036817,AVENIDA NUEVA TOMAS MARSANO 961 ESQ. AV. ANGAMOS ESTE NUMERO 1803 PISO 6 DISTRITO SURQUILLO PROVINCIA LIMA DEPARTAMENTO LIMA,PRIVADO,MEDICINA EXTERNA S.A. - MEDEX,"""http://maps.google.es/?q=-12.11150624%20-77.01250431,INSASU20241216140131.jpg,INSASU20241216140206.jpeg,INSASU20241216140211.jpeg,""",POLICLINICOS,mptorres@medex.com.pe,-77.01250431,-12.11150624,http://www.medex.pe/
00037000,"OTROS MZ. K3 LT. 02, AV. SANTA ROSA DE LIMA 3RA ZONA, SAN GENARO II DISTRITO CHORRILLOS PROVINCIA LIMA DEPARTAMENTO LIMA",PUBLICO,CENTRO DE SALUD ESPECIALIZADO JOSE SILVERIO OLAYA BALANDRA,"""http://maps.google.es/?q=-12.1949608%20-77.0213366,INSASU20250724105032.jpg,INSASU20250724105035.jpg,INSASU20250724105038.jpg,""",CENTROS MEDICOS ESPECIALIZADOS,schumbile@dirislimasur.gob.pe,-77.0213366,-12.1949608,
00037022,AVENIDA Guardia civil NUMERO 754 URBANIZACION Corpac DISTRITO SAN ISIDRO PROVINCIA LIMA DEPARTAMENTO LIMA,PUBLICO,Centro Medico Municipal de San Isidro,"""http://maps.google.es/?q=-12.09715851%20-77.01184339,INSASU20250627090443.jpg,INSASU20250627090452.jpg,INSASU20250627090459.jpg,""",CENTROS DE SALUD O CENTROS MEDICOS,carlos.contreras@munisanisidro.gob.pe,-77.01184339,-12.09715851,http://www.msi.gob.pe
00037390,AVENIDA HUANCARAY MANZANA E LOTE 07 URBANIZACION EL ASESOR II DISTRITO SANTA ANITA PROVINCIA LIMA DEPARTAMENTO LIMA,PRIVADO,POLICLINICO ENDOSALUD,"""http://maps.google.es/?q=-12.03877764%20-76.9566832,INSASU20250922141123.jpeg,INSASU20250922141127.jpeg,INSASU20250922141430.jpeg,""",POLICLINICOS,admi.endosalud@gmail.com,-76.9566832,-12.03877764,
00014359,JIRÓN JR. ANCASH CDRA. 23 DISTRITO EL AGUSTINO PROVINCIA LIMA DEPARTAMENTO LIMA,PRIVADO,POLICLINICO MUNICIPAL CASA DE LA MUJER,"""http://maps.google.es/?q=-12.040644%20-77.000916,INSASU20200820161041.jpg,""",POLICLINICOS,direccionmedica@dafisalud.com,-77.000916,-12.040644,
00009147,OTROS KILOMETRO 30 DE LA PANAMERICANA NORTE DISTRITO PUENTE PIEDRA PROVINCIA LIMA DEPARTAMENTO LIMA,PUBLICO,SISOL PUENTE PIEDRA,"""http://maps.google.es/?q=-11.86836383%20-77.07169957,INSASU20191108155844.jpg,""",POLICLINICOS,mesadepartesvirtual@sisol.gob.pe,-77.07169957,-11.86836383,http://www.sisol.gob.pe/
00026246,OTROS VIA CANTA NÚMERO CALLE 7 MANZANA C-5 LOTE 23 URBANIZACIÓN PRO 5TO ETAPA SECTO II DISTRITO LOS OLIVOS PROVINCIA LIMA DEPARTAMENTO LIMA,PRIVADO,POLICLINICO PARROQUIAL SAN CONRADO,"""http://maps.google.es/?q=-11.93315167%20-77.08026988,INSASU20181101060651.jpg,INSASU20181101060701.jpg,INSASU20181101060711.jpg,""",POLICLINICOS,martinjuanccc@hotmail.com,-77.08026988,-11.93315167,
00026222,AVENIDA HIGUERETA NUMERO 509 URBANIZACION RESIDENCIAL HIGUERETA DISTRITO SANTIAGO DE SURCO PROVINCIA LIMA DEPARTAMENTO LIMA,PRIVADO,MÉDICINA ESTÉTICA Y LÁSER,"""http://maps.google.es/?q=-12.1235302%20-76.9903406,INSASU20250328144923.jpeg,INSASU20250328144928.jpeg,INSASU20250328144933.jpeg,""",CONSULTORIOS MEDICOS Y DE OTROS PROFESIONALES DE LA SALUD,contacto@aquamed.com.pe,-76.9903406,-12.1235302,
00035991,OTROS MZ R LOTE 10 ASOCIACION PRO VIVIENDA LOS ANGELES DE VITARTE SECTOR F DISTRITO ATE PROVINCIA LIMA DEPARTAMENTO LIMA,PRIVADO,POLICLINICO SOLIDARIO ATE,"""http://maps.google.es/?q=-12.03180013%20-76.93167155,INSASU20240812114615.jpeg,INSASU20240812114622.jpeg,INSASU20240812114626.jpeg,""",POLICLINICOS,soporte.hospitalario.sac@gmail.com,-76.93167155,-12.03180013,
00005791,AVENIDA AV. CHINCHAYSUYO CUADRA 4 - URB. TAHUANTINSUYO AV. CHINCHAYSUYO CUADRA 4 - URB. TAHUANTINSUYO INDEPENDENCIA LIMA LIMA,PUBLICO,CENTRO MATERNO INFANTIL TAHUANTINSUYO BAJO,"""http://maps.google.es/?q=-11.9784658%20-77.0529828,INSASU20190107155432.jpg,INSASU20190107160847.jpg,""",CENTROS DE SALUD CON CAMAS DE INTERNAMIENTO,cmi.tahuantinsuyobajo@dirislimanorte.gob.pe,-77.0529828,-11.9784658,http://www.dirislimanorte.gob.pe
00005816,OTROS ASOC VIV E INDUSTRIAS VIRGEN DE LAS NIEVES URB LEONCIO PRADO MZ B LT. 18A KM 35.5 PANAM. NORTE ASOC VIV E INDUSTRIAS VIRGEN DE LAS NIEVES URB LEONCIO PRADO MZ B LT. 18A KM 35.5 PANAM. NORTE PUENTE PIEDRA LIMA LIMA,PUBLICO,CENTRO MATERNO INFANTIL DR. ENRIQUE MARTIN ALTUNA,"""http://maps.google.es/?q=-11.8376114%20-77.1090997,INSASU20190211164335.jpg,""",CENTROS DE SALUD CON CAMAS DE INTERNAMIENTO,cmi.enriquemartinaltuna@dirislimanorte.gob.pe,-77.1090997,-11.8376114,http://www.dirislimanorte.gob.pe/
00005841,JIRÓN JR. JOSE ANTONIO ENCINAS Nº 155 - URB.CHACARILLA DE OTERO JR. JOSE ANTONIO ENCINAS Nº 155 - URB.CHACARILLA DE OTERO SAN JUAN DE LURIGANCHO LIMA LIMA,PUBLICO,CHACARILLA DE OTERO,"""http://maps.google.es/?q=-12.02099045%20-77.0068781,INSASU20230926095441.jpg,INSASU20230926095446.jpg,INSASU20230926095450.jpg,""",CENTROS DE SALUD O CENTROS MEDICOS,cschacarilla@dirislimacentro.gob.pe,-77.0068781,-12.02099045,
00005999,JIRÓN NEVADO CARHUAZO S/N II ZONA DELICIAS DE VILLA NUMERO S/N DISTRITO CHORRILLOS PROVINCIA LIMA DEPARTAMENTO LIMA,PUBLICO,CENTRO DE SALUD DELICIAS DE VILLA,"""http://maps.google.es/?q=-12.19849405%20-76.99296869,INSASU20250916113433.jpg,INSASU20250916113439.jpg,INSASU20250916113445.jpg,""",CENTROS DE SALUD O CENTROS MEDICOS,SECRETARIA.CSDV@GMAIL.COM,-76.99296869,-12.19849405,
00006151,AVENIDA AV. PEDRO VALLE S/N (ALTURA CUADRA 18 AV.EL TRIUNFO) NUMERO S/N DISTRITO VILLA MARIA DEL TRIUNFO PROVINCIA LIMA DEPARTAMENTO LIMA,PUBLICO,CENTRO MATERNO INFANTIL VILLA MARIA DEL TRIUNFO,"""http://maps.google.es/?q=-12.1569104%20-76.9365017,INSASU20180914111002.jpg,INSASU20250128121012.jpg,INSASU20250128121015.jpg,""",CENTROS DE SALUD CON CAMAS DE INTERNAMIENTO,carlosvicentec10@gmail.com,-76.9365017,-12.1569104,
00006196,JIRÓN JR. JUNÍN 322 JR. JUNÍN 322 MAGDALENA DEL MAR LIMA LIMA,PUBLICO,CENTRO DE SALUD MATERNO INFANTIL MAGDALENA,"""http://maps.google.es/?q=-12.0886944%20-77.0686271,INSASU20190920155053.jpg,""",CENTROS DE SALUD CON CAMAS DE INTERNAMIENTO,CSMAGDALENA@DIRISLIMACENTRO.GOB.PE,-77.0686271,-12.0886944,https://dirislimacentro.gob.pe
00008438,AVENIDA AV.GUARDIA PERUANA CUADRA 8 S/N CHORRILLOS NUMERO S/N DISTRITO CHORRILLOS PROVINCIA LIMA DEPARTAMENTO LIMA,PUBLICO,POLICLINICO JUAN JOSE RODRIGUEZ LAZO,"""http://maps.google.es/?q=-12.17834115%20-77.00451255,INSASU20220616110635.jpeg,INSASU20220616110641.jpeg,""",POLICLINICOS,julio.medinav@essalud.gob.pe,-77.00451255,-12.17834115,HTTP://WWW.ESSALUD.GOB.PE
00009010,OTROS LAS CAOBAS 152 EL REMANSO DISTRITO LA MOLINA PROVINCIA LIMA DEPARTAMENTO LIMA,PRIVADO,CLINICA DE LA FAMILIA,"""http://maps.google.es/?q=-12.0911211%20-76.94933451,INSASU20170828231118.jpeg,INSASU20170828231239.jpeg,INSASU20170828231247.jpeg,""",HOSPITALES O CLINICAS DE ATENCION ESPECIALIZADA,CLINICADELAFAMILIA.LAMOLINA@GMAIL.COM,-76.94933451,-12.0911211,
00009104,JIRÓN JR. LAS GARDENIAS 754-760 URB. - LOS JASMINES DISTRITO SAN JUAN DE LURIGANCHO PROVINCIA LIMA DEPARTAMENTO LIMA,PRIVADO,CLINICA SAN MIGUEL ARCANGEL S.A.C.,"""http://maps.google.es/?q=-11.970424%20-77.0038898,INSASU20220201092829.jpeg,""",HOSPITALES O CLINICAS DE ATENCION GENERAL,GERENCIA@CLINICASANMIGUEL.PE,-77.0038898,-11.970424,http://www.clinicasanmiguel.pe/
00009274,"OTROS DISTRITO DE SAN MARTIN DE PORRES CENTRO COMERCIAL FIORI BLOCK ""C"" - KM 13.5 PANAMERICANA NORTE DISTRITO SAN MARTIN DE PORRES PROVINCIA LIMA DEPARTAMENTO LIMA",PUBLICO,POLICLINICO FIORI,"""http://maps.google.es/?q=-12.0099265%20-77.0592689,INSASU20230725112358.jpg,INSASU20230725112424.jpg,""",POLICLINICOS,claudio.camascav@essalud.gob.pe,-77.0592689,-12.0099265,HTTP://WWW.ESSALUD.GOB.PE
00012106,JIRÓN JR. LOS JAZMINES N° 122 URB. PRIMAVERA - LOS OLIVOS JR. LOS JAZMINES N° 122 URB. PRIMAVERA - LOS OLIVOS LOS OLIVOS LIMA LIMA,PRIVADO,CLINICA MEDICA PRIMAVERA,"""http://maps.google.es/?q=-12.0086397%20-77.0757266,INSASU20201223121041.jpeg,""",HOSPITALES O CLINICAS DE ATENCION ESPECIALIZADA,CONTABILIDAD.CPRIMAVERA@GMAIL.COM,-77.0757266,-12.0086397,HTTPS://WWW.CLINICAMEDICAPRIMAVERA.COM
00013044,AVENIDA AV. NARANJAL 1582 URB PARQUE NARANJAL 2DA ETAPA AV. NARANJAL 1582 URB PARQUE NARANJAL 2DA ETAPA LOS OLIVOS LIMA LIMA,PRIVADO,CLINICA NARANJAL,"""""",HOSPITALES O CLINICAS DE ATENCION ESPECIALIZADA,CLINICA_NARANJAL@YAHOO.COM,,,
00016794,"JIRÓN ISMAEL ESCOBAR 329, PAMPLONA BAJA DISTRITO SAN JUAN DE MIRAFLORES PROVINCIA LIMA DEPARTAMENTO LIMA",PRIVADO,CLINICA DIVINO NIÑO JESUS,"""http://maps.google.es/?q=-12.14840572%20-76.97691804,INSASU20210806110644.jpg,INSASU20210806110654.jpg,INSASU20210806110701.jpg,""",HOSPITALES O CLINICAS DE ATENCION ESPECIALIZADA,direcciongeneral@cdnj.com.pe,-76.97691804,-12.14840572,http://www.cdnj.com.pe
00020339,AVENIDA AV. CARLOS VALDERRAMA 380 URB. EL BOSQUE DISTRITO RIMAC PROVINCIA LIMA DEPARTAMENTO LIMA,PRIVADO,POLICLINICO EL BOSQUE SAC,"""http://maps.google.es/?q=-12.01848238%20-77.0319675,INSASU20211020113856.jpeg,INSASU20211020113901.jpeg,INSASU20211020113905.jpeg,""",POLICLINICOS,POLICLINICOELBOSQUE13@HOTMAIL.COM,-77.0319675,-12.01848238,
00020391,AVENIDA AV. UNIVERSITARIA 3206 MZ M LT 22 URB. EL OLIVAR DISTRITO LOS OLIVOS PROVINCIA LIMA DEPARTAMENTO LIMA,PRIVADO,CLINMED,"""""",POLICLINICOS,CLINICA_MEDICA123@HOTMAIL.COM,,,
00024006,AVENIDA VELASCO ASTETE NÚMERO 2628 URBANIZACIÓN PROLONGACION BENAVIDES DISTRITO SANTIAGO DE SURCO PROVINCIA LIMA DEPARTAMENTO LIMA,PRIVADO,LIPOLASER 30M,"""http://maps.google.es/?q=-12.1241785%20-76.9860567,INSASU20230302001708.jpg,INSASU20230302001714.jpg,INSASU20230302001719.jpg,""",CENTROS MEDICOS ESPECIALIZADOS,arroyomd@hotmail.com,-76.9860567,-12.1241785,
00025220,JIRÓN TRUJILLO NÚMERO 358 LOTE A DISTRITO MAGDALENA DEL MAR PROVINCIA LIMA DEPARTAMENTO LIMA,PRIVADO,POLICLINICO ST MARIA MAGDALENA,"""""",POLICLINICOS,daniretod@yahoo.es,,,
00029169,AVENIDA CESAR VALLEJO NUMERO 1449 PISO 2 DISTRITO EL AGUSTINO PROVINCIA LIMA DEPARTAMENTO LIMA,PRIVADO,POLICLINICO AMC,"""http://maps.google.es/?q=-12.0396852%20-76.9930421,INSASU20241111181821.jpeg,INSASU20241111181827.jpg,INSASU20241111181831.jpg,""",POLICLINICOS,GERENCIA@AMC.PE,-76.9930421,-12.0396852,
00029761,AVENIDA CONSTRUCTORES NUMERO 1250 PISO 2 DEPARTAMENTO 201 MANZANA O LOTE 34 URBANIZACION COVIMA DISTRITO LA MOLINA PROVINCIA LIMA DEPARTAMENTO LIMA,PRIVADO,M & P MEDIC,"""http://maps.google.es/?q=-12.06216397%20-76.94465969,INSASU20210504111731.jpg,INSASU20210504111737.jpg,INSASU20210504111742.jpg,""",POLICLINICOS,larraganmarco63@gmail.com,-76.94465969,-12.06216397,
00029904,OTROS AGRUPACION PACHACAMAC PARCELA 3C IV ETAPA SECTOR 2 BARRIO 2 MANZANA B4 DISTRITO VILLA EL SALVADOR PROVINCIA LIMA DEPARTAMENTO LIMA,PRIVADO,POLICLINICO PARROQUIAL EL MILAGRO,"""http://maps.google.es/?q=-12.2352053%20-76.9168009,INSASU20200312222700.jpg,""",POLICLINICOS,Direccion@elmilagro-centromedicoparroquial.com,-76.9168009,-12.2352053,
00030919,AVENIDA HUANCARAY MANZANA F LOTE 15 URBANIZACIÓN LOS PRODUCTORES DISTRITO SANTA ANITA PROVINCIA LIMA DEPARTAMENTO LIMA,PRIVADO,POLICLINICO METROPOLITANA,"""http://maps.google.es/?q=-12.03691049%20-76.95235631,INSASU20211105143744.jpg,INSASU20211105143755.jpg,""",POLICLINICOS,luisbenjaminperez@gmail.com,-76.95235631,-12.03691049,
00032030,AVENIDA JAVIER PRADO ESTE 2492 MZ. J-3 LT.31 SAN BORJA I ETAPA/ PRIMERA SECCIÒN DISTRITO SAN BORJA PROVINCIA LIMA DEPARTAMENTO LIMA,PRIVADO,BIOLAQ,"""http://maps.google.es/?q=-12.087959%20-77.000165,INSASU20220428135850.jpeg,INSASU20220428135856.jpeg,INSASU20221107113648.jpeg,""",POLICLINICOS,policlinico.biolaq@gmail.com,-77.000165,-12.087959,
00033622,AVENIDA GRAN CHIMU 177 ZARATE MUNICIPALIDAD DE SAN JUAN DE LURIGANCHO SAN JUAN DE LURIGANCHO LIMA LIMA,PRIVADO,CLINICA GRAN CHIMU,"""http://maps.google.es/?q=-12.0283934%20-77.0108461,INSASU20230809145315.jpeg,INSASU20230809145327.jpeg,INSASU20230809145359.jpeg,""",HOSPITALES O CLINICAS DE ATENCION ESPECIALIZADA,clinicagranchimu@gmail.com,-77.0108461,-12.0283934,
00034378,AVENIDA TUPAC AMARU 809 M 30 HUAQUILLAY a 2 cuadras del paradero correo COMAS LIMA LIMA,PRIVADO,POLICLINICO LA LUZ,"""http://maps.google.es/?q=-11.95864439%20-77.05364294,INSASU20230130113119.jpeg,INSASU20230130114227.jpeg,INSASU20230130114233.jpeg,""",POLICLINICOS,cclavo@clinicalaluz.com.pe,-77.05364294,-11.95864439,https://clinicalaluz.pe/
00036257,CALLE DERECHA NUMERO 709 DISTRITO HUARAL PROVINCIA HUARAL DEPARTAMENTO LIMA,PRIVADO,RENUEVA SALUD,"""http://maps.google.es/?q=-11.49428%20-77.20461,INSASU20241009170512.JPG,INSASU20241009170917.JPG,INSASU20241009171051.jpg,""",CENTROS DE SALUD O CENTROS MEDICOS,CMIRENUEVASALUD@GMAIL.COM,-77.20461,-11.49428,
00036447,JIRÓN BOLIVAR 206 FRENTE A ESTADIO MUNICIPAL DE LURIN LURIN LIMA LIMA,PUBLICO,CENTRO MATERNO INFANTIL DE LURIN,"""http://maps.google.es/?q=-12.27220454%20-76.86953343,INSASU20250301181149.jpeg,INSASU20250301181154.jpeg,INSASU20250301181234.jpeg,""",CENTROS DE SALUD CON CAMAS DE INTERNAMIENTO,MRLURIN@YAHOO.ES,-76.86953343,-12.27220454,
00019827,AVENIDA AV. DOMINGO SARMIENTO NRO. 387 – 2 PISO DISTRITO PUENTE PIEDRA PROVINCIA LIMA DEPARTAMENTO LIMA,PRIVADO,VIRGEN DE LA ASUNCION,"""""",CONSULTORIOS MEDICOS Y DE OTROS PROFESIONALES DE LA SALUD,ORQUIDEAPELIGROSA2018@GMAIL.COM,,,
00029580,AVENIDA SANTA ROSA DE LIMA   1731 B URBANIZACIÓN APV INCA MANCO CAPAC I ETAPA DISTRITO SAN JUAN DE LURIGANCHO PROVINCIA LIMA DEPARTAMENTO LIMA,PRIVADO,SAN FERNANDO,"""http://maps.google.es/?q=-12.0014816%20-76.9997694,INSASU20200229164920.jpeg,INSASU20200229164924.jpeg,INSASU20200229164928.jpeg,""",POLICLINICOS,juanricharda@hotmail.com,-76.9997694,-12.0014816,
00033108,AVENIDA ANDRES ARAMBURU NUMERO 343 PISO 2 MANZANA B LOTE 5 URBANIZACION MALIBU DISTRITO SAN ISIDRO PROVINCIA LIMA DEPARTAMENTO LIMA,PRIVADO,GASTROVIDA,"""http://maps.google.es/?q=-12.10288692%20-77.02857758,INSASU20250110110426.jpeg,INSASU20250110110431.jpeg,INSASU20250110110435.jpeg,""",POLICLINICOS,JAVI.SANCHEZ000@GMAIL.COM,-77.02857758,-12.10288692,
00028170,AVENIDA UNIVERSITARIA MANZANA I LOTE 8 URBANIZACIÓN COOPERTATIVA EL OLIVAR DISTRITO LOS OLIVOS PROVINCIA LIMA DEPARTAMENTO LIMA,PRIVADO,UNIDAD ONCOLOGICA MOLECULAR PERUANA,"""http://maps.google.es/?q=-11.9973396%20-77.0841961,INSASU20240426142258.jpeg,INSASU20240426142307.jpeg,INSASU20240426142313.jpeg,""",POLICLINICOS,gerenciauomp@gmail.com,-77.0841961,-11.9973396,
00010182,AVENIDA AVENIDA CARLOS IZAGUIRRE 153 DISTRITO INDEPENDENCIA PROVINCIA LIMA DEPARTAMENTO LIMA,PRIVADO,CLINICA JESUS DEL NORTE,"""http://maps.google.es/?q=-11.9910336%20-77.0712592,INSASU20220221115643.jpeg,INSASU20220221115645.jpeg,INSASU20220221115647.jpeg,""",HOSPITALES O CLINICAS DE ATENCION GENERAL,SECRETARIAGERENCIAJN@SANPABLO.COM.PE,-77.0712592,-11.9910336,http://www.jesusdelnorte.com.pe/
00016113,AVENIDA AV. GUARDIA CIVIL Nº 990 DISTRITO SAN ISIDRO PROVINCIA LIMA DEPARTAMENTO LIMA,PRIVADO,CLINICA ZIEGLER CIRUGIA PLASTICA,"""""",HOSPITALES O CLINICAS DE ATENCION ESPECIALIZADA,DROZIEGLER@GMAIL.COM,,,HTTP://WWW.DROTTOZIEGLER.COM
00009767,OTROS LOS CEDROS 974 DISTRITO CHACLACAYO PROVINCIA LIMA DEPARTAMENTO LIMA,PRIVADO,POLICLINICO SAN VICENTE DE PAUL,"""http://maps.google.es/?q=-11.9776267%20-76.7663748,INSASU20241212115612.jpeg,INSASU20241212115617.jpeg,INSASU20241212115621.jpeg,""",POLICLINICOS,policlinicosvp@gmail.com,-76.7663748,-11.9776267,
00014889,AVENIDA AVENIDA BOULEVARD S/N NUMERO S/N DISTRITO SAN BORJA PROVINCIA LIMA DEPARTAMENTO LIMA,PUBLICO,CENTRO DE SALUD MILITAR DEL CUARTEL GENERAL DEL EJERCITO-SAN BORJA,"""http://maps.google.es/?q=-12.1007421%20-76.9868077,INSASU20250310113137.jpeg,INSASU20250310113141.jpeg,INSASU20251015110924.jpeg,""",CENTROS DE SALUD O CENTROS MEDICOS,csmcge@ejercito.mil.pe,-76.9868077,-12.1007421,HTTP://WWW.EJERCITO.MIL.PE
00031966,PROLONGACIÓN MIGUEL GRAU NÚMERO 145 DISTRITO HUACHO PROVINCIA HUAURA DEPARTAMENTO LIMA,PRIVADO,SAN JOSE,"""http://maps.google.es/?q=-11.1079974%20-77.6049886,INSASU20220520011415.jpeg,INSASU20221024134406.jpeg,INSASU20221024134409.jpeg,""",CENTROS MEDICOS ESPECIALIZADOS,clinicasanjose.huacho@gmail.com,-77.6049886,-11.1079974,
00016925,JIRÓN JR. EL SOL 875 - MZ.14U - COMITE 16 - ZONA NUEVA - TABLADA DE LURÍN DISTRITO VILLA MARIA DEL TRIUNFO PROVINCIA LIMA DEPARTAMENTO LIMA,PRIVADO,"CENTRO MÉDICO DE PROMOCIÓN HUMANA ""AMOR DE DIOS""","""http://maps.google.es/?q=-12.185619%20-76.924258,INSASU20170927155244.png,INSASU20170927155259.png,INSASU20170927155329.png,""",POLICLINICOS,CMAMORDEDIOS@GMAIL.COM,-76.924258,-12.185619,
00030080,AVENIDA NARANJAL NUMERO 1600 PISO 1 URBANIZACION PARQUE NARANJAL II ETAPA DISTRITO LOS OLIVOS PROVINCIA LIMA DEPARTAMENTO LIMA,PRIVADO,CLINICA EL OLIVO,"""http://maps.google.es/?q=-11.975855%20-77.085226,INSASU20250502085912.jpeg,""",HOSPITALES O CLINICAS DE ATENCION ESPECIALIZADA,elolivo.admi@gmail.com,-77.085226,-11.975855,
00011547,AVENIDA AV. SAN BORJA SUR N° 526 DISTRITO SAN BORJA PROVINCIA LIMA DEPARTAMENTO LIMA,PRIVADO,CLINICA CONTINENTAL,"""http://maps.google.es/?q=-12.10144912%20-77.0037458,INSASU20170828202323.jpg,INSASU20170828202327.jpg,""",HOSPITALES O CLINICAS DE ATENCION ESPECIALIZADA,INFO@CLINICACONTINENTAL.COM,-77.0037458,-12.10144912,HTTP://WWW.CLINICACONTINENTAL.COM
00013064,JIRÓN EL POLO 438 NÚMERO 438 DISTRITO SANTIAGO DE SURCO PROVINCIA LIMA DEPARTAMENTO LIMA,PRIVADO,CLINICA CEDRON,"""http://maps.google.es/?q=-12.10462764%20-76.97291772,INSASU20201126152713.jpg,""",HOSPITALES O CLINICAS DE ATENCION ESPECIALIZADA,ADMINISTRACION@CLINICACEDRON.COM,-76.97291772,-12.10462764,https://clinicacedron.com/
00015349,AVENIDA AV BRASIL 3281 DISTRITO MAGDALENA DEL MAR PROVINCIA LIMA DEPARTAMENTO LIMA,PRIVADO,MEDICAL PLASTIC,"""http://maps.google.es/?q=-12.08961173%20-77.06552914,INSASU20180807164136.JPG,INSASU20180807164211.JPG,INSASU20180807164254.JPG,""",HOSPITALES O CLINICAS DE ATENCION ESPECIALIZADA,DOCTOR@RAMIROARAUCO.COM,-77.06552914,-12.08961173,HTTP://WWW.RAMIROARAUCO.COM
00018581,CALLE CALLE 6 N°221 URBANIZACIÓN CORPAC DISTRITO SAN ISIDRO PROVINCIA LIMA DEPARTAMENTO LIMA,PRIVADO,CLINICA PETRAS,"""http://maps.google.es/?q=-12.0912383%20-77.0093353,INSASU20210107121259.jpg,""",HOSPITALES O CLINICAS DE ATENCION ESPECIALIZADA,ADMINISTRACION@clinicapetrasperu.com,-77.0093353,-12.0912383,HTTP://WWW.GINOLLOSA.COM
00018667,AVENIDA AV. PABLO CARRIQUIRY 798 CORPAC SAN ISIDRO DISTRITO SAN ISIDRO PROVINCIA LIMA DEPARTAMENTO LIMA,PRIVADO,ARROYO,"""http://maps.google.es/?q=-12.0997879%20-77.0186137,INSASU20250516175420.jpg,""",POLICLINICOS,dafnanna@gmail.com,-77.0186137,-12.0997879,
00021096,"AVENIDA BRASIL 2630
INTERIOR A Y LA AV BRASIL 2610 INTERIOR 101 DISTRITO PUEBLO LIBRE PROVINCIA LIMA
DEPARTAMENTO LIMA",PRIVADO,CLINICA ESPECIALIZADA EN CIRUGÍA PLÁSTICA SAN AGUSTIN,"""""",HOSPITALES O CLINICAS DE ATENCION ESPECIALIZADA,WALDOMASGO@GMAIL.COM,,,HTTP://WWW.CLINICASANAGUSTIN.COM
00024304,AVENIDA benavides NÚMERO 3837 URBANIZACIÓN chama DISTRITO SANTIAGO DE SURCO PROVINCIA LIMA DEPARTAMENTO LIMA,PRIVADO,CLINICA BINOMIUM,"""http://maps.google.es/?q=-12.1282455%20-76.9955278,INSASU20221116124042.jpg,INSASU20221116124118.jpg,INSASU20221116124132.jpg,""",HOSPITALES O CLINICAS DE ATENCION ESPECIALIZADA,clinicarinofacialbybinomium@clinicabinomium.com,-76.9955278,-12.1282455,http://www.clinicabinomium.com
00028194,JIRÓN JACARANDA NÚMERO 440 URBANIZACIÓN VALLE HERMOSO RESIDENCIAL DISTRITO SANTIAGO DE SURCO PROVINCIA LIMA DEPARTAMENTO LIMA,PRIVADO,CENTRO MEDICO ESPECIALIZADO COMPLAST,"""http://maps.google.es/?q=-12.121544%20-76.9748992,INSASU20221129225752.jpg,INSASU20221129225757.jpg,INSASU20221129225802.jpg,""",CENTROS MEDICOS ESPECIALIZADOS,jccomitreb@gmail.com,-76.9748992,-12.121544,
00030308,AVENIDA 13DE ENERO NUMERO 1157 MANZANA V LOTE 59 URBANIZACION ASCARRUZ ALTO DISTRITO SAN JUAN DE LURIGANCHO PROVINCIA LIMA DEPARTAMENTO LIMA,PRIVADO,CM JUAN JOSE,"""http://maps.google.es/?q=-12.0134475%20-76.9976442,INSASU20241003113504.jpeg,INSASU20241003113511.jpeg,INSASU20241003113518.jpeg,""",POLICLINICOS,cm_sanjose@hotmail.com,-76.9976442,-12.0134475,
00009145,JIRÓN JR. GARCILASO DE LA VEGA 1799 DISTRITO LINCE PROVINCIA LIMA DEPARTAMENTO LIMA,PRIVADO,HOGAR CLINICA MONTE SINAI,"""http://maps.google.es/?q=-12.0844829%20-77.0406199,INSASU20211222115317.jpg,INSASU20231012174550.jpg,INSASU20231012174609.jpg,""",HOSPITALES O CLINICAS DE ATENCION ESPECIALIZADA,recepcionmontesinai@hotmail.com,-77.0406199,-12.0844829,
00015143,AVENIDA AV BOULEVARD 610 1ER PISO Y SOTANO AV BOULEVARD 610 1ER PISO Y SOTANO SAN BORJA LIMA LIMA,PRIVADO,CLINICA ASTOCONDOR,"""http://maps.google.es/?q=-12.0967588%20-76.9892193,INSASU20191227152614.jpg,INSASU20191227152625.jpg,INSASU20191227152638.jpg,""",HOSPITALES O CLINICAS DE ATENCION ESPECIALIZADA,CONSULTAS@CLINICA-ASTOCONDOR.COM,-76.9892193,-12.0967588,HTTP://WWW.CLINICA-ASTOCONDOR.COM
00020674,JIRÓN JIRON BREA Y PARIÑAS 109 URB. TAMBO DE MONTERRICO DISTRITO SANTIAGO DE SURCO PROVINCIA LIMA DEPARTAMENTO LIMA,PRIVADO,SAN MARTIN PLASTICA & ESTETICA,"""""",HOSPITALES O CLINICAS DE ATENCION ESPECIALIZADA,BLESCANO@SANMARTINPLASTICAYESTETICA.COM,,,HTTP://WWW.SANMARTINPLASTICAYESTETICA.COM/
00020893,AVENIDA BENAVIDES 4462 - 4466 URBANIZACION VISTA ALEGRE DISTRITO SANTIAGO DE SURCO PROVINCIA LIMA DEPARTAMENTO LIMA,PRIVADO,MEDI ESTHETIC,"""http://maps.google.es/?q=-12.1281949%20-76.9903542,INSASU20250826115311.jpg,INSASU20250826115314.jpg,INSASU20250826115319.jpeg,""",POLICLINICOS,CONTABILIDAD@MEDIPERU.COM.PE,-76.9903542,-12.1281949,HTTP://WWW.MEDIESTHETIC.COM.PE
00015934,AVENIDA AV. JAVIER PRADO ESTE N° 2970 DISTRITO SAN BORJA PROVINCIA LIMA DEPARTAMENTO LIMA,PRIVADO,CLINICA DEL PRADO,"""http://maps.google.es/?q=-12.08711848%20-76.99436968,INSASU20180910113624.jpg,INSASU20180910114630.jpg,INSASU20180910114642.jpg,""",HOSPITALES O CLINICAS DE ATENCION ESPECIALIZADA,clinica.delprado25@gmail.com,-76.99436968,-12.08711848,https://www.lascondesperu.com/
00015179,AVENIDA AV. JAVIER PRADO ESTE 2973 DISTRITO SAN BORJA PROVINCIA LIMA DEPARTAMENTO LIMA,PRIVADO,CLINICA KIRSCHBAUM,"""http://maps.google.es/?q=-12.08640906%20-76.99374652,INSASU20171124102053.JPG,INSASU20250604173111.JPG,INSASU20250604173129.JPG,""",HOSPITALES O CLINICAS DE ATENCION ESPECIALIZADA,consultas@clinicakirschbaum.com,-76.99374652,-12.08640906,HTTP://WWW.KIRSCHBAUMPLASTICSURGERY.COM
00016397,CALLE CALLE LOS OLIVOS 358 - 364  INT 303 DISTRITO SAN ISIDRO PROVINCIA LIMA DEPARTAMENTO LIMA,PRIVADO,CLINICA ESPECIALIZADA EN CIRUGIA PLASTICA - DR. LUIS VIZCARRA / CIRUESTHETIC,"""""",CENTROS MEDICOS ESPECIALIZADOS,VIZCARRA.LUIS@GMAIL.COM,,,
00019641,AVENIDA AV. ROOSEVELT 6222 (EX REPÚBLICA DE PANAMÁ). SAN ANTONIO. MIRAFLORES. DISTRITO MIRAFLORES PROVINCIA LIMA DEPARTAMENTO LIMA,PRIVADO,CENTRO ESTETICA FRANCO,"""http://maps.google.es/?q=-12.1266172%20-77.0182486,INSASU20190404001707.jpg,INSASU20190404005417.jpg,INSASU20190404005430.jpg,""",CENTROS DE SALUD O CENTROS MEDICOS,SAMANIEGOFRANCO@YAHOO.COM,-77.0182486,-12.1266172,
00034335,CALLE Los Olivos NÚMERO 370 PISO 1 DISTRITO SAN ISIDRO PROVINCIA LIMA DEPARTAMENTO LIMA,PRIVADO,CLINICA CAMINO REAL,"""http://maps.google.es/?q=-12.0502081%20-77.053568,INSASU20220823221301.jpg,INSASU20220823221420.jpg,INSASU20220823221433.jpg,""",HOSPITALES O CLINICAS DE ATENCION ESPECIALIZADA,dbedoya@clinicacaminoreal.com,-77.053568,-12.0502081,
00011621,CALLE CAL. FRANCISCO DE ZELA NRO. 2412 DISTRITO LINCE PROVINCIA LIMA DEPARTAMENTO LIMA,PRIVADO,SERVIMEDIC S.P.S,"""http://maps.google.es/?q=-12.08938289%20-77.03927928,INSASU20240314143922.jpg,INSASU20240314143930.jpg,INSASU20240314143935.jpg,""",POLICLINICOS,gerencia@servimedicsst.com,-77.03927928,-12.08938289,https://servimedicsst.com/
00005772,AVENIDA AV. 22 DE AGOSTO N° 1001- URB SANTA LUZMILA II ETAPA DISTRITO COMAS PROVINCIA LIMA DEPARTAMENTO LIMA,PUBLICO,CENTRO MATERNO INFANTIL SANTA LUZMILA II,"""http://maps.google.es/?q=-11.94712492%20-77.05898579,INSASU20231201131545.jpg,INSASU20231201131558.jpg,INSASU20231201131604.jpg,""",CENTROS DE SALUD CON CAMAS DE INTERNAMIENTO,CM.SANTALUZMILAII@DIRISLIMANORTE.GOB.PE,-77.05898579,-11.94712492,HTTP://WWW.DIRISLIMANORTE.GOB.PE
00006040,AVENIDA AV. CIRCUNVALACION S/N S/N AV. CIRCUNVALACION S/N SAN VICENTE DE CAÑETE CAÑETE LIMA,PUBLICO,SAN VICENTE,"""http://maps.google.es/?q=-13.0746974%20-76.3664883,INSASU20190514131954.JPG,""",CENTROS DE SALUD CON CAMAS DE INTERNAMIENTO,MSANVICENTE@DRSCY.GOB.PE,-76.3664883,-13.0746974,HTTP://WWW.DRSCY.GOB.PE
00006195,JIRÓN JR. MANUEL CANDAMO 495 JR. MANUEL CANDAMO 495 LINCE LIMA LIMA,PUBLICO,CENTRO DE SALUD LINCE,"""http://maps.google.es/?q=-12.0820795%20-77.0318652,INSASU20180718131115.jpg,INSASU20180718130601.jpg,INSASU20180718130612.jpg,""",CENTROS DE SALUD O CENTROS MEDICOS,cslince@dirislimacentro.gob.pe,-77.0318652,-12.0820795,HTTP://dirislimacentro.gob.pe
00006214,AVENIDA EL EJERCITO NUMERO 600 DISTRITO MAGDALENA DEL MAR PROVINCIA LIMA DEPARTAMENTO LIMA,PUBLICO,HOSPITAL VICTOR LARCO HERRERA,"""http://maps.google.es/?q=-12.098705%20-77.065756,INSASU20181210154535.jpg,INSASU20181210154949.jpg,INSASU20191126130641.jpg,""",HOSPITALES O CLINICAS DE ATENCION ESPECIALIZADA,jfarro@hvlh.gob.pe,-77.065756,-12.098705,http://www.larcoherrera.gob.pe/
00008714,AVENIDA AV. 15 DE JULIO S/N COMPLEJO PARROQUIAL HUAYCAN NUMERO S/N DISTRITO ATE PROVINCIA LIMA DEPARTAMENTO LIMA,PRIVADO,POLICLÍNICO PARROQUIAL SAN LUIS MARIA DE MONTFORT,"""http://maps.google.es/?q=-12.01360161%20-76.82588224,INSASU20240322122031.jpg,INSASU20240322122035.jpeg,INSASU20240322122044.jpg,""",POLICLINICOS,policlinicomontfort@yahoo.es,-76.82588224,-12.01360161,
00012885,CALLE CALLE LOS RUISEÑORES S/N - COMPLEJO  PNP ARAMBURU NUMERO S/N DISTRITO SURQUILLO PROVINCIA LIMA DEPARTAMENTO LIMA,PUBLICO,POLICLINICO PNP WALTER ROSALES LEON,"""http://maps.google.es/?q=-12.1157347%20-77.0190228,INSASU20190515145931.jpg,INSASU20250307113206.jpg,INSASU20250307113210.jpg,""",POLICLINICOS,dirsapol.polwrl@policia.gob.pe,-77.0190228,-12.1157347,https://dirsapolpnp.gob.pe/
00015935,AVENIDA AV. PRIMAVERA 1953 -  URBANIZACION LIMA POLO AND HUNT CLUB DISTRITO SANTIAGO DE SURCO PROVINCIA LIMA DEPARTAMENTO LIMA,PRIVADO,OFTALMOLASER,"""""",CENTROS DE SALUD O CENTROS MEDICOS,CFERNANDEZ@OFTALMOLASER.COM.PE,,,HTTP://WWW.OFTALMOLASER.COM.PE
00021413,AVENIDA AV. EL TRIUNFO 822 DISTRITO VILLA MARIA DEL TRIUNFO PROVINCIA LIMA DEPARTAMENTO LIMA,PRIVADO,"PARROQUIA  ""SANTA CATALINA LABOURE""","""http://maps.google.es/?q=-12.1631924%20-76.9463334,INSASU20201228173644.jpeg,""",CENTROS DE SALUD O CENTROS MEDICOS,centromedicopscl@gmail.com,-76.9463334,-12.1631924,
00024180,CALLE FRAY ANGELICO 420 SAN BORJA LIMA LIMA,PUBLICO,POLICLÍNICO NAVAL SAN BORJA,"""http://maps.google.es/?q=-12.0954443%20-76.9947088,INSASU20221024163905.jpg,INSASU20221024163910.jpg,""",POLICLINICOS,polisanborja.secretaria@marina.pe,-76.9947088,-12.0954443,http://www.marina.mil.pe
00024807,AVENIDA PASEO DE LA REPUBLICA NÚMERO 3910 DISTRITO MIRAFLORES PROVINCIA LIMA DEPARTAMENTO LIMA,PRIVADO,AXALUD CLINICA SAC (AXALUD CENTRO DEL CABELLO Y LA PIEL),"""http://maps.google.es/?q=-12.104759%20-77.027742,INSASU20171206100355.jpg,""",POLICLINICOS,jvegacheca@gmail.com,-77.027742,-12.104759,http://www.axalud.com/
00025633,AVENIDA FLORA TRISTAN MANZANA H LOTE SUBLOTE12 URBANIZACION SANTA PATRICIA III ETAPA DISTRITO LA MOLINA PROVINCIA LIMA DEPARTAMENTO LIMA,PRIVADO,MOLISALUD,"""""",POLICLINICOS,agerencia1@hospitalesmunicipales.org.pe,,,
00025827,"CALLE CALLE 36,MZ B, LOTE 19 A, CPR LOS HUERTOS DE MANCHAY - SECTOR CENTRAL DISTRITO PACHACAMAC PROVINCIA LIMA DEPARTAMENTO LIMA",PRIVADO,POLICLINICO SANTA ROSA DE MANCHAY,"""http://maps.google.es/?q=-12.2095337%20-76.8538748,INSASU20201124002943.jpeg,INSASU20201124002955.jpeg,INSASU20180917141316.jpg,""",POLICLINICOS,gestion@clinicasantarosademanchay.com,-76.8538748,-12.2095337,
00026511,AVENIDA LOS PATRIOTAS NÚMERO 353 PISO 1 URBANIZACIÓN MARANGA SEGUNDA ETAPA DISTRITO SAN MIGUEL PROVINCIA LIMA DEPARTAMENTO LIMA,PRIVADO,DERMACUTIS SA.C.,"""http://maps.google.es/?q=-12.07653173%20-77.09601015,INSASU20180622101847.jpg,INSASU20180622101913.jpg,INSASU20180622101928.jpg,""",POLICLINICOS,centrodermacutis@gmail.com,-77.09601015,-12.07653173,http://www.dermanova.pe
00028500,CALLE MARISCAL SUCRE NÚMERO 198 DISTRITO CHANCAY PROVINCIA HUARAL DEPARTAMENTO LIMA,PRIVADO,POLICLÍNICO DIOS ES AMOR,"""""",POLICLINICOS,policlinicodiosesamor@gmail.com,,,
00028608,AVENIDA ALFREDO BENAVIDES NUMERO 3517 DEPARTAMENTO 201 URBANIZACION RESIDENCIAL HIGUERETA DISTRITO SANTIAGO DE SURCO PROVINCIA LIMA DEPARTAMENTO LIMA,PRIVADO,CENTRO MEDICO DERMATOLOGICO REJUVENECE,"""http://maps.google.es/?q=-12.1285755%20-76.9991278,INSASU20250607111805.jpg,INSASU20250607111807.jpg,INSASU20250607111810.jpg,""",CENTROS MEDICOS ESPECIALIZADOS,cuarsa02@gmail.com,-76.9991278,-12.1285755,
00030848,AVENIDA CAMINOS DEL INCA 1387 MZ J2 LT. 16 URB. LAS GARDENIAS SANTIAGO DE SURCO LIMA LIMA,PRIVADO,BIENSALUD,"""http://maps.google.es/?q=-12.11309848%20-76.99271119,INSASU20211216090150.jpeg,""",CENTROS DE SALUD O CENTROS MEDICOS,jolazabal@biensalud.pe,-76.99271119,-12.11309848,
00031798,AVENIDA ANGAMOS OESTE NÚMERO 1495 DISTRITO MIRAFLORES PROVINCIA LIMA DEPARTAMENTO LIMA,PRIVADO,AQUAMED MIRAFLORES,"""http://maps.google.es/?q=-12.1111331%20-77.0432414,INSASU20210623121539.jpeg,INSASU20220825094003.jpeg,INSASU20220825094020.jpeg,""",CONSULTORIOS MEDICOS Y DE OTROS PROFESIONALES DE LA SALUD,e.chang@aquamed.com.pe,-77.0432414,-12.1111331,
00031855,JIRÓN sebastian barranca NUMERO 1498 URBANIZACION san pablo DISTRITO LA VICTORIA PROVINCIA LIMA DEPARTAMENTO LIMA,PRIVADO,GAMARRA SALUD,"""http://maps.google.es/?q=-12.06658309%20-77.01472595,INSASU20210520120139.jpeg,INSASU20210520120146.jpeg,INSASU20210520120335.jpeg,""",CENTROS DE SALUD O CENTROS MEDICOS,gamarrasalud.adm@gmail.com,-77.01472595,-12.06658309,
00031970,AVENIDA DOMINGO MANDAMIENTO NÚMERO 1065 DISTRITO HUALMAY PROVINCIA HUAURA DEPARTAMENTO LIMA,PRIVADO,HE & GA  MEDIC,"""http://maps.google.es/?q=-11.0972307%20-77.5976207,INSASU20220920174824.jpg,INSASU20220920094547.jpg,INSASU20220920094556.jpg,""",CENTROS MEDICOS ESPECIALIZADOS,hegamedic@gmail.com,-77.5976207,-11.0972307,
00036378,CALLE ENRIQUE PALACIOS NUMERO 360 PISO 6 INTERIOR 602 DISTRITO MIRAFLORES PROVINCIA LIMA DEPARTAMENTO LIMA,PRIVADO,SKINISIMA DERMATOLOGÍA INTEGRAL,"""http://maps.google.es/?q=-12.1168003%20-77.0320777,INSASU20240828123118.jpg,INSASU20240828123125.jpg,INSASU20240828123135.jpg,""",CONSULTORIOS MEDICOS Y DE OTROS PROFESIONALES DE LA SALUD,retoasesorias@gmail.com,-77.0320777,-12.1168003,
00008568,AVENIDA AV. ANGAMOS 714-734 DISTRITO SURQUILLO PROVINCIA LIMA DEPARTAMENTO LIMA,PUBLICO,SISOL SALUD  SURQUILLO,"""http://maps.google.es/?q=-12.11349791%20-77.02400451,INSASU20171030115713.png,INSASU20211209142639.jpg,""",POLICLINICOS,mei.laos@sisol.gob.pe,-77.02400451,-12.11349791,HTTP://WWW.SISOL.GOB.PE
00020138,AVENIDA DEFENSORES DEL MORRO ASOC. VIV. TRAB. SARITA COLONIA MZ. D LT 60 DISTRITO CHORRILLOS PROVINCIA LIMA DEPARTAMENTO LIMA,PRIVADO,JEZA SALUD,"""http://maps.google.es/?q=-12.18773459%20-77.00745261,INSASU20200818112414.jpg,INSASU20240117145608.jpeg,INSASU20240117145627.jpeg,""",POLICLINICOS,JEZASALUD@HOTMAIL.COM,-77.00745261,-12.18773459,
00028532,CALLE LOPEZ DE ZUÑIGA NÚMERO 110 DISTRITO HUARAL PROVINCIA HUARAL DEPARTAMENTO LIMA,PRIVADO,CONSULTORIO MEDICO DR. LINDO CARLIN,"""""",POLICLINICOS,FELISE16@HOTMAIL.COM,,,
00033839,JIRÓN BOGOTA MANZANA M LOTE 34 URBANIZACIÓN AAHH MARGINAL SICUANI DISTRITO ATE PROVINCIA LIMA DEPARTAMENTO LIMA,PRIVADO,POLICLINICO ELICAR,"""http://maps.google.es/?q=-12.06940827%20-76.97889055,INSASU20231116190555.jpg,INSASU20231116190602.jpg,INSASU20231116190612.jpg,""",POLICLINICOS,farmalave@hotmail.com,-76.97889055,-12.06940827,
00028507,CARRETERA PANAMERICANA SUR 163 PAMPA MELCHORITA SAN VICENTE DE CAÑETE CAÑETE LIMA,PRIVADO,SANNA /CENTRO CLÍNICO MELCHORITA,"""http://maps.google.es/?q=-13.2367931%20-76.2924599,INSASU20200207110029.jpg,INSASU20200207110036.jpg,INSASU20200207110042.jpg,""",POLICLINICOS,ruth.aguinaga@sanna.pe,-76.2924599,-13.2367931,
00006000,AVENIDA AV. PRINCIPAL (ALTURA DE LA CALLE 12) AAHH SAN GENARO DISTRITO CHORRILLOS PROVINCIA LIMA DEPARTAMENTO LIMA,PUBLICO,CENTRO DE SALUD SAN GENARO DE VILLA,"""http://maps.google.es/?q=-12.19397088%20-77.02094701,INSASU20230202092219.jpg,INSASU20230202092222.jpg,INSASU20230202092225.jpg,""",CENTROS DE SALUD CON CAMAS DE INTERNAMIENTO,c.s.sangenarodevilla@gmail.com,-77.02094701,-12.19397088,
00006104,"JIRÓN MANUEL BARRETO S/N, CDRA. 2, ZONA K, CIUDAD DE DIOS DISTRITO SAN JUAN DE MIRAFLORES PROVINCIA LIMA DEPARTAMENTO LIMA",PUBLICO,CENTRO MATERNO INFANTIL MANUEL BARRETO,"""http://maps.google.es/?q=-12.1522561%20-76.9684425,INSASU20180905091609.jpg,INSASU20231124131331.jpeg,INSASU20231124131341.jpeg,""",CENTROS DE SALUD CON CAMAS DE INTERNAMIENTO,ivanaristos@gmail.com,-76.9684425,-12.1522561,https://www.dirislimasur.gob.pe/
00006198,AVENIDA AV LIBERTAD  AV LOS MOCHICAS S/N S/N AV LIBERTAD  AV LOS MOCHICAS S/N SAN MIGUEL LIMA LIMA,PUBLICO,CENTRO DE SALUD SAN MIGUEL,"""http://maps.google.es/?q=-12.0813992%20-77.0987145,INSASU20190508085427.jpg,""",CENTROS DE SALUD O CENTROS MEDICOS,cssanmiguel@dirislimacentro.gob.pe,-77.0987145,-12.0813992,
00014079,CALLE CALLE LOS EMPERADORES C-43 URB.CESAR AUGUSTO DISTRITO BARRANCA PROVINCIA BARRANCA DEPARTAMENTO LIMA,PRIVADO,CLINICA DR. ZAVALETA,"""http://maps.google.es/?q=-10.7600961%20-77.7614945,INSASU20220305135955.jpeg,INSASU20220305135959.jpeg,INSASU20190226105606.jpg,""",HOSPITALES O CLINICAS DE ATENCION ESPECIALIZADA,INTEGRALMEDIC@HOTMAIL.COM,-77.7614945,-10.7600961,HTTP://WWW.POLICLINICODRZAVALETA.COM
00014364,AVENIDA AV TUPAC AMARU 174 - URB LA MERCED DISTRITO COMAS PROVINCIA LIMA DEPARTAMENTO LIMA,PRIVADO,EL GALENO,"""http://maps.google.es/?q=-12.0070395%20-77.0536195,INSASU20231120081111.jpg,INSASU20231120081114.jpg,INSASU20231120081118.jpg,""",POLICLINICOS,policlinicogaleno@gmail.com,-77.0536195,-12.0070395,
00017172,AVENIDA AV. JAVIER PRADO ESTE 1476 DISTRITO SAN ISIDRO PROVINCIA LIMA DEPARTAMENTO LIMA,PRIVADO,IMM S.A.C.,"""http://maps.google.es/?q=-12.0895371%20-77.0114045,INSASU20230214172134.jpg,INSASU20230214172139.jpg,INSASU20230214172339.jpg,""",CENTROS DE SALUD O CENTROS MEDICOS,CONSULTAS@IMM.COM.PE,-77.0114045,-12.0895371,HTTP://WWW.IMM.PE/
00017468,"AVENIDA AV MARIANO CONDORCANQUI MZ U LT 7, URB SANTO DOMINGO 5º ETAPA DISTRITO CARABAYLLO PROVINCIA LIMA DEPARTAMENTO LIMA",PRIVADO,POLICLINICO NIÑO DE LA ESPINA SAC,"""http://maps.google.es/?q=-11.8863646%20-77.03519068,INSASU20231217115457.jpeg,""",POLICLINICOS,lucerochangg@yahoo.com,-77.03519068,-11.8863646,
00018499,AVENIDA AV. VICTOR RAUL HAYA DE LA TORRE N° 165 DISTRITO BARRANCA PROVINCIA BARRANCA DEPARTAMENTO LIMA,PRIVADO,LA SOLIDARIDAD BARRANCA,"""http://maps.google.es/?q=-10.75151104%20-77.75881052,INSASU20240829125740.jpg,INSASU20240829125744.jpg,INSASU20240829125747.jpg,""",POLICLINICOS,clinicalasolidaridadbarranca@hotmail.com,-77.75881052,-10.75151104,http://www.clinicalasolidaridad.com
00023785,AVENIDA DE LA POLICIA NÚMERO 505 PISO 1 DEPARTAMENTO 1 DISTRITO JESUS MARIA PROVINCIA LIMA DEPARTAMENTO LIMA,PRIVADO,CONSULTORIOS MEDICOS VISTA,"""http://maps.google.es/?q=-12.0781861%20-77.04641167,INSASU20240907105524.jpeg,""",CONSULTORIOS MEDICOS Y DE OTROS PROFESIONALES DE LA SALUD,hloayza@clinicavista.com.pe,-77.04641167,-12.0781861,
00026522,AVENIDA LOS CONSTRUCTORES NUMERO 1230 PISO 2 MANZANA O LOTE 31 URBANIZACION COVIMA DISTRITO LA MOLINA PROVINCIA LIMA DEPARTAMENTO LIMA,PRIVADO,POLICLINICO SOCIOS EN SALUD,"""http://maps.google.es/?q=-12.0820196%20-76.928234,INSASU20241206114515.jpeg,INSASU20241206114458.jpeg,INSASU20241206114501.jpeg,""",POLICLINICOS,eygnacio_ses@pih.org,-76.928234,-12.0820196,
00032365,CALLE ESTEBAN PICHILINGUE 3ERA. CUADRA HUALMAY HUAURA LIMA,PUBLICO,CENTRO DE SALUD HUALMAY,"""http://maps.google.es/?q=-11.0946743%20-77.6090959,INSASU20191104103257.jpg,INSASU20240212160801.jpg,INSASU20240212160804.jpg,""",CENTROS DE SALUD O CENTROS MEDICOS,MRHualmay2023@hotmail.com,-77.6090959,-11.0946743,
00034635,AVENIDA LA ENCALADA NUMERO 938 MANZANA H LOTE 20 URBANIZACION CENTRO COMERCIAL MONTERRICO DISTRITO SANTIAGO DE SURCO PROVINCIA LIMA DEPARTAMENTO LIMA,PRIVADO,LA POSITIVA SALUD,"""http://maps.google.es/?q=-12.1070243%20-76.9713045,INSASU20240828183917.jpeg,INSASU20240828183924.jpeg,INSASU20240828183930.jpeg,""",POLICLINICOS,pedro.mendoza@lapositivasalud.com.pe,-76.9713045,-12.1070243,
00036510,AVENIDA 28  DE  JULIO NÚMERO 100 DISTRITO JESUS MARIA PROVINCIA LIMA DEPARTAMENTO LIMA,PRIVADO,CLINICA HOLA DOC,"""http://maps.google.es/?q=-12.06538587%20-77.04511083,INSASU20240626130209.jpg,INSASU20240626131409.jpeg,INSASU20240626131412.jpeg,""",POLICLINICOS,aponce@holadoc.pe,-77.04511083,-12.06538587,https://holadoc.pe/
00010870,AVENIDA ALMIRANTE MIGUEL GRAU N° 1010 - 1012 DISTRITO BARRANCO PROVINCIA LIMA DEPARTAMENTO LIMA,PRIVADO,ASOCIACION CIVIL IMPACTA SALUD Y EDUCACION,"""http://maps.google.es/?q=-12.14091641%20-77.02206529,INSASU20191007173755.JPG,INSASU20191007173801.JPG,INSASU20191007173805.JPG,""",POLICLINICOS,ctristan@impactaperu.org,-77.02206529,-12.14091641,HTTP://WWW.IMPACTAPERU.ORG
00011984,JIRÓN RISSO 390 4to PISO DISTRITO LINCE PROVINCIA LIMA DEPARTAMENTO LIMA,PRIVADO,INMENSA,"""http://maps.google.es/?q=-12.08551306%20-77.03246946,INSASU20200303115456.jpg,""",POLICLINICOS,institucional@INMENSA.ORG,-77.03246946,-12.08551306,HTTP://WWW.INMENSA.ORG
00024231,AVENIDA FLORA TRISTAN SUR NÚMERO 478 URBANIZACIÓN Santa Patricia II Etapa DISTRITO LA MOLINA PROVINCIA LIMA DEPARTAMENTO LIMA,PRIVADO,DE LA SANTE,"""http://maps.google.es/?q=-12.0703969%20-76.9418085,INSASU20200901103253.jpg,""",POLICLINICOS,ysabelgf@gmail.com,-76.9418085,-12.0703969,
00006003,"AVENIDA AV. TÚPAC AMARU MZ. E, LT.1 DISTRITO CHORRILLOS PROVINCIA LIMA DEPARTAMENTO LIMA",PUBLICO,CENTRO DE SALUD TUPAC AMARU DE VILLA,"""http://maps.google.es/?q=-12.1936588%20-76.9819614,INSASU20180907100208.jpg,""",CENTROS DE SALUD O CENTROS MEDICOS,cathy.garay.cajo@gmail.com,-76.9819614,-12.1936588,
00006177,CALLE CALLE RAÚL VILLARÁN 332 DISTRITO SAN LUIS PROVINCIA LIMA DEPARTAMENTO LIMA,PUBLICO,CENTRO DE SALUD SAN LUIS,"""http://maps.google.es/?q=-12.0756274%20-76.9972532,INSASU20180926233133.jpg,""",CENTROS DE SALUD O CENTROS MEDICOS,cssanluis@dirislimacentro.gob.pe,-76.9972532,-12.0756274,http://dirislimacentro.gob.pe
00006750,CALLE CALLE LOS MOCHICAS S/N PARQUE LAMPA DE ORO  COOP.CHANCAS DE ANDAHUAYLAS-SANTA ANITA S/N CALLE LOS MOCHICAS S/N PARQUE LAMPA DE ORO  COOP.CHANCAS DE ANDAHUAYLAS-SANTA ANITA SANTA ANITA LIMA LIMA,PUBLICO,SANTA ANITA,"""http://maps.google.es/?q=-12.0413621%20-76.9691707,INSASU20180628122334.jpg,""",CENTROS DE SALUD CON CAMAS DE INTERNAMIENTO,CSMI_SANTA_ANITA@HOTMAIL.COM,-76.9691707,-12.0413621,HTTP://www.dirislimaeste.gob.pe
00010333,AVENIDA AV CIRCUNVALACION ESTE 405 AV CIRCUNVALACION ESTE 405 HUARAL HUARAL LIMA,PUBLICO,CENTRO DE ATENCION PRIMARIA III HUARAL,"""http://maps.google.es/?q=-11.495495%20-77.20024167,INSASU20211214224014.jpeg,INSASU20211214224018.jpeg,INSASU20240222131556.jpeg,""",CENTROS DE SALUD CON CAMAS DE INTERNAMIENTO,javier.henostroza@essalud.gob.pe,-77.20024167,-11.495495,HTTP://WWW.ESSALUD.GOB.PE
00014356,"AVENIDA AV. LA UNION, PUEBLO JOVEN : INCA PACHACUTEC MZ 35 LT 6 AV. LA UNION, PUEBLO JOVEN : INCA PACHACUTEC MZ 35 LT 6 VILLA MARIA DEL TRIUNFO LIMA LIMA",PRIVADO,CENTRO MEDICO LA TRINIDAD,"""""",POLICLINICOS,CMEDICOTRINIDAD@HOTMAIL.COM,,,
00015558,JIRÓN JIRON MARIANO CAMPOS 443 DISTRITO SAN JUAN DE MIRAFLORES PROVINCIA LIMA DEPARTAMENTO LIMA,PRIVADO,POLICLINICO MEDICAL A.J.,"""http://maps.google.es/?q=-12.1507559%20-76.9779809,INSASU20191205215223.jpg,INSASU20191205215230.jpg,INSASU20191205215237.jpg,""",POLICLINICOS,GLENNYHERRERA1@HOTMAIL.COM,-76.9779809,-12.1507559,
00017101,CALLE BLANCA VARELA MZ. A  LT. 24 DISTRITO SAN JUAN DE LURIGANCHO PROVINCIA LIMA DEPARTAMENTO LIMA,PRIVADO,MUSALAB MED,"""""",POLICLINICOS,MUSALAB@HOTMAIL.COM,,,
00022016,AVENIDA AV. TINGO MARIA 623 DISTRITO BREÑA PROVINCIA LIMA DEPARTAMENTO LIMA,PRIVADO,CLINICA LA LUZ OFTALMOLOGIA,"""http://maps.google.es/?q=-12.052843%20-77.0554082,INSASU20230418191944.jpg,INSASU20230418191950.jpg,INSASU20230418191955.jpg,""",CENTROS MEDICOS ESPECIALIZADOS,retoasesorias@gmail.com,-77.0554082,-12.052843,HTTP://CLINICALALUZ.COM.PE
00023445,AVENIDA de los heroes NÚMERO 536A PISO 1 URBANIZACIÓN san juan DISTRITO SAN JUAN DE MIRAFLORES PROVINCIA LIMA DEPARTAMENTO LIMA,PRIVADO,WELLNESS & HEALTH CORPORATION S.A.C. (ProSalud Med.),"""""",POLICLINICOS,wellnesshealthsjm@gmail.com,,,
00028607,CALLE CHEPEN S/N - AA.HH.  FELIPE ALVA Y ALVA PAMPAS DE SAN JUAN DISTRITO SAN JUAN DE MIRAFLORES PROVINCIA LIMA DEPARTAMENTO LIMA,PRIVADO,POLICLINICO DIOCESANO SAGRADA FAMILIA,"""""",POLICLINICOS,rdavilaneo@gmail.com,,,
00029570,AVENIDA brasil NUMERO 1235 PISO 1 DISTRITO JESUS MARIA PROVINCIA LIMA DEPARTAMENTO LIMA,PRIVADO,gastromedic.sac,"""http://maps.google.es/?q=-12.0716809%20-77.05064691,INSASU20210209174350.jpg,INSASU20210209174403.jpg,INSASU20210209174421.jpg,""",CENTROS MEDICOS ESPECIALIZADOS,agastromedic@gmail.com,-77.05064691,-12.0716809,http://www.gastromedicperu.com
00032825,"AVENIDA AVIACION No. 4882-4884 Mz. J, Lt. 24 URB. RESIDENCIAL HIGUERETA DISTRITO SANTIAGO DE SURCO PROVINCIA LIMA DEPARTAMENTO LIMA",PRIVADO,Medico de Guardia,"""http://maps.google.es/?q=-12.1247292%20-76.9997892,INSASU20210817123651.jpeg,INSASU20210817123659.jpeg,""",CENTROS DE SALUD O CENTROS MEDICOS,pinilloslourdes@yahoo.es,-76.9997892,-12.1247292,
00037181,AVENIDA JOSE CARLOS MARIATEGUI PISO 4 MANZANA E LOTE E DISTRITO ATE PROVINCIA LIMA DEPARTAMENTO LIMA,PRIVADO,POLICLINICO SAN ANTONIO ABAD,"""http://maps.google.es/?q=-12.0201464%20-76.8175454,INSASU20250714123931.jpg,INSASU20250714123953.jpg,INSASU20250714124003.jpg,""",POLICLINICOS,policlinicosanantonioabad@gmail.com,-76.8175454,-12.0201464,
00037392,AVENIDA BERNARDINO RIVADAVIA NUMERO 163 MANZANA F LOTE 8 DISTRITO ATE PROVINCIA LIMA DEPARTAMENTO LIMA,PRIVADO,POLICLINICO SAN GABRIEL,"""http://maps.google.es/?q=-12.023711%20-76.8940169,INSASU20250703123357.jpeg,INSASU20250703123405.jpeg,INSASU20250703123419.jpeg,""",POLICLINICOS,lunimedicsac@gmail.com,-76.8940169,-12.023711,
00010434,"AVENIDA AV. CARRETERA CENTRAL 1345, KM. 3.5 DISTRITO SANTA ANITA PROVINCIA LIMA DEPARTAMENTO LIMA",PUBLICO,HOSPITAL GERIÁTRICO IIE SAN ISIDRO LABRADOR - ESSALUD,"""http://maps.google.es/?q=-12.04757833%20-76.947995,INSASU20240820083140.jpeg,INSASU20240820083143.jpeg,INSASU20240820083147.jpeg,""",HOSPITALES O CLINICAS DE ATENCION ESPECIALIZADA,ana.rojasb@essalud.gob.pe,-76.947995,-12.04757833,HTTP://WWW.ESSALUD.GOB.PE
00017879,"JIRÓN JR. LAS GUAYABAS 2068, MZ. K LT. 15, URB. EL TREBOL III ETAPA JR. LAS GUAYABAS 2068, MZ. K LT. 15, URB. EL TREBOL III ETAPA LOS OLIVOS LIMA LIMA",PUBLICO,POLICLINICO EL TREBOL-UBAP LOS OLIVOS,"""http://maps.google.es/?q=-12.0079352%20-77.0725491,INSASU20240522145037.jpeg,INSASU20240522145045.jpeg,INSASU20240522145052.jpeg,""",POLICLINICOS,POLICLINICO-EL-TREBOL@MUNILOSOLIVOS.GOB.PE,-77.0725491,-12.0079352,HTTP://PORTAL.MUNILOSOLIVOS.GOB.PE/PORTAL/
00017880,"CALLE CALLE. CIPRIANO RUIZ MZ. C LT. 40, URB. PARQUES DE VILLASOL CALLE. CIPRIANO RUIZ MZ. C LT. 40, URB. PARQUES DE VILLASOL LOS OLIVOS LIMA LIMA",PUBLICO,POLICLINICO VILLASOL-UBAP LOS OLIVOS,"""http://maps.google.es/?q=-11.9665848%20-77.0727503,INSASU20240522113534.jpeg,INSASU20240522113543.jpeg,INSASU20240522113555.jpeg,""",POLICLINICOS,POLICLINICO-VILLASOL@MUNILOSOLIVOS.GOB.PE,-77.0727503,-11.9665848,HTTP://PORTAL.MUNILOSOLIVOS.GOB.PE/PORTAL/
00017881,CALLE CALLE 4/ MZ C / LTE 16 / URBANIZACION PRO - LIMA / TERCERA ETAPA CALLE 4/ MZ C / LTE 16 / URBANIZACION PRO - LIMA / TERCERA ETAPA LOS OLIVOS LIMA LIMA,PUBLICO,POLICLINICO PRO - LIMA UBAP LOS OLIVOS,"""http://maps.google.es/?q=-11.9271375%20-77.074471,INSASU20240524145847.jpeg,INSASU20240524145853.jpeg,INSASU20240524145859.jpeg,""",POLICLINICOS,POLICLINICO-PRO-LIMA@MUNILOSOLIVOS.GOB.PE,-77.074471,-11.9271375,HTTP://PORTAL.MUNILOSOLIVOS.GOB.PE/PORTAL/
00036365,JIRÓN CAMANÁ NUMERO 770 MANZANA CERCADO DISTRITO LIMA PROVINCIA LIMA DEPARTAMENTO LIMA,PUBLICO,SOLI-EXPRESS,"""http://maps.google.es/?q=-12.0497997%20-77.035664,INSASU20240930202301.jpg,INSASU20240930202306.jpg,INSASU20240930202312.jpg,""",POLICLINICOS,mesadepartesvirtual@sisol,-77.035664,-12.0497997,
00005624,"JIRÓN JR.COCHARCAS MZ. A LT. 1 - ANEXO MZ. K-15, LOTE 46 AAHH JAIME ZUBIETA JR.COCHARCAS MZ. A LT. 1 - ANEXO MZ. K-15, LOTE 46 AAHH JAIME ZUBIETA SAN JUAN DE LURIGANCHO LIMA LIMA",PUBLICO,JAIME ZUBIETA,"""http://maps.google.es/?q=-11.9634978%20-76.9888954,INSASU20181013131846.jpg,INSASU20181013131909.jpg,INSASU20181013131921.jpg,""",CENTROS DE SALUD O CENTROS MEDICOS,csjaimezubieta@dirislimacentro.gob.pe,-76.9888954,-11.9634978,HTTP://DIRISLIMACENTRO.GOB.PE
00005799,CALLE CALLE 28 S/N AA.HH. JUAN PABLO II NÚMERO S/N DISTRITO LOS OLIVOS PROVINCIA LIMA DEPARTAMENTO LIMA,PUBLICO,CENTRO MATERNO INFANTIL JUAN PABLO II,"""http://maps.google.es/?q=-11.95309937%20-77.07798163,INSASU20171216115756.jpg,INSASU20231129082410.jpg,""",CENTROS DE SALUD CON CAMAS DE INTERNAMIENTO,cmicjpii@gmail.com,-77.07798163,-11.95309937,http://www.dirislimanorte.gob.pe
00005817,"AVENIDA AA.HH. SANTA ROSA, MZ. 50, LOTE PM - AV. SANTA ROSA AA.HH. SANTA ROSA, MZ. 50, LOTE PM - AV. SANTA ROSA PUENTE PIEDRA LIMA LIMA",PUBLICO,CENTRO MATERNO INFANTIL SANTA ROSA,"""http://maps.google.es/?q=-11.87466466%20-77.08173075,INSASU20190913143410.jpg,INSASU20190913143412.jpg,INSASU20190913143415.jpg,""",CENTROS DE SALUD CON CAMAS DE INTERNAMIENTO,SANTAROSA.CMI@GMAIL.COM,-77.08173075,-11.87466466,HTTP://WWW.DIRISLIMANORTE.GOB.PE
00005821,OTROS COOP.  VIVIENDA LOS SUREÑOS MZ M LT. 35 DISTRITO PUENTE PIEDRA PROVINCIA LIMA DEPARTAMENTO LIMA,PUBLICO,CENTRO MATERNO INFANTIL LOS SUREÑOS,"""http://maps.google.es/?q=-11.8875316%20-77.0697014,INSASU20190924163002.jpg,INSASU20230908081633.jpeg,INSASU20230908081640.jpeg,""",CENTROS DE SALUD CON CAMAS DE INTERNAMIENTO,cmi.lossurenos@dirislimanorte.gob.pe,-77.0697014,-11.8875316,HTTP://WWW.DIRISLIMANORTE.GOB.PE
00005835,CALLE CALLE LAS GEMAS S/ -  EL PARQUE -COOP.LA HUAYRONA DISTRITO SAN JUAN DE LURIGANCHO PROVINCIA LIMA DEPARTAMENTO LIMA,PUBLICO,CENTRO DE SALUD LA HUAYRONA,"""http://maps.google.es/?q=-11.9942159%20-77.0065573,INSASU20181026180945.jpg,INSASU20181026180954.jpg,INSASU20181026180609.jpg,""",CENTROS DE SALUD O CENTROS MEDICOS,CS_LAHUAYRONA@HOTMAIL.COM,-77.0065573,-11.9942159,HTTP://WWW.DIRISLIMACENTRO.GOB.PE
00005842,AVENIDA AV. SANTA ROSA S/N S/N 1 AV. SANTA ROSA S/N - BARRIO FISCAL PIEDRA LIZA RIMAC LIMA LIMA,PUBLICO,PIEDRA LIZA,"""http://maps.google.es/?q=-12.0325307%20-77.0129107,INSASU20230802171434.jpg,INSASU20230802171447.jpg,INSASU20230802171455.jpg,""",CENTROS DE SALUD CON CAMAS DE INTERNAMIENTO,cmi.piedraliza@dirislimanorte.gob.pe,-77.0129107,-12.0325307,HTTP://WWW.DIRISLIMANORTE.GOB.PE
00005883,AVENIDA JOSÉ C.MARIÁTEGUI S/N ZONA B - A.H.HUAYCÁN S/N ATE LIMA LIMA,PUBLICO,HOSPITAL DE HUAYCAN,"""http://maps.google.es/?q=-12.0158889%20-76.8201183,INSASU20230228155622.jpeg,INSASU20230228155628.jpeg,INSASU20230228155632.jpeg,""",HOSPITALES O CLINICAS DE ATENCION GENERAL,MESADEPARTESVIRTUAL@HOSPITALHUAYCAN.GOB.PE,-76.8201183,-12.0158889,HTTP://WWW.HOSPITALHUAYCAN.GOB.PE
00005897,AVENIDA AV.13 DE JUNIO MZ Ñ LOTE 2-OVALO CENTRAL JICAMARCA ANEXO 8 AV.13 DE JUNIO MZ Ñ LOTE 2-OVALO CENTRAL JICAMARCA ANEXO 8 LURIGANCHO LIMA LIMA,PUBLICO,JICAMARCA,"""http://maps.google.es/?q=-11.9807667%20-76.9427212,INSASU20230818154944.jpeg,INSASU20230818155025.jpeg,INSASU20230818155032.jpeg,""",CENTROS DE SALUD CON CAMAS DE INTERNAMIENTO,camijicamarca0512@gmail.com,-76.9427212,-11.9807667,http://www.dirislimaeste.gob.pe/
00005938,CARRETERA CARRETERA CENTRAL KILOMETRO 19.5 - COOP.VIV. MIGUEL GRAU CARRETERA CENTRAL KILOMETRO 19.5 - COOP.VIV. MIGUEL GRAU CHACLACAYO LIMA LIMA,PUBLICO,MIGUEL GRAU,"""http://maps.google.es/?q=-11.9870514%20-76.8136381,INSASU20230906100832.jpg,INSASU20230906100840.jpg,INSASU20230906100844.jpg,""",CENTROS DE SALUD CON CAMAS DE INTERNAMIENTO,csmiguelgrau@hotmail.com,-76.8136381,-11.9870514,HTTP://www.dirislimaeste.gob.pe
00005966,JIRÓN JR.JOSE SANTOS CHOCANO CDRA.01 S/N - URB.VALDIVIEZO S/N JR.JOSE SANTOS CHOCANO CDRA.01 S/N - URB.VALDIVIEZO ATE LIMA LIMA,PUBLICO,SAN FERNANDO,"""http://maps.google.es/?q=-12.0600611%20-76.9964076,INSASU20190215103703.jpg,INSASU20230307084018.jpg,INSASU20230307084024.jpg,""",CENTROS DE SALUD CON CAMAS DE INTERNAMIENTO,mesadepartesvirtual@dirislimaeste.gob.pe,-76.9964076,-12.0600611,http://www.dirislimaeste.gob.pe
00005978,AVENIDA MANCO CAPAC MZ E LT 4 - ZONA C - TAMBO VIEJO-CIENEGUILLA S/N A UNA CUADRA DEL PARADERO LA CRUZ CIENEGUILLA LIMA LIMA,PUBLICO,TAMBO VIEJO,"""http://maps.google.es/?q=-12.1110471%20-76.8182673,INSASU20230823114111.jpg,INSASU20230823114118.jpg,INSASU20230823114124.jpg,""",CENTROS DE SALUD CON CAMAS DE INTERNAMIENTO,csmi.tamboviejo@gmail.com,-76.8182673,-12.1110471,http://www.dirislimaeste.gob.pe/
00006018,PASAJE PASAJE SANTA ROSA S/N S/N PASAJE SANTA ROSA S/N PACARAN CAÑETE LIMA,PUBLICO,CENTRO DE SALUD PACARAN,"""http://maps.google.es/?q=-12.86714555%20-76.05254381,INSASU20250829164455.jpeg,INSASU20250829164502.jpeg,INSASU20250829164507.jpeg,""",CENTROS DE SALUD CON CAMAS DE INTERNAMIENTO,cspacarab@drscy.gob.pe,-76.05254381,-12.86714555,HTTP://WWW.DRSCY.GOB.PE
00006141,CALLE CRUCE CALLE ARICA CON AGRICULTURA S/N NUMERO S/N DISTRITO VILLA MARIA DEL TRIUNFO PROVINCIA LIMA DEPARTAMENTO LIMA,PUBLICO,CENTRO MATERNO INFANTIL JOSE GALVEZ,"""http://maps.google.es/?q=-12.2105625%20-76.9072151,INSASU20180919112156.jpg,""",CENTROS DE SALUD CON CAMAS DE INTERNAMIENTO,cmijosegalvez@gmail.com,-76.9072151,-12.2105625,
00006153,AVENIDA AV. PACHACUTEC Nº 3470 DISTRITO VILLA MARIA DEL TRIUNFO PROVINCIA LIMA DEPARTAMENTO LIMA,PUBLICO,CENTRO MATERNO INFANTIL DANIEL ALCIDES CARRION,"""http://maps.google.es/?q=-12.1776988%20-76.94539,INSASU20240818225031.jpg,INSASU20240911091123.jpg,INSASU20240911091129.jpg,""",CENTROS DE SALUD CON CAMAS DE INTERNAMIENTO,cmidanielacarrion@gmail.com,-76.94539,-12.1776988,
00006162,CALLE FERROCARRIL NUMERO S/N DISTRITO CHORRILLOS PROVINCIA LIMA DEPARTAMENTO LIMA,PUBLICO,CENTRO DE EMERGENCIAS SAN PEDRO DE LOS CHORRILLOS,"""http://maps.google.es/?q=-12.166438%20-77.0235903,INSASU20180913155747.jpg,INSASU20231027230708.jpeg,INSASU20231027230723.jpeg,""",CENTROS DE SALUD CON CAMAS DE INTERNAMIENTO,cesanpedrodeloschorrillos@gmail.com,-77.0235903,-12.166438,https://www.gob.pe/dirislimasur
00006175,JIRÓN JR. SEBASTIÁN BARRANCA 977 DISTRITO LA VICTORIA PROVINCIA LIMA DEPARTAMENTO LIMA,PUBLICO,CENTRO DE SALUD MATERNO INFANTIL EL PORVENIR,"""http://maps.google.es/?q=-12.0676604%20-77.0209069,INSASU20180919131322.jpg,INSASU20250306090429.jpg,INSASU20250306090442.jpg,""",CENTROS DE SALUD CON CAMAS DE INTERNAMIENTO,cselporvenir@dirislimacentro.gob.pe,-77.0209069,-12.0676604,HTTP://WWW.DIRISLIMACENTRO.GOB.PE
00006184,JIRÓN JR. NAPO 1445 JR. NAPO 1445 BREÑA LIMA LIMA,PUBLICO,CENTRO DE SALUD BREÑA,"""http://maps.google.es/?q=-12.0640144%20-77.0578483,INSASU20231219111922.jpg,INSASU20231219111904.jpeg,INSASU20250508115225.jpeg,""",CENTROS DE SALUD O CENTROS MEDICOS,csbrena@dirislimacentro.gob.pe,-77.0578483,-12.0640144,
00007127,AVENIDA MZ. A  LOTE 1 Y  2 CERCADO AV. PACHACUTEC  ANEXO 22  -JICAMARCA MZ. A  LOTE 1 Y  2 CERCADO AV. PACHACUTEC  ANEXO 22  -JICAMARCA SAN ANTONIO HUAROCHIRI LIMA,PUBLICO,PEDRO ABRAHAM LOPEZ GUILLEN,"""http://maps.google.es/?q=-11.92307%20-76.96177833,Fotografia_7127_15735291_1460657350935.png,Fotografia_7127_15735291_1460657414718.png,Fotografia_7127_15735291_1460657480839.png,""",CENTROS DE SALUD O CENTROS MEDICOS,REDHUAROCHIRI@YAHOO.ES,-76.96177833,-11.92307,HTTP://WWW.RSH.GOB.PE
00008370,JIRÓN JR.TRUJILLO SUR 800 DISTRITO LURIGANCHO PROVINCIA LIMA DEPARTAMENTO LIMA,PUBLICO,POLICLINICO CHOSICA - ESSALUD,"""http://maps.google.es/?q=-11.9391839%20-76.6995494,INSASU20210519100032.jpeg,INSASU20240916094622.jpeg,INSASU20240916094627.jpeg,""",POLICLINICOS,milvar.santos@essalud.gob.pe,-76.6995494,-11.9391839,HTTP://WWW.ESSALUD.GOB.PE
00008378,"ALAMEDA MANUEL PEREZ TUDELA BLOCK ""D"" ""B"" DISTRITO SANTIAGO DE SURCO PROVINCIA LIMA DEPARTAMENTO LIMA",PUBLICO,POLICLINICO PROCERES,"""http://maps.google.es/?q=-12.1507658%20-76.9886831,INSASU20171128123004.jpg,""",POLICLINICOS,JUAN.LESCANOB@ESSALUD.GOB.PE,-76.9886831,-12.1507658,HTTP://WWW.ESSALUD.GOB.PE
00009144,AVENIDA AVENIDA TUPAC AMARU 1801 URB HUAQUILLAY - COMAS DISTRITO COMAS PROVINCIA LIMA DEPARTAMENTO LIMA,PRIVADO,CLINICA MEDICA ZEGARRA S.A.C.,"""""",HOSPITALES O CLINICAS DE ATENCION ESPECIALIZADA,ecordova@clinicaversalles.com.pe,,,HTTP://WWW.CLINICAVERSALLES.COM.PE
00010790,"AVENIDA AV. ATE Nº 502, EX FUNDO CARDENAS DISTRITO ATE PROVINCIA LIMA DEPARTAMENTO LIMA",PRIVADO,CENTRO MEDICO GUADALUPE,"""http://maps.google.es/?q=-12.0526275%20-76.95170558,INSASU20241107003535.jpg,INSASU20220201174942.jpg,INSASU20241107003558.jpg,""",CENTROS DE SALUD CON CAMAS DE INTERNAMIENTO,doris_ja@hotmail.com,-76.95170558,-12.0526275,
00010827,OTROS GERVASIO SANTILLANA Nº 260 DISTRITO MIRAFLORES PROVINCIA LIMA DEPARTAMENTO LIMA,PUBLICO,HOGAR DE LA MADRE CLINICA-HOSPITAL,"""http://maps.google.es/?q=-12.1044188%20-77.0295839,INSASU20240122083042.jpg,INSASU20240122083048.jpg,INSASU20240122083053.jpg,""",HOSPITALES O CLINICAS DE ATENCION ESPECIALIZADA,mperez@hogardelamadre.pe,-77.0295839,-12.1044188,http://hogardelamadre.gob.pe/
00011462,"AV. CESAR VALLEJO 1407, 2DO. PISO - TAYACAJA",PRIVADO,DOCTOR LUIS QUITO S.A.C. (DR. LUIS QUITO),"""""",CONSULTORIOS MEDICOS Y DE OTROS PROFESIONALES DE LA SALUD,DOCTORLUISQUITO@HOTMAIL.COM,,,
00011862,AVENIDA AV. 13 DE ENERO 2166-2168 DISTRITO SAN JUAN DE LURIGANCHO PROVINCIA LIMA DEPARTAMENTO LIMA,PRIVADO,CENTRO MEDICO MATERNO INFANTIL SANTA ELIZABETH,"""http://maps.google.es/?q=-11.9946077%20-77.00507,INSASU20190321121643.jpg,""",HOSPITALES O CLINICAS DE ATENCION ESPECIALIZADA,cmsantaelizabeth@hotmail.com,-77.00507,-11.9946077,
00013383,AVENIDA GUARDIA CIVIL NÚMERO 135 DISTRITO SAN BORJA PROVINCIA LIMA DEPARTAMENTO LIMA,PRIVADO,CLINICA SANTA ISABEL,"""http://maps.google.es/?q=-12.08939693%20-77.00737837,INSASU20180827120310.jpg,""",HOSPITALES O CLINICAS DE ATENCION ESPECIALIZADA,INFO@CLINICASANTAISABEL.COM,-77.00737837,-12.08939693,HTTP://WWW.CLINICASANTAISABEL.COM
00013914,AVENIDA AV. ELESPURU S/N FUERTE RAFAEL HOYOS RUBIO - RIMAC NUMERO S/N DISTRITO RIMAC PROVINCIA LIMA DEPARTAMENTO LIMA,PUBLICO,CENTRO DE SALUD MILITAR RIMAC,"""http://maps.google.es/?q=-12.0282877%20-77.044228,INSASU20250402175414.jpeg,INSASU20250402175425.jpg,INSASU20250402175431.jpg,""",CENTROS DE SALUD CON CAMAS DE INTERNAMIENTO,direccionmedicacsmrimac@gmail.com,-77.044228,-12.0282877,HTTP://WWW.EJERCITO.MIL.PE
00014673,AVENIDA AV. LEONCIO PRADO MZ 137 LT.10 Nº171 PUEBLO JOVEN JOSE CARLOS MAREATEGUI ETAPA 5TA. VALLECITO ALTO DISTRITO VILLA MARIA DEL TRIUNFO PROVINCIA LIMA DEPARTAMENTO LIMA,PRIVADO,VELASALUD SAC,"""http://maps.google.es/?q=-12.1422496%20-76.9482753,INSASU20190301134510.jpg,""",CENTROS DE SALUD O CENTROS MEDICOS,VELASALUDPOLICLINICOSAC@GMAIL.COM,-76.9482753,-12.1422496,
00015382,AV. GUILLERMO DE LA FUENTE 550-A 2DO PISO - URB SANTA LUZMILA,PRIVADO,POLICLINICO ANTARES DE LA SALUD S.R.L. (POLICLINICO ANTARES DE LA SALUD S.R.L),"""""",POLICLINICOS,POLI.ANTARES@HOTMAIL.COM,,,
00015471,AVENIDA AV. PEREZ ARANIBAR 1551 DISTRITO SAN ISIDRO PROVINCIA LIMA DEPARTAMENTO LIMA,PUBLICO,CENTRO DE ATENCION PRIMARIA-CAP III SAN ISIDRO-ESSALUD,"""http://maps.google.es/?q=-12.1083451%20-77.053404,INSASU20211109092442.jpg,INSASU20230327092135.jpg,INSASU20230327092143.jpg,""",POLICLINICOS,maria.aguilarp@essalud.gob.pe,-77.053404,-12.1083451,HTTP://WWW.ESSALUD.GOB.PE
00015964,"AVENIDA MIGUEL IGLESIAS 893, 2DO PISO, MZ F-2, LT 14 ZONA D - URB. SAN JUAN DISTRITO SAN JUAN DE MIRAFLORES PROVINCIA LIMA DEPARTAMENTO LIMA",PRIVADO,GYNEPREV - GINECOLOGIA PREVENTIVA,"""http://maps.google.es/?q=-12.16138541%20-76.95969461,INSASU20190829120220.jpg,INSASU20190829120304.jpg,INSASU20190829120332.jpg,""",POLICLINICOS,SERVIMEDGLOBALES@GMAIL.COM,-76.95969461,-12.16138541,
00017385,AVENIDA AV. CARLOS ALBERTO IZAGUIRRE N° 1142 URB. COVIDA III ETAPA MZ A LT 16 DISTRITO LOS OLIVOS PROVINCIA LIMA DEPARTAMENTO LIMA,PRIVADO,CLINICA SAN BARTOLOME,"""http://maps.google.es/?q=-11.991493%20-77.075591,INSASU20200218125943.jpg,INSASU20200218125950.jpg,""",HOSPITALES O CLINICAS DE ATENCION ESPECIALIZADA,clinicasanbartolome@hotmail.com,-77.075591,-11.991493,https://www.clinicasanbartolome.com/
00017454,"AVENIDA AVENIDA UNIVERSITARIA 6609-6611 MZ. T-1 LT11, 1ER Y 2DO URBANIZACION SANTA LUZMILA/DISTRITO DE COMAS DISTRITO COMAS PROVINCIA LIMA DEPARTAMENTO LIMA",PRIVADO,SANITAS CORPUS,"""http://maps.google.es/?q=-11.94423171%20-77.06097031,INSASU20240622182634.jpeg,INSASU20240622182637.jpeg,INSASU20240622182638.jpeg,""",POLICLINICOS,policlinicosanitascorpus@gmail.com,-77.06097031,-11.94423171,
00019575,JIRÓN JR.RIO MOCHE MZ B LT 7 URB.JESUS OROPEZA CHONTA-CANTO GRANDE SJL DISTRITO SAN JUAN DE LURIGANCHO PROVINCIA LIMA DEPARTAMENTO LIMA,PRIVADO,POLICLINICO SERVILAB,"""http://maps.google.es/?q=-11.96734504%20-77.00317229,INSASU20191127140357.jpg,INSASU20191127140402.jpg,""",POLICLINICOS,servilab.eirl@hotmail.com,-77.00317229,-11.96734504,
00019725,AVENIDA AV. BENAVIDES NRO. 5440 URB. LAS GARDENIAS DISTRITO SANTIAGO DE SURCO PROVINCIA LIMA DEPARTAMENTO LIMA,PRIVADO,POLICLINICO FAMURP,"""http://maps.google.es/?q=-12.1318693%20-76.9797651,INSASU20240503100459.jpg,INSASU20240503100504.jpg,INSASU20240503100528.jpg,""",POLICLINICOS,ROCIO_GUILLEN2000@YAHOO.ES,-76.9797651,-12.1318693,
00019839,AVENIDA AV. DEFENSORS DEL MORRO Nº 2697 - URB. SANTA LEONOR DISTRITO CHORRILLOS PROVINCIA LIMA DEPARTAMENTO LIMA,PRIVADO,CLINICA SANTA LEONOR,"""http://maps.google.es/?q=-12.1837957%20-77.00831701,INSASU20240925125451.jpg,""",HOSPITALES O CLINICAS DE ATENCION ESPECIALIZADA,CLINICASANTALEONOR@GMAIL.COM,-77.00831701,-12.1837957,
00021261,AVENIDA AV. JOSE CARLOS MARIATEGUI N° 1768 - URB. SAN GREGORIO DISTRITO ATE PROVINCIA LIMA DEPARTAMENTO LIMA,PRIVADO,POLICLINICO GRUPO MASTER SALUD,"""http://maps.google.es/?q=-12.02514564%20-76.90468588,INSASU20191121222542.jpg,INSASU20221003085126.jpg,INSASU20221003085132.jpg,""",POLICLINICOS,marlene1080@hotmail.com,-76.90468588,-12.02514564,
00021844,AVENIDA AV. SAENZ PEÑA 611 DISTRITO PUENTE PIEDRA PROVINCIA LIMA DEPARTAMENTO LIMA,PRIVADO,POLICLINICO JUAN PABLO,"""http://maps.google.es/?q=-11.8626548%20-77.0802241,INSASU20250228150039.jpg,INSASU20250228150045.jpg,INSASU20250228150049.jpg,""",POLICLINICOS,SERMEDJUANPABLO@HOTMAIL.COM,-77.0802241,-11.8626548,
00023421,AVENIDA Javier Prado Este 3028 SAN BORJA LIMA LIMA,PRIVADO,CENTRO MEDICO UROZEN,"""http://maps.google.es/?q=-12.08696146%20-76.99331201,INSASU20191219072347.jpg,""",CENTROS MEDICOS ESPECIALIZADOS,consultas@urozen.com,-76.99331201,-12.08696146,http://www.urozen.com
00023917,CALLE Francisco Masias NUMERO 2832 DISTRITO LINCE PROVINCIA LIMA DEPARTAMENTO LIMA,PRIVADO,NIUVIDA,"""http://maps.google.es/?q=-12.0905995%20-77.0261805,INSASU20240209154830.jpg,INSASU20240209154832.jpg,INSASU20240209154835.jpg,""",POLICLINICOS,niuvida@niuvida.com,-77.0261805,-12.0905995,https://niuvida.com/
00024650,JIRÓN LOS EBANOS NÚMERO 109 PISO 2 MANZANA W LOTE 30 URBANIZACIÓN APV SAN HILARION DISTRITO SAN JUAN DE LURIGANCHO PROVINCIA LIMA DEPARTAMENTO LIMA,PRIVADO,INPPARES San Juan de Lurigancho,"""http://maps.google.es/?q=-12.0031209%20-77.0083708,INSASU20231229101537.jpeg,""",CENTROS DE SALUD O CENTROS MEDICOS,czelada@inppares.org,-77.0083708,-12.0031209,http://www.inppares.org
00025348,JIRÓN EL TRIUNFO NÚMERO 105 PISO 2 MANZANA B LOTE 5 DISTRITO ATE PROVINCIA LIMA DEPARTAMENTO LIMA,PRIVADO,CONSULTORIO MEDICO INPPARES ATE,"""http://maps.google.es/?q=-12.0246433%20-76.9147776,INSASU20210901114626.jpg,""",CONSULTORIOS MEDICOS Y DE OTROS PROFESIONALES DE LA SALUD,sedeate@inppares.org,-76.9147776,-12.0246433,http://www.inppares.org
00025462,OTROS SECTOR 03 GRUPO 07 MANZANA I LOTE 03 DISTRITO VILLA EL SALVADOR PROVINCIA LIMA DEPARTAMENTO LIMA,PRIVADO,POLICLINICO BARIZAL,"""http://maps.google.es/?q=-12.21570724%20-76.93516306,INSASU20220412105424.jpeg,""",POLICLINICOS,emili-19081@hotmail.com,-76.93516306,-12.21570724,
00027739,"AVENIDA NICOLAS AYLLON S/N, CUADRA 4, ESQUINA CON AVENIDA 28 DE JULIO, URBANIZACION MANZANILLA, CERCADO DE LIMA, SANTUARIO SAN JOSE EL JUSTO URBANIZACIÓN MANZANILLA DISTRITO LIMA PROVINCIA LIMA DEPARTAMENTO LIMA",PRIVADO,POLICLINICO PARROQUIAL SAN JOSE MARELLO,"""http://maps.google.es/?q=-12.05950184%20-77.00829151,INSASU20190913085613.jpg,INSASU20190913085616.jpg,""",POLICLINICOS,OCTAVIO_SL@HOTMAIL.COM,-77.00829151,-12.05950184,
00027817,JIRÓN RAMON ZAVALA NÚMERO 409 DISTRITO BARRANCA PROVINCIA BARRANCA DEPARTAMENTO LIMA,PRIVADO,POLICLINICO BARRANCA,"""http://maps.google.es/?q=-10.7529193%20-77.764086,INSASU20180904120245.jpg,""",POLICLINICOS,elvisjara19@gmail.com,-77.764086,-10.7529193,
00027819,URBANIZACIÓN SAN PEDRO MANZANA F LOTE 19 DISTRITO HUACHO PROVINCIA HUAURA DEPARTAMENTO LIMA,PRIVADO,CLINICA GENERAL DE LA SALUD SAN MARCOS,"""http://maps.google.es/?q=-11.1167066%20-77.6085027,INSASU20191119162745.jpg,""",POLICLINICOS,xiomysmp@gmail.com,-77.6085027,-11.1167066,
00028229,AVENIDA FAMESA MANZANA B LOTE 02 URBANIZACIÓN VIÑAS DEL NORTE DISTRITO PUENTE PIEDRA PROVINCIA LIMA DEPARTAMENTO LIMA,PRIVADO,POLICLINICO MEDICAL FAMESA,"""http://maps.google.es/?q=-11.88559395%20-77.07407972,INSASU20190822004617.jpg,""",POLICLINICOS,medicalfamesa@gmail.com,-77.07407972,-11.88559395,https://www.medicalfamesa.com/
00028464,AVENIDA TUPAC AMARU KM 4.5 PISO 1 DISTRITO INDEPENDENCIA PROVINCIA LIMA DEPARTAMENTO LIMA,PUBLICO,POLICLINICO MUNICIPAL LA NUEVA INDEPENDENCIA,"""http://maps.google.es/?q=-11.9970501%20-77.0545257,INSASU20250527122418.jpeg,INSASU20250527122424.jpeg,INSASU20250527122431.jpeg,""",POLICLINICOS,dfloresa@uni.pe,-77.0545257,-11.9970501,
00028577,PROLONGACIÓN VIVIENDA ASOCIACION SAN LUIS MANZANA A LOTE 2 DISTRITO CARABAYLLO PROVINCIA LIMA DEPARTAMENTO LIMA,PRIVADO,CONSULTORIO SAN SEBASTIAN,"""http://maps.google.es/?q=-11.8552379%20-77.037736,INSASU20191203143652.jpg,""",CONSULTORIOS MEDICOS Y DE OTROS PROFESIONALES DE LA SALUD,SAN_SEBASTIAN_18@HOTMAIL.COM,-77.037736,-11.8552379,
00028955,"OTROS SIN VIA MANZANA B LOTE 6,13, 14 URBANIZACIÓN LOTIZACIÓN LOS TUNALES EX FUNDO PARIACHI Y SU ANEXO PACAYAR ZONA 5 DISTRITO ATE PROVINCIA LIMA DEPARTAMENTO LIMA",PRIVADO,POLICLINICO HUMANITARIO ESPECIALIZADO,"""""",POLICLINICOS,jorge.671@hotmail.com,,,
00029669,OTROS SECTOR 3 GRUPO 10 MANZANA N LOTE 1 DISTRITO VILLA EL SALVADOR PROVINCIA LIMA DEPARTAMENTO LIMA,PRIVADO,Medi Vida,"""http://maps.google.es/?q=-12.22140622%20-76.93172157,INSASU20201118184820.jpeg,""",POLICLINICOS,laboratoriomedivida@hotmail.com,-76.93172157,-12.22140622,
00030099,"JIRÓN José Santos Chocano 899 Av Izaguirre, entre cuadras 5 y 6, Los Olivos a 4 cuadras de la Municipalidad Los Olivos LOS OLIVOS LIMA LIMA",PRIVADO,INPPARES LOS OLIVOS,"""http://maps.google.es/?q=-11.9916372%20-77.0679598,INSASU20201025190113.JPG,INSASU20201025190119.JPG,""","POLICLINICOS,CONSULTORIOS MEDICOS Y DE OTROS PROFESIONALES DE LA SALUD",relias@inppares.org,-77.0679598,-11.9916372,http://www.inppares.org
00030280,JIRÓN TENIENTE JOSE LOPEZ NÚMERO 194 URBANIZACIÓN AA.HH AÑO NUEVO DISTRITO COMAS PROVINCIA LIMA DEPARTAMENTO LIMA,PRIVADO,ADESA,"""http://maps.google.es/?q=-11.92706688%20-77.04151255,INSASU20190114125704.jpg,INSASU20190114125706.jpg,INSASU20190114125712.jpg,""",CENTROS DE SALUD O CENTROS MEDICOS,centromedico@adesa-peru.org,-77.04151255,-11.92706688,
00030309,JIRÓN LAS ALONDRAS NUMERO 375 MANZANA B1 LOTE 20 URBANIZACION SANTA ANITA DISTRITO SANTA ANITA PROVINCIA LIMA DEPARTAMENTO LIMA,PRIVADO,POLICLINICO SAN MARTIN,"""http://maps.google.es/?q=-12.05319991%20-76.9617119,INSASU20210809012631.jpeg,""",POLICLINICOS,informes@polisanmartin.com,-76.9617119,-12.05319991,
00030432,OTROS PJ PMV CONFRATERNIDAD AA HH JUAN PABLO II MANZANA 88 LOTE 11 DISTRITO LOS OLIVOS PROVINCIA LIMA DEPARTAMENTO LIMA,PRIVADO,CLINICA SAN JUAN CRISOSTOMO,"""http://maps.google.es/?q=-11.95330844%20-77.07768189,INSASU20201120024457.jpeg,INSASU20201120024502.jpeg,INSASU20201120024508.jpeg,""",HOSPITALES O CLINICAS DE ATENCION ESPECIALIZADA,cerarafer@hotmail.com,-77.07768189,-11.95330844,
00030548,AVENIDA ROOSEVELT NUMERO 6352 PISO 1 DISTRITO MIRAFLORES PROVINCIA LIMA DEPARTAMENTO LIMA,PRIVADO,EMBRYOFERTILITY,"""http://maps.google.es/?q=-12.1286694%20-77.0182183,INSASU20210628093911.jpg,""",POLICLINICOS,jgarciaf@hotmail.com,-77.0182183,-12.1286694,
00031353,JIRÓN MAXIMILIANO CARRANZA N° 1195 MZ D2 LOTE 21 URBANIZACIÓN SAN JUAN DE MIRAFLORES PARCELA D NÚMERO 1195 DISTRITO SAN JUAN DE MIRAFLORES PROVINCIA LIMA DEPARTAMENTO LIMA,PRIVADO,POLICLINICO MEDAVAC-LAB,"""http://maps.google.es/?q=-12.16108096%20-76.95976586,INSASU20211221230827.jpg,""",POLICLINICOS,medavac.lab.2021@gmail.com,-76.95976586,-12.16108096,
00031558,JIRÓN PROGRESO NÚMERO 233 DISTRITO BARRANCA PROVINCIA BARRANCA DEPARTAMENTO LIMA,PRIVADO,"CONSULTORIO MÉDICO - LABORATORIO ""PROGRESO""","""http://maps.google.es/?q=-10.7504664%20-77.7634265,INSASU20211122180941.jpeg,INSASU20211122180948.jpeg,INSASU20211122180954.jpeg,""",CENTROS MEDICOS ESPECIALIZADOS,cotri_bca63@hotmail.com,-77.7634265,-10.7504664,
00032085,"CALLE NICOLÁS DE PIÉROLA 247 CERCA A ECOGRAFÍAS ""CARRIÓN"" BARRANCA BARRANCA LIMA",PRIVADO,"CENTRO MÉDICO ""VIDA Y SALUD""","""http://maps.google.es/?q=-10.750532%20-77.7663696,INSASU20221120220539.jpg,INSASU20221120220548.jpg,INSASU20221120220553.jpg,""",CONSULTORIOS MEDICOS Y DE OTROS PROFESIONALES DE LA SALUD,VELIT84@HOTMAIL.COM,-77.7663696,-10.750532,
00032168,"AVENIDA JOSE CARLOS MARIATEGUI, UVC 6, LOTE 07, 1ER Y 2DO PISO, AAHH HUAYCAN ZONA F DISTRITO ATE PROVINCIA LIMA DEPARTAMENTO LIMA",PRIVADO,POLICLINICO NAZARENO,"""http://maps.google.es/?q=-12.015669%20-76.8202878,INSASU20220614165231.jpg,INSASU20221219155618.jpg,INSASU20221219155625.jpg,""",POLICLINICOS,fersagestor@gmail.com,-76.8202878,-12.015669,
00032460,AVENIDA LOS RUISEÑORES MANZANA D LOTE 06 URBANIZACIÓN LOS ROBLES DISTRITO SANTA ANITA PROVINCIA LIMA DEPARTAMENTO LIMA,PRIVADO,OMNIMEDIC,"""http://maps.google.es/?q=-12.0442999%20-76.96979867,INSASU20230209141007.jpeg,INSASU20230209141022.jpeg,INSASU20230209141029.jpeg,""",POLICLINICOS,omnimedic@hotmail.com,-76.96979867,-12.0442999,
00033257,CALLE LOS FLAMENCOS NÚMERO 121 MANZANA G1 LOTE 46 DISTRITO SANTA ANITA PROVINCIA LIMA DEPARTAMENTO LIMA,PRIVADO,CLINICA SOLIDARIA SANTA ANITA,"""""",HOSPITALES O CLINICAS DE ATENCION ESPECIALIZADA,santiagoespiritu555@gmail.com,,,
00033345,"AVENIDA Av. Próceres de la Independencia 2024, Mz F lote 4ª APV San Hilarion NÚMERO 2024 PISO 1 DEPARTAMENTO 1 INTERIOR 1 MANZANA F LOTE 4A URBANIZACIÓN San Hilarion DISTRITO SAN JUAN DE LURIGANCHO PROVINCIA LIMA DEPARTAMENTO LIMA",PRIVADO,Policlinico Proceres,"""http://maps.google.es/?q=-11.9992008%20-77.0087117,INSASU20220824233854.jpeg,INSASU20220824233859.jpeg,INSASU20220824233901.jpeg,""",POLICLINICOS,sofiavvr@hotmail.com,-77.0087117,-11.9992008,
00033517,AVENIDA SECTOR 01 GRUPO 21A MZ J LOTE 22 1ER PISO DISTRITO VILLA EL SALVADOR PROVINCIA LIMA DEPARTAMENTO LIMA,PRIVADO,ESPECIALIDADES MEDICAS DE VILLA,"""""",CENTROS DE SALUD O CENTROS MEDICOS,YERIAMNYNAKARYPEREZ1711@GMAIL.COM,,,
00033702,AVENIDA SOLAR NÚMERO 125 DISTRITO HUARAL PROVINCIA HUARAL DEPARTAMENTO LIMA,PRIVADO,FEMINIS SALUD,"""http://maps.google.es/?q=-11.4959486%20-77.2090582,INSASU20230504012605.jpg,INSASU20230504012610.jpg,INSASU20230504012614.jpg,""",CONSULTORIOS MEDICOS Y DE OTROS PROFESIONALES DE LA SALUD,informes@feminissalud.com,-77.2090582,-11.4959486,
00035154,AVENIDA TUPAC AMARU NÚMERO 248 DISTRITO HUALMAY PROVINCIA HUAURA DEPARTAMENTO LIMA,PRIVADO,CENTRO MÉDICO DIVINA LUZ,"""http://maps.google.es/?q=-11.10745417%20-77.60150203,INSASU20240125152415.jpeg,INSASU20240125153109.jpeg,INSASU20240125153132.jpeg,""",CENTROS DE SALUD O CENTROS MEDICOS,dirolezamedic@gmail.com,-77.60150203,-11.10745417,
00035781,AVENIDA ¨GRAN CHIMU NUMERO 911 PISO 2 DISTRITO SAN JUAN DE LURIGANCHO PROVINCIA LIMA DEPARTAMENTO LIMA,PRIVADO,CONSULTORIO ESPECILIALIZADO GINECO -  OBSTETRICO ¨LA FAMILIA,"""""",CONSULTORIOS MEDICOS Y DE OTROS PROFESIONALES DE LA SALUD,lafamiliaconsultorio2022@gmail.com,,,
00036121,AVENIDA ANTUNEZ DE MAYOLO NÚMERO 1515 URBANIZACIÓN LOS PINARES DISTRITO LOS OLIVOS PROVINCIA LIMA DEPARTAMENTO LIMA,PRIVADO,POLICLINICO LIDER,"""http://maps.google.es/?q=-11.9959963%20-77.0822381,INSASU20230505105314.jpg,INSASU20230505105318.jpg,INSASU20230505105322.jpg,""",POLICLINICOS,policlinicolider@gmail.com,-77.0822381,-11.9959963,
00036351,AVENIDA JAVIER PRADO ESTE NUMERO 0175 PISO 14 DISTRITO SAN ISIDRO PROVINCIA LIMA DEPARTAMENTO LIMA,PRIVADO,CREAVITA Centro de Reproducción Asistida,"""http://maps.google.es/?q=-12.0919781%20-77.0327365,INSASU20230814144527.jpeg,INSASU20230814144533.jpeg,INSASU20230814144540.jpeg,""",CONSULTORIOS MEDICOS Y DE OTROS PROFESIONALES DE LA SALUD,creavita.sac@gmail.com,-77.0327365,-12.0919781,
00036934,AVENIDA JAIME ZUBIETA MANZANA C-1 LOTE 01 URBANIZACION ASOCIACION CIVIL DE VIVIENDA RESIDENCIAL PARIACHI 3RA ETAPA DISTRITO ATE PROVINCIA LIMA DEPARTAMENTO LIMA,PRIVADO,SERVICIOS MÉDICOS VILLARREAL,"""http://maps.google.es/?q=-12.003407%20-76.8401505,INSASU20250610132123.jpeg,INSASU20250610132130.jpeg,INSASU20250610132135.jpeg,""",POLICLINICOS,josevillarreal244@gmail.com,-76.8401505,-12.003407,
00036984,"AVENIDA CAUDIVILLA, CONJUNTO HABITACIONAL EDWIN VASQUEZ CAM MANZANA E1 LOTE 48 DISTRITO CARABAYLLO PROVINCIA LIMA DEPARTAMENTO LIMA",PRIVADO,SKINCLINIC,"""http://maps.google.es/?q=-11.88787737%20-77.03675535,INSASU20241209002102.jpeg,INSASU20241209002106.jpeg,INSASU20241209002110.jpeg,""",POLICLINICOS,carlos.davila@skinfarmalab.com,-77.03675535,-11.88787737,
00005834,JIRÓN JR. MARGARITAS 1545  - URB. INCA MANCO CAPAC DISTRITO SAN JUAN DE LURIGANCHO PROVINCIA LIMA DEPARTAMENTO LIMA,PUBLICO,CENTRO DE SALUD LA LIBERTAD,"""http://maps.google.es/?q=-12.0041291%20-76.9955817,INSASU20231201104746.jpeg,INSASU20231201104751.jpeg,INSASU20231201104823.jpeg,""",CENTROS DE SALUD O CENTROS MEDICOS,CSLALIBERTAD@DIRISLIMACENTRO.GOB.PE,-76.9955817,-12.0041291,HTTP://WWW.REDSASJL.GOB.PE
00017133,AVENIDA AV HUAYLAS MZ D LOTE 61 PISO 2 DISTRITO CHORRILLOS PROVINCIA LIMA DEPARTAMENTO LIMA,PRIVADO,NOVAMEDIC SEDE CURVA,"""""",POLICLINICOS,operaciones@novamedic.org,,,
00005846,JIRÓN URB CAJA DE AGUA JR. MOQUEGUA 202 DISTRITO SAN JUAN DE LURIGANCHO PROVINCIA LIMA DEPARTAMENTO LIMA,PUBLICO,CAJA DE AGUA,"""http://maps.google.es/?q=-12.0268025%20-77.015351,INSASU20231030105711.jpg,INSASU20231030105721.jpg,INSASU20231030105725.jpg,""",CENTROS DE SALUD O CENTROS MEDICOS,cscajadeagua@dirislimacentro.gob.pe,-77.015351,-12.0268025,https://dirislimacentro.gob.pe
00006034,CALLE CALLE AYACUCHO S/N S/N CALLE AYACUCHO S/N QUILMANA CAÑETE LIMA,PUBLICO,QUILMANA,"""http://maps.google.es/?q=-12.94875313%20-76.38282128,Fotografia_6034_41461812_1460132692674.png,Fotografia_6034_41461812_1460132710404.png,Fotografia_6034_41461812_1460132760486.png,""",CENTROS DE SALUD CON CAMAS DE INTERNAMIENTO,csquilmana@drscy.gob.pe,-76.38282128,-12.94875313,HTTP://WWW.DRSCY.GOB.PE
00006200,AVENIDA AV. JOSE PARDO N° 796 DISTRITO MIRAFLORES PROVINCIA LIMA DEPARTAMENTO LIMA,PUBLICO,CENTRO DE SALUD SANTA CRUZ DE MIRAFLORES,"""http://maps.google.es/?q=-12.1189648%20-77.0366847,INSASU20180911170645.jpg,INSASU20180911170625.jpg,""",CENTROS DE SALUD O CENTROS MEDICOS,csmiraflores@dirislimacentro.gob.pe,-77.0366847,-12.1189648,http://dirislimacentro.gob.pe/
00006203,JIRÓN JR. HUANTA 927 JR. HUANTA 927 LIMA LIMA LIMA,PUBLICO,CENTRO ESPECIALIZADO DE REFERENCIA DE ITSS Y VIH/SIDA RAUL PATRUCCO PUIG,"""http://maps.google.es/?q=-12.0531204%20-77.0231298,INSASU20231215114746.jpg,INSASU20231215114756.jpg,INSASU20231215114805.jpg,""",CENTROS DE SALUD O CENTROS MEDICOS,csraulpatrucco@dirislimacentro.gob.pe,-77.0231298,-12.0531204,
00020796,"JIRÓN JR. BENOZZO DI LESE DI SANDRO GOZZOLI NORTE 296, ESQUINA CON AV. DE LAS ARTES SUR DISTRITO SAN BORJA PROVINCIA LIMA DEPARTAMENTO LIMA",PRIVADO,CENTRO DE EXCELENCIA EN REUMATOLOGÍA,"""http://maps.google.es/?q=-12.10175881%20-77.00632154,INSASU20191203092909.jpg,""",POLICLINICOS,krev76@gmail.com,-77.00632154,-12.10175881,http://www.reumatologiaperu.com
00013980,AVENIDA AV LAS ARTES NORTE 1014 OF 202 DISTRITO SAN BORJA PROVINCIA LIMA DEPARTAMENTO LIMA,PRIVADO,MAVIMEDIC,"""http://maps.google.es/?q=-12.08996%20-76.995882,INSASU20190524123333.jpg,""",POLICLINICOS,MMAVIMEDIC@YAHOO.ES,-76.995882,-12.08996,HTTP://WWW.MAVIMEDIC.COM
00014552,AVENIDA AV ALFREDO MENDIOLA 241 2DO PISO - URB INGENIERIA DISTRITO SAN MARTIN DE PORRES PROVINCIA LIMA DEPARTAMENTO LIMA,PRIVADO,MEDSALUD,"""http://maps.google.es/?q=-12.02939254%20-77.05809808,INSASU20191203120226.jpeg,""",CENTROS DE SALUD O CENTROS MEDICOS,MEDSALUD_SST@YAHOO.ES,-77.05809808,-12.02939254,
00032315,AVENIDA LAS LOMAS NÚMERO 305 PISO 1 MANZANA P-5 LOTE 27 URBANIZACIÓN ZARATE DISTRITO SAN JUAN DE LURIGANCHO PROVINCIA LIMA DEPARTAMENTO LIMA,PRIVADO,POLICLINICO LAS LOMAS,"""http://maps.google.es/?q=-12.0248327%20-76.9915574,INSASU20220417211020.jpg,""",POLICLINICOS,dr.kevinrojasg@gmail.com,-76.9915574,-12.0248327,
00005982,AVENIDA AV. 28 DE JULIO S/N CHOSICA S/N AV. 28 DE JULIO S/N CHOSICA LURIGANCHO LIMA LIMA,PUBLICO,CENTRO REFERENCIAL ESPECIALIZADO EN REHABILITACION Y TERAPIA FISICA DE CHOSICA,"""http://maps.google.es/?q=-11.9383224%20-76.6961291,INSASU20180817110800.jpg,INSASU20231102094847.jpg,INSASU20231102094855.jpg,""",CENTROS DE SALUD O CENTROS MEDICOS,rogerdante2010@hotmail.com,-76.6961291,-11.9383224,HTTP://www.dirislimaeste.gob.pe
00024122,JIRÓN REPÚBLICA DE LIBANO NÚMERO 101 URBANIZACIÓN LOS CEDROS DISTRITO SANTIAGO DE SURCO PROVINCIA LIMA DEPARTAMENTO LIMA,PRIVADO,MEDILACEL CENTRO MEDICO ESPECIALIZADO,"""http://maps.google.es/?q=-12.08429674%20-76.97884954,INSASU20210629220258.jpg,""",CENTROS MEDICOS ESPECIALIZADOS,servimedical.salud@gmail.com,-76.97884954,-12.08429674,
00005615,JIRÓN ESQUINA JIRON EL PASO Y JIRON EL PARALELO S/N - AAHH JUAN PABLO II S/N ESQUINA JIRON EL PASO Y JIRON EL PARALELO S/N - AAHH JUAN PABLO II SAN JUAN DE LURIGANCHO LIMA LIMA,PUBLICO,CENTRO DE SALUD SU SANTIDAD JUAN PABLO II,"""http://maps.google.es/?q=-11.9448193%20-76.9905243,INSASU20191128113433.jpg,""",CENTROS DE SALUD O CENTROS MEDICOS,csjuanpablo2@dirislimacentro.gob.pe,-76.9905243,-11.9448193,https://dirislimacentro.gob.pe/
00005813,CALLE CALLE 11 S/N - ASOCIACION DE  VIVIENDA RIO SANTA S/N CALLE 11 S/N - ASOCIACION DE  VIVIENDA RIO SANTA LOS OLIVOS LIMA LIMA,PUBLICO,CENTRO DE SALUD RIO SANTA,"""http://maps.google.es/?q=-11.94818503%20-77.0727773,INSASU20221005174853.jpg,""",CENTROS DE SALUD O CENTROS MEDICOS,PSRIOSANTA@HOTMAIL.COM,-77.0727773,-11.94818503,https://www.gob.pe/dirislimanorte
00005849,JIRÓN JR.LOS CHASQUIS CON YUPANQUIS (ANEXO AV. LOS AMAUTAS Nº 835) DISTRITO SAN JUAN DE LURIGANCHO PROVINCIA LIMA DEPARTAMENTO LIMA,PUBLICO,CENTRO DE SALUD ZARATE,"""http://maps.google.es/?q=-12.023286%20-76.994517,INSASU20181130132541.jpg,INSASU20181128142905.jpg,INSASU20181130132551.jpg,""",CENTROS DE SALUD O CENTROS MEDICOS,cszarate@dirislimacentro.gob.pe,-76.994517,-12.023286,http://dirislimacentro.gob.pe
00005998,AVENIDA AV. BUENOS AIRES DE VILLA S/N. NÚMERO S/N DISTRITO CHORRILLOS PROVINCIA LIMA DEPARTAMENTO LIMA,PUBLICO,CENTRO MATERNO INFANTIL BUENOS AIRES DE VILLA,"""http://maps.google.es/?q=-12.1887664%20-77.0048744,INSASU20180906091440.jpg,""",CENTROS DE SALUD CON CAMAS DE INTERNAMIENTO,jolugeme@gmail.com,-77.0048744,-12.1887664,
00006107,AVENIDA AV. PROLONGACION GABRIEL TORRES S/N. PAMPLONA ALTA NUMERO S/N DISTRITO SAN JUAN DE MIRAFLORES PROVINCIA LIMA DEPARTAMENTO LIMA,PUBLICO,CENTRO MATERNO INFANTIL OLLANTAY,"""http://maps.google.es/?q=-12.1358082%20-76.9635479,INSASU20180905111914.jpg,""",CENTROS DE SALUD CON CAMAS DE INTERNAMIENTO,jefe_cmi_ollantay@dirisls.pe,-76.9635479,-12.1358082,
00025226,AVENIDA JACARANDÁ NÚMERO S/N PISO 1 URBANIZACIÓN AAHH ENSENADA DISTRITO PUENTE PIEDRA PROVINCIA LIMA DEPARTAMENTO LIMA,PUBLICO,CENTRO DE SALUD MENTAL COMUNITARIO RENATO CASTRO DE LA MATA,"""http://maps.google.es/?q=-11.93531354%20-77.09345572,INSASU20230812153147.jpeg,""",CENTROS MEDICOS ESPECIALIZADOS,csmcrenatocastro@gmail.com,-77.09345572,-11.93531354,HTTP://WWW.DIRISLIMANORTE.GOB.PE
00027057,CALLE 37 NÚMERO S/N DISTRITO ANCON PROVINCIA LIMA DEPARTAMENTO LIMA,PUBLICO,CENTRO DE SALUD MENTAL COMUNITARIO RIJCHARIY (DESPIERTA),"""http://maps.google.es/?q=-11.8142111%20-77.1336228,INSASU20230616163155.jpeg,INSASU20230616172139.jpeg,""",CENTROS MEDICOS ESPECIALIZADOS,CSMC.RIJCHARIY@DIRISLIMANORTE.GOB.PE,-77.1336228,-11.8142111,http://www.dirislimanorte.gob.pe
00027621,AVENIDA SANTA ROSA 900 AL COSTADO DEL ALBERGUE DE LOS ANCIANOS VILLA MARINA VILLA MARIA DEL TRIUNFO LIMA LIMA,PUBLICO,CENTRO DE SALUD MENTAL COMUNITARIO  MONSEÑOR JOSE RAMON GURRUCHAGA,"""http://maps.google.es/?q=-12.161575%20-76.9382139,INSASU20221202163108.jpg,INSASU20221202163115.jpg,INSASU20221202163120.jpg,""",CENTROS MEDICOS ESPECIALIZADOS,cscmjrgurruchaga@gmail.com,-76.9382139,-12.161575,
00029266,JIRÓN GENERAL BUENDIA NUMERO 503 DISTRITO CHORRILLOS PROVINCIA LIMA DEPARTAMENTO LIMA,PUBLICO,CENTRO DE SALUD MENTAL COMUNITARIO CRL. SAN. WILELMO PEDRO ZORILLA HUAMAN,"""http://maps.google.es/?q=-12.15926994%20-77.0200131,INSASU20210301165243.jpeg,INSASU20210301165317.jpeg,""",CENTROS MEDICOS ESPECIALIZADOS,csmc.wilelmozorrilla@gmail.com,-77.0200131,-12.15926994,https://www.dirislimasur.gob.pe/
00029978,JIRÓN Jose Maria Pagador 137 Santa Luzmila COMAS LIMA LIMA,PUBLICO,Policlinico de Complejidad Creciente El Retablo - Comas,"""http://maps.google.es/?q=-11.95156344%20-77.05932385,INSASU20240813140824.jpeg,INSASU20240722122551.jpeg,""",POLICLINICOS,rocio.angulo@essalud.gob.pe,-77.05932385,-11.95156344,http://www.essalud.gob.pe
00030794,CALLE 14 DE NOVIEMBRE 326 HUACHO HUAURA LIMA,PUBLICO,CENTRO DE SALUD  MANZANARES,"""http://maps.google.es/?q=-11.1286261%20-77.6133144,INSASU20220105093104.jpg,INSASU20240212163405.jpg,INSASU20240212163409.jpg,""",CENTROS DE SALUD CON CAMAS DE INTERNAMIENTO,ulsis_csm@hotmail.com,-77.6133144,-11.1286261,
00035351,AVENIDA CARLOS IZAGUIRRE NÚMERO 1320 MANZANA C LOTE 04 URBANIZACIÓN LAS MARGARITAS DISTRITO SAN MARTIN DE PORRES PROVINCIA LIMA DEPARTAMENTO LIMA,PUBLICO,MUNAY KAWAY ( VIVIR EN ARMONIA ),"""http://maps.google.es/?q=-11.9814397%20-77.0969718,INSASU20240115095015.jpg,INSASU20240115095022.jpg,INSASU20240115095027.jpg,""",CENTROS DE SALUD O CENTROS MEDICOS,csmc.munaykaway@dirislimanorte.gob.pe,-77.0969718,-11.9814397,https://www.gob.pe/dirislimanorte
00035352,CALLE 7 DISTRITO INDEPENDENCIA PROVINCIA LIMA DEPARTAMENTO LIMA,PUBLICO,KAWSAY ( VIDA ),"""http://maps.google.es/?q=-11.9775316%20-77.051748,INSASU20240111153912.jpg,INSASU20240111153922.jpg,INSASU20240111153926.jpg,""",CENTROS DE SALUD O CENTROS MEDICOS,csmc.kawsay@dirislimanorte.gob.pe,-77.051748,-11.9775316,https://www.gob.pe/dirislimanorte
00035362,AVENIDA zaragosa O-4 22 PRO LOS OLIVOS LIMA LIMA,PUBLICO,QHALIKAY (SALUD ),"""http://maps.google.es/?q=-11.9430855%20-77.0745647,INSASU20240115142411.jpg,INSASU20240115142419.jpg,INSASU20240115142422.jpg,""",CENTROS DE SALUD O CENTROS MEDICOS,csmc.qhalikay@dirislimanorte.gob.pe,-77.0745647,-11.9430855,
00037258,CALLE CALLE 10 MZ. 189 LT. 39. P.J. P.M.V. CONFRATERNIDAD AAHH SAN MARTIN 2 189 39 CONFRATERNIDAD ESPALDA PARQUE SAN MARTIN POR CALLE ICARO. LOS OLIVOS LIMA LIMA,PUBLICO,CENTRO DE SALUD MENTAL COMUNITARIO SAN JOSE,"""http://maps.google.es/?q=-11.9613257%20-77.07922413,INSASU20250630173429.jpeg,INSASU20250630173434.jpeg,INSASU20250630173438.jpeg,""",CENTROS MEDICOS ESPECIALIZADOS,csmc.sanjose@dirislimanorte.gob.pe,-77.07922413,-11.9613257,
00037363,AVENIDA NICOLAS DE PIEROLA 1156 MANZANA M1 LOTE 15 PUEBLO JOVEN PRIMER HOGAR POLICIAL DISTRITO VILLA MARIA DEL TRIUNFO PROVINCIA LIMA DEPARTAMENTO LIMA,PUBLICO,CENTRO DE SALUD MENTAL COMUNITARIO YUYAY WASI,"""""",CENTROS MEDICOS ESPECIALIZADOS,cmscyuyaywasi@gmail.com,,,
00037371,OTROS SECTOR 02 GRUPO 07 MANZANA J LOTE 05 DISTRITO VILLA EL SALVADOR PROVINCIA LIMA DEPARTAMENTO LIMA,PUBLICO,CENTRO DE SALUD MENTAL COMUNITARIO LEON XIV,"""""",CENTROS MEDICOS ESPECIALIZADOS,JOSSELYNJ.C.23@GMAIL.COM,,,
00005701,CALLE CALLE FRANCISCO VIDAL  S/N -URB. 7 DE JUNIO S/N CALLE FRANCISCO VIDAL  S/N -URB. 7 DE JUNIO PARAMONGA BARRANCA LIMA,PUBLICO,"CENTRO DE SALUD PARAMONGA ""JOSÉ LUIS FLORES MALLQUI""","""http://maps.google.es/?q=-10.67996333%20-77.81635,Fotografia_5701_15858872_1463008477208.png,Fotografia_5701_15858872_1463008490758.png,Fotografia_5701_15858872_1463008519635.png,""",CENTROS DE SALUD CON CAMAS DE INTERNAMIENTO,MICRORED_PARAMONGA@HOTMAIL.COM,-77.81635,-10.67996333,HTTP://WWW.HOSPITALBARRANCA.GOB.PE
00005935,CARRETERA LAS RETAMAS 300 - CARRETERA CENTRAL KM. 23 LAS RETAMAS 300 - CARRETERA CENTRAL KM. 23 CHACLACAYO LIMA LIMA,PUBLICO,CESAR LOPEZ SILVA,"""http://maps.google.es/?q=-11.97466304%20-76.76043017,INSASU20190129164715.jpg,INSASU20190129164718.jpg,""",CENTROS DE SALUD O CENTROS MEDICOS,REPSIDE@HOTMAIL.COM,-76.76043017,-11.97466304,http://www.dirislimaeste.gob.pe
00006092,CALLE CALLE 7 ESQ. CALLE 4 MZ F LT 11 AAHH PORTADA DE MANCHAY DISTRITO PACHACAMAC PROVINCIA LIMA DEPARTAMENTO LIMA,PUBLICO,CENTRO DE SALUD PORTADA DE MANCHAY,"""http://maps.google.es/?q=-12.088974%20-76.8818267,INSASU20250214083523.jpeg,INSASU20250214083527.jpeg,INSASU20250214083529.jpeg,""",CENTROS DE SALUD O CENTROS MEDICOS,portadademanchay1@gmail.com,-76.8818267,-12.088974,
00006128,AVENIDA AV. TAHUANTINSUYO MZ U S/N SECTOR 10 AA.HH. EDILBERTO RAMOS NUMERO S/N DISTRITO VILLA EL SALVADOR PROVINCIA LIMA DEPARTAMENTO LIMA,PUBLICO,CENTRO DE SALUD EDILBERTO RAMOS,"""http://maps.google.es/?q=-12.209316%20-76.9351638,INSASU20251024105929.jpeg,INSASU20251024105932.jpeg,INSASU20251024105935.jpeg,""",CENTROS DE SALUD O CENTROS MEDICOS,MARIKIARA_19@HOTMAIL.COM,-76.9351638,-12.209316,
00009148,AVENIDA AV. MARISCAL LA MAR 1390 URB. SANTA CRUZ NÚMERO 1390 URBANIZACIÓN SANTA CRUZ DISTRITO MIRAFLORES PROVINCIA LIMA DEPARTAMENTO LIMA,PUBLICO,POLICLINICO SANTA CRUZ,"""http://maps.google.es/?q=-12.109051%20-77.0498521,INSASU20211028131327.JPG,INSASU20211028131347.JPG,""",POLICLINICOS,NELLY.CASTRO@ESSALUD.GOB.PE,-77.0498521,-12.109051,HTTP://WWW.ESSALUD.GOB.PE
00015285,AVENIDA AREQUIPA 150 BARRANCA BARRANCA LIMA,PRIVADO,CENTRO MEDICO GOMEZ,"""http://maps.google.es/?q=-10.7531093%20-77.7611014,INSASU20190802162323.jpg,""",POLICLINICOS,JORGEAMORETTI72@GMAIL.COM,-77.7611014,-10.7531093,
00016357,"CALLE CALLE ""A""  MZ ""D"" LOTE 13 Y 14 - URB. PANAMERICANA DISTRITO INDEPENDENCIA PROVINCIA LIMA DEPARTAMENTO LIMA",PUBLICO,CENTRO DE ATENCION PRIMARIA III INDEPENDENCIA - RPA - ESSALUD,"""http://maps.google.es/?q=-11.9926724%20-77.0617451,INSASU20210910145658.jpeg,INSASU20210910145701.jpg,""",POLICLINICOS,luis.delaflor@essalud.gob.pe,-77.0617451,-11.9926724,HTTP://WWW.ESSALUD.GOB.PE
00021104,AVENIDA AV. SAN MARTÍN CDA. 5 S/N- URB. SANTA ISABEL S/N CARABAYLLO LIMA LIMA,PUBLICO,CENTRO DE SALUD MENTAL COMUNITARIO CARABAYLLO,"""http://maps.google.es/?q=-11.90138924%20-77.03373058,INSASU20180620160339.jpg,INSASU20180620160347.jpg,INSASU20180620160354.jpg,""",CENTROS DE SALUD O CENTROS MEDICOS,ajeanrro@yahoo.es,-77.03373058,-11.90138924,http://dirislimanorte.gob.pe
00024374,CALLE SAN RODOLFO PISO 1 NUMERO 441 DISTRITO CHORRILLOS PROVINCIA LIMA DEPARTAMENTO LIMA,PUBLICO,CENTRO DE SALUD MENTAL COMUNITARIO NANCY REYES BAHAMONDE,"""http://maps.google.es/?q=-12.19191626%20-77.00966007,INSASU20231010123536.jpeg,INSASU20231010123538.jpeg,INSASU20231010123540.jpeg,""",CENTROS MEDICOS ESPECIALIZADOS,csmcnancyreyes@gmail.com,-77.00966007,-12.19191626,
00026282,OTROS SECTOR 6 GRUPO  5 MANZANA I LOTE 19 DISTRITO VILLA EL SALVADOR PROVINCIA LIMA DEPARTAMENTO LIMA,PUBLICO,CENTRO DE SALUD MENTAL COMUNITARIO VILLA EL SALVADOR,"""http://maps.google.es/?q=-12.21787811%20-76.9492093,INSASU20230209180318.jpg,INSASU20230209180320.jpg,INSASU20230209180322.jpg,""",CENTROS MEDICOS ESPECIALIZADOS,vescsmc@gmail.com,-76.9492093,-12.21787811,
00027711,JIRÓN ANTONIO BAZO CDRA. 12 S/N CRUCE DE JIRÓN ANTONIO BAZO Y JIRÓN BÉLGICA LA VICTORIA LIMA LIMA,PUBLICO,Centro de Salud Mental Comunitario La Victoria,"""http://maps.google.es/?q=-12.071416%20-77.01337496,INSASU20231214103000.jpg,INSASU20231214103005.jpg,INSASU20231214103007.jpg,""",CENTROS DE SALUD O CENTROS MEDICOS,csmclavictoria@dirislimacentro.gob.pe,-77.01337496,-12.071416,
00027883,JIRÓN Francisco Bolognesi NÚMERO 330 MANZANA C2 LOTE 14 DISTRITO VILLA MARIA DEL TRIUNFO PROVINCIA LIMA DEPARTAMENTO LIMA,PRIVADO,POLICLINICO IMAGEN MEDICA,"""http://maps.google.es/?q=-12.1417827%20-76.9379903,INSASU20190507103259.jpg,""",POLICLINICOS,juanvargasperu@hotmail.com,-76.9379903,-12.1417827,http://www.clinicaimagenmedica.es.tl
00028401,JIRÓN GERMAN AMEZAGA 375 Al lado de la clinica universitaria UNMSM LIMA LIMA LIMA,PUBLICO,CENTRO DE SALUD MENTAL COMUNITARIO UNIVERSITARIO SAN MARCOS,"""http://maps.google.es/?q=-12.0556519%20-77.08246864,INSASU20231215152854.jpeg,INSASU20231215152900.jpeg,INSASU20231215152902.jpeg,""",CENTROS MEDICOS ESPECIALIZADOS,csmcusanmarcos@dirislimacentro.gob.pe,-77.08246864,-12.0556519,https://dirislimacentro.gob.pe/
00032240,AVENIDA LAS FLORES NÚMERO S/N PISO 1 DISTRITO SANTA MARIA PROVINCIA HUAURA DEPARTAMENTO LIMA,PRIVADO,SERVICIOS MEDICOS CLINICA MAD,"""http://maps.google.es/?q=-11.0940627%20-77.5853353,INSASU20221129111224.jpeg,INSASU20221129111413.jpeg,INSASU20221129111422.jpeg,""",CENTROS DE SALUD O CENTROS MEDICOS,MEDICOSADOMICILIOSOS@GMAIL.COM,-77.5853353,-11.0940627,
00033826,OTROS SECTOR A  BRISAS DE SANTA ROSA 1RA ETAPA  MZ. M LTE. 01 DISTRITO SAN MARTIN DE PORRES PROVINCIA LIMA DEPARTAMENTO LIMA,PUBLICO,CENTRO DE SALUD MENTAL COMUNITARIO JOSEPH GERARD RUYS,"""http://maps.google.es/?q=-11.9640658%20-77.0801899,INSASU20230316125648.jpg,INSASU20230316125659.jpg,INSASU20230316133424.jpg,""",CENTROS DE SALUD O CENTROS MEDICOS,csmc.jgr.smp@gmail.com,-77.0801899,-11.9640658,
00034038,OTROS ASOCIACION DE VIVIENDA TRADICIONES RICARDO PALMA  MZ G LTE 17 DISTRITO SAN JUAN DE MIRAFLORES PROVINCIA LIMA DEPARTAMENTO LIMA,PUBLICO,CENTRO DE SALUD MENTAL COMUNITARIO RICARDO PALMA,"""http://maps.google.es/?q=-12.1851036%20-76.9615319,INSASU20231214075508.jpg,INSASU20231214075509.jpg,INSASU20231214075511.jpg,""",CENTROS MEDICOS ESPECIALIZADOS,csmcricardopalma@gmail.com,-76.9615319,-12.1851036,
00034455,AVENIDA 2 DE MAYO NUMERO 251 A PISO 1 DISTRITO HUACHO PROVINCIA HUAURA DEPARTAMENTO LIMA,PRIVADO,ELIGLA SALUD,"""http://maps.google.es/?q=-11.1276241%20-77.6128694,INSASU20240119131714.jpg,INSASU20240119131717.jpg,INSASU20240119131720.jpg,""",CENTROS DE SALUD O CENTROS MEDICOS,corporacioneligla@gmail.com,-77.6128694,-11.1276241,
00035252,OTROS LAS ORQUIDEAS MANZANA N1 LOTE 1 DE LA URBANIZACION SAN IGNACIO DE  MONTERRICO DISTRITO SANTIAGO DE SURCO PROVINCIA LIMA DEPARTAMENTO LIMA,PUBLICO,CENTRO DE SALUD MENTAL COMUNITARIO SAN IGNACIO DE SURCO,"""""",CENTROS DE SALUD O CENTROS MEDICOS,csmcsanignaciodesurco@gmail.com,,,
00035717,AVENIDA AV LA PAZ 2008 1 SAN MIGUEL LIMA LIMA,PUBLICO,CENTRO DE SALUD MENTAL COMUNITARIO EXCELENCIA SAN MIGUEL,"""http://maps.google.es/?q=-12.08178235%20-77.10132729,INSASU20240409094023.jpeg,INSASU20240409094030.jpeg,INSASU20240409094035.jpeg,""",CENTROS MEDICOS ESPECIALIZADOS,csmcsanmiguel@dirislimacentro.gob.pe,-77.10132729,-12.08178235,
00035803,CALLE JOSE T. GARCIA NUMERO 281 DISTRITO HUACHO PROVINCIA HUAURA DEPARTAMENTO LIMA,PRIVADO,"CENTRO MEDICO FAMILIAR ""ROLDAN""","""http://maps.google.es/?q=-11.1227218%20-77.6105679,INSASU20240614172737.jpg,INSASU20240614172741.jpg,INSASU20240614172745.jpg,""",CENTROS MEDICOS ESPECIALIZADOS,grusver75@hotmail.com,-77.6105679,-11.1227218,
00027244,OTROS ASENTAMIENTO HUMANO SOL NACIENTE L3 1 FRENTE A LA IEP 8190 CARABAYLLO LIMA LIMA,PUBLICO,CENTRO DE SALUD MENTAL COMUNITARIO ASIRI (SONRISA),"""http://maps.google.es/?q=-11.88022536%20-76.99734605,INSASU20190909172417.jpg,""",CENTROS MEDICOS ESPECIALIZADOS,CSMC.ASIRI.JEFATURA@GMAIL.COM,-76.99734605,-11.88022536,HTTP://WWW.DIRIS.GOB.PE
00027622,OTROS SECTOR 2 GRUPO 6 MZ R LOTE 1 AL 4 DISTRITO VILLA EL SALVADOR PROVINCIA LIMA DEPARTAMENTO LIMA,PUBLICO,CENTRO DE SALUD MENTAL COMUNITARIO EL SOL DE VILLA,"""http://maps.google.es/?q=-12.2013211%20-76.9423404,INSASU20240823101239.jpg,INSASU20240823120951.jpeg,INSASU20240823120955.jpeg,""",CENTROS DE SALUD O CENTROS MEDICOS,danielysidro@gmail.com,-76.9423404,-12.2013211,
00029480,AVENIDA BUENOS AIRES 77 ALTURA DE LA COMISARÍA DE PUENTE PIEDRA PUENTE PIEDRA LIMA LIMA,PUBLICO,CENTRO DE SALUD MENTAL COMUNITARIO QISPIKAY,"""""",CENTROS MEDICOS ESPECIALIZADOS,csmc.qispikay@gmail.com,,,
00029806,AVENIDA 9 DE OCTUBRE NÚMERO 459 URBANIZACIÓN 3 COMPUERTAS DISTRITO SAN JUAN DE LURIGANCHO PROVINCIA LIMA DEPARTAMENTO LIMA,PRIVADO,AUTOVIAS SEGURAS S.A.C.,"""http://maps.google.es/?q=-12.03569234%20-77.01308794,INSASU20240617100304.jpeg,INSASU20240617100310.jpeg,INSASU20240617100312.jpeg,""",POLICLINICOS,autoviasseguras@gmail.com,-77.01308794,-12.03569234,
00030843,"AVENIDA 26 DE NOVIEMBRE N 1516, LOTE 4, MANZANA 85,  P.J. NUEVA ESPERANZA, ZONA NUEVA ESPERANZA DISTRITO VILLA MARIA DEL TRIUNFO PROVINCIA LIMA DEPARTAMENTO LIMA",PRIVADO,CENTRO MEDICO MEDICAL HOPE,"""http://maps.google.es/?q=-12.1687055%20-76.9271853,INSASU20210620094350.jpg,INSASU20210618211916.jpg,INSASU20210620094406.jpg,""",CENTROS DE SALUD O CENTROS MEDICOS,drlaap@gmail.com,-76.9271853,-12.1687055,
00005780,AVENIDA AV. TUPAC AMARU S/N S/N AV. TUPAC AMARU S/N SAYAN HUAURA LIMA,PUBLICO,SAYAN,"""http://maps.google.es/?q=-11.13198166%20-77.19341667,Fotografia_5780_40714050_1461695434128.png,Fotografia_5780_40714050_1461695473465.png,Fotografia_5780_40714050_1461695509794.png,""",CENTROS DE SALUD O CENTROS MEDICOS,CENTRODESALUDSAYAN@HOTMAIL.COM,-77.19341667,-11.13198166,HTTP://WWW.HDHUACHO.GOB.PE
00005812,"JIRÓN JR. TURQUESAS S/N°, PARQUE 8, ASOCIACION DE VIVIENDA EL ROSARIO DEL NORTE S/N JR. TURQUESAS S/N°, PARQUE 8, ASOCIACION DE VIVIENDA EL ROSARIO DEL NORTE SAN MARTIN DE PORRES LIMA LIMA",PUBLICO,CENTRO DE SALUD SAN JUAN DE SALINAS,"""http://maps.google.es/?q=-11.9841531%20-77.0853237,INSASU20181108130624.jpg,INSASU20181108130632.jpg,""",CENTROS DE SALUD O CENTROS MEDICOS,cs.sanjuan.desalinas@gmail.com,-77.0853237,-11.9841531,http://www.dirislimanorte.gob.pe
00005985,JIRÓN JR. ALFONSO UGARTE Y SANCHEZ CERRO S/N NÚMERO S/N DISTRITO SURCO PROVINCIA HUAROCHIRI DEPARTAMENTO LIMA,PUBLICO,SAN GERONIMO DE SURCO,"""http://maps.google.es/?q=-11.88487356%20-76.44029406,Fotografia_5985_15735291_1460726188319.png,Fotografia_5985_15735291_1460726212264.png,Fotografia_5985_15735291_1460726235429.png,""",CENTROS DE SALUD O CENTROS MEDICOS,REDHUAROCHIRI@YAHOO.ES,-76.44029406,-11.88487356,HTTP://WWW.RSH.GOB.PE
00006106,AVENIDA VILLA SOLIDARIDAD O10 1 SECTOR VILLA SAN LUIS Y JOSÉ C. MARIÁTEGUI  VILLA SAN LUIS SAN JUAN DE MIRAFLORES LIMA LIMA,PUBLICO,CENTRO DE SALUD VILLA SAN LUIS,"""http://maps.google.es/?q=-12.1426786%20-76.9708795,INSASU20240821101815.jpeg,INSASU20231201104204.jpeg,INSASU20240821101819.jpeg,""",CENTROS DE SALUD O CENTROS MEDICOS,judithenciso264@hotmail.com,-76.9708795,-12.1426786,
00027247,"AVENIDA NARANJAL 1379 A UNA CUADRA DE LA AVENIDA UNIVERSITARIA, CUADRA 49 LOS OLIVOS LIMA LIMA",PUBLICO,CENTRO DE SALUD MENTAL COMUNITARIO ILLARIMUN (AMANECER),"""http://maps.google.es/?q=-11.9773149%20-77.0810609,INSASU20190912124530.jpg,""",CENTROS MEDICOS ESPECIALIZADOS,DERTOEM@OUTLOOK.COM,-77.0810609,-11.9773149,HTTP://WWW.DIRISLIMANORTE.GOB.PE
00029478,CALLE VIRREYES 205 EL MANZANO VETERINARIA MUNICIPAL DEL RIMAC RIMAC LIMA LIMA,PUBLICO,CENTRO DE SALUD MENTAL COMUNITARIO SAMAY,"""http://maps.google.es/?q=-12.02941578%20-77.02954497,INSASU20210303103311.jpeg,INSASU20210303103416.jpeg,INSASU20210303103423.jpeg,""",CENTROS MEDICOS ESPECIALIZADOS,cynthia18288@gmail.com,-77.02954497,-12.02941578,http://www.dirislimanorte.gob.pe/
00036695,JIRÓN BRIGADIER MATEO PUMACAHUA 1048 1054 FRENTE A RENIEC - SEDE ADMINISTRATIVA JESUS MARIA LIMA LIMA,PUBLICO,CENTRO DE SALUD MENTAL COMUNITARIO JESUS MARIA,"""http://maps.google.es/?q=-12.0727272%20-77.0434574,INSASU20250319122628.jpg,INSASU20250319122631.jpg,INSASU20250319122635.jpg,""",CENTROS DE SALUD O CENTROS MEDICOS,csmcjesusmaria@dirislimacentro.gob.pe,-77.0434574,-12.0727272,
00037257,JIRÓN TAMARINDOS NUMERO 339 PISO 2 MANZANA Z LOTE 25 URBANIZACION LOS JARDINES DISTRITO SAN MARTIN DE PORRES PROVINCIA LIMA DEPARTAMENTO LIMA,PUBLICO,CENTRO DE SALUD MENTAL COMUNITARIO SAN CARLOS,"""http://maps.google.es/?q=-12.01394342%20-77.05522678,INSASU20250617091100.jpg,INSASU20250617091111.jpg,INSASU20250617091117.jpg,""",CENTROS MEDICOS ESPECIALIZADOS,csmc.sancarlos@gmail.com,-77.05522678,-12.01394342,
00037361,"CALLE 4 Nº 184 MZ. C LT. 16G, URB. LA LIBERTAD SANTIAGO DE SURCO LIMA LIMA",PUBLICO,CENTRO DE SALUD MENTAL COMUNITARIO VIKTOR FRANKL,"""http://maps.google.es/?q=-12.1691656%20-76.9944168,INSASU20250912155447.jpg,INSASU20250912155451.jpg,INSASU20250912155455.jpg,""",CENTROS MEDICOS ESPECIALIZADOS,schumbile@dirislimasur.gob.pe,-76.9944168,-12.1691656,
00037362,JIRÓN JULIO BELLIDO Nº 1156 DISTRITO SAN JUAN DE MIRAFLORES PROVINCIA LIMA DEPARTAMENTO LIMA,PUBLICO,CENTRO DE SALUD MENTAL COMUNITARIO QHALI KAY,"""http://maps.google.es/?q=-12.1626422%20-76.9612568,INSASU20250925145242.jpg,INSASU20250925145321.jpg,INSASU20250925145419.jpg,""",CENTROS MEDICOS ESPECIALIZADOS,psicologacmg83@gmail.com,-76.9612568,-12.1626422,
00037588,"AVENIDA UNIVERSITARIA 6901 6905 P 13 SANTA LUZMILA FRENTE A LA ESTACION DEL METROPOLITANO LOS ANGELES, ENTRE AV. UNIVERSITARIA Y AV. GUILLERMO LA FUENTE, AL COSTADO DE FINANCIERA COMPARTAMOS COMAS LIMA LIMA",PUBLICO,CENTRO DE SALUD MENTAL COMUNITARIO SAN GABRIEL,"""""",CENTROS MEDICOS ESPECIALIZADOS,csmcsangabriel@dirislimanorte.gob.pe,,,
00005620,AVENIDA AV. EL PARQUE S/N -URB. SAN RAFAEL S/N AV. EL PARQUE S/N -URB. SAN RAFAEL SAN JUAN DE LURIGANCHO LIMA LIMA,PUBLICO,CENTRO DE SALUD MEDALLA MILAGROSA,"""http://maps.google.es/?q=-11.9767362%20-77.0058047,INSASU20181017124819.jpg,INSASU20181017124823.jpg,INSASU20181017124825.jpg,""",CENTROS DE SALUD O CENTROS MEDICOS,csmedallamilagrosa@dirislimacentro.gob.pe,-77.0058047,-11.9767362,
00005801,"OTROS MZ H1 LOTE S/N, SECTOR A - AAHH LOS OLIVOS DE PRO NÚMERO S/N DISTRITO LOS OLIVOS PROVINCIA LIMA DEPARTAMENTO LIMA",PUBLICO,LOS OLIVOS DE PRO,"""http://maps.google.es/?q=-11.9510556%20-77.0843759,INSASU20231219143349.jpeg,INSASU20231219143400.jpeg,""",CENTROS DE SALUD O CENTROS MEDICOS,centrolosolivosdepro@gmail.com,-77.0843759,-11.9510556,http://www.dirislimanorte.gob.pe/
00006054,CALLE CALLE GENERAL VARELLA S/N NÚMERO S/N DISTRITO YAUYOS PROVINCIA YAUYOS DEPARTAMENTO LIMA,PUBLICO,YAUYOS,"""http://maps.google.es/?q=%20,Fotografia_6054_40971554_1460550037400.png,Fotografia_6054_40971554_1460550081928.png,Fotografia_6054_40971554_1460550121111.png,""",CENTROS DE SALUD CON CAMAS DE INTERNAMIENTO,CS.YAUYOS@DRSCY.GOB.PE,-75.91637233,-12.45902404,HTTP://WWW.DRSCY.GOB.PE
00007734,AVENIDA PROLONGACIÓN DEFENSORES DEL MORRO CUADRA 2 S/N CHORRILLOS LIMA LIMA,PUBLICO,INSTITUTO NACIONAL DE REHABILITACION DRA. ADRIANA REBAZA FLORES - AMISTAD PERU-JAPON,"""http://maps.google.es/?q=-12.1919375%20-77.0031875,INSASU20240913154905.jpg,INSASU20240913154921.jpg,INSASU20240913154925.jpg,""",HOSPITALES O CLINICAS DE ATENCION ESPECIALIZADA,DG@ING.GOB.PE,-77.0031875,-12.1919375,http://www.inr.gob.pe
00008453,CALLE CALLE 5 Nº 242-262 URB CORPAC DISTRITO SAN ISIDRO PROVINCIA LIMA DEPARTAMENTO LIMA,PRIVADO,IPC SALUD,"""http://maps.google.es/?q=-12.09127176%20-77.01763925,INSASU20230904154929.jpeg,INSASU20241204124220.jpeg,INSASU20241204124225.jpeg,""",POLICLINICOS,MCHAVEZ@CPGROUP-PERU.COM,-77.01763925,-12.09127176,https://www.ipcsalud.com/
00016683,OTROS SECTOR 6 GRUPO 7 MZ A DISTRITO VILLA EL SALVADOR PROVINCIA LIMA DEPARTAMENTO LIMA,PRIVADO,POLICLINICO PARROQUIAL DE TERAPIA FISICA Y REHABILITACION MADRE DE DIOS,"""http://maps.google.es/?q=-12.2228183%20-76.94644057,INSASU20220816171128.jpg,INSASU20220816171132.jpg,INSASU20220816171136.jpg,""",POLICLINICOS,blancaleon18@hotmail.com,-76.94644057,-12.2228183,
00006124,OTROS SECTOR IV MZ B1 LT S/N 1RA. ETAPA URB.PACHACAMAC NUMERO S/N DISTRITO VILLA EL SALVADOR PROVINCIA LIMA DEPARTAMENTO LIMA,PUBLICO,CENTRO MATERNO INFANTIL CESAR LOPEZ SILVA,"""http://maps.google.es/?q=-12.2301776%20-76.923745,INSASU20240223150930.jpg,INSASU20240223150934.jpg,INSASU20240223150937.jpg,""",CENTROS DE SALUD CON CAMAS DE INTERNAMIENTO,cesarlopezsilva_36@outlook.com,-76.923745,-12.2301776,
00024177,"JIRÓN 18 DE ENERO 163 -165, URB. CARABAYLLO II ETAPA, SECTOR F COMAS LIMA LIMA",PRIVADO,PERIMEDIC,"""http://maps.google.es/?q=-11.97195313%20-77.05949128,INSASU20201231171226.jpg,INSASU20201231171231.jpg,INSASU20201231171239.jpg,""",CENTROS DE SALUD CON CAMAS DE INTERNAMIENTO,perimedic_01@hotmail.com,-77.05949128,-11.97195313,
00034754,AVENIDA SUCRE NÚMERO 1136 DISTRITO MAGDALENA DEL MAR PROVINCIA LIMA DEPARTAMENTO LIMA,PRIVADO,CEO SALUD,"""http://maps.google.es/?q=-12.0878946%20-77.0688634,INSASU20230821122846.jpeg,INSASU20230816175400.jpeg,INSASU20230821122748.jpeg,""",CENTROS MEDICOS ESPECIALIZADOS,juliau18@hotmail.com,-77.0688634,-12.0878946,
00035894,AVENIDA ALFREDO BENAVIDES NUMERO 4055 MANZANA D LOTE 4 URBANIZACION CHAMA DISTRITO SANTIAGO DE SURCO PROVINCIA LIMA DEPARTAMENTO LIMA,PRIVADO,CENTRO MEDICO MEDLINE FISIO,"""http://maps.google.es/?q=-12.1281185%20-76.9930465,INSASU20240831154854.jpeg,INSASU20240831154858.jpeg,INSASU20240831154903.jpeg,""",CENTROS DE SALUD O CENTROS MEDICOS,medlinefisio9@gmail.com,-76.9930465,-12.1281185,
00005686,AVENIDA AV. ANCASH S/N S/N AV. ANCASH S/N HUAURA HUAURA LIMA,PUBLICO,SOCORRO,"""http://maps.google.es/?q=-11.07070039%20-77.60574933,Fotografia_5686_40714050_1461178861518.png,Fotografia_5686_40714050_1461178888745.png,Fotografia_5686_40714050_1461178925765.png,""",CENTROS DE SALUD O CENTROS MEDICOS,CMIELSOCORRO@HOTMAIL.COM,-77.60574933,-11.07070039,HTTP://WWW.HDHUACHO.GOB.PE
00005766,AVENIDA AV GUILLERMO DE LA FUENTE CUADRA 2 S/N - URB SANTA LUZMILA 1° ETAPA NÚMERO S/N DISTRITO COMAS PROVINCIA LIMA DEPARTAMENTO LIMA,PUBLICO,SANTA LUZMILA I,"""http://maps.google.es/?q=-11.9416876%20-77.0636501,INSASU20231009143319.jpeg,INSASU20231009143322.jpeg,INSASU20231009143325.jpeg,""",CENTROS DE SALUD O CENTROS MEDICOS,cs.santaluzmilaIdirislimanorte@gob.pe,-77.0636501,-11.9416876,http://www.dirislimanorte.gob.pe/
00005793,"JIRÓN JR CAJABAMBA S/N, 3ERA CUADRA - URB POPULAR TUPAC AMARU S/N JR CAJABAMBA S/N, 3ERA CUADRA - URB POPULAR TUPAC AMARU INDEPENDENCIA LIMA LIMA",PUBLICO,TUPAC AMARU,"""http://maps.google.es/?q=-11.9722396%20-77.045511,INSASU20181204155422.jpg,INSASU20181204155425.jpg,""",CENTROS DE SALUD O CENTROS MEDICOS,drleonardoanapan@gmail.com,-77.045511,-11.9722396,http://www.dirislimanorte.gob.pe
00005853,PARQUE CL VIRU S/N PARQUE 4-COOP. CHANCAS DE ANDAHUAYLAS - SANTA ANITA S/N CL VIRU S/N PARQUE 4-COOP. CHANCAS DE ANDAHUAYLAS - SANTA ANITA SANTA ANITA LIMA LIMA,PUBLICO,CHANCAS DE ANDAHUAYLAS,"""http://maps.google.es/?q=-12.0356921%20-76.9640255,INSASU20190215214510.jpg,INSASU20221011114954.jpg,INSASU20221011115001.jpg,""",CENTROS DE SALUD O CENTROS MEDICOS,barryguillermop@gmail.com,-76.9640255,-12.0356921,http://www.dirislimaeste.gob.pe
00005861,AVENIDA AV.INDEPENDENCIA S/N CRA.5-AAHH. MOYOPAMPA NUMERO S/N DISTRITO LURIGANCHO PROVINCIA LIMA DEPARTAMENTO LIMA,PUBLICO,MOYOPAMPA,"""http://maps.google.es/?q=-11.9246888%20-76.6847591,INSASU20241023093525.jpeg,INSASU20241023093530.jpeg,INSASU20241023093535.jpeg,""",CENTROS DE SALUD O CENTROS MEDICOS,johannasuarezalarcon@gmail.com,-76.6847591,-11.9246888,
00005885,AVENIDA AV. 15 DE JULIO S/N ÁREA DE SERV. ZONA K HUAYCAN S/N AV. 15 DE JULIO S/N ÁREA DE SERV. ZONA K HUAYCAN ATE LIMA LIMA,PUBLICO,SEÑOR DE LOS MILAGROS,"""http://maps.google.es/?q=-12.0265333%20-76.8226607,INSASU20240905123316.jpeg,INSASU20240905123323.jpeg,INSASU20240905123332.jpeg,""",CENTROS DE SALUD O CENTROS MEDICOS,imilourdes@hotmail.com,-76.8226607,-12.0265333,http://www.dirislimaeste.gob.pe
00005898,OTROS LOS  CANARIOS MZ O2 LOTE 5 - LURIGANCHO CHOSICA LOS  CANARIOS MZ O2 LOTE 5 - LURIGANCHO CHOSICA LURIGANCHO LIMA LIMA,PUBLICO,SANTA MARIA DE HUACHIPA,"""http://maps.google.es/?q=-11.9513258%20-76.7318135,INSASU20180801111535.jpg,INSASU20180801111542.jpg,INSASU20180801111546.jpg,""",CENTROS DE SALUD O CENTROS MEDICOS,ACTUALIZAR@MINSA.GOB.PE,-76.7318135,-11.9513258,http://www.dirislimaeste.gob.pe/
00005918,AVENIDA AV. INCA RIPAC N° 229 ( ALT. 8 Y 9 DE RIVA AGÜERO) AV. INCA RIPAC N° 229 ( ALT. 8 Y 9 DE RIVA AGÜERO) EL AGUSTINO LIMA LIMA,PUBLICO,MADRE TERESA  CALCUTA,"""http://maps.google.es/?q=-12.0511536%20-77.0049229,INSASU20180723125541.jpg,""",CENTROS DE SALUD O CENTROS MEDICOS,centrodesaludcalcuta@gmail.com,-77.0049229,-12.0511536,HTTP://www.dirislimaeste.gob.pe
00005919,CALLE CALLE GONZÁLES DE FANNING 180 ( CERCA AL CE 076)EL AGUSTINO CALLE GONZÁLES DE FANNING 180 ( CERCA AL CE 076)EL AGUSTINO EL AGUSTINO LIMA LIMA,PUBLICO,CATALINA HUANCA,"""http://maps.google.es/?q=-12.0512135%20-76.9954453,INSASU20180720122812.jpg,INSASU20240122111555.jpg,INSASU20240122111600.jpg,""",CENTROS DE SALUD O CENTROS MEDICOS,ceb251@hotmail.com,-76.9954453,-12.0512135,http://www.dirislimaeste.gob.pe
00005929,PARQUE MZA. V- AAHH M. BASTIDAS - PARQUE CENTRAL MZA. V- AAHH M. BASTIDAS - PARQUE CENTRAL ATE LIMA LIMA,PUBLICO,MICAELA BASTIDAS,"""http://maps.google.es/?q=-12.04457%20-76.931598,INSASU20180602112345.jpg,INSASU20180602112353.jpg,INSASU20180602112359.jpg,""",CENTROS DE SALUD O CENTROS MEDICOS,csmicaelabastidas.ate@gmail.com,-76.931598,-12.04457,http://www.dirisle.gob.pe
00005932,CALLE CALLE 7 ESQ.CALLE 8 S/N - ASOC. POBLADORES SAN ANTONIO S/N CALLE 7 ESQ.CALLE 8 S/N - ASOC. POBLADORES SAN ANTONIO ATE LIMA LIMA,PUBLICO,SAN ANTONIO,"""http://maps.google.es/?q=-12.0294635%20-76.9063862,INSASU20191209093024.jpg,INSASU20191209093027.jpg,INSASU20191209093029.jpg,""",CENTROS DE SALUD O CENTROS MEDICOS,cssanantonio.rishuaycan@gmail.com,-76.9063862,-12.0294635,http://www.dirislimaeste.gob.pe
00005944,OTROS MZ D LOTE 2 C.POB. VIRGEN DEL CARMEN LA ERA-LURIGANCHO-CHOSICA MZ D LOTE 2 C.POB. VIRGEN DEL CARMEN LA ERA-LURIGANCHO-CHOSICA LURIGANCHO LIMA LIMA,PUBLICO,VIRGEN DEL CARMEN - LA ERA,"""http://maps.google.es/?q=-11.9846891%20-76.8374379,INSASU20180726101545.jpg,INSASU20230331093537.jpg,INSASU20230331093546.jpg,""",CENTROS DE SALUD O CENTROS MEDICOS,c_s_era@hotmail.com,-76.8374379,-11.9846891,http://www.dirislimaeste.gob.pe
00005989,AVENIDA GRAU NUMERO 198 DISTRITO BARRANCO PROVINCIA LIMA DEPARTAMENTO LIMA,PUBLICO,CENTRO DE SALUD GAUDENCIO BERNASCONI,"""http://maps.google.es/?q=-12.1504676%20-77.0204924,INSASU20250213135850.jpeg,INSASU20250213135853.jpeg,INSASU20250213135856.jpeg,""",CENTROS DE SALUD O CENTROS MEDICOS,javier_ds76@hotmail.com,-77.0204924,-12.1504676,
00006012,CALLE CALLE MIRAFLORES S/N S/N CALLE MIRAFLORES S/N NUEVO IMPERIAL CAÑETE LIMA,PUBLICO,NUEVO IMPERIAL,"""http://maps.google.es/?q=-13.07756808%20-76.31765658,Fotografia_6012_41461812_1460127255497.png,Fotografia_6012_41461812_1460127292766.png,Fotografia_6012_41461812_1460127359451.png,""",CENTROS DE SALUD O CENTROS MEDICOS,csnuevoimperial@drscy.gob.pe,-76.31765658,-13.07756808,HTTP://WWW.DRSCY.GOB.PE
00006029,JIRÓN JR. SUCRE Nº 334 DISTRITO IMPERIAL PROVINCIA CAÑETE DEPARTAMENTO LIMA,PUBLICO,IMPERIAL,"""http://maps.google.es/?q=-13.06006493%20-76.35227733,Fotografia_6029_41461812_1460147338981.png,Fotografia_6029_41461812_1460147375739.png,Fotografia_6029_41461812_1460147392200.png,""",CENTROS DE SALUD O CENTROS MEDICOS,csimperial@drscy.gob.pe,-76.35227733,-13.06006493,HTTP://WWW.DRSCY.GOB.PE
00006036,CALLE CALLE SANTA BARBARA S/N S/N CALLE SANTA BARBARA S/N SAN LUIS CAÑETE LIMA,PUBLICO,SAN LUIS,"""http://maps.google.es/?q=-13.05542556%20-76.42834657,Fotografia_6036_41461812_1460135000883.png,Fotografia_6036_41461812_1460135034159.png,Fotografia_6036_41461812_1460135081745.png,""",CENTROS DE SALUD O CENTROS MEDICOS,CS.SAN.LUIS@DRSCY.GOB.PE,-76.42834657,-13.05542556,HTTP://WWW.DRSCY.GOB.PE
00006115,PASAJE PSJE. SAN JUAN S/N ZONA A (JUNTO COMISARÍA SJM) S/N PSJE. SAN JUAN S/N ZONA A (JUNTO COMISARÍA SJM) SAN JUAN DE MIRAFLORES LIMA LIMA,PUBLICO,CENTRO DE SALUD SAN JUAN DE MIRAFLORES,"""http://maps.google.es/?q=-12.1574558%20-76.9751522,INSASU20180910161541.jpg,""",CENTROS DE SALUD O CENTROS MEDICOS,richard_huaman62@yahoo.com,-76.9751522,-12.1574558,
00006170,JIRÓN JR. ANTONIO RAYMONDI 220 PRIMER PISO DISTRITO LA VICTORIA PROVINCIA LIMA DEPARTAMENTO LIMA,PUBLICO,CENTRO DE SALUD MAX ARIAS SCHREIBER,"""http://maps.google.es/?q=-12.0608274%20-77.03213,INSASU20180615104035.jpg,INSASU20180615104130.jpg,INSASU20180615104140.jpg,""",CENTROS DE SALUD O CENTROS MEDICOS,csmaxarias@dirislimacentro.gob.pe,-77.03213,-12.0608274,http://dirislimacentro.gob.pe
00006176,AVENIDA AV. BAUZATE Y MEZA - ALTURA DE LA CUADRA 23 DISTRITO LA VICTORIA PROVINCIA LIMA DEPARTAMENTO LIMA,PUBLICO,CENTRO DE SALUD SAN COSME,"""http://maps.google.es/?q=-12.0619424%20-77.0067738,INSASU20231115114012.jpeg,INSASU20181003171759.jpg,INSASU20181003171803.jpg,""",CENTROS DE SALUD O CENTROS MEDICOS,cssancosme@dirislimacentro.gob.pe,-77.0067738,-12.0619424,https://dirislimacentro.gob.pe/
00006180,"AVENIDA AV. MARTIN LUTHER KING S/N°, URB. VILLA VICTORIA NÚMERO S/N DISTRITO SURQUILLO PROVINCIA LIMA DEPARTAMENTO LIMA",PUBLICO,VILLA VICTORIA PORVENIR,"""http://maps.google.es/?q=-12.1088569%20-77.0120429,INSASU20230822102315.jpg,INSASU20230822103848.jpeg,INSASU20230822103852.jpeg,""",CENTROS DE SALUD O CENTROS MEDICOS,csvictoriaporvenir@dirislimacentro.gob.pe,-77.0120429,-12.1088569,https://dirislimacentro.gob.pe/
00007733,JIRÓN JR. ELOY ESPINOZA SALDAÑA 709 - URB. PALAO DISTRITO SAN MARTIN DE PORRES PROVINCIA LIMA DEPARTAMENTO LIMA,PUBLICO,"INSTITUTO NACIONAL DE SALUD MENTAL ""HONORIO DELGADO - HIDEYO NOGUCHI""","""http://maps.google.es/?q=-12.0199185%20-77.0554348,INSASU20171107144002.jpg,INSASU20171107144003.jpg,INSASU20171107144013.jpg,""",INSTITUTOS DE SALUD ESPECIALIZADOS,MESADEPARTESVIRTUAL@INSM.GOB.PE,-77.0554348,-12.0199185,https://www.gob.pe/insm
00008351,CALLE SAN  JOSE  161 PUEBLO LIBRE LIMA LIMA,PRIVADO,CLINICAS SAN BERNARDO S.A.,"""""",HOSPITALES O CLINICAS DE ATENCION ESPECIALIZADA,MLIZARRAGA@CLININCA-SANBERNARDO.COM,,,HTTP://WWW.CLINICA-SANBERNARDO.COM
00008788,CALLE 16 NÚMERO S/N DISTRITO SAN JUAN DE LURIGANCHO PROVINCIA LIMA DEPARTAMENTO LIMA,PUBLICO,SISOL JUAN PABLO II,"""http://maps.google.es/?q=-11.98072274%20-76.98412977,INSASU20191112102624.jpeg,""",POLICLINICOS,mesadepartesvirtual@sisol.gob.pe,-76.98412977,-11.98072274,http://www.sisol.gob.pe/
00008854,"AVENIDA AV. ANDRES AVELINO CACERES MZ. L1 LT. 22-C Y 23-A, 2DO PISO, COMUNIDA URB AUTOGESTIONARIA DE HUAYCAN DISTRITO ATE PROVINCIA LIMA DEPARTAMENTO LIMA",PRIVADO,POLICLINICO GLORIA FARMA,"""http://maps.google.es/?q=-12.0097127%20-76.8220312,INSASU20231219083752.jpeg,INSASU20231219083823.jpeg,""",POLICLINICOS,grilda.vasquez.s@gmail.com,-76.8220312,-12.0097127,
00009163,AVENIDA AV. BUENOS AIRES 652 DISTRITO PUENTE PIEDRA PROVINCIA LIMA DEPARTAMENTO LIMA,PUBLICO,POLICLINICO PUENTE PIEDRA,"""http://maps.google.es/?q=-11.8628584%20-77.0801408,INSASU20200927170851.jpg,""",POLICLINICOS,william.cordova@essalud.gob.pe,-77.0801408,-11.8628584,HTTP://WWW.ESSALUD.GOB.PE
00009612,OTROS AA.HH.VALLE CHILLON S/N NÚMERO S/N DISTRITO PUENTE PIEDRA PROVINCIA LIMA DEPARTAMENTO LIMA,PUBLICO,SISOL SALUD LA ENSENADA,"""http://maps.google.es/?q=-11.93166844%20-77.09564795,INSASU20200121161611.jpeg,""",POLICLINICOS,karina.tarazona@sisol.gob.pe,-77.09564795,-11.93166844,http://www.sisol.gob.pe/
00010328,CALLE CALLE LAS MARGARITAS S/N. AAHH SEÑOR DE LOS MILAGROS NÚMERO S/N DISTRITO SAN JUAN DE LURIGANCHO PROVINCIA LIMA DEPARTAMENTO LIMA,PUBLICO,SISOL SALUD SEÑOR DE LOS MILAGROS,"""http://maps.google.es/?q=-11.96820077%20-76.98618735,INSASU20211206113240.jpeg,""",CENTROS DE SALUD O CENTROS MEDICOS,james.garcia@sisol.gob.pe,-76.98618735,-11.96820077,HTTP://WWW.SISOL.GOB.PE
00010373,JIRÓN JR. TUPAC AMARU S/N CON AV. SAN ALFONSO 198 - CENTRO POBLADO SANTA CLARA NÚMERO S/N DISTRITO ATE PROVINCIA LIMA DEPARTAMENTO LIMA,PRIVADO,J.E. POLICLINICO SANTA CLARA,"""http://maps.google.es/?q=-12.017914%20-76.88473082,INSASU20231128090120.jpeg,INSASU20231128090124.jpeg,INSASU20231128090128.jpeg,""",POLICLINICOS,normacisnerosrobles@gmail.com,-76.88473082,-12.017914,
00010617,CALLE VENANCIO AVILA 1921 - 1923,PRIVADO,CENTRO MEDICO SAN RAFAEL S.R.L. (CENTRO MEDICO SAN RAFAEL),"""""",POLICLINICOS,HSANCHEZBARRETO@HOTMAIL.COM,,,
00012421,"AVENIDA AVENIDA JORGE CHAVEZ 1416, URB. EL PALMAR DISTRITO SANTIAGO DE SURCO PROVINCIA LIMA DEPARTAMENTO LIMA",PRIVADO,FAMILIA Y SALUD,"""http://maps.google.es/?q=-12.1508078%20-77.0063087,INSASU20191216133051.jpg,""",CONSULTORIOS MEDICOS Y DE OTROS PROFESIONALES DE LA SALUD,ATENCION@FAMILIAYSALUD.PE,-77.0063087,-12.1508078,HTTPS://WWW.FAMILIAYSALUD.PE
00012571,JIRÓN LOS TILOS 108-112 URB. EL PALMAR NÚMERO 108 112 PISO 2 DEPARTAMENTO 201 DISTRITO SANTIAGO DE SURCO PROVINCIA LIMA DEPARTAMENTO LIMA,PRIVADO,POLICLINICO EL PALMAR S.A.,"""http://maps.google.es/?q=-12.15046171%20-77.00768724,INSASU20240813175647.jpeg,INSASU20240813175656.jpeg,INSASU20240813175703.jpeg,""",POLICLINICOS,ADMINISTRACION@POLICLINICOELPALMAR.COM,-77.00768724,-12.15046171,HTTP://WWW.POLICLINICOELPALMAR.PE
00013186,OTROS UCV 236 ZONA X HUAYCAN UCV 236 ZONA X HUAYCAN ATE LIMA LIMA,PUBLICO,FRATERNIDAD NIÑO JESUS ZONA X,"""http://maps.google.es/?q=-12.0315691%20-76.8191242,INSASU20180815160200.jpg,INSASU20230615100542.jpg,INSASU20230615100547.jpg,""",PUESTOS DE SALUD O POSTAS DE SALUD,PS_FNJESUS@HOTMAIL.COM,-76.8191242,-12.0315691,http://www.dirislimaeste.gob.pe
00015544,AVENIDA AV. PRIMAVERA CRUZE CON CALLE SUCRE S/N PPJJ JOSE CARLOS MARIATEGUI NUMERO S/N DISTRITO VILLA MARIA DEL TRIUNFO PROVINCIA LIMA DEPARTAMENTO LIMA,PUBLICO,CENTRO DE ATENCION DEL ADULTO MAYOR TAYTA WASI,"""http://maps.google.es/?q=-12.1416948%20-76.9497515,INSASU20240206165030.jpg,INSASU20240206165040.jpg,INSASU20240206165421.jpg,""",CENTROS DE SALUD O CENTROS MEDICOS,CAMTAYTAWASI2021@GMAIL.COM,-76.9497515,-12.1416948,
00016005,CALLE CALLE JUSTO NAVEDA 371 DISTRITO CHORRILLOS PROVINCIA LIMA DEPARTAMENTO LIMA,PRIVADO,CLINICA PARROQUIAL SAN FRANCISCO DE ASIS,"""http://maps.google.es/?q=-12.1719552%20-77.0245449,INSASU20230216191245.jpg,INSASU20230216191249.jpg,""",HOSPITALES O CLINICAS DE ATENCION GENERAL,direccioncpsfa@gmail.com,-77.0245449,-12.1719552,
00016539,AVENIDA AV. UNIVERSITARIA MZ I LOTE 40 COOP. DE VIVIENDA LA UNIÓN AV. UNIVERSITARIA MZ I LOTE 40 COOP. DE VIVIENDA LA UNIÓN SAN MARTIN DE PORRES LIMA LIMA,PRIVADO,POLICLINICO CLARA FLORES,"""http://maps.google.es/?q=-12.0150411%20-77.0781664,INSASU20221227160338.jpeg,""",POLICLINICOS,GLADYS_BUQUEZ@HOTMAIL.COM,-77.0781664,-12.0150411,
00016661,AVENIDA AV. PANAMERICANA NORTE Nº 1123 DISTRITO SANTA MARIA PROVINCIA HUAURA DEPARTAMENTO LIMA,PRIVADO,POLICLINICO MEDICO FAMILIAR PANAMERICANA,"""""",POLICLINICOS,MONJITA_QJ@HOTMAIL.COM,,,
00017194,"AVENIDA AV. TANTAMAYO MZ. A LOTE 2-3, PROGRAMA DE VIVIENDA VISTA HERMOSA, I ETAPA DISTRITO SAN MARTIN DE PORRES PROVINCIA LIMA DEPARTAMENTO LIMA",PRIVADO,POLICLINICO TANTAMAYO,"""http://maps.google.es/?q=-11.95949545%20-77.09689703,INSASU20241009114439.jpg,INSASU20241009114444.jpg,INSASU20241009114447.jpg,""",POLICLINICOS,CERVSALUD@GMAIL.COM,-77.09689703,-11.95949545,
00017361,AVENIDA AV. BENAVIDES 3704 URB. CHAMA DISTRITO SANTIAGO DE SURCO PROVINCIA LIMA DEPARTAMENTO LIMA,PRIVADO,CENTRO MEDICO CHAMA,"""http://maps.google.es/?q=-12.1416088%20-76.9918155,INSASU20200208120000.jpg,INSASU20200208120004.jpg,""",CONSULTORIOS MEDICOS Y DE OTROS PROFESIONALES DE LA SALUD,MIGUEL.RUIDIAS@GMAIL.COM,-76.9918155,-12.1416088,
00017754,CARRETERA CENTRO COMERCIAL SUR PLAZA BOULEVARD KM 96.5 CARRETERA PANAMERICANA DISTRITO ASIA PROVINCIA CAÑETE DEPARTAMENTO LIMA,PRIVADO,CLINICA SAN PABLO - SEDE ASIA,"""http://maps.google.es/?q=-12.0463731%20-77.042754,INSASU20181114191601.JPG,""",POLICLINICOS,CPEREZ@SANPABLO.COM.PE,-77.042754,-12.0463731,http://www.sanpablo.com.pe/
00018248,AVENIDA AV. BENAVIDES 4994 DISTRITO SANTIAGO DE SURCO PROVINCIA LIMA DEPARTAMENTO LIMA,PRIVADO,SALUS LABORIS,"""http://maps.google.es/?q=-12.1286989%20-76.9854119,INSASU20240827153920.jpg,INSASU20240827153923.jpg,""",POLICLINICOS,gustavo.reeves@saluslaboris.pe,-76.9854119,-12.1286989,https://www.saluslaboris.pe/
00018321,JIRÓN JIRON PARAGUAY 478 DISTRITO LIMA PROVINCIA LIMA DEPARTAMENTO LIMA,PRIVADO,VIA LIBRE,"""http://maps.google.es/?q=-12.0594751%20-77.041183,INSASU20240410120259.jpeg,INSASU20240410120302.jpeg,INSASU20240410120305.jpeg,""",POLICLINICOS,VIALIBRE@VIALIBRE.ORG.PE,-77.041183,-12.0594751,HTTP://WWW.VIALIBRE.ORG.PE
00019209,AVENIDA AV.JOSE C.MARIATEGUI LOTE 42 ZONA B DISTRITO ATE PROVINCIA LIMA DEPARTAMENTO LIMA,PRIVADO,SERVICIOS MEDICOS SEÑOR DE LOS MILAGROS,"""http://maps.google.es/?q=-12.01541715%20-76.81931148,INSASU20240214223516.jpg,INSASU20240214223505.jpg,INSASU20240214223508.jpg,""",POLICLINICOS,hilda.pinas@gmail.com,-76.81931148,-12.01541715,
00019741,JIRÓN JR. AYACUCHO 845 DISTRITO LIMA PROVINCIA LIMA DEPARTAMENTO LIMA,PRIVADO,CAJA DE PROTECCIÓN Y ASISTENCIA SOCIAL LEYNº 10674,"""http://maps.google.es/?q=-12.0540552%20-77.0285876,INSASU20231206110138.jpeg,INSASU20241107004634.jpeg,INSASU20241107004654.jpeg,""",POLICLINICOS,mesadepartes@cajadeproteccion.com,-77.0285876,-12.0540552,
00019743,OTROS COOP.VIRGEN DEL ROSARIO MZ. K LT 4 DISTRITO ANCON PROVINCIA LIMA DEPARTAMENTO LIMA,PRIVADO,POLICLINICO SAN LORENZO,"""http://maps.google.es/?q=-11.77694708%20-77.16633933,INSASU20181216231707.jpg,INSASU20181216232359.jpg,""",POLICLINICOS,psanlorenzo.adm@gmail.com,-77.16633933,-11.77694708,
00020382,AVENIDA AV. CHORRILLOS N° 400 DISTRITO CHORRILLOS PROVINCIA LIMA DEPARTAMENTO LIMA,PUBLICO,POLICLINICO POLICIAL CHORRILLOS,"""http://maps.google.es/?q=-12.16003955%20-77.02359415,INSASU20210909113933.jpg,INSASU20210909113953.jpg,INSASU20210909114027.jpg,""",POLICLINICOS,dirsan.polchorrilllos@policia.gob.pe,-77.02359415,-12.16003955,
00021381,OTROS ASENTAMIENTO HUMANO EL PROGRESO -ÑAÑA MZ 8 LOTE 8 -CHACLACAYO DISTRITO CHACLACAYO PROVINCIA LIMA DEPARTAMENTO LIMA,PRIVADO,GLOBALS MEDIC,"""http://maps.google.es/?q=-11.98927029%20-76.81939152,INSASU20250120232638.jpg,INSASU20250120232643.jpg,INSASU20250120232649.jpg,""",POLICLINICOS,edwinpp3008@outlook.es,-76.81939152,-11.98927029,
00021959,"AVENIDA AV. PRIMAVERA 1160, URB. VALLE HERMOSO DE MONTERRICO - ZONA ESTE DISTRITO SANTIAGO DE SURCO PROVINCIA LIMA DEPARTAMENTO LIMA",PRIVADO,WORK & HEALTH CENTRO CLINICO,"""http://maps.google.es/?q=-12.11027268%20-76.97722953,INSASU20240429105210.jpg,""",CENTROS DE SALUD O CENTROS MEDICOS,mayra.cuentas@wh.com.pe,-76.97722953,-12.11027268,HTTP://WWW.WH.COM.PE
00023541,JIRÓN LOS LIRIOS NUMERO 294 URBANIZACION PRIMAVERA DISTRITO EL AGUSTINO PROVINCIA LIMA DEPARTAMENTO LIMA,PRIVADO,POLICLINICO PRIMAVERA,"""http://maps.google.es/?q=-12.0619234%20-76.9961383,INSASU20201216141315.jpg,INSASU20241024120354.jpg,INSASU20241024120400.jpg,""",POLICLINICOS,DANNY_ASRA@HOTMAIL.COM,-76.9961383,-12.0619234,
00023593,AVENIDA GLOBO TERRAQUEO ESQUINA CON URANO N 104 7301 L 13 SOL  DE ORO FRENTE A SENATI DE LA PANAMERICANA NORTE LOS OLIVOS LIMA LIMA,PRIVADO,INTEGRA SALUD OCUPACIONAL,"""http://maps.google.es/?q=-12.007004%20-77.0582257,INSASU20200206145245.jpg,INSASU20200206145249.jpg,""",POLICLINICOS,amartinez@iso.com.pe,-77.0582257,-12.007004,http://www.iso.com.pe
00023665,AVENIDA universitaria NÚMERO 897 PISO 1 MANZANA h1 LOTE 2 URBANIZACIÓN Juan Velasco Alvarado DISTRITO SAN MARTIN DE PORRES PROVINCIA LIMA DEPARTAMENTO LIMA,PRIVADO,SALUD TOTAL,"""""",CENTROS DE SALUD O CENTROS MEDICOS,cmsaludtotal@gmail.com,,,
00024510,AVENIDA LOS EUCALIPTOS NUMERO 1165 PISO 2 URBANIZACION COOPERATIVA UNIVERSAL DISTRITO SANTA ANITA PROVINCIA LIMA DEPARTAMENTO LIMA,PRIVADO,ACR SALUD E.I.R.L.,"""http://maps.google.es/?q=-12.044044%20-76.9721461,INSASU20250304002853.jpg,INSASU20210212132411.jpg,INSASU20210212132414.jpg,""",POLICLINICOS,acr.salud.oficial@gmail.com,-76.9721461,-12.044044,https://acrsaludonline.com/
00024617,CALLE Eloy Ureta NÚMERO 106 MANZANA 12 LOTE 12 URBANIZACIÓN Pueblo Joven Cesar Vallejo DISTRITO VILLA MARIA DEL TRIUNFO PROVINCIA LIMA DEPARTAMENTO LIMA,PRIVADO,INVERSIONES MÚLTIPLES ALIAGA,"""http://maps.google.es/?q=-12.18262999%20-76.9416768,INSASU20231018083518.jpg,INSASU20231018083638.jpg,INSASU20231018083646.jpg,""",POLICLINICOS,inversionesaliaga1510@gmail.com,-76.9416768,-12.18262999,
00025087,AVENIDA General Felipe Salaverry NÚMERO 1075 URBANIZACIÓN Fundo Oyague DISTRITO JESUS MARIA PROVINCIA LIMA DEPARTAMENTO LIMA,PRIVADO,NEUROLOGIA DIGITAL,"""http://maps.google.es/?q=-12.076169%20-77.0419054,INSASU20180315123619.jpg,INSASU20180315123747.jpg,INSASU20180315123758.jpg,""",POLICLINICOS,derechointegraldigital@gmail.com,-77.0419054,-12.076169,
00025122,AVENIDA MARISCAL BENAVIDES NÚMERO 280 - 288 SEGUNDA CUADRA DEL OVALO GRAU SAN VICENTE DE CAÑETE CAÑETE LIMA,PRIVADO,SALUD OCUPACIONAL INNOMEDIC SAC,"""http://maps.google.es/?q=-13.0761769%20-76.3823923,INSASU20210607111112.jpg,INSASU20210607111117.jpg,""",POLICLINICOS,informes.innomedic@gmail.com,-76.3823923,-13.0761769,http://www.clinicainnomedicperu.com/
00025850,URBANIZACIÓN CERES MANZANA F LOTE 14 URBANIZACIÓN CERES DISTRITO ATE PROVINCIA LIMA DEPARTAMENTO LIMA,PRIVADO,TADEO SALUD,"""http://maps.google.es/?q=-12.02903%20-76.926066,INSASU20180512121233.jpg,INSASU20230118155031.jpg,INSASU20230118155035.jpg,""",POLICLINICOS,contacto@tadeosalud.com,-76.926066,-12.02903,http://www.tadeosalud.com.pe
00025930,AVENIDA PROLONGACIÓN RICARDO PALMA NUMERO 298 DISTRITO SURQUILLO PROVINCIA LIMA DEPARTAMENTO LIMA,PRIVADO,CLINICA SANENS,"""http://maps.google.es/?q=-12.11917566%20-77.02486631,INSASU20180818124623.jpg,INSASU20180818124631.jpg,INSASU20180818124638.jpg,""",HOSPITALES O CLINICAS DE ATENCION ESPECIALIZADA,director@sanens.pe,-77.02486631,-12.11917566,
00026074,CALLE LAS PERDICES NÚMERO 175 PISO 2 URBANIZACIÓN SANTA ANITA I ETAPA DISTRITO SANTA ANITA PROVINCIA LIMA DEPARTAMENTO LIMA,PRIVADO,i-SALUD,"""http://maps.google.es/?q=-12.0537499%20-76.9642389,INSASU20230417110227.jpg,INSASU20190929210530.jpg,INSASU20230417110230.jpg,""",POLICLINICOS,jesafu2@gmail.com,-76.9642389,-12.0537499,
00026431,AVENIDA LOS VIRREYES MANZANA B LOTE 16 URBANIZACION COOPERATIVA DE VIVIENDA VIÑA SAN FRANCISCO DISTRITO SANTA ANITA PROVINCIA LIMA DEPARTAMENTO LIMA,PRIVADO,ENDOSALUD,"""http://maps.google.es/?q=-12.03351888%20-76.95126104,INSASU20181203104010.jpg,""",POLICLINICOS,admi.endosalud@gmail.com,-76.95126104,-12.03351888,
00027014,AVENIDA GLOBO TERRAQUEO NÚMERO 7299 PISO 1 DISTRITO LOS OLIVOS PROVINCIA LIMA DEPARTAMENTO LIMA,PRIVADO,TU BREVETE.COM,"""http://maps.google.es/?q=-12.00125214%20-77.06257871,INSASU20230918163716.jpg,INSASU20230918163721.jpg,INSASU20230918163725.jpg,""",POLICLINICOS,TUBREVETE.COM@GMAIL.COM,-77.06257871,-12.00125214,
00027145,AVENIDA CAMINO DEL INCA NÚMERO 220 URBANIZACIÓN SAN JUAN BAUTISTA DE VILLA DISTRITO CHORRILLOS PROVINCIA LIMA DEPARTAMENTO LIMA,PRIVADO,BREVETES OMYR,"""http://maps.google.es/?q=-12.19184422%20-77.00499824,INSASU20191113143213.jpg,INSASU20191113143231.jpg,INSASU20191113143245.jpg,""",POLICLINICOS,jterezo.omyr@gmail.com,-77.00499824,-12.19184422,http://www.omyr.com.pe/
00027162,JIRÓN REAL 527 A ESPALDAS DE LA MUNICIPALIDAD DE MALA MALA CAÑETE LIMA,PUBLICO,CENTRO DE SALUD MENTAL COMUNITARIO VALLE DE LA ESPERANZA,"""http://maps.google.es/?q=-12.6605109%20-76.6318419,INSASU20181112081801.jpg,INSASU20250505191154.jpg,INSASU20250505191159.jpg,""",CENTROS DE SALUD O CENTROS MEDICOS,csmc.valledelaesperanza@gmail.com,-76.6318419,-12.6605109,http://www.drschilcamala.gob.pe
00027223,"PASEO SECTOR 2, GRUPO 18, PRIMER Y SEGUNDO PISO MANZANA I LOTE 7 DISTRITO VILLA EL SALVADOR PROVINCIA LIMA DEPARTAMENTO LIMA",PRIVADO,POLICLINICO TU SALUD S.A.,"""http://maps.google.es/?q=-12.21054463%20-76.94431919,INSASU20190215085742.jpg,""",POLICLINICOS,clinictusalud@gmail.com,-76.94431919,-12.21054463,http://www.clinicatusalud.pe/
00027418,AVENIDA CIRCUNVALACION  MZ A  SUB LOTE 37 C  LOTIZACION LA CAPITANA DISTRITO LURIGANCHO PROVINCIA LIMA DEPARTAMENTO LIMA,PRIVADO,POLICLINICO LOS ANDES,"""http://maps.google.es/?q=-12.0172037%20-76.9169314,INSASU20220125165851.jpg,INSASU20250712195941.jpg,INSASU20250712195945.jpg,""",POLICLINICOS,jecs_collantes@hotmail.com,-76.9169314,-12.0172037,
00027471,AVENIDA UNION    PUEBLO JOVEN MIGUEL GRAU PISO 3 MANZANA O LOTE 2 KILOMETRO 22 DISTRITO CHACLACAYO PROVINCIA LIMA DEPARTAMENTO LIMA,PRIVADO,"POLICLÍNICO ""LA LUZ""","""http://maps.google.es/?q=-11.9870453%20-76.8137626,INSASU20220912165145.jpeg,INSASU20220912165152.jpeg,""",POLICLINICOS,labclinico.laluz@gmail.com,-76.8137626,-11.9870453,
00027477,AVENIDA LA MOLINA NUMERO 1915 MANZANA 3 O LOTE 12 A URBANIZACION EL SOL DE LA MOLINA   III ETAPA DISTRITO LA MOLINA PROVINCIA LIMA DEPARTAMENTO LIMA,PRIVADO,MEDICENTER,"""http://maps.google.es/?q=-12.08589004%20-76.89612406,INSASU20181130212805.jpg,INSASU20241125232646.jpg,INSASU20241125232654.jpg,""",POLICLINICOS,spintado6@hotmail.com,-76.89612406,-12.08589004,
00027726,AVENIDA lurigancho NUMERO S/N PISO 1 DEPARTAMENTO 1 INTERIOR 1 MANZANA b LOTE 9 URBANIZACION azcarrunz alto DISTRITO SAN JUAN DE LURIGANCHO PROVINCIA LIMA DEPARTAMENTO LIMA,PUBLICO,CENTRO DE SALUD MENTAL COMUNITARIO JAVIER MARIATEGUI CHIAPPE,"""http://maps.google.es/?q=-12.01734472%20-77.00097776,INSASU20231215114842.jpg,INSASU20231215114853.jpg,INSASU20231215114905.jpg,""",CENTROS MEDICOS ESPECIALIZADOS,csmcmariateguich@dirislimacentro.gob.pe,-77.00097776,-12.01734472,
00028342,AVENIDA EL SOLAR NÚMERO 188 DISTRITO HUARAL PROVINCIA HUARAL DEPARTAMENTO LIMA,PRIVADO,ECOMEDIC,"""http://maps.google.es/?q=-11.49579439%20-77.20849564,INSASU20180119221041.jpg,INSASU20180119221051.jpg,INSASU20180119221108.jpg,""",POLICLINICOS,vairom79@gmail.com,-77.20849564,-11.49579439,
00028603,OTROS ASOCIACION EL UNIVERSO MZ. D LOTE 03 DISTRITO SAN JUAN DE MIRAFLORES PROVINCIA LIMA DEPARTAMENTO LIMA,PRIVADO,MONTALB MEDIC,"""http://maps.google.es/?q=-12.18869939%20-76.95782102,INSASU20200928121430.jpeg,""",POLICLINICOS,montalb.medic@gmail.com,-76.95782102,-12.18869939,
00028830,CALLE PIURA NUMERO 104 PISO 2 INTERIOR 201 MANZANA O LOTE 03 URBANIZACION SANTA PATRICIA III ETAPA DISTRITO LA MOLINA PROVINCIA LIMA DEPARTAMENTO LIMA,PRIVADO,POLICLINICO OMMIR,"""http://maps.google.es/?q=-12.0673732%20-76.9439308,INSASU20201020121502.jpg,INSASU20201020121511.jpg,""",POLICLINICOS,policlinicoommir@hotmail.com,-76.9439308,-12.0673732,
00029397,AVENIDA NICOLAS AYLLON Mz C Lt 11 Asoc. VIRGEN DEL CARMEN DISTRITO ATE PROVINCIA LIMA DEPARTAMENTO LIMA,PRIVADO,GRUPO MEDICO SAN LUCAS,"""""",POLICLINICOS,magno_11111@hotmail.com,,,
00029586,AVENIDA LA MOLINA NÚMERO 721 MANZANA F2 LOTE 11 URBANIZACIÓN STA.FELICIA DISTRITO LA MOLINA PROVINCIA LIMA DEPARTAMENTO LIMA,PRIVADO,GOOD MEDICAL,"""http://maps.google.es/?q=-12.06573032%20-76.95917584,INSASU20210518173740.jpg,INSASU20210518173746.jpg,INSASU20210518173750.jpg,""",POLICLINICOS,policlinicogoodmedical@gmail.com,-76.95917584,-12.06573032,
00029933,AVENIDA METROPOLITANA PISO 1 MANZANA A1 LOTE 13C URBANIZACIÓN CERES 2DA. ETAPA DISTRITO ATE PROVINCIA LIMA DEPARTAMENTO LIMA,PRIVADO,POLICLINICO SAN GABRIEL,"""http://maps.google.es/?q=-12.03226898%20-76.93500078,INSASU20240715120032.jpg,INSASU20240911120902.jpg,INSASU20240911120908.jpg,""",POLICLINICOS,JGMEZA14@GMAIL.COM,-76.93500078,-12.03226898,
00030086,CALLE CARLOS VALDERRAMA NUMERO 126 A URBANIZACION EL BOSQUE DISTRITO RIMAC PROVINCIA LIMA DEPARTAMENTO LIMA,PRIVADO,POLICLINICO EL SOL DE RIMAC,"""http://maps.google.es/?q=-12.0209614%20-77.02974809,INSASU20240924120426.jpeg,INSASU20240924120428.jpeg,INSASU20240924120431.jpeg,""",POLICLINICOS,policlinicoelsolderimac@gmail.com,-77.02974809,-12.0209614,
00030239,CALLE CALLE MAYOR RUIZ Y CALLE COMERCIO NÚMERO 199 DISTRITO CHANCAY PROVINCIA HUARAL DEPARTAMENTO LIMA,PRIVADO,CLINIVIDA,"""http://maps.google.es/?q=-11.5666572%20-77.2685791,INSASU20210223053052.jpeg,INSASU20210223053059.jpeg,INSASU20210223103734.jpeg,""",POLICLINICOS,clinivida.gerencia@gmail.com,-77.2685791,-11.5666572,http://clinicavilladearnedo.com
00030371,AVENIDA LA MOLINA NUMERO 836 INTERIOR 2 MANZANA A1 LOTE 02 URBANIZACION AMPLIACIÓN RESIDENCIAL MONTERRICO DISTRITO LA MOLINA PROVINCIA LIMA DEPARTAMENTO LIMA,PRIVADO,ALIVIAMED,"""http://maps.google.es/?q=-12.06895832%20-76.95818848,INSASU20210929130857.jpeg,INSASU20210929130904.jpeg,INSASU20241227115125.jpeg,""",CONSULTORIOS MEDICOS Y DE OTROS PROFESIONALES DE LA SALUD,cmb96@farmaciasperuanas.pe,-76.95818848,-12.06895832,
00031097,AVENIDA 15 DE JULIO UVC 3  LOTE 10  ZONA B  HUAYCAN DISTRITO ATE PROVINCIA LIMA DEPARTAMENTO LIMA,PRIVADO,CENTRO MEDICO PANDO,"""http://maps.google.es/?q=-12.0125162%20-76.8241407,INSASU20211108124648.jpg,INSASU20250519110458.JPG,INSASU20250519110503.JPG,""",POLICLINICOS,centromedicopando@gmail.com,-76.8241407,-12.0125162,
00031217,JIRÓN CASTILLA NÚMERO 893 DISTRITO BARRANCA PROVINCIA BARRANCA DEPARTAMENTO LIMA,PRIVADO,CLINICA SAN GREGORIO,"""http://maps.google.es/?q=-10.7525374%20-77.7599218,INSASU20211004215430.jpg,""",POLICLINICOS,adrianalejo30@gmail.com,-77.7599218,-10.7525374,
00031887,CALLE TALARA NO. 288-284 MZ.G4 LT.22 URB. PROLG. BENAVIDES DISTRITO SANTIAGO DE SURCO PROVINCIA LIMA DEPARTAMENTO LIMA,PRIVADO,CLINICA VISTA ALEGRE,"""http://maps.google.es/?q=-12.1456337%20-76.9880454,INSASU20210301141056.jpg,INSASU20210301141059.jpg,INSASU20210301141102.jpg,""",HOSPITALES O CLINICAS DE ATENCION ESPECIALIZADA,eloypalacios39@gmail.com,-76.9880454,-12.1456337,
00032086,JIRÓN CASTILLA NÚMERO 782 DISTRITO BARRANCA PROVINCIA BARRANCA DEPARTAMENTO LIMA,PRIVADO,CENTRO MEDICO SAN GREGORIO,"""http://maps.google.es/?q=-10.7463111%20-77.7649554,INSASU20220502182124.jpg,INSASU20221120225624.jpg,INSASU20221120225629.jpg,""",CENTROS DE SALUD O CENTROS MEDICOS,adrianalejo30@gmail.com,-77.7649554,-10.7463111,
00032305,OTROS COOP  VIRGEN DE COCHARCAS MANZANA E LOTE 24 DISTRITO VILLA EL SALVADOR PROVINCIA LIMA DEPARTAMENTO LIMA,PRIVADO,POLICLINICO FUERZA & SALUD,"""http://maps.google.es/?q=-12.19739619%20-76.95890024,INSASU20221108093557.jpeg,INSASU20221108093559.jpeg,INSASU20221108093602.jpeg,""",POLICLINICOS,policlinicofuerzasalud@gmail.com,-76.95890024,-12.19739619,
00032353,AVENIDA ECHENIQUE NÚMERO 544 DISTRITO HUACHO PROVINCIA HUAURA DEPARTAMENTO LIMA,PRIVADO,CENTRO DIAGNOSTICO LIZZETTI,"""http://maps.google.es/?q=-11.1227218%20-77.6105679,INSASU20221114173947.jpg,INSASU20221114173950.jpg,INSASU20221114173952.jpg,""",CENTROS DE SALUD O CENTROS MEDICOS,diegolizzetti@gmail.com,-77.6105679,-11.1227218,
00032457,AVENIDA Nicolas Ayllón NÚMERO S/N PISO 1 MANZANA A LOTE 4 DISTRITO ATE PROVINCIA LIMA DEPARTAMENTO LIMA,PRIVADO,POLICLINICO RIVERA,"""http://maps.google.es/?q=-12.019522%20-76.899552,INSASU20220927184904.jpeg,INSASU20220927184907.jpeg,INSASU20220927184911.jpeg,""",POLICLINICOS,cesar.rivera.laureano@gmail.com,-76.899552,-12.019522,
00032558,JIRÓN GRAN PAJATEN NÚMERO 352 PISO 1 MANZANA K-7 LOTE 18 URBANIZACIÓN ZARATE DISTRITO SAN JUAN DE LURIGANCHO PROVINCIA LIMA DEPARTAMENTO LIMA,PRIVADO,POLICLINICO VALE UN PERU,"""http://maps.google.es/?q=-12.0233826%20-76.9860492,INSASU20220927224358.jpeg,INSASU20220927224417.jpeg,INSASU20220927224426.jpeg,""",POLICLINICOS,grupovaleunperusac@gmail.com,-76.9860492,-12.0233826,
00034491,URBANIZACIÓN LOS PORTALES DE JAVIER PRADO PISO 2 INTERIOR 201 MANZANA E LOTE 23 DISTRITO ATE PROVINCIA LIMA DEPARTAMENTO LIMA,PRIVADO,POLICLINICO GARCILASO DE LA VEGA SERVICIO PREMIUM,"""http://maps.google.es/?q=-12.04348418%20-76.93644006,INSASU20240212215526.jpg,INSASU20240212215531.jpg,INSASU20240212215535.jpg,""",POLICLINICOS,policlinicogarcilasodelavega@gmail.com,-76.93644006,-12.04348418,
00034843,AVENIDA ANTIGUA PANAMERICANA (ASOC. DE PROP. MERCADO VIRGEN DE LAS MERCEDES-LURIN) SAN VICENTE DISTRITO LURIN PROVINCIA LIMA DEPARTAMENTO LIMA,PRIVADO,ALFALIMA SALUD POLICLINICO VIRGEN DE LAS MERCEDES,"""""",POLICLINICOS,alfalimasalud1@gmail.com,,,
00034928,AVENIDA NICOLAS AYYLON 100-104-106 DISTRITO CHACLACAYO PROVINCIA LIMA DEPARTAMENTO LIMA,PRIVADO,POLICLINCO MADRE DEL ROSARIO,"""http://maps.google.es/?q=-11.97749537%20-76.77677233,INSASU20240520202809.jpg,INSASU20240520202813.jpg,INSASU20240520202817.jpg,""",POLICLINICOS,cecolcsac@yahoo.com,-76.77677233,-11.97749537,
00035204,AVENIDA CARRETERA CENTRAL MZA N LOTE 16  2DO Y 3ER PISO URBANIZACIÓN LOS PORTALES DE JAVIER PRADO DISTRITO ATE PROVINCIA LIMA DEPARTAMENTO LIMA,PRIVADO,POLICLINICO VALENCIA,"""http://maps.google.es/?q=-12.04260452%20-76.93536959,INSASU20240531175441.jpeg,INSASU20240531175459.jpeg,INSASU20240531181719.jpeg,""",POLICLINICOS,mezavalenciagabrielantonio@gmail.com,-76.93536959,-12.04260452,
00036253,PROLONGACIÓN JUAN BARRETO NUMERO 327 DISTRITO HUALMAY PROVINCIA HUAURA DEPARTAMENTO LIMA,PRIVADO,CENTRO MEDICO SAN BERNARDO,"""http://maps.google.es/?q=-11.102656%20-77.6112157,INSASU20241003005221.jpg,INSASU20241003005222.jpg,INSASU20241003005227.jpg,""",CENTROS DE SALUD O CENTROS MEDICOS,doc_leonita@hotmail.com,-77.6112157,-11.102656,
00036299,OTROS SECTOR NUMERO 4 MANZANA L LOTE 4 DISTRITO SAYAN PROVINCIA HUAURA DEPARTAMENTO LIMA,PRIVADO,CENTRO MÉDICO SAM MEDIC,"""http://maps.google.es/?q=-11.14646407%20-77.24409275,INSASU20241105145800.jpeg,INSASU20241105150345.jpeg,INSASU20241105150451.jpeg,""",CENTROS DE SALUD O CENTROS MEDICOS,js4111u3l@gmail.com,-77.24409275,-11.14646407,
00006202,CALLE CALLE AUSTRIA Nº 1300 DISTRITO LIMA PROVINCIA LIMA DEPARTAMENTO LIMA,PUBLICO,CENTRO REF. ESP. ANTIRRABICO - ESPECIALIZADO EN ZOONOSIS (CENTRO DE SALUD CONTROL DE ZOONOSIS),"""http://maps.google.es/?q=-12.05006736%20-77.06225551,INSASU20231214095052.jpg,INSASU20231214095054.jpg,INSASU20231215114642.jpg,""",CENTROS DE SALUD O CENTROS MEDICOS,CSCONTROLDEZOONOSIS@DIRISLIMACENTRO.GOB.PE,-77.06225551,-12.05006736,HTTP://WWW.REDSALUDLIMACIUDAD.GOB.PE
00006183,JIRÓN JR FRANZ SCHUBERT S/N ESQUINA CON JR BOZOVICH NÚMERO S/N DISTRITO SAN BORJA PROVINCIA LIMA DEPARTAMENTO LIMA,PUBLICO,CENTRO DE SALUD TODOS LOS SANTOS SAN BORJA,"""http://maps.google.es/?q=-12.1020977%20-76.9934694,INSASU20231205102357.jpg,INSASU20231205102407.jpg,INSASU20231205102417.jpg,""",CENTROS DE SALUD O CENTROS MEDICOS,cssanborja@dirislimacentro.gob.pe,-76.9934694,-12.1020977,http://dirislimacentro.gob.pe
00006191,JIRÓN JR. ICA 774-778 JR. ICA 774-778 LIMA LIMA LIMA,PUBLICO,CENTRO DE SALUD SAN SEBASTIAN,"""http://maps.google.es/?q=-12.0428657%20-77.0387974,INSASU20190319123811.jpg,INSASU20190319123822.jpg,INSASU20190319123823.jpg,""",CENTROS DE SALUD O CENTROS MEDICOS,CSSANSEBASTIAN@HOTMAIL.COM,-77.0387974,-12.0428657,HTTP://WWW.REDSALUDLIMACIUDAD.GOB.PE
00011792,CALLE CALLE 7 MZ.P5 LTE. 31 URB. PRO 2DA. ETAPA DISTRITO LOS OLIVOS PROVINCIA LIMA DEPARTAMENTO LIMA,PRIVADO,POLICLINICO PRO,"""http://maps.google.es/?q=-11.9333826%20-77.0798139,INSASU20180503190632.jpg,""",POLICLINICOS,POLICLINICO@POLICLINICOPRO.COM,-77.0798139,-11.9333826,
00030657,OTROS URBANIZACION PISO 2 MANZANA B LOTE 01 URBANIZACION PROGRAMA DE VIVIENDA RESID. JIREH DISTRITO SAN MARTIN DE PORRES PROVINCIA LIMA DEPARTAMENTO LIMA,PRIVADO,MEDICNORTE SAC.,"""http://maps.google.es/?q=-11.96192699%20-77.08467475,INSASU20240110124036.jpg,""",CENTROS DE SALUD O CENTROS MEDICOS,IMV.BREVETES@GMAIL.COM,-77.08467475,-11.96192699,
00009355,CALLE CALLE JUVENAL DENEGRI Nº 202 - 204 URB. SANTA CATALINA DISTRITO LA VICTORIA PROVINCIA LIMA DEPARTAMENTO LIMA,PRIVADO,NATCLAR,"""http://maps.google.es/?q=-12.0839961%20-77.0113653,INSASU20190805160013.jpg,""",POLICLINICOS,bhuayanca@natclar.com.pe,-77.0113653,-12.0839961,HTTP://WWW.NATCLAR.COM.PE
00016818,CALLE CALLE MANUEL OLGUIN NRO 906 URB. EL DERBY DISTRITO SANTIAGO DE SURCO PROVINCIA LIMA DEPARTAMENTO LIMA,PRIVADO,POLICLINICO SURCO NATCLAR,"""http://maps.google.es/?q=-12.0997983%20-76.9733522,INSASU20230222124837.jpg,INSASU20230906081524.jpg,INSASU20230906081539.jpg,""",POLICLINICOS,bhuayanca@natclar.com.pe,-76.9733522,-12.0997983,HTTP://WWW.NATCLAR.COM.PE
00021567,AVENIDA AV. SAN EUGENIO 615 URB. SANTA CATALINA DISTRITO LA VICTORIA PROVINCIA LIMA DEPARTAMENTO LIMA,PRIVADO,PREVECON,"""http://maps.google.es/?q=-12.08420756%20-77.02035404,INSASU20211214161917.jpeg,INSASU20211214161942.jpeg,""",POLICLINICOS,ADMISION@PREVECON.ORG,-77.02035404,-12.08420756,https://prevecon.org/es/
00023509,AVENIDA ANGAMOS ESTE NÚMERO 2624 URBANIZACIÓN VIPEP DISTRITO SURQUILLO PROVINCIA LIMA DEPARTAMENTO LIMA,PRIVADO,MEPSO,"""http://maps.google.es/?q=-12.1117273%20-76.9968294,INSASU20240808121000.jpg,""",POLICLINICOS,kcruz@mepso.com.pe,-76.9968294,-12.1117273,https://www.mepso.com.pe
00025684,OTROS CAMPAMENTO MINERO UCHUCHACUA NUMERO S/N DISTRITO OYON PROVINCIA OYON DEPARTAMENTO LIMA,PRIVADO,S.G. NATCLAR SAC - UCHUCHACUA,"""http://maps.google.es/?q=-10.62410818%20-76.6890914,INSASU20171011084324.jpg,INSASU20250207171431.jpg,INSASU20250207171435.jpg,""",CENTROS DE SALUD O CENTROS MEDICOS,ummedico.uchucchacua@natclar.com.pe,-76.6890914,-10.62410818,
00027216,AVENIDA MARTIR OLAYA MANZANA 3 LOTE 16 URBANIZACI? AAHH NUEVO LURIN DISTRITO LURIN PROVINCIA LIMA DEPARTAMENTO LIMA,PRIVADO,MEPSO,"""http://maps.google.es/?q=-12.29370305%20-76.85225464,INSASU20190904102316.jpg,INSASU20190904102321.jpg,""",POLICLINICOS,saludocupacional@mepso.com.pe,-76.85225464,-12.29370305,http://mepso.com.pe/
00027808,CARRETERA CENTRAL NÚMERO 104 DISTRITO CHICLA PROVINCIA HUAROCHIRI DEPARTAMENTO LIMA,PRIVADO,S.G NATCLAR S.A.C. - YAULIYACU,"""http://maps.google.es/?q=-11.6496351%20-76.2355891,INSASU20221220085846.jpg,""",POLICLINICOS,ummedico.yauliyacu@natclar.com.pe,-76.2355891,-11.6496351,
00028809,AVENIDA Caminos del Inca Mz N Lt 35 Urb San Juan Bautista de Villa DISTRITO CHORRILLOS PROVINCIA LIMA DEPARTAMENTO LIMA,PRIVADO,POLICLÍNICO CHININ-BET,"""http://maps.google.es/?q=-12.18368725%20-77.00868938,INSASU20201104125945.jpeg,INSASU20201104125950.jpeg,INSASU20201104125955.jpeg,""",POLICLINICOS,policlinico.chinin.bet@gmail.com,-77.00868938,-12.18368725,
00029234,JIRÓN JOSE TEODORO GARCIA NÚMERO 215 DISTRITO HUACHO PROVINCIA HUAURA DEPARTAMENTO LIMA,PRIVADO,SANTA ELENA SERVICIOS MEDICOS,"""http://maps.google.es/?q=-11.1083871%20-77.6073039,INSASU20201229130628.jpeg,INSASU20201229130635.jpeg,""",POLICLINICOS,santaelenaocupacional@gmail.com,-77.6073039,-11.1083871,
00032730,JIRÓN MARISCAL CASTILLA NÚMERO 549A DISTRITO MAGDALENA DEL MAR PROVINCIA LIMA DEPARTAMENTO LIMA,PRIVADO,POLICLINICO SANTA TERESA DE JESUS,"""http://maps.google.es/?q=-12.0904161%20-77.0700298,INSASU20220518130234.jpg,""",POLICLINICOS,gerencia@enmedico.com,-77.0700298,-12.0904161,
00010112,AVENIDA AV. TOMAS VALLE 2250 URB. ANTARES  SAN MARTIN DE PORRES DISTRITO SAN MARTIN DE PORRES PROVINCIA LIMA DEPARTAMENTO LIMA,PRIVADO,CENTRO DE DIALISIS SANTO TOMAS DE AQUINO S.A.C.,"""http://maps.google.es/?q=-12.0122783%20-77.0862833,INSASU20221214120824.jpg,INSASU20221214120830.jpeg,INSASU20221214120840.jpeg,""",HEMODIALISIS,santotomas623@gmail.com,-77.0862833,-12.0122783,
00010227,AVENIDA CAMINOS DEL INCA Nº 438 - 440 - 442 URBANIZACIÓN SAN JUAN BAUTISTA DE VILLA DISTRITO CHORRILLOS PROVINCIA LIMA DEPARTAMENTO LIMA,PRIVADO,RIO BRANCO MEDICAL,"""http://maps.google.es/?q=-12.19578333%20-77.00111153,INSASU20200109132149.jpeg,INSASU20200109132157.jpeg,""",HEMODIALISIS,lalva@riobrancoperu.org,-77.00111153,-12.19578333,
00010962,AVENIDA CONTRALMIRANTE AURELIO GARCÍA Y GARCÍA 1533 URB. LOS CIPRESES - CERCADO DE LIMA DISTRITO LIMA PROVINCIA LIMA DEPARTAMENTO LIMA,PRIVADO,CENTRO NEFROLOGICO LOS CIPRESES S.A.C.,"""http://maps.google.es/?q=-12.0557538%20-77.0752701,INSASU20191105155320.jpeg,INSASU20191105155337.jpeg,INSASU20191105155345.jpeg,""",HEMODIALISIS,CENTRONEFROLOGICOCIP@HOTMAIL.COM,-77.0752701,-12.0557538,
00028690,JIRÓN GREGORIO PAREDES NÚMERO 444 DISTRITO LIMA PROVINCIA LIMA DEPARTAMENTO LIMA,PRIVADO,INVERSIONES MEDICAS VICTORIA SAC,"""http://maps.google.es/?q=-12.0643681%20-77.0432381,INSASU20211215143544.jpeg,INSASU20211215143548.jpeg,INSASU20211215143552.jpeg,""",HEMODIALISIS,maludelzo@gmail.com,-77.0432381,-12.0643681,
00029415,AVENIDA SANTA CATALINA NUMERO 649 URBANIZACION SANTA CATALINA DISTRITO LA VICTORIA PROVINCIA LIMA DEPARTAMENTO LIMA,PRIVADO,ALTAMIRANO NEFROLOGOS ASOCIADOS,"""http://maps.google.es/?q=-12.08746354%20-77.01864535,INSASU20201106093541.jpg,INSASU20201106093552.jpg,INSASU20201106093558.jpg,""",HEMODIALISIS,altamiranonefrologos@gmail.com,-77.01864535,-12.08746354,
00032275,URBANIZACIÓN LAS PALMERAS II MANZANA N LOTE 20 URBANIZACION LAS PALMERAS II DISTRITO BARRANCA PROVINCIA BARRANCA DEPARTAMENTO LIMA,PRIVADO,CLINICA MEDILAB,"""http://maps.google.es/?q=-10.7430569%20-77.7655922,INSASU20221004214801.jpg,INSASU20221004214816.jpg,INSASU20221004214827.jpg,""",HOSPITALES O CLINICAS DE ATENCION ESPECIALIZADA,clinicamedilabpalmeras@gmail.com,-77.7655922,-10.7430569,
00033672,JIRÓN JOSE OLAYA NÚMERO 314 PISO 1 DISTRITO BARRANCA PROVINCIA BARRANCA DEPARTAMENTO LIMA,PRIVADO,POLICLINICO MI SALUD,"""http://maps.google.es/?q=-10.749512%20-77.759548,INSASU20230720222020.jpeg,INSASU20230720222031.jpeg,INSASU20230720234111.jpeg,""",POLICLINICOS,VALECARCMV@GMAIL.COM,-77.759548,-10.749512,
00036100,JIRÓN FERNANDO WIESE NÚMERO 350 URBANIZACIÓN PRIMERO DE OCTUBRE DISTRITO LIMA PROVINCIA LIMA DEPARTAMENTO LIMA,PRIVADO,HEALTH & SAFETY SF,"""http://maps.google.es/?q=-12.04005608%20-77.05931313,INSASU20240515120822.jpg,INSASU20240515121203.jpg,INSASU20240515121849.jpg,""",POLICLINICOS,LMARTOS@SANFRANCISCOSALUD.COM,-77.05931313,-12.04005608,
00027524,AVENIDA GRAU N?ERO 844 PISO 01 DISTRITO LA VICTORIA PROVINCIA LIMA DEPARTAMENTO LIMA,PRIVADO,GRUPO QUITO SAC,"""http://maps.google.es/?q=-12.0582318%20-77.0214423,INSASU20190819102421.jpg,INSASU20190819102425.jpg,INSASU20190819102430.jpg,""",POLICLINICOS,luis.escapa@gmail.com,-77.0214423,-12.0582318,
00006164,AVENIDA AV. REPUBLICA Y BILLINGURST S/N 2DO SECTOR S/N AV. REPUBLICA Y BILLINGURST S/N 2DO SECTOR VILLA MARIA DEL TRIUNFO LIMA LIMA,PUBLICO,CENTRO MATERNO INFANTIL TABLADA DE LURIN,"""http://maps.google.es/?q=-12.1910331%20-76.9274519,INSASU20231108170054.jpg,INSASU20231110125839.jpeg,INSASU20231110125850.jpeg,""",CENTROS DE SALUD CON CAMAS DE INTERNAMIENTO,neestrada7@hotmail.com,-76.9274519,-12.1910331,
00008388,AVENIDA Dos de Mayo N° 646-666 DISTRITO SAN ISIDRO PROVINCIA LIMA DEPARTAMENTO LIMA,PRIVADO,TG LASER OFTALMICA S.A.,"""http://maps.google.es/?q=-12.091142%20-77.0384,INSASU20201028153959.jpg,""",HOSPITALES O CLINICAS DE ATENCION ESPECIALIZADA,TGLASER@TGLASEROFTALMICA.COM,-77.0384,-12.091142,HTTP://WWW.TGLASEROFTALMICA.COM
00009483,AVENIDA AV. ARENALES 1181LIMA CERCADO DISTRITO LIMA PROVINCIA LIMA DEPARTAMENTO LIMA,PRIVADO,OCULASER,"""http://maps.google.es/?q=-12.0765361%20-77.036634,INSASU20241004124641.jpg,""",HOSPITALES O CLINICAS DE ATENCION ESPECIALIZADA,abenites@oculaserperu.com,-77.036634,-12.0765361,https://oculaserperu.com/
00010739,"AVENIDA AV. GUARDIA CIVIL 554, CORPAC, SAN ISIDRO DISTRITO SAN ISIDRO PROVINCIA LIMA DEPARTAMENTO LIMA",PRIVADO,WONG OFTALMÓLOGOS,"""http://maps.google.es/?q=-12.09461594%20-77.01049698,INSASU20250203073104.jpeg,INSASU20250203073107.jpeg,INSASU20250203073115.jpeg,""",HOSPITALES O CLINICAS DE ATENCION ESPECIALIZADA,mwong@wongoftalmologos.com.pe,-77.01049698,-12.09461594,
00011056,AVENIDA AV. GEMINIS H-17 URB PAPA JUAN XXIII DISTRITO SAN BORJA PROVINCIA LIMA DEPARTAMENTO LIMA,PRIVADO,OFTALMIC SERVICE SAC,"""http://maps.google.es/?q=-12.1096109%20-76.9957696,INSASU20171003124049.jpg,INSASU20171003172631.jpg,INSASU20171003172443.jpg,""",HOSPITALES O CLINICAS DE ATENCION ESPECIALIZADA,gerencia@oftalmicservice.com.pe,-76.9957696,-12.1096109,HTTP://WWW.OFTALMICSERVICE.COM.PE
00011358,AVENIDA AV. JOSE GALVEZ BARRENECHEA Nº 356  URB. CORPAC DISTRITO SAN ISIDRO PROVINCIA LIMA DEPARTAMENTO LIMA,PRIVADO,CONFÍA INSTITUTO OFTALMOLÓGICO.,"""http://maps.google.es/?q=-12.0950449%20-77.013359,INSASU20181211172811.jpg,INSASU20181211172825.jpg,INSASU20181211172835.jpg,""",HOSPITALES O CLINICAS DE ATENCION ESPECIALIZADA,ADMINISTRACION@OFTALMOCONFIA.COM,-77.013359,-12.0950449,HTTP://WWW.OFTALMOCONFIA.COM
00011372,AVENIDA AV. SAN BORJA SUR Nº 536 DISTRITO SAN BORJA PROVINCIA LIMA DEPARTAMENTO LIMA,PRIVADO,FUTURO VISION,"""http://maps.google.es/?q=-12.1014141%20-77.0036037,INSASU20190314204649.jpg,INSASU20190314204812.jpg,INSASU20190314204815.jpg,""",HOSPITALES O CLINICAS DE ATENCION ESPECIALIZADA,HECTORSANCHEZ@FUTUROVISION.COM,-77.0036037,-12.1014141,
00012429,"AVENIDA AV. CARLOS IZAGUIRRE 739 1ER PISO,URB. MERCURIO DISTRITO LOS OLIVOS PROVINCIA LIMA DEPARTAMENTO LIMA",PRIVADO,OFTALMOLOGICA WONG,"""http://maps.google.es/?q=-11.991118%20-77.069213,INSASU20211019081901.jpg,""",CONSULTORIOS MEDICOS Y DE OTROS PROFESIONALES DE LA SALUD,OLIVOS@INSTITUTOWONG.COM,-77.069213,-11.991118,HTTPS://WWW.INSTITUTOWONG.PE/
00012492,AVENIDA AV GENERAL JOSE MARIA EGUSQUIZA NÚMERO 835 DISTRITO PUEBLO LIBRE PROVINCIA LIMA DEPARTAMENTO LIMA,PRIVADO,CLINICA DE OJOS VISUAL OPHTHALMICS,"""""",HOSPITALES O CLINICAS DE ATENCION ESPECIALIZADA,CENTROVISUAL-O@HOTMAIL.COM,,,
00013900,"JIRÓN EL POLO N° 670, OFIC. A-401, A-402, A-403, 4TO. PISO, C. RES. LIMA POLO AND HUNT CLUB, DISTRITO DE SANTIAGO DE SURCO DISTRITO SANTIAGO DE SURCO PROVINCIA LIMA DEPARTAMENTO LIMA",PRIVADO,OFTALMOSALUD,"""http://maps.google.es/?q=-12.1013902%20-76.970967,INSASU20170904161120.jpg,INSASU20170904161128.jpg,""",CENTROS MEDICOS ESPECIALIZADOS,HMARCHAND@OFTALMOSALUD.COM.PE,-76.970967,-12.1013902,
00015716,JIRÓN JIRON CARACAS 2410 JIRON CARACAS 2410 JESUS MARIA LIMA LIMA,PRIVADO,CLÍNICA VISTA,"""""",CENTROS MEDICOS ESPECIALIZADOS,informes@clinicavista.com.pe,,,https://clinicavista.com.pe/
00017099,"AVENIDA AV. JAVIER PRADO ESTE Nº 1010, 10MO. PISO, URB EL PALOMAR DISTRITO SAN ISIDRO PROVINCIA LIMA DEPARTAMENTO LIMA",PRIVADO,OFTALMOLOGOS CONTRERAS  C.SCRL,"""http://maps.google.es/?q=-12.04699842%20-77.03290322,INSASU20180910191858.jpg,""",HOSPITALES O CLINICAS DE ATENCION ESPECIALIZADA,ADMINISTRACION@OFTALMOLOGOSCONTRERAS.COM,-77.03290322,-12.04699842,HTTP://WWW.OFTALMOLOGOSCONTRERAS.COM
00017676,AVENIDA AV. DE LOS HEROES 376 DISTRITO SAN JUAN DE MIRAFLORES PROVINCIA LIMA DEPARTAMENTO LIMA,PRIVADO,OFTALMOSALUD,"""http://maps.google.es/?q=-12.1530319%20-76.9751414,INSASU20181116171749.jpg,INSASU20181116183259.jpg,INSASU20181116183307.jpg,""",HOSPITALES O CLINICAS DE ATENCION ESPECIALIZADA,hmarchand@oftalmosalud.com.pe,-76.9751414,-12.1530319,HTTP://WWW.OFTALMOSALUD.COM.PE
00017823,AVENIDA AV. PASEO LA CASTELLANA Nº 209 AV. PASEO LA CASTELLANA Nº 209 SANTIAGO DE SURCO LIMA LIMA,PRIVADO,OFTALMOLOGICA SANTO TORIBIO,"""""",CENTROS MEDICOS ESPECIALIZADOS,cmendiol16@gmail.com,,,https://es-la.facebook.com/clinicasantotoribioperu/
00018131,"AVENIDA AV. PROLONGACION PRIMAVERA N° 887, URB. CHACARILLA DEL ESTANQUE DISTRITO SAN BORJA PROVINCIA LIMA DEPARTAMENTO LIMA",PRIVADO,CONSULTORIO DE OJOS PRIMAVERA,"""http://maps.google.es/?q=-12.1102978%20-76.9835449,INSASU20210308131701.jpg,""",CONSULTORIOS MEDICOS Y DE OTROS PROFESIONALES DE LA SALUD,rosavasquez2511@hotmail.com,-76.9835449,-12.1102978,HTTP://WWW.OFTALMOLOGOSCONTRERAS.COM
00018553,AVENIDA JAVIER PRADO ESTE NUMERO 2932 DISTRITO SAN BORJA PROVINCIA LIMA DEPARTAMENTO LIMA,PRIVADO,PULSO SALUD,"""http://maps.google.es/?q=-12.087212%20-76.9951532,INSASU20241212164143.jpg,INSASU20241212164147.jpg,INSASU20241212164152.jpg,""",POLICLINICOS,legal@pulsosalud.com,-76.9951532,-12.087212,HTTP://WWW.PULSOSALUD.COM
00020230,AVENIDA AV. MANUEL DULANTO 1656 DISTRITO PUEBLO LIBRE PROVINCIA LIMA DEPARTAMENTO LIMA,PRIVADO,CLINICA DE OJOS GLOBAL LASER,"""""",HOSPITALES O CLINICAS DE ATENCION ESPECIALIZADA,CCASTANEDA@GLOBALLASERPE.COM,,,
00020691,AVENIDA AVENIDA ANGAMOS ESTE N° 412 DISTRITO MIRAFLORES PROVINCIA LIMA DEPARTAMENTO LIMA,PRIVADO,CONSULTORIO MEDICO ÑAHUI,"""""",CONSULTORIOS MEDICOS Y DE OTROS PROFESIONALES DE LA SALUD,MHUAYNATES@NAHUI.COM.PE,,,
00020910,AVENIDA AV. PROCERES DE LA INDEPENDENCIA 1359-1361 DISTRITO SAN JUAN DE LURIGANCHO PROVINCIA LIMA DEPARTAMENTO LIMA,PRIVADO,CENTRO MEDICO OJOSALUD,"""http://maps.google.es/?q=-12.01193777%20-77.00252301,INSASU20191126002500.jpg,INSASU20191126002503.jpg,INSASU20191126002506.jpg,""",CENTROS MEDICOS ESPECIALIZADOS,donairecj@hotmail.com,-77.00252301,-12.01193777,
00020953,CALLE CALLE MIRAFLORES N° 148 DISTRITO ATE PROVINCIA LIMA DEPARTAMENTO LIMA,PRIVADO,EYES CENTER,"""http://maps.google.es/?q=-12.027383%20-76.9231651,INSASU20180418201241.jpg,""",POLICLINICOS,HINOSTROZAARTURO@HOTMAIL.COM,-76.9231651,-12.027383,
00020976,AVENIDA AV. ELMER FAUCETT NO 170 DISTRITO SAN MIGUEL PROVINCIA LIMA DEPARTAMENTO LIMA,PRIVADO,VISUAL CENTER CLINICA DE OJOS,"""http://maps.google.es/?q=-12.0724562%20-77.0986708,INSASU20210118124506.jpg,INSASU20210118124512.jpg,""",HOSPITALES O CLINICAS DE ATENCION ESPECIALIZADA,czumaeta@visualcenter.pe,-77.0986708,-12.0724562,HTTP://WWW.VISUALCENTERPERU.COM
00023741,AVENIDA ALFREDO BENAVIDES NÚMERO 4408 DISTRITO SANTIAGO DE SURCO PROVINCIA LIMA DEPARTAMENTO LIMA,PRIVADO,CLINICA OFTALMO VISSUM,"""http://maps.google.es/?q=-12.128272%20-76.9910469,INSASU20210705140330.JPG,""",HOSPITALES O CLINICAS DE ATENCION ESPECIALIZADA,robertmunozcruz@gmail.com,-76.9910469,-12.128272,
00023833,AVENIDA Arequipa NÚMERO 1148 PISO 3 DISTRITO LIMA PROVINCIA LIMA DEPARTAMENTO LIMA,PRIVADO,INSTITUTO OFTALMOLOGICO LA LUZ SOCIEDAD ANONIMA CERRADA - INSTITUTO OFTALMOLOGICO LA LUZ S.A.C. (CLÍNICA LA LUZ OFTALMOLOGÍA LIMA ),"""""",CENTROS MEDICOS ESPECIALIZADOS,lupita18_27@hotmail.com,,,
00025804,CALLE ENRIQUE VILLAR NÚMERO 143 DISTRITO LIMA PROVINCIA LIMA DEPARTAMENTO LIMA,PRIVADO,OPERO SCRL,"""""",CENTROS MEDICOS ESPECIALIZADOS,clinicadeojosopero@gmail.com,,,http://www.clinicadeojosopero.com
00027025,AVENIDA NICOLAS AYLLON 537 2 ALTURA DEL PARADERO INKA KOLA ATE LIMA LIMA,PRIVADO,CONSULTORIOS MEDICOS ÑAHUI SALUD,"""http://maps.google.es/?q=-12.0247125%20-76.9165878,INSASU20180515165255.jpg,INSASU20221108093019.jpg,INSASU20221108093023.jpg,""",CONSULTORIOS MEDICOS Y DE OTROS PROFESIONALES DE LA SALUD,MHUAYNATES@NAHUI.COM.PE,-76.9165878,-12.0247125,
00027133,"AVENIDA LA ENCALADA 960, 1 Y 2 PISO URBANIZACIÓN CENTRO COMERCIAL MONTERRICO DISTRITO SANTIAGO DE SURCO PROVINCIA LIMA DEPARTAMENTO LIMA",PRIVADO,PULSO SALUD,"""http://maps.google.es/?q=-12.1067553%20-76.9712703,INSASU20190708134041.jpg,INSASU20240103162801.jpg,INSASU20240718104803.jpg,""",POLICLINICOS,legal@pulsosalud.com,-76.9712703,-12.1067553,
00027760,JIRÓN CASTILLA  MANZANA D LOTE 4 LURIN LIMA LIMA,PRIVADO,POLICLINICO EL PUEBLO,"""http://maps.google.es/?q=-12.2765574%20-76.8687852,INSASU20210902180109.jpg,INSASU20200115113955.jpg,INSASU20200115113958.jpg,""",POLICLINICOS,car_romeromendoza@hotmail.com,-76.8687852,-12.2765574,
00028189,AVENIDA JAVIER PRADO NÚMERO 4473 PISO 8 MANZANA J LOTE 18 URBANIZACIÓN NEPTUNO DISTRITO SANTIAGO DE SURCO PROVINCIA LIMA DEPARTAMENTO LIMA,PRIVADO,GLAUCOMA SALUD,"""http://maps.google.es/?q=-12.1416088%20-76.9918155,INSASU20200209202026.jpg,""",HOSPITALES O CLINICAS DE ATENCION ESPECIALIZADA,gustavoaviles68@hotmail.com,-76.9918155,-12.1416088,
00028430,"OTROS SECTOR 3, GRUPO 16 MANZANA A LOTE 13 DISTRITO VILLA EL SALVADOR PROVINCIA LIMA DEPARTAMENTO LIMA",PRIVADO,CONSULTORIO MÉDICO OFTALMOLÓGICO ÑAHUI SALUD,"""http://maps.google.es/?q=-12.2210834%20-76.9320143,INSASU20200706160553.jpg,INSASU20200706160555.jpg,INSASU20200706160558.jpg,""",CONSULTORIOS MEDICOS Y DE OTROS PROFESIONALES DE LA SALUD,MHUAYNATES@NAHUI.COM.PE,-76.9320143,-12.2210834,
00028535,JIRÓN CORONEL RAMON ZAVALA NUMERO 225 PISO 1 DISTRITO BARRANCA PROVINCIA BARRANCA DEPARTAMENTO LIMA,PRIVADO,MEDICAL CENTER INTERNATIONAL LOS ANGELES,"""http://maps.google.es/?q=-10.7521531%20-77.7623643,INSASU20230412055818.jpeg,INSASU20230412055950.jpeg,INSASU20250206125818.jpeg,""",POLICLINICOS,empresamedicalcenter@gmail.com,-77.7623643,-10.7521531,
00028766,AVENIDA FRANCISCO BOLOGNESI NÚMERO 98 URBANIZACIÓN TEJADITA DISTRITO BARRANCO PROVINCIA LIMA DEPARTAMENTO LIMA,PRIVADO,MÉDICA OCULAR,"""http://maps.google.es/?q=-12.15139196%20-77.01977468,INSASU20240418134931.jpg,INSASU20240919164930.jpg,INSASU20240919164952.jpg,""",HOSPITALES O CLINICAS DE ATENCION ESPECIALIZADA,ANA.VELAZCO@MEDICAOCULAR.PE,-77.01977468,-12.15139196,
00032404,CALLE PEDRO REYES BARBOZA NÚMERO 190 DISTRITO BARRANCA PROVINCIA BARRANCA DEPARTAMENTO LIMA,PRIVADO,CENTRO MÉDICO ALTASALUD,"""http://maps.google.es/?q=-10.7543047%20-77.7598818,INSASU20220712132803.jpeg,INSASU20230124173937.jpeg,INSASU20230124173942.jpeg,""",CENTROS DE SALUD O CENTROS MEDICOS,gerencia@altasaludperu.com,-77.7598818,-10.7543047,
00033664,AVENIDA ARIOSTO MATELLINI N° 267 DISTRITO CHORRILLOS PROVINCIA LIMA DEPARTAMENTO LIMA,PRIVADO,PULSO SALUD,"""http://maps.google.es/?q=-12.1803855%20-77.011062,INSASU20230904111523.jpeg,INSASU20230904111529.jpeg,INSASU20230904111534.jpeg,""",CENTROS DE SALUD O CENTROS MEDICOS,legal@pulsosalud.com,-77.011062,-12.1803855,https://pulsosalud.com/
00033734,AVENIDA ELMER FAUCETT NÚMERO 150 URBANIZACIÓN MARANGA 4TA ETAPA DISTRITO SAN MIGUEL PROVINCIA LIMA DEPARTAMENTO LIMA,PUBLICO,CENTRO MEDICO PULSO SALUD,"""http://maps.google.es/?q=-12.0728103%20-77.0987975,INSASU20230117092923.jpg,INSASU20230117092926.jpg,INSASU20230117092931.jpg,""",CENTROS DE SALUD O CENTROS MEDICOS,j.m.huarcaya.c@gmail.com,-77.0987975,-12.0728103,
00033971,AVENIDA JULIO CESAR TELLO NUMERO 256 DISTRITO LINCE PROVINCIA LIMA DEPARTAMENTO LIMA,PRIVADO,RETINA PERU,"""http://maps.google.es/?q=-12.0858433%20-77.0367577,INSASU20221121160310.jpeg,INSASU20221121160204.jpeg,INSASU20221121160208.jpeg,""",HOSPITALES O CLINICAS DE ATENCION ESPECIALIZADA,dr_illa@hotmail.com,-77.0367577,-12.0858433,
00034209,AVENIDA UNIVERSITARIA 7861 6 A MEDIA CUADRA DE COLEGIO BELAUNDE COMAS LIMA LIMA,PRIVADO,CLINICA OFTALMOLOGICA ÑAHUI SALUD,"""http://maps.google.es/?q=-11.931379%20-77.0547079,INSASU20221025131835.jpg,INSASU20221025131842.jpg,INSASU20221025132204.jpg,""",HOSPITALES O CLINICAS DE ATENCION ESPECIALIZADA,mhuaynates@nahuisalud.com.pe,-77.0547079,-11.931379,
00034259,AVENIDA COMANDANTE ESPINAR NUMERO 368 DISTRITO MIRAFLORES PROVINCIA LIMA DEPARTAMENTO LIMA,PRIVADO,CENTRO MÉDICO OCUPACIONAL PULSO SALUD,"""http://maps.google.es/?q=-12.1161539%20-77.036679,INSASU20230202083148.jpg,INSASU20230202083151.jpg,INSASU20230202083155.jpg,""",POLICLINICOS,legal@pulsosalud.com,-77.036679,-12.1161539,
00035834,AVENIDA JAVIER PRADO ESTE NUMERO 996 INTERIOR 802 DISTRITO SAN ISIDRO PROVINCIA LIMA DEPARTAMENTO LIMA,PRIVADO,OFTALMOLOGOS CAPRICORNIO,"""http://maps.google.es/?q=-12.0906783%20-77.0194564,INSASU20240605202753.jpg,INSASU20240605202800.jpg,INSASU20240605210234.jpg,""",CONSULTORIOS MEDICOS Y DE OTROS PROFESIONALES DE LA SALUD,gerencia@marteleirl.com,-77.0194564,-12.0906783,
00030922,URBANIZACIÓN LOS PORTALES DE JAVIER PRADO II ETAPA NUMERO 395 PISO 1 MANZANA M 1 LOTE 39 URBANIZACION PORTALES DE JAVIER PRADO DISTRITO ATE PROVINCIA LIMA DEPARTAMENTO LIMA,PRIVADO,CENTRO MEDICO EMMANUEL,"""http://maps.google.es/?q=-12.04152439%20-76.93060297,INSASU20250314135302.jpeg,INSASU20250314135307.jpeg,""",POLICLINICOS,liz642@hotmail.com,-76.93060297,-12.04152439,
00008389,AVENIDA AV. PABLO CARRIQUIRRY Nº 115 DISTRITO SAN ISIDRO PROVINCIA LIMA DEPARTAMENTO LIMA,PRIVADO,IPOR: INSTITUTO PERUANO DE ONCOLOGIA & RADIOTERAPIA,"""http://maps.google.es/?q=-12.09074703%20-77.01882957,INSASU20211025232246.jpg,INSASU20211025232252.jpg,""",CENTROS MEDICOS ESPECIALIZADOS,oncologiawrp@yahoo.es,-77.01882957,-12.09074703,https://www.ipor.pe
00036586,CALLE LOS CRISANTEMOS NUMERO 0 PISO 1 MANZANA C LOTE 1A DISTRITO SAN VICENTE DE CAÑETE PROVINCIA CAÑETE DEPARTAMENTO LIMA,PRIVADO,CONSULTORIO MEDICO TRAUMASALUD,"""""",CONSULTORIOS MEDICOS Y DE OTROS PROFESIONALES DE LA SALUD,jaimarsarmiento77@gmail.com,,,
00029858,URBANIZACIÓN MARIA AUXILIADORA MAZ I LOTE 15 PROLONGACION RAMON VARGAS MACHUCA N°112 DISTRITO SAN JUAN DE MIRAFLORES PROVINCIA LIMA DEPARTAMENTO LIMA,PRIVADO,SERVICIO MEDICO MEDALLITA MILAGROSA YV S.A.C.,"""http://maps.google.es/?q=-12.1671096%20-76.9786914,INSASU20210408094843.jpg,INSASU20210408094846.jpg,INSASU20210408094849.jpg,""",POLICLINICOS,medallamilagrosa2023@gmail.com,-76.9786914,-12.1671096,
00005610,OTROS CENTRO POBLADO DE TRAPICHE AL COSTADO DEL COLEGIO CENTRO POBLADO DE TRAPICHE AL COSTADO DEL COLEGIO SANTA ROSA DE QUIVES CANTA LIMA,PUBLICO,TRAPICHE,"""http://maps.google.es/?q=-11.72090167%20-76.96370667,Fotografia_5610_09638561_1460550564329.png,Fotografia_5610_09638561_1460550601361.png,Fotografia_5610_09638561_1460550620479.png,""",CENTROS DE SALUD O CENTROS MEDICOS,redcanta@hotmail.com,-76.96370667,-11.72090167,HTTP://WWW.REGIONLIMA.GOB.PE/DIRECCIONES/DIRESA
00006105,AVENIDA TORRES PAZ CDRA. 1 ESQ. CDRA. 4 AV. LOS HÉROES SN SAN JUAN DE MIRAFLORES LIMA LIMA,PUBLICO,CENTRO DE SALUD LEONOR SAAVEDRA,"""http://maps.google.es/?q=-12.1535138%20-76.9724131,INSASU20180907110442.jpg,INSASU20240131174236.jpg,INSASU20240131174239.jpg,""",CENTROS DE SALUD O CENTROS MEDICOS,manuelalc100@hotmail.com,-76.9724131,-12.1535138,
00008716,"CARRETERA CARRETERA CENTRAL KM. 6.3, MZ A LOTE 17 SUB LOTE 02, ASOCIACION DE VIVIENDA VILLA VITARTE DISTRITO ATE PROVINCIA LIMA DEPARTAMENTO LIMA",PRIVADO,POLICLINICO MEDICAL,"""http://maps.google.es/?q=-12.0289484%20-76.9214514,INSASU20190212105619.jpg,""",POLICLINICOS,policlinicoate@medicaldiagnosticos.pe,-76.9214514,-12.0289484,
00028764,JIRÓN LIMA MANZANA 30 LOTE 20 URBANIZACIÓN PUEBLO DE PACHACAMAC DISTRITO PACHACAMAC PROVINCIA LIMA DEPARTAMENTO LIMA,PRIVADO,LABORATORIO CLÍNICO R.L. S.A.C.,"""http://maps.google.es/?q=-12.2289996%20-76.8614992,INSASU20200908113419.jpg,INSASU20200908113425.jpg,INSASU20200908113431.jpg,""",PATOLOGIA CLINICA,laboratorioclinicorlsac@gmail.com,-76.8614992,-12.2289996,
00029659,"AVENIDA SANTIAGO DE SURCO N° 4271, MZ Z-1, LOTE N°15 URB. VISTA ALEGRE DISTRITO SANTIAGO DE SURCO PROVINCIA LIMA DEPARTAMENTO LIMA",PRIVADO,PLURAL MEDICAL,"""http://maps.google.es/?q=-12.1399392%20-76.9931761,INSASU20210205100428.jpg,""",POLICLINICOS,pluralmedical@gmail.com,-76.9931761,-12.1399392,
00010657,AVENIDA AV JOSE GALVEZ BARRENECHEA 153 DISTRITO SAN ISIDRO PROVINCIA LIMA DEPARTAMENTO LIMA,PRIVADO,DIAGNOLAB EIRL,"""http://maps.google.es/?q=-12.0910579%20-77.013703,INSASU20180922130901.jpg,""",POLICLINICOS,dorisauris@diagnolab.pe,-77.013703,-12.0910579,HTTP://diagnolab.pe
00011473,AVENIDA AV. ARENALES 483 DPTO. 203 DISTRITO LIMA PROVINCIA LIMA DEPARTAMENTO LIMA,PRIVADO,CENTRO MEDICO DE AYUDA DIAGNOSTICA,"""http://maps.google.es/?q=-12.0693989%20-77.0377829,INSASU20201204075214.jpg,INSASU20201204075223.jpg,INSASU20201204164358.jpg,""","PATOLOGIA CLINICA,DIAGNOSTICO POR IMAGENES",cemad_arenales@hotmail.com,-77.0377829,-12.0693989,
00029490,AVENIDA UNIVERSITARIA NÚMERO 681 URBANIZACIÓN EL ROSARIO DISTRITO SAN MARTIN DE PORRES PROVINCIA LIMA DEPARTAMENTO LIMA,PRIVADO,CORPORAC. DE SALUD OCUPACIONAL,"""http://maps.google.es/?q=-12.01993665%20-77.07610107,INSASU20201022122258.jpeg,""",POLICLINICOS,adm.corposaludperu@hotmail.com,-77.07610107,-12.01993665,
00005627,AVENIDA AV.CENTRAL S/N-GRUPO 5 - AAHH CRUZ DE MOTUPE (ALT PDO 8 AV.WIESSE) NUMERO S/N DISTRITO SAN JUAN DE LURIGANCHO PROVINCIA LIMA DEPARTAMENTO LIMA,PUBLICO,CENTRO DE SALUD CRUZ DE MOTUPE,"""http://maps.google.es/?q=-11.9408268%20-76.9749709,INSASU20180917154021.jpg,INSASU20250128173236.jpg,INSASU20250128173241.jpg,""",CENTROS DE SALUD O CENTROS MEDICOS,cscruzdemotupe@dirislimacentro.gob.pe,-76.9749709,-11.9408268,HTTP://WWW.REDSASJL.GOB.PE
00005814,JIRÓN JR. LOA 595 ANCON JR. LOA 595 ANCON ANCON LIMA LIMA,PUBLICO,CENTRO DE SALUD MATERNO INFANTIL ANCON,"""http://maps.google.es/?q=-11.77452348%20-77.17275823,INSASU20191219100548.jpg,""",CENTROS DE SALUD CON CAMAS DE INTERNAMIENTO,PVM__25@HOTMAIL.COM,-77.17275823,-11.77452348,HTTP://WWW.DIRISLIMANORTE.GOB.PE
00006125,CALLE CALLE LOS BOMBEROS S/N ST. 2 GR. 15 S/N CALLE LOS BOMBEROS S/N ST. 2 GR. 15 VILLA EL SALVADOR LIMA LIMA,PUBLICO,CENTRO DE SALUD SAN MARTIN DE PORRES,"""http://maps.google.es/?q=-12.2120117%20-76.9391561,INSASU20240807162120.jpeg,INSASU20240807162128.jpeg,INSASU20240807162135.jpeg,""",CENTROS DE SALUD O CENTROS MEDICOS,mariavictoriacaaspecho17@gmail.com,-76.9391561,-12.2120117,
00010385,OTROS PROLONGACION AVENIDA SAN JUAN CUADRA 4 S/N SAN JUAN DE MIRAFLORES DISTRITO SAN JUAN DE MIRAFLORES PROVINCIA LIMA DEPARTAMENTO LIMA,PUBLICO,"CENTRO DE SALUD MILITAR ""SAN JUAN""","""http://maps.google.es/?q=-12.16600147%20-76.97283137,INSASU20240822100726.jpeg,INSASU20240822100732.jpeg,INSASU20240822100737.jpeg,""",CENTROS DE SALUD O CENTROS MEDICOS,CSM-SAN-JUAN@ejercito.mil.pe,-76.97283137,-12.16600147,HTTP://WWW.EJERCITO.MIL.PE
00013329,"CALLE CALLE 18, MZ 7 LOTE 23 AAHH LAURA CALLER IBERICO, ZONA 5 DISTRITO LOS OLIVOS PROVINCIA LIMA DEPARTAMENTO LIMA",PRIVADO,ROAL LABORATORIOS S.A.C,"""http://maps.google.es/?q=-11.9705363%20-77.077756,INSASU20200303092400.jpg,INSASU20200303092403.jpg,INSASU20200303092408.jpg,""",POLICLINICOS,ROALLABORATORIOS@HOTMAIL.COM,-77.077756,-11.9705363,
00014938,"AVENIDA AV TUPAC AMARU 7078 - AAHH AÑO NUEVO, ZONA B DISTRITO COMAS PROVINCIA LIMA DEPARTAMENTO LIMA",PRIVADO,POLICLINICO DESSA,"""""",POLICLINICOS,CORPORACIONGNR_SAC@YAHOO.COM,,,
00018366,OTROS COOPERATIVA DE VIVIENDA LOS SUREÑOS MZ I LOTE 05 DISTRITO PUENTE PIEDRA PROVINCIA LIMA DEPARTAMENTO LIMA,PRIVADO,POLICLINICO SAN PEDRO,"""http://maps.google.es/?q=-11.88714282%20-77.06950016,INSASU20201029194534.jpg,INSASU20201029194538.jpg,""",POLICLINICOS,gabapoliclinicosanpedro@gmail.com,-77.06950016,-11.88714282,
00020948,AVENIDA TUPAC AMARU NUMERO 3809 URBANIZACION CARABAYLLO DISTRITO COMAS PROVINCIA LIMA DEPARTAMENTO LIMA,PRIVADO,POLICLINICO LAB FRAY,"""http://maps.google.es/?q=-11.9714363%20-77.0577635,INSASU20250224141844.jpeg,""",POLICLINICOS,f.acuna@labfray.pe,-77.0577635,-11.9714363,
00025339,AVENIDA TUPAC AMARU NÚMERO 6154 URBANIZACIÓN REPARTICION DISTRITO COMAS PROVINCIA LIMA DEPARTAMENTO LIMA,PRIVADO,POLICLINICO NORTHSALUD,"""http://maps.google.es/?q=-11.9594558%20-77.053722,INSASU20220218120515.jpeg,INSASU20190430112420.jpg,INSASU20190430111126.jpg,""",POLICLINICOS,northsalud0617@hotmail.com,-77.053722,-11.9594558,
00031406,URBANIZACIÓN ALEJANDRO DELGADO MANZANA G LOTE 7 DISTRITO HUARAL PROVINCIA HUARAL DEPARTAMENTO LIMA,PRIVADO,PEDIATRISALUD,"""http://maps.google.es/?q=-11.4942249%20-77.2150071,INSASU20220422171950.jpg,INSASU20231022220047.jpg,INSASU20231022220055.jpg,""",CENTROS MEDICOS ESPECIALIZADOS,victorbacini@hotmail.com,-77.2150071,-11.4942249,
00034821,AVENIDA DEFENSORES DEL MORRO NÚMERO 2079 PISO 2 URBANIZACIÓN SANTA LEONOR DISTRITO CHORRILLOS PROVINCIA LIMA DEPARTAMENTO LIMA,PRIVADO,CENTRO MEDICO INTEGRAL HUAYLAS,"""http://maps.google.es/?q=-12.1801885%20-77.0131856,INSASU20240410192420.jpeg,INSASU20240410192423.jpeg,INSASU20240410192425.jpeg,""",CENTROS DE SALUD O CENTROS MEDICOS,mullerly18@gmail.com,-77.0131856,-12.1801885,
00006155,OTROS PUEBLO JOVEN JOSE CARLOS MARIATEGUI MZ SPCO LOTE TPA ETAPA SEXTA SECTOR SAN GABRIEL DISTRITO VILLA MARIA DEL TRIUNFO PROVINCIA LIMA DEPARTAMENTO LIMA,PUBLICO,CENTRO DE SALUD MENTAL COMUNITARIO SAN GABRIEL ALTO,"""http://maps.google.es/?q=-12.1418352%20-76.9492584,INSASU20231023084616.jpeg,INSASU20231023084712.jpeg,INSASU20231023084717.jpeg,""",CENTROS MEDICOS ESPECIALIZADOS,CSMCSANGABRIELALTO@GMAIL.COM,-76.9492584,-12.1418352,
00024847,AVENIDA LAS AMERICAS PISO 2 S/N SAN JUAN DE MIRAFLORES LIMA LIMA,PUBLICO,CENTRO DE SALUD MENTAL COMUNITARIO 12 DE NOVIEMBRE,"""http://maps.google.es/?q=-12.1376019%20-76.96831382,INSASU20230215163100.jpg,INSASU20230801150406.jpg,INSASU20230801150412.jpg,""",CENTROS DE SALUD O CENTROS MEDICOS,csmc12denoviembre@hotmail.com,-76.96831382,-12.1376019,
00025771,JIRÓN 12 DE JULIO SECTOR 24 DE JUNIO COLLANAC DISTRITO PACHACAMAC PROVINCIA LIMA DEPARTAMENTO LIMA,PUBLICO,CENTRO DE SALUD MENTAL COMUNITARIO LA MEDALLA MILAGROSA,"""http://maps.google.es/?q=-12.1281459%20-76.87121249,INSASU20231113181551.jpeg,INSASU20231113181557.jpeg,INSASU20231113181603.jpeg,""",CENTROS MEDICOS ESPECIALIZADOS,csmcmedallamilagrosa@gmail.com,-76.87121249,-12.1281459,
00025772,CALLE 20 SECTOR PORTADA DE MANCHAY III CPR HUERTOS DE MANCHAY MANZANA B5 LOTE 03 DISTRITO PACHACAMAC PROVINCIA LIMA DEPARTAMENTO LIMA,PUBLICO,CENTRO DE SALUD MENTAL COMUNITARIO SANTA ROSA DE MANCHAY,"""http://maps.google.es/?q=-12.2095337%20-76.8538748,INSASU20221021161547.jpeg,INSASU20231013111833.jpeg,INSASU20231013111840.jpeg,""",CENTROS MEDICOS ESPECIALIZADOS,schumbile@dirislimasur.gob.pe,-76.8538748,-12.2095337,
00026221,AVENIDA INDEPENDENCIA S/N SANTA ISABEL DE VILLA CHORRILLOS LIMA LIMA,PUBLICO,CENTRO DE SALUD MENTAL COMUNITARIO SAN SEBASTIAN,"""http://maps.google.es/?q=-12.20101238%20-76.97877609,INSASU20181022143018.JPG,INSASU20240411112248.JPG,INSASU20240411112246.JPG,""",CENTROS MEDICOS ESPECIALIZADOS,csmcsansebastian@hotmail.com,-76.97877609,-12.20101238,
00027068,"AVENIDA 15 DE JULIO ZONA D, LOTE 24 24 ACV HUAYCAN ATE LIMA LIMA",PUBLICO,CENTRO DE SALUD MENTAL COMUNITARIO SANTA ROSA DE HUAYCAN,"""http://maps.google.es/?q=-12.01673871%20-76.82504094,INSASU20190103102603.jpg,INSASU20190103102606.jpg,INSASU20190103102608.jpg,""",PUESTOS DE SALUD O POSTAS DE SALUD,csmc.srh.2018@gmail.com,-76.82504094,-12.01673871,http://www.dirislimaeste.gob.pe/
00027319,CALLE HERMILIO VALDIZAN NÚMERO 648 DISTRITO JESUS MARIA PROVINCIA LIMA DEPARTAMENTO LIMA,PRIVADO,PLENAMENTE,"""http://maps.google.es/?q=-12.0819228%20-77.0515408,INSASU20190621103955.jpg,""",CONSULTORIOS MEDICOS Y DE OTROS PROFESIONALES DE LA SALUD,gerencia@plenamente.com.pe,-77.0515408,-12.0819228,http://www.plenamente.com.pe
00027325,OTROS PLAYA PUERTO CHICO S/N EX PRONOIE BARRANCA BARRANCA LIMA,PUBLICO,CENTRO DE SALUD MENTAL COMUNITARIO DE BARRANCA,"""http://maps.google.es/?q=-10.6962244%20-77.7757271,INSASU20250501163912.jpg,INSASU20250501163922.jpg,INSASU20250501163927.jpg,""",CENTROS DE SALUD O CENTROS MEDICOS,ruizprietojl1508@gmail.com,-77.7757271,-10.6962244,
00029481,AVENIDA PROGRESO S/N CERCA A LA COMISARIA DE AUCALLAMA AUCALLAMA HUARAL LIMA,PUBLICO,CENTRO DE SALUD MENTAL COMUNITARIO AUCALLAMA,"""http://maps.google.es/?q=-11.5644646%20-77.1743983,INSASU20240415113835.jpeg,INSASU20240415113827.jpeg,INSASU20240415113818.jpeg,""",CENTROS DE SALUD O CENTROS MEDICOS,ccsmaucallama@gmail.com,-77.1743983,-11.5644646,http://www.hospitalhuaral.gob.pe/
00030140,OTROS ANTIGUA PANAMERICANA SUR ALTURA DEL KM 36 S/N DISTRITO LURIN PROVINCIA LIMA DEPARTAMENTO LIMA,PRIVADO,CENTRO MEDICO VITALIA,"""http://maps.google.es/?q=-12.27573192%20-76.8712866,INSASU20210514134118.jpeg,INSASU20210514134124.jpeg,INSASU20210514134426.jpeg,""",CENTROS DE SALUD O CENTROS MEDICOS,CMVITALIA@HOTMAIL.COM,-76.8712866,-12.27573192,
00034083,AVENIDA San Martín 310 ALTURA DE LA PISCÍCOLA DE La UNIVERSIDAD FEDERICO VILLARREAL SANTA EULALIA HUAROCHIRI LIMA,PUBLICO,"CENTRO DE SALUD MENTAL COMUNITARIO SANTA EULALIA  ""AUGUSTO GALVAN MONTOYA""","""http://maps.google.es/?q=-11.9200676%20-76.66743778,INSASU20230712120254.jpeg,INSASU20230712120257.jpeg,INSASU20230712120302.jpeg,""",CENTROS DE SALUD O CENTROS MEDICOS,centrosaludmentalcomunitariose@gmail.com,-76.66743778,-11.9200676,http://www.redhuarochiri.gob.pe
00035008,AVENIDA SAN ALFONSO MZ B LT 1 NIÑO JESUS 1ERA ETAPA - SANTA CLARA A 100 M CEP SAGRADA FAMILIA ATE LIMA LIMA,PUBLICO,CENTRO DE SALUD MENTAL COMUNITARIO LUZ DE ESPERANZA,"""http://maps.google.es/?q=-12.02030225%20-76.88602169,INSASU20240626114811.jpeg,INSASU20240626114823.jpeg,INSASU20240626114832.jpeg,""",PUESTOS DE SALUD O POSTAS DE SALUD,alejandracarhuacusmatuncar@gmail.com,-76.88602169,-12.02030225,http://www.dirislimaeste.gob.pe/
00035816,URBANIZACIÓN PARQUE LOS EDUCADORES NUMERO S/N PISO 1 URBANIZACION 3ERA ETAPA CAMPOY DISTRITO SAN JUAN DE LURIGANCHO PROVINCIA LIMA DEPARTAMENTO LIMA,PUBLICO,CENTRO DE SALUD MENTAL COMUNITARIO VILLA CAMPOY,"""""",CENTROS MEDICOS ESPECIALIZADOS,csmcvillacampoy@dirislimacentro.gob.pe,,,https://dirislimacentro.gob.pe/directorio-establecimientos/
00023842,AVENIDA grau 375 HUACHO HUAURA LIMA,PRIVADO,Dr. Alipazaga rayos x ecografias,"""http://maps.google.es/?q=-11.1082196%20-77.6080746,INSASU20210702192105.jpeg,INSASU20210702192113.jpeg,INSASU20210702192119.jpeg,""",POLICLINICOS,davidalipazaga21@hotmail.com,-77.6080746,-11.1082196,
00006109,OTROS PUEBLO JOVEN JESUS PODEROSO LOTE C MZ T S/N PAMPLONA BAJA NÚMERO S/N DISTRITO SAN JUAN DE MIRAFLORES PROVINCIA LIMA DEPARTAMENTO LIMA,PUBLICO,CENTRO DE SALUD JESUS PODEROSO,"""http://maps.google.es/?q=-12.1305597%20-76.951192,INSASU20220708120910.jpeg,INSASU20230509095906.jpeg,INSASU20230509095911.jpeg,""",CENTROS DE SALUD O CENTROS MEDICOS,CSJESUSPODEROSO@GMAIL.COM,-76.951192,-12.1305597,
00006186,JIRÓN JR. CONDE DE LA VEGA BAJA 488 DISTRITO LIMA PROVINCIA LIMA DEPARTAMENTO LIMA,PUBLICO,CONDE DE LA VEGA BAJA,"""http://maps.google.es/?q=-12.039118%20-77.05043753,INSASU20180730132644.jpg,INSASU20180730133008.jpg,INSASU20180730133131.jpg,""",CENTROS DE SALUD O CENTROS MEDICOS,cscondedelavega@dirislimacentro.gob.pe,-77.05043753,-12.039118,https://dirislimacentro.gob.pe
00036085,AVENIDA JUAN DE ARONA NÚMERO 390 DISTRITO SAN ISIDRO PROVINCIA LIMA DEPARTAMENTO LIMA,PRIVADO,PRINCESA LEONOR,"""http://maps.google.es/?q=-12.09689431%20-77.03064867,INSASU20231221072010.jpeg,INSASU20231221072018.jpeg,INSASU20231221072023.jpeg,""",CENTROS DE SALUD O CENTROS MEDICOS,lusacorporacionmedica@gmail.com,-77.03064867,-12.09689431,
00016038,AVENIDA AREQUIPA 242 DISTRITO LIMA PROVINCIA LIMA DEPARTAMENTO LIMA,PRIVADO,BOSTON CENTRO DE DIAGNOSTICO,"""http://maps.google.es/?q=-12.0662671%20-77.0373924,INSASU20201216112044.jpg,INSASU20201216112050.jpg,INSASU20201216112054.jpg,""",POLICLINICOS,BCD_IMAG@HOTMAIL.COM,-77.0373924,-12.0662671,
00016057,AV. GUARDIA CIVIL 254 SAN ISIDRO,PRIVADO,CENTRO DE DIAGNOSTICO SAN ISIDRO S.A.C. (CENTRO DE DIAGNOSTICO SAN ISIDRO),"""""",DIAGNOSTICO POR IMAGENES,CDSI@CDISANISIDRO.COM.PE,,,
00033166,AVENIDA NARANJAL NUMERO 1443 PISO 2 DEPARTAMENTO 1 INTERIOR 2 MANZANA I - 2 LOTE 10 URBANIZACION PARQUE NARANJAL  2DA ETAPA DISTRITO LOS OLIVOS PROVINCIA LIMA DEPARTAMENTO LIMA,PRIVADO,POLICLINICO PASTEUR,"""http://maps.google.es/?q=-11.97728201%20-77.08141721,INSASU20221222173923.jpeg,INSASU20221222173939.jpeg,INSASU20221222173950.jpeg,""",POLICLINICOS,pasteur_salud@outlook.com,-77.08141721,-11.97728201,
00032233,JIRÓN General Cordova NÚMERO 1161 DISTRITO JESUS MARIA PROVINCIA LIMA DEPARTAMENTO LIMA,PRIVADO,ONCOMEDIC,"""http://maps.google.es/?q=-12.07656469%20-77.03908927,INSASU20220528112231.jpg,""",CONSULTORIOS MEDICOS Y DE OTROS PROFESIONALES DE LA SALUD,yancarlosvargas@gmail.com,-77.03908927,-12.07656469,
00011671,AVENIDA AV. PETIT THOUARS Nº 3954 DISTRITO SAN ISIDRO PROVINCIA LIMA DEPARTAMENTO LIMA,PRIVADO,INSTITUTO PERUANO DEL HUESO Y LA ARTICULACION,"""http://maps.google.es/?q=-12.0987129%20-77.0312328,INSASU20200817085020.jpg,""",POLICLINICOS,aromero21@gmail.com,-77.0312328,-12.0987129,
00026405,AVENIDA PETIT THOUARS NÚMERO 4387 DISTRITO MIRAFLORES PROVINCIA LIMA DEPARTAMENTO LIMA,PRIVADO,POLICLINICO CENTMED,"""http://maps.google.es/?q=-12.111062%20-77.0315913,INSASU20180905194517.jpg,""",POLICLINICOS,gerenciacomercial@policlinicocentmed.com,-77.0315913,-12.111062,http://www.policlinicocentmed.com
00017675,"AVENIDA DEFENSORES DEL MORRO (HUAYLAS) N° 796 INTERIOR 202 Y 301, URB. LOS LAURELES CHORRILLOS LIMA LIMA",PRIVADO,NOVAMEDIC SEDE HUAYLAS,"""http://maps.google.es/?q=-12.17181251%20-77.02169712,INSASU20200629110614.jpg,""",POLICLINICOS,saludocupacional@novamedic.org,-77.02169712,-12.17181251,
00019656,OTROS URB. LAS PALMERAS IC19 PISO -2° DISTRITO BARRANCA PROVINCIA BARRANCA DEPARTAMENTO LIMA,PRIVADO,CENTRO MEDICO ONCO VIDA SALUD,"""http://maps.google.es/?q=-10.7430569%20-77.7655922,INSASU20210922171721.jpg,""",POLICLINICOS,oncovidasalud@outlook.com,-77.7655922,-10.7430569,
00024849,CALLE JOSE DE LA TORRE UGARTE NUMERO 144 DISTRITO LINCE PROVINCIA LIMA DEPARTAMENTO LIMA,PRIVADO,JMG SERVICIOS,"""http://maps.google.es/?q=-12.0893385%20-77.0344789,INSASU20240103085037.jpeg,INSASU20240103085041.jpeg,INSASU20250306092256.jpeg,""",POLICLINICOS,cmeneses@jmgservicios.net,-77.0344789,-12.0893385,http://www.jmgserviciossrl.com
00005757,JIRÓN JR LA UNION (CON CALLE CUZCO) CUADRA 6 S/N  - ASOC. VIVIENDA PABLO VI S/N JR LA UNION (CON CALLE CUZCO) CUADRA 6 S/N  - ASOC. VIVIENDA PABLO VI COMAS LIMA LIMA,PUBLICO,CENTRO DE SALUD SANGARARA,"""http://maps.google.es/?q=-11.91876401%20-77.04373564,INSASU20191206094537.jpg,""",CENTROS DE SALUD O CENTROS MEDICOS,cssangarararsta@gmail.com,-77.04373564,-11.91876401,HTTP://WWW.DIRISLIMANORTE.GOB.PE
00010776,AVENIDA AV. SAN FELIPE N° 142 DISTRITO JESUS MARIA PROVINCIA LIMA DEPARTAMENTO LIMA,PRIVADO,ORTOPEDIA SAN FRANCISCO,"""""",CONSULTORIOS MEDICOS Y DE OTROS PROFESIONALES DE LA SALUD,alf_aybar@laclinicasanfrancisco.com,,,
00019329,JIRÓN JR. CHICLAYO 182 DISTRITO LURIGANCHO PROVINCIA LIMA DEPARTAMENTO LIMA,PRIVADO,POLICLINICO SERVILAB,"""http://maps.google.es/?q=-11.93761223%20-76.69512279,INSASU20231226191034.jpg,INSASU20231226191041.jpg,INSASU20231226191047.jpg,""",POLICLINICOS,SERVILAB182@HOTMAIL.COM,-76.69512279,-11.93761223,
00027276,JIRÓN SANCHEZ PINILLOS NÚMERO 188 DISTRITO LIMA PROVINCIA LIMA DEPARTAMENTO LIMA,PRIVADO,POLICLINICO  ARTHROSALUD,"""http://maps.google.es/?q=-12.048208%20-77.043831,INSASU20190517120326.jpg,INSASU20240403171518.jpg,INSASU20240403171522.jpg,""",POLICLINICOS,chrihume@hotmail.com,-77.043831,-12.048208,http://www.ARTHROMED.com
00032362,CALLE JUNIN NUMERO 378 378 4 A UNA CUADRA DEL HOSPITAL DE CHANCAY CHANCAY HUARAL LIMA,PRIVADO,CLINICA DR. POEMAPE - CLINIPOEMAPE,"""http://maps.google.es/?q=-11.5666572%20-77.2685791,INSASU20220627114125.jpg,INSASU20230111135118.jpg,INSASU20230111135127.jpg,""",HOSPITALES O CLINICAS DE ATENCION ESPECIALIZADA,clinivida.gerencia@gmail.com,-77.2685791,-11.5666572,
00035626,AVENIDA CUBA NÚMERO 970 DISTRITO JESUS MARIA PROVINCIA LIMA DEPARTAMENTO LIMA,PRIVADO,MEDISALUD ESPECIALIDADES MEDICAS,"""http://maps.google.es/?q=-12.07501589%20-77.04485602,INSASU20240325020239.jpeg,INSASU20240325020248.jpeg,INSASU20240325020256.jpeg,""",CONSULTORIOS MEDICOS Y DE OTROS PROFESIONALES DE LA SALUD,jacs3110@hotmail.com,-77.04485602,-12.07501589,
00005578,OTROS CENTRO POBLADO HUAYOPAMPA CENTRO POBLADO HUAYOPAMPA ATAVILLOS BAJO HUARAL LIMA,PUBLICO,HUAYOPAMPA,"""http://maps.google.es/?q=-11.3551969%20-76.82351938,Fotografia_5578_40805284_1460664481835.png,Fotografia_5578_40805284_1460664528403.png,Fotografia_5578_40805284_1460664583364.png,""",CENTROS DE SALUD O CENTROS MEDICOS,ANASMAYO2017@GMAIL.COM,-76.82351938,-11.3551969,HTTP://WWW.HOSPITALHUARAL.GOB.PE
00005582,OTROS CENTRO POBLADO ACOS DISTRITO SAN MIGUEL DE ACOS PROVINCIA HUARAL DEPARTAMENTO LIMA,PUBLICO,ACOS,"""http://maps.google.es/?q=-11.27383428%20-76.81988196,Fotografia_5582_40805284_1461623493747.png,Fotografia_5582_40805284_1461623512861.png,Fotografia_5582_40805284_1461623626813.png,""",CENTROS DE SALUD O CENTROS MEDICOS,microredacos@hotmail.com,-76.81988196,-11.27383428,HTTP://WWW.HOSPITALHUARAL.GOB.PE
00005590,OTROS CENTRO POBLADO PACARAOS S/N S/N CENTRO POBLADO PACARAOS S/N PACARAOS HUARAL LIMA,PUBLICO,PACARAOS,"""http://maps.google.es/?q=-11.18784214%20-76.64938682,Fotografia_5590_40805284_1460469473163.png,Fotografia_5590_40805284_1460469501614.png,Fotografia_5590_40805284_1460469546838.png,""",CENTROS DE SALUD O CENTROS MEDICOS,GERIATRIA1@HOTMAIL.COM,-76.64938682,-11.18784214,HTTP://WWW.HOSPITALHUARAL.GOB.PE
00005596,OTROS CENTRO POBLADO YUNGUY CENTRO POBLADO YUNGUY IHUARI HUARAL LIMA,PUBLICO,YUNGUY,"""http://maps.google.es/?q=-11.28732827%20-76.93471404,Fotografia_5596_40805284_1461171400631.png,Fotografia_5596_40805284_1461171466533.png,Fotografia_5596_40805284_1461176113854.png,""",CENTROS DE SALUD O CENTROS MEDICOS,HHUARAL@HOSPITALHUARAL.GOB.PE,-76.93471404,-11.28732827,HTTP://WWW.HOSPITALHUARAL.GOB.PE
00005611,"CALLE CALLE SAN MARTELO S/N, CENTRO POBLADO YANGAS S/N CALLE SAN MARTELO S/N, CENTRO POBLADO YANGAS SANTA ROSA DE QUIVES CANTA LIMA",PUBLICO,YANGAS,"""http://maps.google.es/?q=-11.69580167%20-76.846135,Fotografia_5611_09638561_1460546202415.png,Fotografia_5611_09638561_1460546216539.png,Fotografia_5611_09638561_1460546232761.png,""",CENTROS DE SALUD O CENTROS MEDICOS,redcanta@hotmail.com,-76.846135,-11.69580167,HTTP://WWW.REGIONLIMA.GOB.PE/DIRECCIONES/DIRESA
00005614,AVENIDA AV. 1ERO DE MAYO 3RA ETAPA - AAHH BAYOVAR DISTRITO SAN JUAN DE LURIGANCHO PROVINCIA LIMA DEPARTAMENTO LIMA,PUBLICO,CENTRO DE SALUD BAYOVAR,"""http://maps.google.es/?q=-11.9521131%20-76.9913771,INSASU20231020162431.jpg,INSASU20231020162606.jpg,INSASU20231020162608.jpg,""",CENTROS DE SALUD O CENTROS MEDICOS,csbayovar@dirislimacentro.gob.pe,-76.9913771,-11.9521131,http://dirislimacentro.gob.pe
00005616,OTROS MZ. F 5 S/N AAHH 10 DE OCTUBRE NÚMERO S/N DISTRITO SAN JUAN DE LURIGANCHO PROVINCIA LIMA DEPARTAMENTO LIMA,PUBLICO,10 DE OCTUBRE,"""http://maps.google.es/?q=-11.9452166%20-76.9877759,INSASU20231122072349.jpg,INSASU20180909122752.jpg,INSASU20180909122756.jpg,""",CENTROS DE SALUD O CENTROS MEDICOS,cs10deoctubre@dirislimacentro.gob.pe,-76.9877759,-11.9452166,
00005622,AVENIDA AV.RIO GRANDE S/N ALTURA PARADERO 9 AV.J.C.MARIATEGUI-HUASCAR GRUPO XV NUMERO S/N DISTRITO SAN JUAN DE LURIGANCHO PROVINCIA LIMA DEPARTAMENTO LIMA,PUBLICO,CENTRO DE SALUD HUASCAR XV,"""http://maps.google.es/?q=-11.9557782%20-77.0026526,INSASU20250508112650.jpg,INSASU20250508112654.jpg,INSASU20250508112658.jpg,""",CENTROS DE SALUD O CENTROS MEDICOS,cshuascarxv@dirislimacentro.gob.pe,-77.0026526,-11.9557782,http://dirislimacentro.gob.pe
00005625,AVENIDA AV.HEROES DEL CENEPA MZ D2 - AAHH SANTA MARIA DISTRITO SAN JUAN DE LURIGANCHO PROVINCIA LIMA DEPARTAMENTO LIMA,PUBLICO,CENTRO DE SALUD SANTA MARIA,"""http://maps.google.es/?q=-11.9653616%20-76.975844,INSASU20191121142244.jpg,INSASU20231206094254.jpg,INSASU20231206094258.jpg,""",CENTROS DE SALUD O CENTROS MEDICOS,cssantamaria@dirislimacentro.gob.pe,-76.975844,-11.9653616,https://dirislimacentro.gob.pe/
00005628,JIRÓN JR. EL CRUCE MZ. H S/N AAHH JOSE CARLOS MARIATEGUI NÚMERO S/N DISTRITO SAN JUAN DE LURIGANCHO PROVINCIA LIMA DEPARTAMENTO LIMA,PUBLICO,CENTRO DE SALUD JOSE CARLOS MARIATEGUI,"""http://maps.google.es/?q=-11.9450035%20-76.9843804,INSASU20180813080909.jpg,""",CENTROS DE SALUD O CENTROS MEDICOS,csjcmariategui@dirislimacentro.gob.pe,-76.9843804,-11.9450035,http://dirislimacentro.gob.pe
00005631,PLAZA PLAZA DE ARMAS S/N S/N PLAZA DE ARMAS S/N CAJATAMBO CAJATAMBO LIMA,PUBLICO,CAJATAMBO,"""http://maps.google.es/?q=-10.47253636%20-76.99260812,Fotografia_5631_41369493_1459964148277.png,Fotografia_5631_41369493_1460491108273.png,Fotografia_5631_41369493_1460491156104.png,""",CENTROS DE SALUD O CENTROS MEDICOS,HOSPITALBCA@HOTMAIL.COM,-76.99260812,-10.47253636,HTTP://WWW.HOSPITALBARRANCA.GOB.PE
00005638,AVENIDA AV ALCAZAR CUADRA 3 - URB LEONCIO PRADO DISTRITO RIMAC PROVINCIA LIMA DEPARTAMENTO LIMA,PUBLICO,CENTRO DE SALUD LEONCIO PRADO,"""http://maps.google.es/?q=-12.0316958%20-77.0302538,INSASU20241004154730.jpeg,""",CENTROS DE SALUD O CENTROS MEDICOS,cslp.jefatura.rrhh@gmail.com,-77.0302538,-12.0316958,http://www.dirislimanorte.gob.pe
00005640,JIRÓN JR. JACINTO BENAVENTE Nº 264 - ASOCIACION CIUDAD Y CAMPO JR. JACINTO BENAVENTE Nº 264 - ASOCIACION CIUDAD Y CAMPO RIMAC LIMA LIMA,PUBLICO,CIUDAD Y CAMPO,"""http://maps.google.es/?q=-12.0243191%20-77.0282412,INSASU20190621124618.jpg,INSASU20190621124627.jpg,""",CENTROS DE SALUD O CENTROS MEDICOS,CS.CIUDADYCAMPO@HOTMAIL.COM,-77.0282412,-12.0243191,http://www.dirislimanorte.gob.pe
00005643,PROLONGACIÓN PROLONG. SANCHO DAVILA S/N (JR PEDRO ARZOLA S/N) - AA.HH. MARISCAL CASTILLA / URB. EL BOSQUE S/N PROLONG. SANCHO DAVILA S/N (JR PEDRO ARZOLA S/N) - AA.HH. MARISCAL CASTILLA / URB. EL BOSQUE RIMAC LIMA LIMA,PUBLICO,MARISCAL CASTILLA,"""http://maps.google.es/?q=-12.0178541%20-77.0320255,INSASU20180626165900.jpg,""",CENTROS DE SALUD O CENTROS MEDICOS,esmariscalcastilla@gmail.com,-77.0320255,-12.0178541,http://www.dirislimanorte.gob.pe/
00005657,AVENIDA AV. FUENTES RIVERA S/N BALNEARIO DE CHURIN S/N AV. FUENTES RIVERA S/N BALNEARIO DE CHURIN PACHANGARA OYON LIMA,PUBLICO,CHURIN,"""http://maps.google.es/?q=-10.81518426%20-76.87652256,Fotografia_5657_40252678_1462540994946.png,Fotografia_5657_40252678_1462541029834.png,Fotografia_5657_40252678_1462541067531.png,""",CENTROS DE SALUD O CENTROS MEDICOS,MRCHO_JEFATURA@HOTMAIL.COM,-76.87652256,-10.81518426,HTTP://WWW.HDHUACHO.GOB.PE
00005659,CALLE CALLE ALFONSO UGARTE Nº 270 CALLE ALFONSO UGARTE Nº 270 OYON OYON LIMA,PUBLICO,OYON,"""http://maps.google.es/?q=-10.66561%20-76.77250833,Fotografia_5659_40714050_1462546584642.png,Fotografia_5659_40714050_1462546610843.png,Fotografia_5659_40714050_1462546663030.png,""",CENTROS DE SALUD O CENTROS MEDICOS,MRCHO_JEFATURA@HOTMAIL.COM,-76.77250833,-10.66561,HTTP://WWW.HDHUACHO.GOB.PE
00005668,AVENIDA AV. LIBERTAD Nº 833 AV. LIBERTAD Nº 833 SANTA MARIA HUAURA LIMA,PUBLICO,SANTA MARIA,"""http://maps.google.es/?q=-11.09782092%20-77.57445058,Fotografia_5668_40714050_1461172344890.png,Fotografia_5668_40714050_1461172359292.png,Fotografia_5668_40714050_1461172395094.png,""",CENTROS DE SALUD O CENTROS MEDICOS,CSHUALMAY@HOTMAIL.COM,-77.57445058,-11.09782092,HTTP://WWW.HDHUACHO.GOB.PE
00005673,AVENIDA AV. LOS LIBERTADORES Nº 129 AV. LOS LIBERTADORES Nº 129 VEGUETA HUAURA LIMA,PUBLICO,CENTRO SALUD VÉGUETA,"""http://maps.google.es/?q=-11.0218462%20-77.6382615,INSASU20231212161334.jpg,INSASU20231212161340.jpg,INSASU20231212161339.jpg,""",CENTROS DE SALUD O CENTROS MEDICOS,centrosaludvegueta@gmail.com,-77.6382615,-11.0218462,HTTP://WWW.HDHUACHO.GOB.PE
00005682,AVENIDA AV. SAN FRANCISCO S/N HUAURA S/N AV. SAN FRANCISCO S/N HUAURA HUAURA HUAURA LIMA,PUBLICO,HUAURA,"""http://maps.google.es/?q=-11.06758897%20-77.59907866,Fotografia_5682_40714050_1461179928063.png,Fotografia_5682_40714050_1461179958856.png,Fotografia_5682_40714050_1461179996748.png,""",CENTROS DE SALUD O CENTROS MEDICOS,CSHUAURA@HOTMAIL.COM,-77.59907866,-11.06758897,HTTP://WWW.HDHUACHO.GOB.PE
00005709,AVENIDA AV. SIMON BOLIVAR Nº 125 AV. SIMON BOLIVAR Nº 125 PATIVILCA BARRANCA LIMA,PUBLICO,PATIVILCA,"""http://maps.google.es/?q=-10.69627273%20-77.77991474,Fotografia_5709_41369493_1462622069859.png,Fotografia_5709_41369493_1462622311363.png,Fotografia_5709_41369493_1462622219682.png,""",CENTROS DE SALUD O CENTROS MEDICOS,ALBERT_ACH1977@HOTMAIL.COM,-77.77991474,-10.69627273,HTTP://WWW.HOSPITALBARRANCA.GOB.PE
00005723,JIRÓN JR. LOS PINOS Nº 160 JR. LOS PINOS Nº 160 SUPE PUERTO BARRANCA LIMA,PUBLICO,PUERTO SUPE,"""http://maps.google.es/?q=-10.80095989%20-77.7440019,Fotografia_5723_41369493_1462401198345.png,Fotografia_5723_41369493_1462401128822.png,Fotografia_5723_41369493_1462401223147.png,""",CENTROS DE SALUD O CENTROS MEDICOS,HOSPITALBCA@HOTMAIL.COM,-77.7440019,-10.80095989,HTTP://WWW.HOSPITALBARRANCA.GOB.PE
00005726,OTROS CENTRO POBLADO AUCALLAMA CENTRO POBLADO AUCALLAMA AUCALLAMA HUARAL LIMA,PUBLICO,AUCALLAMA,"""http://maps.google.es/?q=-11.56085172%20-77.17582232,Fotografia_5726_40805284_1460049259349.png,Fotografia_5726_40805284_1460049309115.png,Fotografia_5726_40805284_1460049328374.png,""",CENTROS DE SALUD O CENTROS MEDICOS,cs.aucallama@hotmail.com,-77.17582232,-11.56085172,HTTP://WWW.HOSPITALHUARAL.GOB.PE
00005727,AVENIDA AV. SAN CARLOS S/N S/N AV. SAN CARLOS S/N AUCALLAMA HUARAL LIMA,PUBLICO,PALPA,"""http://maps.google.es/?q=-11.48841073%20-77.11963065,Fotografia_5727_40805284_1460129014527.png,Fotografia_5727_40805284_1460129029107.png,Fotografia_5727_40805284_1460129059588.png,""",CENTROS DE SALUD O CENTROS MEDICOS,cspalpa@hotmail.com,-77.11963065,-11.48841073,HTTP://WWW.HOSPITALHUARAL.GOB.PE
00005729,AVENIDA AV. SAN MARTIN Nº 359 - PERALVILLO AV. SAN MARTIN Nº 359 - PERALVILLO CHANCAY HUARAL LIMA,PUBLICO,PERALVILLO,"""http://maps.google.es/?q=-11.58969149%20-77.26182324,Fotografia_5729_40805284_1462456841515.png,Fotografia_5729_40805284_1462456871960.png,Fotografia_5729_40805284_1462456936919.png,""",CENTROS DE SALUD O CENTROS MEDICOS,cs_peralvillo@hotmail.com,-77.26182324,-11.58969149,HTTP://WWW.HOSPITALHUARAL.GOB.PE
00005730,OTROS CENTRO POBLADO PAMPA LIBRE CENTRO POBLADO PAMPA LIBRE CHANCAY HUARAL LIMA,PUBLICO,PAMPA LIBRE,"""http://maps.google.es/?q=-11.51256291%20-77.28937496,Fotografia_5730_40805284_1462460236093.png,Fotografia_5730_40805284_1462460354209.png,Fotografia_5730_40805284_1462460554994.png,""",CENTROS DE SALUD O CENTROS MEDICOS,ps.pampalibre@hotmail.com,-77.28937496,-11.51256291,HTTP://WWW.HOSPITALHUARAL.GOB.PE
00005731,CARRETERA CARRETERA PANAMERICANA NORTE KM. 91.5 CHANCAYLLO CARRETERA PANAMERICANA NORTE KM. 91.5 CHANCAYLLO CHANCAY HUARAL LIMA,PUBLICO,CLAS PEDRO CANEVARO GARAY DE CHANCAYLLO,"""http://maps.google.es/?q=-11.48938593%20-77.30529752,Fotografia_5731_40805284_1460051942869.png,Fotografia_5731_40805284_1460051964710.png,Fotografia_5731_40805284_1460052003790.png,""",CENTROS DE SALUD O CENTROS MEDICOS,cspedrocanevaro@hotmail.com,-77.30529752,-11.48938593,
00005734,"JIRÓN JR AREQUIPA 4TA CUADRA S/N  - MZ 40 LOTE 17, PJ RAUL PORRAS BARRENECHEA S/N JR AREQUIPA 4TA CUADRA S/N  - MZ 40 LOTE 17, PJ RAUL PORRAS BARRENECHEA CARABAYLLO LIMA LIMA",PUBLICO,RAUL PORRAS BARRENECHEA,"""http://maps.google.es/?q=-11.8934379%20-77.0244019,INSASU20190728203127.jpg,""",CENTROS DE SALUD O CENTROS MEDICOS,crrpb2@gmail.com,-77.0244019,-11.8934379,HTTP://WWW.MINSARSTA.GOB.PE
00005736,JIRÓN JR. PUNO S/N ESQ. CON JR. 25 DE FEBRERO S/N NÚMERO S/N DISTRITO CARABAYLLO PROVINCIA LIMA DEPARTAMENTO LIMA,PUBLICO,CENTRO DE SALUD LA FLOR,"""http://maps.google.es/?q=-11.8961113%20-77.0271114,INSASU20190123171707.jpg,INSASU20190123171736.jpg,INSASU20190123171745.jpg,""",CENTROS DE SALUD O CENTROS MEDICOS,cs.laflor@dirislimanorte.gob.pe,-77.0271114,-11.8961113,http://www.dirislimanorte.gob.pe/
00005737,JIRÓN JR 9 DE OCTUBRE CUADRA 2 S/N - PPJJ VILLA ESPERANZA NÚMERO S/N DISTRITO CARABAYLLO PROVINCIA LIMA DEPARTAMENTO LIMA,PUBLICO,VILLA ESPERANZA,"""http://maps.google.es/?q=-11.88612425%20-77.02200976,INSASU20210416094434.jpg,""",CENTROS DE SALUD O CENTROS MEDICOS,csvillaesperanza1@gmail.com,-77.02200976,-11.88612425,HTTP://WWW.DIRISLIMANORTE.GOB.PE
00005743,AVENIDA AV  PERU Nº 3595 - URB. PERU AV  PERU Nº 3595 - URB. PERU SAN MARTIN DE PORRES LIMA LIMA,PUBLICO,CENTRO DE SALUD PERU IV ZONA,"""http://maps.google.es/?q=-12.030943%20-77.0861791,INSASU20180621095300.jpg,""",CENTROS DE SALUD O CENTROS MEDICOS,cs.peru4@dirislimanorte.gob.pe,-77.0861791,-12.030943,http://www.dirislimanorte.gob.pe
00005744,JIRÓN JR JOSE MARIA CORDOVA 3397 - URB CONDEVILLA DISTRITO SAN MARTIN DE PORRES PROVINCIA LIMA DEPARTAMENTO LIMA,PUBLICO,CENTRO DE SALUD CONDEVILLA,"""http://maps.google.es/?q=-12.021281%20-77.0814067,INSASU20190725102702.jpg,INSASU20190725102706.jpg,INSASU20190725102710.jpg,""",CENTROS DE SALUD O CENTROS MEDICOS,cscondevilla@gmail.com,-77.0814067,-12.021281,HTTP://WWW.DIRISLIMANORTE.GOB.PE
00005746,AVENIDA AV LIBERTADOR DON JOSE DE SAN MARTIN Nº 1055 - ASOC. DE VIVIENDA LOS LIBERTADORES DISTRITO SAN MARTIN DE PORRES PROVINCIA LIMA DEPARTAMENTO LIMA,PUBLICO,LOS LIBERTADORES,"""http://maps.google.es/?q=-12.006979%20-77.0890663,INSASU20180729074106.jpg,INSASU20180729074252.jpg,""",CENTROS DE SALUD O CENTROS MEDICOS,CSLIBERTADORES@YAHOO.ES,-77.0890663,-12.006979,http://www.dirislimanorte.gob.pe/
00005747,CALLE CALLE LAS DALIAS Nº 171 - URB. VALDIVIEZO CALLE LAS DALIAS Nº 171 - URB. VALDIVIEZO SAN MARTIN DE PORRES LIMA LIMA,PUBLICO,CENTRO DE SALUD VALDIVIEZO,"""http://maps.google.es/?q=-12.0233352%20-77.0660911,INSASU20180730112518.jpg,INSASU20180730112524.jpg,""",CENTROS DE SALUD O CENTROS MEDICOS,CSVALDIVIEZO@YAHOO.ES,-77.0660911,-12.0233352,http://www.dirislimanorte.gob.pe
00005748,PASAJE PASAJE LEONES Nº 115 - ASOC. PEDREGAL PASAJE LEONES Nº 115 - ASOC. PEDREGAL SAN MARTIN DE PORRES LIMA LIMA,PUBLICO,SAN MARTIN DE PORRES,"""http://maps.google.es/?q=-12.0345295%20-77.0549341,INSASU20180716112940.jpg,INSASU20180716112946.jpg,""",CENTROS DE SALUD O CENTROS MEDICOS,cs.sanmartindeporres@dirislimanorte.gob.pe,-77.0549341,-12.0345295,http://www.dirislimanorte.gob.pe
00005749,AVENIDA AV UNIVERSITARIA 181 URB CONDEVILLA DISTRITO SAN MARTIN DE PORRES PROVINCIA LIMA DEPARTAMENTO LIMA,PUBLICO,CENTRO DE SALUD PERU III ZONA,"""http://maps.google.es/?q=-12.028589%20-77.0764106,INSASU20230814155626.jpg,INSASU20230814154442.jpg,INSASU20230814154414.jpg,""",CENTROS DE SALUD O CENTROS MEDICOS,cs.peru3@dirislimanorte.gob.pe,-77.0764106,-12.028589,http://www.dirislimanorte.gob.pe
00005752,AVENIDA AV. LOS PROCERES 1051 DISTRITO RIMAC PROVINCIA LIMA DEPARTAMENTO LIMA,PUBLICO,CAQUETA,"""http://maps.google.es/?q=-12.031063%20-77.0433946,INSASU20240613164839.jpeg,INSASU20240613164844.jpeg,INSASU20240613164851.jpeg,""",CENTROS DE SALUD O CENTROS MEDICOS,CS_CAQUETA@HOTMAIL.COM,-77.0433946,-12.031063,http://www.dirislimanorte.gob.pe
00005753,AVENIDA AV FRANCISCO BOLOGNESI CUADRA 6 S/N - PPJJ AÑO NUEVO NÚMERO S/N DISTRITO COMAS PROVINCIA LIMA DEPARTAMENTO LIMA,PUBLICO,CENTRO DE SALUD AÑO NUEVO,"""http://maps.google.es/?q=-11.9231023%20-77.0401525,INSASU20231013151034.jpg,INSASU20231013151041.jpg,INSASU20231013160816.jpg,""",CENTROS DE SALUD O CENTROS MEDICOS,cs.anonuevo@dirislimanorte.gob.pe,-77.0401525,-11.9231023,http://www.dirislimanorte.gob.pe
00005754,AVENIDA AV SANTA ROSA CUADRA 9 S/N - COLLIQUE 3ERA ZONA S/N AV SANTA ROSA CUADRA 9 S/N - COLLIQUE 3ERA ZONA COMAS LIMA LIMA,PUBLICO,COLLIQUE III ZONA,"""http://maps.google.es/?q=-11.9147365%20-77.026223,INSASU20190624084355.jpg,INSASU20190624084422.jpg,""",CENTROS DE SALUD O CENTROS MEDICOS,cs.colliqueiii@dirislimanorte.gob.pe,-77.026223,-11.9147365,http://www.dirislimanorte.gob.pe/
00005755,CALLE CALLE 30 N° 150 (ANTES MZ R1 LOTE 2- PARCELA A) URB. EL PINAR CALLE 30 N° 150 (ANTES MZ R1 LOTE 2- PARCELA A) URB. EL PINAR COMAS LIMA LIMA,PUBLICO,CENTRO MATERNO INFANTIL LAURA RODRIGUEZ DULANTO DUKSIL,"""http://maps.google.es/?q=-11.9160503%20-77.0553621,INSASU20190808180133.jpg,INSASU20190808180145.jpg,INSASU20190808180148.jpg,""",CENTROS DE SALUD CON CAMAS DE INTERNAMIENTO,cmilaurarodriguez1@gmail.com,-77.0553621,-11.9160503,http://www.dirislimanorte.gob.pe/
00005756,CALLE CALLE AREQUIPA S/N CUADRA 2 - COLLIQUE 5TA ZONA S/N CALLE AREQUIPA S/N CUADRA 2 - COLLIQUE 5TA ZONA COMAS LIMA LIMA,PUBLICO,GUSTAVO LANATTA,"""http://maps.google.es/?q=-11.9146878%20-77.0113278,INSASU20190102150419.jpg,INSASU20190102150425.jpg,""",CENTROS DE SALUD O CENTROS MEDICOS,cs_gustavolantta@hotmail.com,-77.0113278,-11.9146878,http://www.dirislimanorte.gob.pe
00005763,AVENIDA AV BELAUNDE ESTE - 2DA CUADRA S/N NÚMERO S/N DISTRITO COMAS PROVINCIA LIMA DEPARTAMENTO LIMA,PUBLICO,CENTRO DE SALUD CARLOS A. PROTZEL,"""http://maps.google.es/?q=-11.9402602%20-77.0471573,INSASU20190211102554.jpg,INSASU20190211102614.jpg,""",CENTROS DE SALUD O CENTROS MEDICOS,cs.carlosprotzel@dirislimanorte.gob.pe,-77.0471573,-11.9402602,http://www.dirislimanorte.gob.pe/
00005764,AVENIDA AV 3 DE OCTUBRE 1990 AAHH CARMEN ALTO NUMERO SN DISTRITO COMAS PROVINCIA LIMA DEPARTAMENTO LIMA,PUBLICO,CARMEN ALTO,"""http://maps.google.es/?q=-11.945087%20-77.0308479,INSASU20180818105156.jpg,INSASU20180818105749.jpg,""",CENTROS DE SALUD O CENTROS MEDICOS,cs.carmenalto@dirislimanorte.gob.pe,-77.0308479,-11.945087,http://www.dirislimanorte.gob.pe/
00005765,JIRÓN JR. CAHUIDE S/N CDRA 8 CARMEN MEDIO S/N JR. CAHUIDE S/N CDRA 8 CARMEN MEDIO COMAS LIMA LIMA,PUBLICO,CARMEN MEDIO,"""http://maps.google.es/?q=-11.9412286%20-77.0401638,INSASU20180913200023.jpg,""",CENTROS DE SALUD O CENTROS MEDICOS,CSCARMENMEDIORSTA@GMAIL.COM,-77.0401638,-11.9412286,http://www.dirislimanorte.gob.pe
00005767,"JIRÓN JR PUNO 3ERA CUADRA, S/N S/N JR PUNO 3ERA CUADRA, S/N COMAS LIMA LIMA",PUBLICO,COMAS,"""""",CENTROS DE SALUD O CENTROS MEDICOS,c.s.comasrsta@gmail.com,,,HTTP://WWW.MINSARSTA.GOB.PE
00005768,CALLE CALLE BRASILIA CUADRA 1 S/N - URB EL PARRAL NUMERO S/N DISTRITO COMAS PROVINCIA LIMA DEPARTAMENTO LIMA,PUBLICO,CARLOS PHILLIPS,"""http://maps.google.es/?q=-11.959672%20-77.057458,INSASU20180808121401.jpg,INSASU20180808121412.jpg,""",CENTROS DE SALUD O CENTROS MEDICOS,CS.CARLOSPHILLIPS@DIRISLIMANORTE.GOB.PE,-77.057458,-11.959672,HTTP://WWW.DIRISLIMANORTE
00005769,JIRÓN JR HUSARES DE JUNIN S/N - URB HUAQUILLAY 2DA ETAPA S/N JR HUSARES DE JUNIN S/N - URB HUAQUILLAY 2DA ETAPA COMAS LIMA LIMA,PUBLICO,HUSARES DE JUNIN,"""http://maps.google.es/?q=-11.9361947%20-77.0518657,INSASU20180809163137.jpg,INSASU20180809163144.jpg,""",CENTROS DE SALUD O CENTROS MEDICOS,husaresdejunin@gmail.com,-77.0518657,-11.9361947,http://www.dirislimanorte.gob.pe
00005773,PASAJE PSJE. ATAHUALPA S/N - VILLA CLORINDA NÚMERO S/N DISTRITO COMAS PROVINCIA LIMA DEPARTAMENTO LIMA,PUBLICO,CLORINDA MALAGA,"""http://maps.google.es/?q=-11.9661638%20-77.0541862,INSASU20240626175657.jpg,INSASU20240626175702.jpeg,INSASU20240626175706.jpeg,""",CENTROS DE SALUD O CENTROS MEDICOS,csclorindamalaga.rsta@gmail.com,-77.0541862,-11.9661638,http://www.dirislimanorte.gob.pe
00005774,OTROS CENTRO POBLADO 9 DE OCTUBRE S/N NUMERO S/N DISTRITO SAYAN PROVINCIA HUAURA DEPARTAMENTO LIMA,PUBLICO,9 DE OCTUBRE,"""http://maps.google.es/?q=-11.21656333%20-77.41283167,Fotografia_5774_40714050_1461703956010.png,Fotografia_5774_40714050_1461703991519.png,Fotografia_5774_40714050_1461704054565.png,""",CENTROS DE SALUD O CENTROS MEDICOS,CENTRODESALUD9DEOCTUBRE@HOTMAIL.COM,-77.41283167,-11.21656333,HTTP://WWW.HDHUACHO.GOB.PE
00005786,"AVENIDA AV LOS JAZMINES S/N, PARADERO 8 - ERMITAÑO ALTO S/N AV LOS JAZMINES S/N, PARADERO 8 - ERMITAÑO ALTO INDEPENDENCIA LIMA LIMA",PUBLICO,ERMITAÑO ALTO,"""http://maps.google.es/?q=-11.9992218%20-77.0449556,INSASU20181029124221.jpg,INSASU20181029125230.jpg,""",CENTROS DE SALUD O CENTROS MEDICOS,csermitanoaltorsta@gmail.com,-77.0449556,-11.9992218,http://www.dirislimanorte.gob.pe
00005787,JIRÓN JR. LOS PINOS S/N S/N JR. LOS PINOS S/N INDEPENDENCIA LIMA LIMA,PUBLICO,ERMITAÑO BAJO,"""http://maps.google.es/?q=-11.9977277%20-77.0546443,INSASU20190725111747.jpg,""",CENTROS DE SALUD O CENTROS MEDICOS,csermitanobajo@gmail.com,-77.0546443,-11.9977277,HTTP://WWW.MINSARSTA.GOB.PE
00005790,AVENIDA ESQUINA DE AV. LOS HEROES CON AV. ALVINO HERRERA ESQUINA DE AV. LOS HEROES CON AV. ALVINO HERRERA INDEPENDENCIA LIMA LIMA,PUBLICO,MILAGRO DE LA FRATERNIDAD,"""""",CENTROS DE SALUD O CENTROS MEDICOS,csmilagrodelafraternidad@hotmail.com,,,HTTP://WWW.MINSARSTA.GOB.PE
00005792,AVENIDA AV HERMANOS AYAR 2DA CUADRA S/N - TAHUANTINSUYO ALTO 3ERA ZONA S/N AV HERMANOS AYAR 2DA CUADRA S/N - TAHUANTINSUYO ALTO 3ERA ZONA INDEPENDENCIA LIMA LIMA,PUBLICO,TAHUANTINSUYO ALTO,"""http://maps.google.es/?q=-11.979306%20-77.0396598,INSASU20190429133034.jpg,""",CENTROS DE SALUD O CENTROS MEDICOS,gela79evaristo@hotmail.com,-77.0396598,-11.979306,http://www.dirislimanorte.gob.pe
00005797,"AVENIDA MZ 143-A S/N, AV BETANCOURT - AAHH SAN MARTIN DE PORRES S/N MZ 143-A S/N, AV BETANCOURT - AAHH SAN MARTIN DE PORRES LOS OLIVOS LIMA LIMA",PUBLICO,CENTRO DE SALUD SAN MARTIN DE PORRES CONFRATERNIDAD,"""http://maps.google.es/?q=-11.9597024%20-77.0802984,INSASU20190808120451.jpg,INSASU20181109160031.jpg,""",PUESTOS DE SALUD O POSTAS DE SALUD,CLASSANMARTIN@HOTMAIL.COM,-77.0802984,-11.9597024,http://www.dirislimanorte.gob.pe
00005798,CALLE MZ 10-A LOTE S/N - ZONA 5 AAHH LAURA CALLER NÚMERO S/N DISTRITO LOS OLIVOS PROVINCIA LIMA DEPARTAMENTO LIMA,PUBLICO,CENTRO DE SALUD LAURA CALLER,"""http://maps.google.es/?q=-11.970078%20-77.0776032,INSASU20240625143416.jpg,INSASU20240625143421.jpg,INSASU20240625143427.jpg,""",CENTROS DE SALUD O CENTROS MEDICOS,cslauracaller2@gmail.com,-77.0776032,-11.970078,http://www.dirislimanorte.gob.pe
00005800,"OTROS MZ 124, LT S/N - COMITÉ 8, AAHH ENRIQUE MILLA OCHOA NÚMERO S/N DISTRITO LOS OLIVOS PROVINCIA LIMA DEPARTAMENTO LIMA",PUBLICO,CENTRO DE SALUD ENRIQUE MILLA OCHOA,"""http://maps.google.es/?q=-11.9565532%20-77.0822282,INSASU20231006105639.jpeg,""",CENTROS DE SALUD O CENTROS MEDICOS,cs.enriquemillaochoa@dirislimanorte.gob.pe,-77.0822282,-11.9565532,
00005802,"JIRÓN JR SANTA CRUZ DE PACHACUTEC, 2DA CUADRA S/N - URB PANAMERICANA NORTE S/N JR SANTA CRUZ DE PACHACUTEC, 2DA CUADRA S/N - URB PANAMERICANA NORTE LOS OLIVOS LIMA LIMA",PUBLICO,CENTRO DE SALUD LOS OLIVOS,"""http://maps.google.es/?q=-11.99289373%20-77.06562916,INSASU20191212163634.jpg,""",CENTROS DE SALUD O CENTROS MEDICOS,CS_LOSOLIVOS@YAHOO.ES,-77.06562916,-11.99289373,HTTP://WWW.DIRISLIMANORTE.GOB.PE
00005803,OTROS MZ F LOTE 11 URB PRIMAVERA MZ F LOTE 11 URB PRIMAVERA LOS OLIVOS LIMA LIMA,PUBLICO,CENTRO DE SALUD PRIMAVERA,"""http://maps.google.es/?q=-12.0092839%20-77.07378,INSASU20181113152907.jpg,INSASU20181113152924.jpg,INSASU20181113152931.jpg,""",CENTROS DE SALUD O CENTROS MEDICOS,alozanosuing@gmail.com,-77.07378,-12.0092839,http://www.dirislimanorte.gob.pe
00005804,AVENIDA AV. LOS ALISOS Nº 397 - URB. NARANJAL AV. LOS ALISOS Nº 397 - URB. NARANJAL SAN MARTIN DE PORRES LIMA LIMA,PUBLICO,VIRGEN DEL PILAR DE NARANJAL,"""http://maps.google.es/?q=-11.9838236%20-77.062838,INSASU20190917150809.jpg,""",CENTROS DE SALUD O CENTROS MEDICOS,cs.virgendelpilar@dirislimanorte.gob.pe,-77.062838,-11.9838236,http://www.dirislimanorte.gob.pe
00005806,OTROS MZ V LOTE 05 - URB.VILLA DEL NORTE DISTRITO LOS OLIVOS PROVINCIA LIMA DEPARTAMENTO LIMA,PUBLICO,CENTRO DE SALUD VILLA DEL NORTE,"""http://maps.google.es/?q=-11.9710213%20-77.0694925,INSASU20240805125355.jpeg,INSASU20240805125402.jpeg,INSASU20240805125407.jpeg,""",CENTROS DE SALUD O CENTROS MEDICOS,VILLANORTE1986@HOTMAIL.COM,-77.0694925,-11.9710213,HTTP://WWW.DIRISLIMANORTE.GOB.PE/
00005807,"AVENIDA AV. LAS PALMERAS, CUADRA 45 S/N NÚMERO S/N DISTRITO LOS OLIVOS PROVINCIA LIMA DEPARTAMENTO LIMA",PUBLICO,CENTRO DE SALUD CARLOS CUETO FERNANDINI,"""http://maps.google.es/?q=-11.9816226%20-77.0716913,INSASU20231009172151.jpg,INSASU20231009172201.jpg,""",CENTROS DE SALUD O CENTROS MEDICOS,C.SCARLOSCF_LO@HOTMAIL.COM,-77.0716913,-11.9816226,http://www.dirislimanorte.gob.pe
00005809,JIRÓN JR JIRCAN 604 MZ I LT 24 COOP DE VIV EX HACIENDA NARANJAL JR JIRCAN 604 MZ I LT 24 COOP DE VIV EX HACIENDA NARANJAL SAN MARTIN DE PORRES LIMA LIMA,PUBLICO,EX FUNDO NARANJAL,"""http://maps.google.es/?q=-11.9669636%20-77.0873748,INSASU20181214100332.jpg,""",CENTROS DE SALUD O CENTROS MEDICOS,PS.EXFUNDO@YAHOO.ES,-77.0873748,-11.9669636,http://www.dirislimanorte.gob.pe
00005810,"PLAZA PLAZA CIVICA S/N - PROYECTO INTEGRAL CUETO FERNANDINI, 3ERA ETAPA NÚMERO S/N DISTRITO LOS OLIVOS PROVINCIA LIMA DEPARTAMENTO LIMA",PUBLICO,CENTRO DE SALUD SAGRADO CORAZÓN DE JESÚS,"""http://maps.google.es/?q=-11.9821913%20-77.0762076,INSASU20180710101959.jpg,INSASU20180710102006.jpg,""",CENTROS DE SALUD O CENTROS MEDICOS,cs.sagradocorazondejesus@dirislimanorte.gob.pe,-77.0762076,-11.9821913,http://www.dirislimanorte.gob.pe
00005811,CALLE CALLE SANTA MARINA 107 - URB JOSE DE SAN MARTIN CALLE SANTA MARINA 107 - URB JOSE DE SAN MARTIN SAN MARTIN DE PORRES LIMA LIMA,PUBLICO,INFANTAS,"""http://maps.google.es/?q=-11.947907%20-77.068188,INSASU20190424154335.jpg,""",CENTROS DE SALUD O CENTROS MEDICOS,CSINFANTAS@YAHOO.ES,-77.068188,-11.947907,http://www.dirislimanorte.gob.pe
00005818,AVENIDA AV. SAN JUAN S/N - AA.HH. JERUSALEN NÚMERO S/N DISTRITO PUENTE PIEDRA PROVINCIA LIMA DEPARTAMENTO LIMA,PUBLICO,JERUSALEN,"""http://maps.google.es/?q=-11.8279251%20-77.1174256,INSASU20210413111840.jpg,""",CENTROS DE SALUD O CENTROS MEDICOS,CS.JERUSALEN@DIRISLIMANORTE.GOB.PE,-77.1174256,-11.8279251,HTTP://WWW.DIRISLIMANORTE.GOB.PE
00005819,"AVENIDA AV VÍA DE INTEGRACION S/N - MZ C1 LT 3A, 1ERA. EXPLANADA AAHH LADERAS DE CHILLON S/N AV VÍA DE INTEGRACION S/N - MZ C1 LT 3A, 1ERA. EXPLANADA AAHH LADERAS DE CHILLON PUENTE PIEDRA LIMA LIMA",PUBLICO,CENTRO DE SALUD LADERAS DE CHILLON,"""http://maps.google.es/?q=-11.92118965%20-77.08441957,INSASU20200121120506.jpg,""",CENTROS DE SALUD O CENTROS MEDICOS,MARIO.EC28@GMAIL.COM,-77.08441957,-11.92118965,HTTP://WWW.DIRISLIMANORTE.GOB.PE
00005820,JIRÓN JR. JACARANDÁ S/N - AA.HH. LA ENSENADA NÚMERO S/N DISTRITO PUENTE PIEDRA PROVINCIA LIMA DEPARTAMENTO LIMA,PUBLICO,LA ENSENADA,"""http://maps.google.es/?q=-11.9316287%20-77.095554,INSASU20190129133407.jpg,INSASU20190129133516.jpg,""",CENTROS DE SALUD O CENTROS MEDICOS,CSLAENSENADA.DIRISLN2023@GMAIL.COM,-77.095554,-11.9316287,http://www.dirislimanorte.gob.pe/
00005823,OTROS PROYECTO INTEGRAL MUNICIPAL PANAMERICANA NORTE SECTOR I - AA.HH. VILLA ESTELA MZ. B-5 LT. 13 PROYECTO INTEGRAL MUNICIPAL PANAMERICANA NORTE SECTOR I - AA.HH. VILLA ESTELA MZ. B-5 LT. 13 ANCON LIMA LIMA,PUBLICO,CENTRO DE SALUD VILLA ESTELA,"""http://maps.google.es/?q=-11.81520897%20-77.13210448,INSASU20191219120638.jpg,""",CENTROS DE SALUD O CENTROS MEDICOS,GERALDITO22@HOTMAIL.COM,-77.13210448,-11.81520897,HTTP://WWW.RSLNIV.GOB.PE
00005824,CALLE ESQ. CALLE Nº 17 Y CALLE Nº 9 URB. DE INTERES SOCIAL SAN JOSE DE ANCON LOTE PMED ESQ. CALLE Nº 17 Y CALLE Nº 9 URB. DE INTERES SOCIAL SAN JOSE DE ANCON LOTE PMED ANCON LIMA LIMA,PUBLICO,CENTRO DE SALUD SAN JOSE,"""http://maps.google.es/?q=-11.7782373%20-77.162575,INSASU20181126121544.jpg,INSASU20181126121605.jpg,""",CENTROS DE SALUD O CENTROS MEDICOS,ps.sanjose@dirislimanorte.gob.pe,-77.162575,-11.7782373,http://www.dirislimanorte.gob.pe/
00005826,AVENIDA AV. VICTORIA NRO. A INT. 4 A.H. ESPERANZA BAJA AV. VICTORIA NRO. A INT. 4 A.H. ESPERANZA BAJA HUARAL HUARAL LIMA,PUBLICO,CLAS AGREGADO LA QUERENCIA,"""http://maps.google.es/?q=-11.45067047%20-77.25273371,Fotografia_5826_40805284_1460136005693.png,Fotografia_5826_40805284_1460136053939.png,Fotografia_5826_40805284_1460136098320.png,""",CENTROS DE SALUD O CENTROS MEDICOS,CLASLAQUERENCIA@HOTMAIL.COM,-77.25273371,-11.45067047,
00005831,AVENIDA AV. CHANCAY Nº 281 AV. CHANCAY Nº 281 HUARAL HUARAL LIMA,PUBLICO,BASE HUARAL,"""http://maps.google.es/?q=-11.49673016%20-77.21052761,Fotografia_5831_40805284_1460055711289.png,Fotografia_5831_40805284_1460055774092.png,Fotografia_5831_40805284_1460055801975.png,""",CENTROS DE SALUD O CENTROS MEDICOS,MICROREDHUARAL@HOTMAIL.COM,-77.21052761,-11.49673016,HTTP://WWW.HOSPITALHUARAL.GOB.PE
00005833,AVENIDA AV. LOS GERANIOS ESQUINA CON LA FLORES-ASOC. VIVIENDA EL TREBOL AV. LOS GERANIOS ESQUINA CON LA FLORES-ASOC. VIVIENDA EL TREBOL HUARAL HUARAL LIMA,PUBLICO,EL TREBOL,"""http://maps.google.es/?q=-11.49796359%20-77.23431803,Fotografia_5833_40805284_1460140386190.png,Fotografia_5833_40805284_1460140403431.png,Fotografia_5833_40805284_1460140416006.png,""",CENTROS DE SALUD O CENTROS MEDICOS,CENTROTREBOL@HOTMAIL.COM,-77.23431803,-11.49796359,HTTP://WWW.HOSPITALHUARAL.GOB.PE
00005836,JIRÓN JR. CANTUTA S/N  AAHH. SANTA FE DE TOTORITA NÚMERO S/N DISTRITO SAN JUAN DE LURIGANCHO PROVINCIA LIMA DEPARTAMENTO LIMA,PUBLICO,CENTRO DE SALUD SANTA FE DE TOTORITA,"""http://maps.google.es/?q=-11.9840322%20-77.093019,INSASU20221114082044.jpeg,INSASU20221114082053.jpeg,INSASU20221114082059.jpeg,""",CENTROS DE SALUD O CENTROS MEDICOS,edvarla@yahoo.com,-77.093019,-11.9840322,https://dirislimacentro.gob.pe
00005837,JIRÓN JR. LOS SILICIOS S/N URB. SAN HILARION S/N JR. LOS SILICIOS S/N URB. SAN HILARION SAN JUAN DE LURIGANCHO LIMA LIMA,PUBLICO,SAN HILARION,"""http://maps.google.es/?q=-11.9957864%20-77.0158637,INSASU20181010120134.jpg,""",CENTROS DE SALUD O CENTROS MEDICOS,cssanhilarion@dirislimacentro.gob.pe,-77.0158637,-11.9957864,http://dirislimacentro.gob.pe
00005838,JIRÓN JR.LAS ORTIGAS 1893 URB.SAN HILARION-ALTURA PDO.13 AV. LAS FLORES JR.LAS ORTIGAS 1893 URB.SAN HILARION-ALTURA PDO.13 AV. LAS FLORES SAN JUAN DE LURIGANCHO LIMA LIMA,PUBLICO,SAN FERNANDO,"""http://maps.google.es/?q=-12.0024575%20-77.0105584,INSASU20180730074507.jpg,INSASU20180730074512.jpg,INSASU20180730074517.jpg,""",CENTROS DE SALUD O CENTROS MEDICOS,cssanfernando@dirislimacentro.gob.pe,-77.0105584,-12.0024575,http://dirislimacentro.gob.pe
00005840,AVENIDA LIMA MZ. C LTE. 21-22 - CANTO CHICO NÚMERO S/N DISTRITO SAN JUAN DE LURIGANCHO PROVINCIA LIMA DEPARTAMENTO LIMA,PUBLICO,SANTA ROSA DE LIMA,"""http://maps.google.es/?q=-12.0053943%20-77.016424,INSASU20210812102419.jpg,INSASU20210812102427.jpg,INSASU20210812102426.jpg,""",CENTROS DE SALUD O CENTROS MEDICOS,cssantarosa@dirislimacentro.gob.pe,-77.016424,-12.0053943,https://dirislimacentro.gob.pe
00005847,AVENIDA AV. EL SANTUARIO S/N(CDRA. 24 S/N) URB. MANGOMARCA NÚMERO S/N DISTRITO SAN JUAN DE LURIGANCHO PROVINCIA LIMA DEPARTAMENTO LIMA,PUBLICO,CENTRO DE SALUD MANGOMARCA,"""http://maps.google.es/?q=-12.0105371%20-76.9792263,INSASU20181107113316.jpg,INSASU20181107113319.jpg,""",CENTROS DE SALUD O CENTROS MEDICOS,CSMANGOMARCA@DIRISLIMACENTRO.GOB.PE,-76.9792263,-12.0105371,HTTP://WWW.DIRISLIMACENTRO.GOB.PE
00005848,AVENIDA AV. PRINCIPAL MZ. G LTE. 2-COOP.EL VALLE AV. PRINCIPAL MZ. G LTE. 2-COOP.EL VALLE SAN JUAN DE LURIGANCHO LIMA LIMA,PUBLICO,CAMPOY,"""http://maps.google.es/?q=-12.0212961%20-76.9601533,INSASU20181023105336.jpg,INSASU20181023105342.jpg,INSASU20181023105348.jpg,""",CENTROS DE SALUD O CENTROS MEDICOS,CSCAMPOY@DIRISLIMACENTRO.GOB.PE,-76.9601533,-12.0212961,https://dirislimacentro.gob.pe/
00005851,OTROS CL LOS VIRREYES S/N URB. FORTALEZA DE VITARTE - ATE-VITARTE S/N CL LOS VIRREYES S/N URB. FORTALEZA DE VITARTE - ATE-VITARTE ATE LIMA LIMA,PUBLICO,FORTALEZA,"""""",CENTROS DE SALUD O CENTROS MEDICOS,CSFORTALEZA@LIMAESTE.GOB.PE,,,http://www.dirislimaeste.gob.pe
00005852,AVENIDA AV. J.C. MARIATEGUI CDRA. 5 - 2DA ETAPA - ESPALDA DE DELEGACIÓN POLICIAL AV. J.C. MARIATEGUI CDRA. 5 - 2DA ETAPA - ESPALDA DE DELEGACIÓN POLICIAL SANTA ANITA LIMA LIMA,PUBLICO,COOPERATIVA UNIVERSAL,"""http://maps.google.es/?q=-12.0437743%20-76.9757381,INSASU20180720103929.jpg,""",CENTROS DE SALUD O CENTROS MEDICOS,vannessa_dra@hotmail.com,-76.9757381,-12.0437743,http://www.dirislimaeste.gob.pe/
00005854,AVENIDA AV. MARÍA PARADO DE BELLIDO S/N ( ALT. CDRA. 20 DE CÉSAR VALLEJO) S/N AV. MARÍA PARADO DE BELLIDO S/N ( ALT. CDRA. 20 DE CÉSAR VALLEJO) SANTA ANITA LIMA LIMA,PUBLICO,HUASCAR,"""http://maps.google.es/?q=-12.0404476%20-76.9841798,INSASU20180730104507.JPG,INSASU20180730104510.JPG,INSASU20180730104512.JPG,""",CENTROS DE SALUD O CENTROS MEDICOS,jefehuascar@hotmail.com,-76.9841798,-12.0404476,http://www.rslem.gob.pe
00005856,AVENIDA AV.METROPOLITANA MZ B LT.7B ASOC. PRO-VIV SAN CARLOS-SANTA ANITA AV.METROPOLITANA MZ B LT.7B ASOC. PRO-VIV SAN CARLOS-SANTA ANITA SANTA ANITA LIMA LIMA,PUBLICO,SAN CARLOS,"""http://maps.google.es/?q=-12.0395799%20-76.9582773,INSASU20190218124348.jpg,INSASU20230829150704.jpg,INSASU20230829150710.jpg,""",CENTROS DE SALUD O CENTROS MEDICOS,cssancarlos@gmail.com,-76.9582773,-12.0395799,http://www.dirislimaeste.gob.pe
00005862,AVENIDA AV.LIMA NORTE 422 - CHOSICA AV.LIMA NORTE 422 - CHOSICA LURIGANCHO LIMA LIMA,PUBLICO,CHOSICA,"""http://maps.google.es/?q=-11.9358106%20-76.69714449,INSASU20190110100552.jpg,INSASU20190110100535.jpg,INSASU20190110100540.jpg,""",CENTROS DE SALUD O CENTROS MEDICOS,fiomel15@hotmail.com,-76.69714449,-11.9358106,http://www.dirislimaeste.gob.pe
00005863,OTROS SIMON BOLIVAR Nº 194 AH NICOLAS DE PIEROLA I ZONA SIMON BOLIVAR Nº 194 AH NICOLAS DE PIEROLA I ZONA LURIGANCHO LIMA LIMA,PUBLICO,NICOLAS DE PIEROLA,"""http://maps.google.es/?q=-11.941713%20-76.709975,INSASU20181015094213.jpg,INSASU20181015094234.jpg,INSASU20181015094243.jpg,""",CENTROS DE SALUD O CENTROS MEDICOS,CSNICOLASDEPIEROLA@HOTMAIL.COM,-76.709975,-11.941713,http://www.dirislimaeste.gob.pe/
00005864,AVENIDA AV ALFONSO UGARTE S/N - SAN ANTONIO DE PEDREGAL S/N AV ALFONSO UGARTE S/N - SAN ANTONIO DE PEDREGAL LURIGANCHO LIMA LIMA,PUBLICO,SAN ANTONIO DE PEDREGAL,"""http://maps.google.es/?q=-11.9214709%20-76.7128534,INSASU20180731144336.jpg,INSASU20180731150701.jpg,INSASU20230918083924.jpg,""",CENTROS DE SALUD O CENTROS MEDICOS,csantoniochosica@hotmail.es,-76.7128534,-11.9214709,HTTP://www.rslemdirislimaeste.gob.pe
00005871,AVENIDA AV. SANTA ROSA S/N NÚMERO S/N DISTRITO HUAROCHIRI PROVINCIA HUAROCHIRI DEPARTAMENTO LIMA,PUBLICO,CENTRO DE SALUD HUAROCHIRI,"""http://maps.google.es/?q=-12.13852064%20-76.23460168,Fotografia_5871_15735291_1461165477549.png,Fotografia_5871_15735291_1461165514715.png,Fotografia_5871_15735291_1461165535994.png,""",CENTROS DE SALUD O CENTROS MEDICOS,REDHUAROCHIRI@YAHOO.ES,-76.23460168,-12.13852064,HTTP://WWW.RSH.GOB.PE
00005884,AVENIDA J. ZUBIETA S/N - AA.HH HORACIO ZEVALLOS S/N ATE LIMA LIMA,PUBLICO,HORACIO ZEVALLOS,"""http://maps.google.es/?q=-12.01905526%20-76.83841569,INSASU20180816171636.jpg,INSASU20180816171655.jpg,INSASU20180816172149.jpg,""",CENTROS DE SALUD O CENTROS MEDICOS,horaciozevallosate@outlook.es,-76.83841569,-12.01905526,http://dirislimaeste.gob.pe/index.php
00005899,OTROS URB.SAN ANTONIO MZ Y LT 19 URB.SAN ANTONIO MZ Y LT 19 LURIGANCHO LIMA LIMA,PUBLICO,VIRGEN DEL ROSARIO CARAPONGO,"""http://maps.google.es/?q=-12.0021766%20-76.8756992,INSASU20180726123258.jpg,INSASU20180726123405.jpg,INSASU20180726124015.jpg,""",CENTROS DE SALUD O CENTROS MEDICOS,patriciacdf7@hotmail.com,-76.8756992,-12.0021766,HTTP://www.dirislimaeste.gob.pe
00005900,OTROS AAHH PAMPA LOS OLIVARES-VILLA LETICIA-MZ K1 LOTE 9-12 AAHH PAMPA LOS OLIVARES-VILLA LETICIA-MZ K1 LOTE 9-12 LURIGANCHO LIMA LIMA,PUBLICO,VILLA LETICIA DE CAJAMARQUILLA,"""http://maps.google.es/?q=-11.9662957%20-76.8833177,INSASU20180726112159.jpg,INSASU20180726112252.jpg,INSASU20180726112302.jpg,""",CENTROS DE SALUD O CENTROS MEDICOS,npatty165@hotmail.com,-76.8833177,-11.9662957,HTTP://www.rslem.gob.pe
00005902,OTROS EX FUNDO AGRICOLA NIEVERIA LOTE 62-B LT.1 EX FUNDO AGRICOLA NIEVERIA LOTE 62-B LT.1 LURIGANCHO LIMA LIMA,PUBLICO,NIEVERIA DEL PARAISO,"""http://maps.google.es/?q=-11.976816%20-76.907971,INSASU20180726125735.jpg,INSASU20230915104443.jpg,INSASU20230915104452.jpg,""",CENTROS DE SALUD O CENTROS MEDICOS,veronicafigueroab@hotmail.com,-76.907971,-11.976816,HTTP://www.dirislimaeste.gob.pe
00005903,"CALLE EL HARAS S/N CDRA.4 RINCONADA BAJA S/N (Ref: COST. CUNA MUNICIPAL, ESQ.MANUEL PRADO UGARTECHE ) LA MOLINA LIMA LIMA",PUBLICO,LA MOLINA,"""http://maps.google.es/?q=-12.07884185%20-76.91693161,INSASU20180607101521.JPG,INSASU20180607101528.JPG,INSASU20180607101526.JPG,""",CENTROS DE SALUD O CENTROS MEDICOS,centrodesaludlamolina@gmail.com,-76.91693161,-12.07884185,http://www.rslem.gob.pe
00005920,OTROS LOS ARTESANOS 166 ASOC.VIV. BETHANIA (CERCA DEL CEI) LOS ARTESANOS 166 ASOC.VIV. BETHANIA (CERCA DEL CEI) EL AGUSTINO LIMA LIMA,PUBLICO,BETHANIA,"""http://maps.google.es/?q=-12.0277035%20-76.99271243,INSASU20181108150314.jpg,INSASU20240122121759.jpg,INSASU20240122121805.jpg,""",CENTROS DE SALUD O CENTROS MEDICOS,dramarthagube@hotmail.com,-76.99271243,-12.0277035,http://www.dirislimaeste.gob.pe
00005922,CALLE URB. PRIMAVERA CALLE 23 DE SETIEMBRE S/N S/N URB. PRIMAVERA CALLE 23 DE SETIEMBRE S/N EL AGUSTINO LIMA LIMA,PUBLICO,PRIMAVERA,"""http://maps.google.es/?q=-12.0344562%20-77.0055986,INSASU20180721114200.jpg,INSASU20180604174838.JPG,INSASU20180604174848.JPG,""",CENTROS DE SALUD O CENTROS MEDICOS,amvasquezs@HOTMAIL.COM,-77.0055986,-12.0344562,HTTP://www.DIRISLE.gob.pe
00005923,OTROS ARACELI CATALAN - ESQ. INDEPENDIENTE (PIE DEL CERRO EL AGUSTINO) ARACELI CATALAN - ESQ. INDEPENDIENTE (PIE DEL CERRO EL AGUSTINO) EL AGUSTINO LIMA LIMA,PUBLICO,EL AGUSTINO,"""http://maps.google.es/?q=-12.0542654%20-77.0009781,INSASU20250711093736.jpeg,INSASU20250711093745.jpeg,INSASU20250711093753.jpeg,""",CENTROS DE SALUD O CENTROS MEDICOS,cseadirisle@gmail.com,-77.0009781,-12.0542654,HTTP://www.dirislimaeste.gob.pe
00005924,CALLE CALLE JAVIER HERAUD S/N URB. AH NOCHETO S/N CALLE JAVIER HERAUD S/N URB. AH NOCHETO SANTA ANITA LIMA LIMA,PUBLICO,NOCHETO,"""http://maps.google.es/?q=-12.046338%20-76.9843438,INSASU20180720105924.jpg,""",CENTROS DE SALUD O CENTROS MEDICOS,martin_ramos2410@hotmail.com,-76.9843438,-12.046338,http://www.rslem.gob.pe
00005926,OTROS MZ. F - LOTE 1 - URB. EL ÉXITO MZ. F - LOTE 1 - URB. EL ÉXITO ATE LIMA LIMA,PUBLICO,EL EXITO,"""http://maps.google.es/?q=-12.0238043%20-76.9011921,INSASU20190128091606.jpg,INSASU20190128091716.jpg,""",CENTROS DE SALUD O CENTROS MEDICOS,max3331@hotmail.com,-76.9011921,-12.0238043,http://www.rslem.gob.pe
00005927,AVENIDA AV. ESTRELLA S/N SANTA CLARA CC.KM. 12 S/N AV. ESTRELLA S/N SANTA CLARA CC.KM. 12 ATE LIMA LIMA,PUBLICO,SANTA CLARA,"""http://maps.google.es/?q=-12.0162198%20-76.88436,INSASU20181005091613.jpg,INSASU20231116165750.jpg,INSASU20231116165758.jpg,""",CENTROS DE SALUD O CENTROS MEDICOS,luismanco@hotmail.com,-76.88436,-12.0162198,http://www.dirislimaetse.gob.pe
00005928,OTROS MZ. F - LOTE 1 - COOP. MANYLSA - ATE MZ. F - LOTE 1 - COOP. MANYLSA - ATE ATE LIMA LIMA,PUBLICO,MANYLSA,"""http://maps.google.es/?q=-12.0326573%20-76.8887157,INSASU20190215075028.jpg,INSASU20240209153137.jpg,INSASU20240209153143.jpg,""",CENTROS DE SALUD O CENTROS MEDICOS,csmanylsa@gmail.com,-76.8887157,-12.0326573,http://www.dirislimaeste.gob.pe
00005931,OTROS ZONA A - MZ. V3 LOTE 3  AAHH EL AMAUTA ZONA A - MZ. V3 LOTE 3  AAHH EL AMAUTA ATE LIMA LIMA,PUBLICO,AMAUTA,"""http://maps.google.es/?q=-12.04277623%20-76.89800245,INSASU20190214105126.jpg,INSASU20231121112420.jpg,INSASU20231121112427.jpg,""",CENTROS DE SALUD O CENTROS MEDICOS,jserluq@yahoo.com,-76.89800245,-12.04277623,http://www.dirislimaeste.gob.pe
00005933,AVENIDA AV. CENTRAL S/N MZ.W - MZ.H PROGRAMA DE VIVIENDA ALFA Y OMEGA S/N AV. CENTRAL S/N MZ.W - MZ.H PROGRAMA DE VIVIENDA ALFA Y OMEGA ATE LIMA LIMA,PUBLICO,ALFA Y OMEGA,"""http://maps.google.es/?q=-12.014028%20-76.8537496,INSASU20180719072942.JPG,INSASU20180719072946.JPG,INSASU20180719072952.JPG,""",CENTROS DE SALUD O CENTROS MEDICOS,centrodesaludalfayomega@gmail.com,-76.8537496,-12.014028,http://www.dirislimaeste.gob.pe
00005936,"OTROS CT.7, LOTE 19-20 C. CENTRAL KM. 22.7 AAHH VIRGEN DE FATIMA CT.7, LOTE 19-20 C. CENTRAL KM. 22.7 AAHH VIRGEN DE FATIMA CHACLACAYO LIMA LIMA",PUBLICO,MORON,"""http://maps.google.es/?q=-11.9797934%20-76.7889201,INSASU20180726071825.jpg,INSASU20221230093333.jpg,INSASU20221230093343.jpg,""",CENTROS DE SALUD O CENTROS MEDICOS,jfbazan302000@hotmail.com,-76.7889201,-11.9797934,http://www.DIRISLIMAESTE.gob.pe
00005937,AVENIDA AV.ATAHUALPA Nº 373-CULTURA Y PROGRESO ÑAÑA-CHACLACAYO AV.ATAHUALPA Nº 373-CULTURA Y PROGRESO ÑAÑA-CHACLACAYO CHACLACAYO LIMA LIMA,PUBLICO,PROGRESO,"""http://maps.google.es/?q=-11.9863974%20-76.8198403,INSASU20190118142041.jpg,INSASU20190118142043.jpg,""",CENTROS DE SALUD O CENTROS MEDICOS,demar3079_c.s.progreso@hotmail.com,-76.8198403,-11.9863974,http://www.rslem.gob.pe
00005940,OTROS MZ N LOTE 05 AAHH CERRO VECINO HUASCATA-CHACLACAYO MZ N LOTE 05 AAHH CERRO VECINO HUASCATA-CHACLACAYO CHACLACAYO LIMA LIMA,PUBLICO,HUASCATA,"""http://maps.google.es/?q=-11.993645%20-76.819316,INSASU20180812102306.JPG,INSASU20180812102312.JPG,INSASU20180812102314.JPG,""",PUESTOS DE SALUD O POSTAS DE SALUD,p.s.huascata@hotmail.com,-76.819316,-11.993645,
00005962,JIRÓN JR.PUERTO ESPAÑA MZ F2 LOTE 02 - SICUANI JR.PUERTO ESPAÑA MZ F2 LOTE 02 - SICUANI ATE LIMA LIMA,PUBLICO,GUSTAVO LANATTA,"""http://maps.google.es/?q=-12.0694803%20-76.9789165,INSASU20220722170117.jpg,""",CENTROS DE SALUD O CENTROS MEDICOS,cgustavolanattalujan@gmail.com,-76.9789165,-12.0694803,http://www.rslem.gob.pe
00005964,OTROS PJ 3 DE MAYO 140 -MZ.B LOTE 12- URB. EL BOSQUE PJ 3 DE MAYO 140 -MZ.B LOTE 12- URB. EL BOSQUE ATE LIMA LIMA,PUBLICO,EL BOSQUE,"""http://maps.google.es/?q=-12.063413%20-76.987062,INSASU20190125084201.jpg,INSASU20190125084205.jpg,INSASU20190125084208.jpg,""",CENTROS DE SALUD O CENTROS MEDICOS,yrdoris54@yahoo.com,-76.987062,-12.063413,http://www.rslem.gob.pe
00005965,AVENIDA AV. GARCILAZO DE LA VEGA CDRA. 3 - SAN PEDRO AV. GARCILAZO DE LA VEGA CDRA. 3 - SAN PEDRO EL AGUSTINO LIMA LIMA,PUBLICO,SANTA MAGDALENA SOFIA,"""http://maps.google.es/?q=-12.0606209%20-77.0036943,INSASU20180723121554.jpg,INSASU20240122124306.jpg,INSASU20240122124311.jpg,""",CENTROS DE SALUD O CENTROS MEDICOS,CSSTAMAGDALENA@LIMAESTE.GOB.PE,-77.0036943,-12.0606209,http://www.rslem.gob.pe
00005967,AVENIDA AV.SANTA ROSA S/N VI ZONA - AAHH 7 DE OCTUBRE S/N AV.SANTA ROSA S/N VI ZONA - AAHH 7 DE OCTUBRE EL AGUSTINO LIMA LIMA,PUBLICO,7 DE OCTUBRE,"""http://maps.google.es/?q=-12.055972%20-76.994256,INSASU20180720104515.jpg,""",CENTROS DE SALUD O CENTROS MEDICOS,cs7deoctubre@hotmail.com,-76.994256,-12.055972,http://www.dirislimaeste.gob.pe
00005970,JIRÓN JIRON LIMA N°802-SAN MATEO DE HUANCHOR DISTRITO SAN MATEO PROVINCIA HUAROCHIRI DEPARTAMENTO LIMA,PUBLICO,SAN MATEO DE HUANCHOR,"""http://maps.google.es/?q=-11.75764119%20-76.29844603,Fotografia_5970_15735291_1460736539065.png,Fotografia_5970_15735291_1460736552117.png,Fotografia_5970_15735291_1460736590559.png,""",CENTROS DE SALUD O CENTROS MEDICOS,REDHUAROCHIRI@YAHOO.ES,-76.29844603,-11.75764119,HTTP://WWW.RSH.GOB.PE
00005988,OTROS MARTÍNEZ DE PINILLOS 124 A BARRANCO LIMA LIMA,PUBLICO,CENTRO DE SALUD ALICIA LASTRES DE LA TORRE,"""http://maps.google.es/?q=-12.1445771%20-77.0224199,INSASU20180912124859.jpg,""",CENTROS DE SALUD O CENTROS MEDICOS,marybazul@gmail.com,-77.0224199,-12.1445771,
00005990,AVENIDA AV. DEFENSORES DEL MORRO (EX HUAYLAS) Nº556 AV. DEFENSORES DEL MORRO (EX HUAYLAS) Nº556 CHORRILLOS LIMA LIMA,PUBLICO,CENTRO DE SALUD GUSTAVO LANATTA LUJAN,"""http://maps.google.es/?q=-12.1692159%20-77.0240399,INSASU20181003123807.jpg,INSASU20181003123810.jpg,INSASU20181003123813.jpg,""",CENTROS DE SALUD O CENTROS MEDICOS,caslitauro@yahoo.es,-77.0240399,-12.1692159,
00005993,JIRÓN DANIEL CORNEJO NÚMERO 182 DISTRITO SANTIAGO DE SURCO PROVINCIA LIMA DEPARTAMENTO LIMA,PUBLICO,CENTRO DE SALUD SANTIAGO DE SURCO,"""http://maps.google.es/?q=-12.1473252%20-77.0061782,INSASU20240227110219.jpg,INSASU20240227110226.jpg,""",CENTROS DE SALUD O CENTROS MEDICOS,cssantiagodesurco@dirisls.pe,-77.0061782,-12.1473252,
00006055,AVENIDA AV. LIMA S/N S/N AV. LIMA S/N ASIA CAÑETE LIMA,PUBLICO,CAPILLA DE ASIA,"""http://maps.google.es/?q=-12.78055324%20-76.55608553,Fotografia_6055_32541300_1462220303186.png,Fotografia_6055_32541300_1462220455327.png,Fotografia_6055_32541300_1462220482407.png,""",CENTROS DE SALUD O CENTROS MEDICOS,C.S.CAPILLADEASIA@HOTMAIL.COM,-76.55608553,-12.78055324,HTTP://WWW.DRSCHILCAMALA.GOB.PE
00006071,AVENIDA AV. MARIANO IGNACIO PRADO Nº 690 AV. MARIANO IGNACIO PRADO Nº 690 CHILCA CAÑETE LIMA,PUBLICO,CHILCA,"""http://maps.google.es/?q=-12.51942557%20-76.73931878,Fotografia_6071_32541300_1460665423787.png,Fotografia_6071_32541300_1460665479930.png,Fotografia_6071_32541300_1460665497193.png,""",CENTROS DE SALUD O CENTROS MEDICOS,CMI_NSAM_CH@HOTMAIL.COM,-76.73931878,-12.51942557,HTTP://WWW.DRSCHILCAMALA.GOB.PE
00006088,AVENIDA SAN BARTOLO MZ A LT 1 Y AV. EL GOFL NUMERO S/N DISTRITO SAN BARTOLO PROVINCIA LIMA DEPARTAMENTO LIMA,PUBLICO,CENTRO MATERNO INFANTIL SAN BARTOLO,"""http://maps.google.es/?q=-12.3873605%20-76.7770243,INSASU20240716172602.jpeg,INSASU20250207101802.jpg,INSASU20250207101808.jpg,""",CENTROS DE SALUD CON CAMAS DE INTERNAMIENTO,mesavirtualcssanbartolo@gmail.com,-76.7770243,-12.3873605,
00006090,AVENIDA AV. COLONIAL S/N Y ESQ. CASTILLA NUMERO S/N DISTRITO PACHACAMAC PROVINCIA LIMA DEPARTAMENTO LIMA,PUBLICO,CENTRO MATERNO INFANTIL PACHACAMAC,"""http://maps.google.es/?q=-12.2282504%20-76.8581836,INSASU20180920170303.jpg,INSASU20180920170319.jpg,INSASU20180920170430.jpg,""",CENTROS DE SALUD CON CAMAS DE INTERNAMIENTO,ISAATAUJE71@GMAIL.COM,-76.8581836,-12.2282504,
00006122,"AVENIDA AV. MIGUEL GRAU MZ. L, LOTE. 15 - ALT. CDRA 9 AV. PROLONG. CANEVARO AAHH TRÉBOL AZUL DISTRITO SAN JUAN DE MIRAFLORES PROVINCIA LIMA DEPARTAMENTO LIMA",PUBLICO,CENTRO DE SALUD TRÉBOL AZUL,"""http://maps.google.es/?q=-12.1775527%20-76.9659123,INSASU20230724110600.jpg,INSASU20230724110619.jpg,INSASU20230724110922.jpg,""",CENTROS DE SALUD O CENTROS MEDICOS,vsonia01@hotmail.com,-76.9659123,-12.1775527,
00006129,AVENIDA AV. REICHE S/N MZ K AA.HH. BRISAS DE PACHACAMAC NUMERO S/N DISTRITO VILLA EL SALVADOR PROVINCIA LIMA DEPARTAMENTO LIMA,PUBLICO,CENTRO DE SALUD BRISAS DE PACHACAMAC,"""http://maps.google.es/?q=-12.2013856%20-76.9480428,INSASU20231109080023.jpeg,INSASU20240820161802.jpeg,INSASU20231109080031.jpeg,""",CENTROS DE SALUD O CENTROS MEDICOS,rovive-77@hotmail.com,-76.9480428,-12.2013856,
00006142,AVENIDA AV. CONDEBAMBA S/N NUMERO S/N DISTRITO VILLA MARIA DEL TRIUNFO PROVINCIA LIMA DEPARTAMENTO LIMA,PUBLICO,CENTRO DE SALUD VIRGEN DE LOURDES,"""http://maps.google.es/?q=-12.1672291%20-76.9189534,INSASU20230519143404.jpeg,INSASU20230519143408.jpeg,INSASU20230519143412.jpeg,""",CENTROS DE SALUD O CENTROS MEDICOS,wgam1@hotmail.com,-76.9189534,-12.1672291,
00006171,JIRÓN JR. CUZCO 925 DISTRITO LIMA PROVINCIA LIMA DEPARTAMENTO LIMA,PUBLICO,CENTRO DE SALUD JUAN PEREZ CARRANZA,"""http://maps.google.es/?q=-12.0537765%20-77.022701,INSASU20231026180434.jpg,INSASU20231026180536.jpeg,INSASU20231026180556.jpeg,""",CENTROS DE SALUD O CENTROS MEDICOS,csjpcarranza@dirislimacentro.gob.pe,-77.022701,-12.0537765,https://dirislimacentro.gob.pe/
00006172,JIRÓN JR ANCASH 1529 AAHH ROSA DE SANTA MARIA JR ANCASH 1529 AAHH ROSA DE SANTA MARIA LIMA LIMA LIMA,PUBLICO,JARDIN ROSA DE SANTA MARIA,"""""",PUESTOS DE SALUD O POSTAS DE SALUD,PS_ROSADESTAMARIA@HOTMAIL.COM,,,HTTP://WWW.REDSALUDLIMACIUDAD.GOB.PE
00006179,AVENIDA AV SAUCE MZ A1 LOTE 1 DISTRITO SURQUILLO PROVINCIA LIMA DEPARTAMENTO LIMA,PUBLICO,CENTRO DE SALUD SAN ATANACIO DE PEDREGAL,"""http://maps.google.es/?q=-12.1212565%20-76.9990462,INSASU20180813174023.jpg,INSASU20180813174029.jpg,INSASU20180813174033.jpg,""",CENTROS DE SALUD O CENTROS MEDICOS,cspedregal@dirislimacentro.gob.pe,-76.9990462,-12.1212565,https://dirislimacentro.gob.pe/
00006185,JIRÓN JR. CARHUAZ 509 JR. CARHUAZ 509 BREÑA LIMA LIMA,PUBLICO,CENTRO DE SALUD CHACRA COLORADA,"""http://maps.google.es/?q=-12.0539769%20-77.0480938,INSASU20181022093100.jpg,INSASU20230411211418.jpg,INSASU20181022092851.jpg,""",CENTROS DE SALUD O CENTROS MEDICOS,cschacracolorada@dirislimacentro.gob.pe,-77.0480938,-12.0539769,
00006187,JIRÓN JR. BRUNO TERREROS 144 JR. BRUNO TERREROS 144 LIMA LIMA LIMA,PUBLICO,CENTRO DE SALUD MIRONES BAJO,"""http://maps.google.es/?q=-12.0359928%20-77.0722189,INSASU20180724193353.jpg,""",CENTROS DE SALUD O CENTROS MEDICOS,csmironesbajo@dirislimacentro.gob.pe,-77.0722189,-12.0359928,https://dirislimacentro.gob.pe
00006192,AVENIDA LUIS BRAYLE 13 LIMA LIMA LIMA,PUBLICO,CENTRO DE SALUD MIRONES,"""http://maps.google.es/?q=-12.0509882%20-77.0673543,INSASU20231017182222.jpg,INSASU20231017182244.jpg,INSASU20231017182257.jpg,""",CENTROS DE SALUD O CENTROS MEDICOS,csmirones@dirislimacentro.gob.pe,-77.0673543,-12.0509882,
00006193,OTROS BLOCK Nº 1 UNIDAD VECINAL Nº 3 DISTRITO LIMA PROVINCIA LIMA DEPARTAMENTO LIMA,PUBLICO,CENTRO DE SALUD UNIDAD VECINAL Nº 3,"""http://maps.google.es/?q=-12.0512449%20-77.0821925,INSASU20210122121136.jpg,INSASU20181210085935.jpg,INSASU20181210085921.jpg,""",CENTROS DE SALUD O CENTROS MEDICOS,csunidadvecinal3@dirislimacentro.gob.pe,-77.0821925,-12.0512449,http://dirislimacentro.gob.pe
00006194,JIRÓN JR. VILLA MARIA 745 DISTRITO LIMA PROVINCIA LIMA DEPARTAMENTO LIMA,PUBLICO,CENTRO DE SALUD VILLA MARIA PERPETUO SOCORRO,"""http://maps.google.es/?q=-12.0367561%20-77.0598619,INSASU20220726152708.jpeg,INSASU20220726152717.jpeg,INSASU20220726152723.jpeg,""",CENTROS DE SALUD O CENTROS MEDICOS,csvillamariaps@dirislimacentro.gob.pe,-77.0598619,-12.0367561,https://dirislimacentro.gob.pe/
00006197,AVENIDA AV. PEREZ ARANIBAR (DEL EJÉRCITO) 1756 DISTRITO SAN ISIDRO PROVINCIA LIMA DEPARTAMENTO LIMA,PUBLICO,CENTRO DE SALUD SAN ISIDRO,"""http://maps.google.es/?q=-12.1067332%20-77.0549116,INSASU20180713180808.jpg,INSASU20230928130819.jpg,INSASU20230928131603.jpeg,""",CENTROS DE SALUD O CENTROS MEDICOS,cssanisidro@dirislimacentro.gob.pe,-77.0549116,-12.1067332,HTTP://DIRISLIMACENTRO.GOB.PE
00006199,OTROS LOS SAUCES MZ B-II NOVENA ETAPA LOS SAUCES MZ B-II NOVENA ETAPA SAN MIGUEL LIMA LIMA,PUBLICO,CENTRO DE SALUD HUACA PANDO,"""http://maps.google.es/?q=-12.061614%20-77.083277,INSASU20241015160341.jpg,INSASU20241015160337.jpg,INSASU20241015160346.jpg,""",CENTROS DE SALUD O CENTROS MEDICOS,pshuacapando@dirislimacentro.gob.pe,-77.083277,-12.061614,HTTP://WWW.REDSALUDLIMACIUDAD.GOB.PE
00006201,AVENIDA AV. ARNALDO MÁRQUEZ 1750 AV. ARNALDO MÁRQUEZ 1750 JESUS MARIA LIMA LIMA,PUBLICO,JESUS MARIA,"""http://maps.google.es/?q=-12.0779014%20-77.0530192,INSASU20250605132135.jpeg,INSASU20250605132143.jpg,INSASU20250605132146.jpg,""",CENTROS DE SALUD O CENTROS MEDICOS,csjesusmaria@dirislimacentro.gob.pe,-77.0530192,-12.0779014,https://dirislimacentro.gob.pe/
00006886,JIRÓN JR DOS DE MAYO CUADRA 7 S/N S/N JR DOS DE MAYO CUADRA 7 S/N COMAS LIMA LIMA,PUBLICO,SANTIAGO APOSTOL,"""http://maps.google.es/?q=-11.9569237%20-77.0433316,INSASU20200708154303.jpg,INSASU20200708154308.jpg,INSASU20200708154315.jpg,""",CENTROS DE SALUD O CENTROS MEDICOS,manuelvegaaguilarsis@gmail.com,-77.0433316,-11.9569237,http://www.dirislimanorte.gob.pe
00007138,OTROS MZ W1 LOTE 2 - SAN BENITO 4TA ETAPA MZ W1 LOTE 2 - SAN BENITO 4TA ETAPA CARABAYLLO LIMA LIMA,PUBLICO,SAN BENITO,"""http://maps.google.es/?q=-11.8184648%20-77.0471714,INSASU20190827160658.jpg,INSASU20200709120520.jpg,INSASU20200709120528.jpg,""",CENTROS DE SALUD O CENTROS MEDICOS,PS.SANBENITO@DIRISLIMANORTE.GOB.PE,-77.0471714,-11.8184648,HTTP://WWW.DIRISLIMANORTE.GOB.PE
00007149,OTROS NUCLEO DE SERV. ZONA S - HUAYCAN NUCLEO DE SERV. ZONA S - HUAYCAN ATE LIMA LIMA,PUBLICO,LA FRATERNIDAD,"""http://maps.google.es/?q=-12.0225134%20-76.8076659,INSASU20250715145315.jpeg,INSASU20250715145320.jpeg,INSASU20250715145324.jpeg,""",CENTROS DE SALUD O CENTROS MEDICOS,centrodesaludlafraternidad@gmail.com,-76.8076659,-12.0225134,http://www.dirislimaeste.gob.pe
00007684,"CALLE CALLE G - MZ Y, LOTE 1 - URB EL ALAMO 1ERA ETAPA CALLE G - MZ Y, LOTE 1 - URB EL ALAMO 1ERA ETAPA COMAS LIMA LIMA",PUBLICO,CENTRO DE SALUD EL ALAMO,"""http://maps.google.es/?q=-11.9347565%20-77.0656999,INSASU20190808125138.jpg,""",CENTROS DE SALUD O CENTROS MEDICOS,cselalamorsta@gmail.com,-77.0656999,-11.9347565,HTTP://WWW.MINSARSTA.GOB.PE
00007735,JIRÓN JR. SAN FERNANDO MZ N LT. 11 - AAHH JUAN PABLO II JR. SAN FERNANDO MZ N LT. 11 - AAHH JUAN PABLO II CARABAYLLO LIMA LIMA,PUBLICO,CENTRO DE SALUD JUAN PABLO II,"""http://maps.google.es/?q=-11.82843292%20-77.06889366,INSASU20191219112024.jpg,""",CENTROS DE SALUD O CENTROS MEDICOS,PIMPI240@HOTMAIL.COM,-77.06889366,-11.82843292,HTTP://WWW.DIRISLIMANORTE.GOB.PE
00009979,AVENIDA AV. ANTIGUA PANAMERICANA SUR KM. 36.5 DISTRITO LURIN PROVINCIA LIMA DEPARTAMENTO LIMA,PUBLICO,CENTRO DE ATENCION PRIMARIA II LURIN,"""http://maps.google.es/?q=-12.27568943%20-76.87133336,INSASU20220820140450.jpg,""",CENTROS DE SALUD O CENTROS MEDICOS,CAPIILURIN2022@GMAIL.COM,-76.87133336,-12.27568943,HTTP://WWW.ESSALUD.GOB.PE
00010394,AVENIDA AV. MIGUEL GRAU S/N - PARAMONGA NÚMERO S/N DISTRITO PARAMONGA PROVINCIA BARRANCA DEPARTAMENTO LIMA,PUBLICO,CENTRO DE ATENCION PRIMARIA II PARAMONGA,"""http://maps.google.es/?q=-10.6745663%20-77.8160806,INSASU20170921101542.png,INSASU20170921101545.jpg,INSASU20170921101553.JPG,""",CENTROS DE SALUD O CENTROS MEDICOS,LGUEVARA@ESSALUD.GOB.PE,-77.8160806,-10.6745663,HTTP://WWW.ESSALUD.GOB.PE
00010569,CALLE CALLE PROLONGACION REAL 825-827 DISTRITO MALA PROVINCIA CAÑETE DEPARTAMENTO LIMA,PUBLICO,CENTRO MEDICO MALA,"""http://maps.google.es/?q=-12.6617753%20-76.6305261,INSASU20181017155115.jpg,INSASU20181017161141.JPG,INSASU20230126175952.JPG,""",CENTROS DE SALUD O CENTROS MEDICOS,SILVIA.RAMIREZR@ESSALUD.GOB.PE,-76.6305261,-12.6617753,HTTP://WWW.ESSALUD.GOB.PE
00011876,JIRÓN EL CHACO 2850 URBANIZACIÓN PERU DISTRITO SAN MARTIN DE PORRES PROVINCIA LIMA DEPARTAMENTO LIMA,PUBLICO,POLICLINICO PNP SAN MARTIN DE PORRES,"""http://maps.google.es/?q=-12.03031463%20-77.07626737,INSASU20201118123005.jpg,INSASU20201118123121.jpg,""",POLICLINICOS,diresan.polismp@policia.gob.pe,-77.07626737,-12.03031463,
00012664,OTROS MZ. G-1 LOTE 15 URB EDWIN VASQUEZ CAM MZ. G-1 LOTE 15 URB EDWIN VASQUEZ CAM CARABAYLLO LIMA LIMA,PUBLICO,POLICLÌNICO  DE LA  POLICÍA  NACIONAL DEL PERÙ CARABAYLLO - DEFENSORES DE LA DEMOCRACIA,"""http://maps.google.es/?q=-11.8916733%20-77.0368364,INSASU20210918113720.jpg,""",POLICLINICOS,DIRSAPOL.PMCARABAYLLO@POLICIA.GOB.PE,-77.0368364,-11.8916733,
00012740,AVENIDA AV CANAVAL Y MOREYRA (AV CORPAC) S/N - INTERIOR DE MINISTERIO DEL INTERIOR NÚMERO S/N DISTRITO SAN ISIDRO PROVINCIA LIMA DEPARTAMENTO LIMA,PUBLICO,POLICLINICO POLICIAL MININTER,"""http://maps.google.es/?q=-12.09755453%20-77.01516128,INSASU20210525104214.jpg,INSASU20210525104223.jpg,""",POLICLINICOS,dirsapol.plmininter@policia.gob.pe,-77.01516128,-12.09755453,
00012923,OTROS ALTURA KM 27.5 PANAMERICANA NORTE DISTRITO PUENTE PIEDRA PROVINCIA LIMA DEPARTAMENTO LIMA,PUBLICO,POSTA MEDICA POLICIAL ETS  ESCUELA PUENTE PIEDRA,"""http://maps.google.es/?q=-11.89620405%20-77.07488297,INSASU20230531095511.jpeg,INSASU20230529150905.jpeg,INSASU20230531094729.jpeg,""",PUESTOS DE SALUD O POSTAS DE SALUD,dirsan.pmpp@policia.gob.pe,-77.07488297,-11.89620405,https://www.pnp.gob.pe/direcciones_policiales/dirsal/inicio.html
00014685,AVENIDA AV. PANAMERICANA NORTE S/N KM 47.5 NUMERO S/N DISTRITO ANCON PROVINCIA LIMA DEPARTAMENTO LIMA,PUBLICO,POLICLINICO NAVAL DE ANCON,"""http://maps.google.es/?q=-11.749298%20-77.165688,INSASU20240926091237.jpeg,INSASU20240926091234.jpeg,INSASU20240926091237.jpeg,""",POLICLINICOS,poliancon.secre@marina.pe,-77.165688,-11.749298,HTTP://WWW.MARINA.MIL.PE
00015075,"OTROS MANZANA K8 LOTE 5B, SECTOR LOS JARDINES HUERTOS DE MANCHAY DISTRITO PACHACAMAC PROVINCIA LIMA DEPARTAMENTO LIMA",PUBLICO,CENTRO DE SALUD CLAS JUAN PABLO II,"""http://maps.google.es/?q=-12.1096968%20-76.8624313,INSASU20230419192103.jpeg,INSASU20230419193408.jpeg,INSASU20180903084535.jpg,""",CENTROS DE SALUD O CENTROS MEDICOS,clasjuanpabloii@hotmail.com,-76.8624313,-12.1096968,
00015942,JIRÓN JR. EMAUS S/N AAHH EL NAZARENO - PAMPLONA ALTA NÚMERO S/N DISTRITO SAN JUAN DE MIRAFLORES PROVINCIA LIMA DEPARTAMENTO LIMA,PUBLICO,SISTEMA METROPOLITANO DE LA SOLIDARIDAD / SOLIDARIDAD SALUD - EL NAZARENO,"""""",CENTROS DE SALUD O CENTROS MEDICOS,susalud.renipress@sisol.gob.pe,,,HTTP://WWW.SISOL.GOB.PE
00017391,AVENIDA ESPAÑA NUMERO 323 DISTRITO LIMA PROVINCIA LIMA DEPARTAMENTO LIMA,PUBLICO,POLICLINICO COIP,"""http://maps.google.es/?q=-12.05829209%20-77.03984441,INSASU20241024101825.jpg,INSASU20241024101829.jpg,INSASU20241024101917.jpg,""",POLICLINICOS,dirsapol.pmcoip@policia.gob.pe,-77.03984441,-12.05829209,HTTPS://DIRSAPOLPNP.GOB.PE/
00017814,AVENIDA AV. EL BOSQUE S/N - URB LAS PALMERAS NÚMERO S/N DISTRITO BARRANCA PROVINCIA BARRANCA DEPARTAMENTO LIMA,PUBLICO,CENTRO DE ATENCION PRIMARIA III PEDRO REYES BARBOZA - BARRANCA,"""http://maps.google.es/?q=-10.7474554%20-77.7576531,INSASU20211103123213.jpg,INSASU20240419195330.jpg,INSASU20240419195334.jpg,""",CENTROS DE SALUD CON CAMAS DE INTERNAMIENTO,gustavo.tellod@essalud.gob.pe,-77.7576531,-10.7474554,http://www.essalud.gob.pe
00019390,AVENIDA AV. EL GOLF S/N SAN BARTOLO NUMERO S/N DISTRITO SAN BARTOLO PROVINCIA LIMA DEPARTAMENTO LIMA,PUBLICO,POSTA MEDICA ETS. PNP. SAN BARTOLO,"""http://maps.google.es/?q=-12.3849381%20-76.7704642,INSASU20231226075627.jpeg,INSASU20231226075632.jpeg,INSASU20231226075637.jpeg,""",PUESTOS DE SALUD O POSTAS DE SALUD,dirsapol.pmsanbartolo@policia.gob.pe,-76.7704642,-12.3849381,
00026009,JIRÓN MOSHOLLACTA Y DIEGO BERMEJO NÚMERO 184 DISTRITO CARABAYLLO PROVINCIA LIMA DEPARTAMENTO LIMA,PUBLICO,CAP III CARABAYLLO,"""http://maps.google.es/?q=-11.8967637%20-77.0383869,INSASU20220511131648.jpg,INSASU20220511131758.jpg,INSASU20181015105222.jpg,""",POLICLINICOS,webmaster@essalud.gob.pe,-77.0383869,-11.8967637,http://www.essalud.gob.pe
00030839,AVENIDA LAS FLORES DE PRIMAVERA NÚMERO 1548 URBANIZACIÓN SAN HILARION DISTRITO SAN JUAN DE LURIGANCHO PROVINCIA LIMA DEPARTAMENTO LIMA,PUBLICO,POLICLINICO POLICIAL ZARATE,"""http://maps.google.es/?q=-12.0038187%20-77.0120145,INSASU20230124092708.jpeg,""",POLICLINICOS,ofad.divrissp.polzarate@gmail.com,-77.0120145,-12.0038187,
00033641,CALLE Plaza 27 de Noviembre NÚMERO 260 DISTRITO SAN ISIDRO PROVINCIA LIMA DEPARTAMENTO LIMA,PRIVADO,Centro Médico Altasalud,"""http://maps.google.es/?q=-12.0988511%20-77.0295718,INSASU20230720201624.jpeg,INSASU20230720201719.jpeg,INSASU20230720201725.jpeg,""",CENTROS DE SALUD O CENTROS MEDICOS,gerencia@altasaludperu.com,-77.0295718,-12.0988511,
00034042,AVENIDA SALAVERRY NÚMERO 341 DISTRITO HUACHO PROVINCIA HUAURA DEPARTAMENTO LIMA,PRIVADO,GS SALUD,"""http://maps.google.es/?q=-11.10960667%20-77.60830364,INSASU20230921124956.jpeg,INSASU20230921125002.jpeg,INSASU20230921125009.jpeg,""",,arealegalgs@gmail.com,-77.60830364,-11.10960667,
00034973,AVENIDA LA MOLINA Y CIENEGUILLA MZ 48 DEPOSITO MUNICIPAL DE LA MOLINA LA MOLINA LIMA LIMA,PUBLICO,MUSA,"""http://maps.google.es/?q=-12.0855017%20-76.887667,INSASU20240222112816.jpeg,INSASU20240222112823.jpeg,INSASU20240222112827.jpeg,""",CENTROS DE SALUD O CENTROS MEDICOS,CS.musa@hotmail.com,-76.887667,-12.0855017,HTTP://www.dirislimaeste.gob.pe
00008385,CALLE ALMIRANTE LORD COCHRANE 220 226 236 240 DISTRITO SAN ISIDRO PROVINCIA LIMA DEPARTAMENTO LIMA,PRIVADO,CERDENT,"""http://maps.google.es/?q=-12.1084371%20-77.0393144,INSASU20190123202633.jpg,""",CENTRO ODONTOLOGICO,administracion@cerdentperu.com,-77.0393144,-12.1084371,
00013678,"AVENIDA AV. GEMINIS MZ E LT 27, 2DO PISO (06 CONSULTORIOS) - URB PAPA JUAN XXIII DISTRITO SAN BORJA PROVINCIA LIMA DEPARTAMENTO LIMA",PRIVADO,CENTRO DENTAL SAN JOSE S.A.C.,"""http://maps.google.es/?q=-12.10872019%20-76.99673182,INSASU20240823142324.jpg,INSASU20240823142650.JPG,INSASU20240823142713.JPG,""",CENTRO ODONTOLOGICO,CENTRODSJ@CDENTALSANJOSE.COM,-76.99673182,-12.10872019,
00023749,AVENIDA CARLOS ALBERTO IZAGUIRRE NUMERO 1268 MANZANA K LOTE 8 URBANIZACION GAMARRA DE LEON VELARDE ANGELICA I ETAPA DISTRITO LOS OLIVOS PROVINCIA LIMA DEPARTAMENTO LIMA,PRIVADO,CENTRO ODONTOLOGICO AMERICANO - LOS OLIVOS,"""http://maps.google.es/?q=-11.9956326%20-77.0803561,INSASU20250116103745.jpeg,INSASU20250116103748.jpeg,INSASU20250116103751.jpeg,""",CENTRO ODONTOLOGICO,OLIVOS@COA.PE,-77.0803561,-11.9956326,HTTP://WWW.COA.PE
00026558,AVENIDA CAMINOS DEL INCA NÚMERO 1554 URBANIZACIÓN LAS GARDENIAS ET. UNO DISTRITO SANTIAGO DE SURCO PROVINCIA LIMA DEPARTAMENTO LIMA,PRIVADO,CENTRO ODONTOLOGICO AMERICANO - SURCO,"""http://maps.google.es/?q=-12.1258328%20-76.9828705,INSASU20220502172936.jpg,INSASU20220502172939.jpg,INSASU20220502172943.jpg,""",CENTRO ODONTOLOGICO,gardenias@coa.pe,-76.9828705,-12.1258328,http://www.coa.pe
00027114,AVENIDA PETIT THOUARS NÚMERO 3470 DISTRITO SAN ISIDRO PROVINCIA LIMA DEPARTAMENTO LIMA,PRIVADO,CENTRO ODONTOLOGICO AMERICANO - SAN ISIDRO,"""http://maps.google.es/?q=-12.09684852%20-77.03205816,INSASU20220916105513.jpeg,INSASU20220916105517.jpg,INSASU20220916105522.jpeg,""",CENTRO ODONTOLOGICO,victor.vives@coa.pe,-77.03205816,-12.09684852,http://www.coa.pe
00028872,AVENIDA SALAVERRY N?ERO 2475 DISTRITO SAN ISIDRO PROVINCIA LIMA DEPARTAMENTO LIMA,PRIVADO,CENTRO DENTAL DOCENTE SEDE SAN ISIDRO,"""""",CENTRO ODONTOLOGICO,VANESSA.TICONA.A@UPCH.PE,,,https://www.cayetano.edu.pe/
00031215,"CARRETERA PANAMERICANA SUR KM 019 LOTE 21, 22, 23, 24, 25, 26, 27 Y 28 DISTRITO VILLA EL SALVADOR PROVINCIA LIMA DEPARTAMENTO LIMA",PRIVADO,Centro Odontológico Docente Asistencial,"""""",CENTRO ODONTOLOGICO,gmartinezs@cientifica.edu.pe,,,https://www.cientifica.edu.pe
00032930,AVENIDA ROOSEVELT NÚMERO 5790 PISO 3 INTERIOR 303 DISTRITO MIRAFLORES PROVINCIA LIMA DEPARTAMENTO LIMA,PRIVADO,CENTRO ODONTOLOGICO SELIDENT,"""http://maps.google.es/?q=-12.1213736%20-77.0185054,INSASU20221017184257.jpeg,INSASU20221017184444.jpeg,INSASU20221017184449.jpeg,""",CENTRO ODONTOLOGICO,selidentmiraflores@gmail.com,-77.0185054,-12.1213736,
00034034,AVENIDA EL POLO 315 URB. LAS ORQUIDEAS DISTRITO SANTIAGO DE SURCO PROVINCIA LIMA DEPARTAMENTO LIMA,PRIVADO,CENTRO ODONTOLOGICO BENALCAZAR,"""http://maps.google.es/?q=-12.1064121%20-76.9737876,INSASU20231204181619.jpeg,INSASU20231204181624.jpeg,INSASU20231204181631.jpeg,""",CENTRO ODONTOLOGICO,centroodontologicobenalcazar@gmail.com,-76.9737876,-12.1064121,
00035534,AVENIDA ALFREDO BENAVIDES NUMERO 2027/2031 DISTRITO MIRAFLORES PROVINCIA LIMA DEPARTAMENTO LIMA,PRIVADO,CENTRO ODONTOLOGICO AMERICANO - MIRAFLORES,"""http://maps.google.es/?q=-12.1271887%20-77.0112707,INSASU20240425105725.jpeg,INSASU20240425105727.jpeg,INSASU20240425105730.jpeg,""",CENTRO ODONTOLOGICO,MIRAFLORES@COA.PE,-77.0112707,-12.1271887,HTTP://WWW.COA.PE
00009883,AVENIDA AV. JAVIER PRADO ESTE Nº 1812 OF. 201 DISTRITO SAN BORJA PROVINCIA LIMA DEPARTAMENTO LIMA,PRIVADO,CLINICA DENTAL PRODENT,"""""",CONSULTORIOS MEDICOS Y DE OTROS PROFESIONALES DE LA SALUD,CDENTAL@PRODENT.COM.PE,,,HTTP://WWW.PRODENT.COM.PE
00010493,AVENIDA AV. MANUEL OLGUIN Nº 555 DISTRITO SANTIAGO DE SURCO PROVINCIA LIMA DEPARTAMENTO LIMA,PRIVADO,CENTRO ODONTOLOGICO MARIANO FLORES RUBIO,"""http://maps.google.es/?q=-12.0918764%20-76.9736774,INSASU20200122113614.jpeg,""",CENTRO ODONTOLOGICO,comfr@centroodontologicomfr.com,-76.9736774,-12.0918764,HTTP://WWW.CENTROODONTOLOGICOMFR.COM
00011638,JIRÓN TIZIANO 493 MZ L3 LT 01 LOCAL 201-501 SAN BORJA III ETAPA DISTRITO SAN BORJA PROVINCIA LIMA DEPARTAMENTO LIMA,PRIVADO,CENTRO ODONTOLÓGICO SAEM,"""http://maps.google.es/?q=-12.08789994%20-76.99685011,INSASU20241203130551.jpeg,INSASU20250219203622.jpeg,INSASU20250219203629.jpeg,""",CENTRO ODONTOLOGICO,cus.sanborja@upsjb.edu.pe,-76.99685011,-12.08789994,
00011860,CALLE CALLE LAS TIENDAS N°331 DPTO- 101 DISTRITO SURQUILLO PROVINCIA LIMA DEPARTAMENTO LIMA,PRIVADO,CENTRO ODONTOLOGICO AMERICANO - SURQUILLO,"""http://maps.google.es/?q=-12.1026591%20-77.0211603,INSASU20240412105757.jpeg,INSASU20240412105801.jpeg,INSASU20240412105804.jpeg,""",CENTRO ODONTOLOGICO,SURQUILLO@COA.PE,-77.0211603,-12.1026591,HTTP://WWW.COA.PE
00012822,AVENIDA AV ANGAMOS ESTE 833-835 DISTRITO SURQUILLO PROVINCIA LIMA DEPARTAMENTO LIMA,PUBLICO,CENTRO ODONTOLOGICO PNP ANGAMOS,"""http://maps.google.es/?q=-12.11321922%20-77.02318933,INSASU20200917112446.jpg,INSASU20250401073428.jpg,INSASU20250401073432.jpg,""",CENTRO ODONTOLOGICO,clinicaodoangamos.documentos@gmail.com,-77.02318933,-12.11321922,
00014113,AVENIDA AV JAVIER PRADO ESTE 1692 1ER PISO DISTRITO SAN ISIDRO PROVINCIA LIMA DEPARTAMENTO LIMA,PRIVADO,CENTRO ODONTOLOGICO AMERICANO - JAVIER PRADO,"""http://maps.google.es/?q=-12.0891845%20-77.0087311,INSASU20220217122800.jpg,INSASU20220217122803.jpg,INSASU20220217122806.jpg,""",CENTRO ODONTOLOGICO,javierprado@coa.pe,-77.0087311,-12.0891845,HTTP://WWW.COA.PE
00018073,CALLE CALLE: MANUEL CANDAMO # 484 DISTRITO LINCE PROVINCIA LIMA DEPARTAMENTO LIMA,PRIVADO,DENTAL TECH SAC,"""http://maps.google.es/?q=-12.0821785%20-77.0319868,INSASU20211027234742.jpg,""",CENTRO ODONTOLOGICO,cedetech@gmail.com,-77.0319868,-12.0821785,
00029355,AVENIDA HONORIO DELGADO NÚMERO 430 URBANIZACIÓN INGENIERIA DISTRITO SAN MARTIN DE PORRES PROVINCIA LIMA DEPARTAMENTO LIMA,PRIVADO,CENTRO DENTAL DOCENTE SEDE SMP,"""http://maps.google.es/?q=-12.02307149%20-77.05593289,INSASU20190710135650.jpg,INSASU20190710140330.jpg,INSASU20240702111424.jpeg,""",CENTRO ODONTOLOGICO,JOSE.CHAVEZ.P@UPCH.PE,-77.05593289,-12.02307149,
00029662,"AVENIDA DEL PINAR N°110 OF. 507 – 508, MZ D LOTE N° 9 – 10 CHACARILLA DEL ESTANQUE DISTRITO SANTIAGO DE SURCO PROVINCIA LIMA DEPARTAMENTO LIMA",PRIVADO,DORTHON CENTRO DE ORTODONCIA,"""http://maps.google.es/?q=-12.1126145%20-76.9892775,INSASU20201112015333.jpeg,INSASU20201112015337.jpeg,INSASU20201112015343.jpeg,""",CENTRO ODONTOLOGICO,jopaol19@hotmail.com,-76.9892775,-12.1126145,
00034868,AVENIDA ALFREDO MENDIOLA MANZANA A LOTE 1 URBANIZACIÓN PUERTAS DE INFANTAS DISTRITO LOS OLIVOS PROVINCIA LIMA DEPARTAMENTO LIMA,PRIVADO,CENTRO ODONTOLÓGICO DOCENTE ASISTENCIAL LIMA NORTE,"""http://maps.google.es/?q=-11.94512259%20-77.07193292,INSASU20220907120051.jpeg,INSASU20220907120139.jpeg,INSASU20220907120313.jpeg,""",CENTRO ODONTOLOGICO,gchavezz@cientifica.edu.pe,-77.07193292,-11.94512259,https://www.cientifica.edu.pe/
00010036,CALLE CALLE SANTA MAGDALENA SOFIA 109 DISTRITO LA MOLINA PROVINCIA LIMA DEPARTAMENTO LIMA,PRIVADO,CENTRO ODONTOLOGICO AMERICANO - LA MOLINA,"""http://maps.google.es/?q=-12.0727241%20-76.9650901,INSASU20240412145248.jpeg,INSASU20240412145253.jpeg,INSASU20240412145259.jpeg,""",CENTRO ODONTOLOGICO,MOLINA@COA.PE,-76.9650901,-12.0727241,HTTP://WWW.COA.COM.PE
00010892,AVENIDA AV. JOAQUIN MADRID N° 235 URB LAS CAMELIAS DISTRITO SAN BORJA PROVINCIA LIMA DEPARTAMENTO LIMA,PRIVADO,CENTRO ODONTOLOGICO AMERICANO - SEDE SAN BORJA,"""http://maps.google.es/?q=-12.10686496%20-76.99963301,INSASU20190401103108.jpg,INSASU20190401103112.jpg,INSASU20190401103115.jpg,""",CENTRO ODONTOLOGICO,SANBORJA@COA.PE,-76.99963301,-12.10686496,HTTP://WWW.COA.PE
00011566,AVENIDA CAMINOS DEL INCA NÚMERO 1138 DISTRITO SANTIAGO DE SURCO PROVINCIA LIMA DEPARTAMENTO LIMA,PRIVADO,ODONTOFRESH CENTRO ODONTOLOGICO - SURCO,"""http://maps.google.es/?q=-12.1219419%20-76.9868745,INSASU20221205171613.jpeg,INSASU20221205171749.jpeg,INSASU20221205171755.jpeg,""",CENTRO ODONTOLOGICO,administracion@odontofresh.com,-76.9868745,-12.1219419,http://www.odontofresh.com
00014010,AVENIDA CAMINOS DEL INCA NÚMERO 1163 MANZANA D4 LOTE 27 URBANIZACIÓN LAS GARDENIAS DISTRITO SANTIAGO DE SURCO PROVINCIA LIMA DEPARTAMENTO LIMA,PRIVADO,DENTAL ALEMANA,"""http://maps.google.es/?q=-12.1219991%20-76.9864374,INSASU20230526181059.jpeg,INSASU20230526181106.jpeg,INSASU20230530181015.jpeg,""",CENTRO ODONTOLOGICO,dentalalemana.recepcion@gmail.com,-76.9864374,-12.1219991,
00017540,"AVENIDA AVENIDA UNIVERSITARIA 407, 1ER Y 2DO PISO URB PANDO 7MA ETAPA DISTRITO SAN MIGUEL PROVINCIA LIMA DEPARTAMENTO LIMA",PRIVADO,MEPSO,"""http://maps.google.es/?q=-12.0867487%20-77.0838399,INSASU20191030114138.jpg,INSASU20250328190645.jpg,INSASU20250328190711.jpg,""",POLICLINICOS,SALUDOCUPACIONAL@MEPSO.COM.PE,-77.0838399,-12.0867487,HTTP://WWW.MEPSO.COM.PE
00021793,AVENIDA AV JAVIER PRADO ESTE 6210 OF 301 DISTRITO LA MOLINA PROVINCIA LIMA DEPARTAMENTO LIMA,PRIVADO,CERDENT S.A.C.,"""http://maps.google.es/?q=-12.0703477%20-76.9524895,INSASU20190918164402.jpg,INSASU20190918164408.jpg,INSASU20240119124243.jpg,""",CENTRO ODONTOLOGICO,ADMINISTRACION@CERDENTPERU.COM,-76.9524895,-12.0703477,
00027130,AVENIDA JOSE PARDO NÚMERO 182 PISO 4 DEPARTAMENTO 406 DISTRITO MIRAFLORES PROVINCIA LIMA DEPARTAMENTO LIMA,PRIVADO,ODONTOPLUS,"""http://maps.google.es/?q=-12.118937%20-77.0299731,INSASU20190705094715.jpg,INSASU20190705094724.jpg,INSASU20190705094737.jpg,""","CONSULTORIOS MEDICOS Y DE OTROS PROFESIONALES DE LA SALUD,CONSULTORIOS MEDICOS Y DE OTROS PROFESIONALES DE LA SALUD",MARFLORIDO@YAHOO.COM,-77.0299731,-12.118937,https://www.odontoplusperu.com
00032939,AVENIDA ROOSEVELT NÚMERO 5806 URBANIZACIÓN LA AURORA DISTRITO MIRAFLORES PROVINCIA LIMA DEPARTAMENTO LIMA,PRIVADO,CENTRO ODONTOLOGICO SELIDENT,"""http://maps.google.es/?q=-12.1216291%20-77.0184048,INSASU20220916101405.jpeg,INSASU20220916095457.jpeg,INSASU20220916095501.jpeg,""",CENTRO ODONTOLOGICO,selidentmiraflores@gmail.com,-77.0184048,-12.1216291,
00005598,AVENIDA AV. NUEVA S/N  -CANTA S/N AV. NUEVA S/N  -CANTA CANTA CANTA LIMA,PUBLICO,CANTA,"""http://maps.google.es/?q=-11.47001927%20-76.62346861,Fotografia_5598_43172430_1460553641484.png,Fotografia_5598_43172430_1460553658093.png,Fotografia_5598_43172430_1460553681942.png,""",CENTROS DE SALUD O CENTROS MEDICOS,centrodesalud.canta@gmail.com,-76.62346861,-11.47001927,HTTP://WWW.REGIONLIMA.GOB.PE/DIRECCIONES/DIRESA
00005618,AVENIDA EL SOL MZ J S/N - URB. GANIMEDES S/N SAN JUAN DE LURIGANCHO LIMA LIMA,PUBLICO,CENTRO DE SALUD GANIMEDES,"""http://maps.google.es/?q=-11.9831399%20-77.0114007,INSASU20180624192404.jpg,INSASU20180624192426.jpg,INSASU20180624192433.jpg,""",CENTROS DE SALUD O CENTROS MEDICOS,csganimedes@dirislimacentro.gob.pe,-77.0114007,-11.9831399,https://dirislimacentro.gob.pe
00005619,AVENIDA AV. JUANA I MZ. G1 S/N ASOC. AYACUCHO NÚMERO S/N DISTRITO SAN JUAN DE LURIGANCHO PROVINCIA LIMA DEPARTAMENTO LIMA,PUBLICO,AYACUCHO,"""""",PUESTOS DE SALUD O POSTAS DE SALUD,psayacucho@dirislimacentro.gob.pe,,,HTTP://WWW.REDSASJL.GOB.PE
00005621,OTROS GRUPO II MZ 23 LTES. 101-107-108 - AAHH HUASCAR DISTRITO SAN JUAN DE LURIGANCHO PROVINCIA LIMA DEPARTAMENTO LIMA,PUBLICO,HUASCAR II,"""http://maps.google.es/?q=-11.9667218%20-77.0109956,INSASU20180920110327.jpg,INSASU20230913170057.jpg,INSASU20230913170125.jpg,""",CENTROS DE SALUD O CENTROS MEDICOS,cshuascar2@dirislimacentro.gob.pe,-77.0109956,-11.9667218,
00005639,OTROS AAHH SAN JUAN DE AMANCAES 2DA ZONA DISTRITO RIMAC PROVINCIA LIMA DEPARTAMENTO LIMA,PUBLICO,CENTRO DE SALUD SAN JUAN DE AMANCAES,"""http://maps.google.es/?q=-12.0168446%20-77.0294195,INSASU20191023114647.jpg,""",CENTROS DE SALUD O CENTROS MEDICOS,CSSJDEAMANCAES@HOTMAIL.COM,-77.0294195,-12.0168446,HTTP://WWW.DIRISLIMANORTE.GOB.PE/
00005641,PROLONGACIÓN PROLONGACION FLOR DE AMANCAES S/N S/N PROLONGACION FLOR DE AMANCAES S/N RIMAC LIMA LIMA,PUBLICO,FLOR DE AMANCAES,"""""",CENTROS DE SALUD O CENTROS MEDICOS,CSFLOR1@HOTMAIL.COM,,,HTTP://WWW.REDDESALUDRIMAC.GOB.PE/
00005642,AVENIDA AV. LAS MERCEDES Nº 209 - PP.JJ. LOS ANGELES AV. LAS MERCEDES Nº 209 - PP.JJ. LOS ANGELES RIMAC LIMA LIMA,PUBLICO,CENTRO DE SALUD VILLA LOS ANGELES,"""http://maps.google.es/?q=-12.02349538%20-77.02419715,INSASU20191219132323.jpg,""",CENTROS DE SALUD O CENTROS MEDICOS,VILLALOSANG@HOTMAIL.COM,-77.02419715,-12.02349538,HTTP://WWW.DIRISLIMANORTE.GOB.PE/
00005680,CALLE CALLE SAN MARTIN S/N S/N CALLE SAN MARTIN S/N AMBAR HUAURA LIMA,PUBLICO,AMBAR,"""http://maps.google.es/?q=-10.75651276%20-77.27220532,Fotografia_5680_40252678_1463679946429.png,Fotografia_5680_40252678_1463679970153.png,Fotografia_5680_40252678_1463680002952.png,""",CENTROS DE SALUD O CENTROS MEDICOS,CENTRODESALUDAMBAR@HOTMAIL.COM,-77.27220532,-10.75651276,HTTP://WWW.HDHUACHO.GOB.PE
00005733,OTROS PUEBLO JOVEN QUEPEPAMPA PUEBLO JOVEN QUEPEPAMPA CHANCAY HUARAL LIMA,PUBLICO,QUEPEPAMPA,"""http://maps.google.es/?q=-11.52809841%20-77.24932562,Fotografia_5733_40805284_1460053919394.png,Fotografia_5733_40805284_1460053930421.png,Fotografia_5733_40805284_1460053945581.png,""",CENTROS DE SALUD O CENTROS MEDICOS,cs_quepepampa@hotmail.com,-77.24932562,-11.52809841,HTTP://WWW.HOSPITALHUARAL.GOB.PE
00005745,"JIRÓN JR. FERMÍN NACARIO Nº 112, COOP. AMAKELLA 2DA. ETAPA JR. FERMÍN NACARIO Nº 112, COOP. AMAKELLA 2DA. ETAPA SAN MARTIN DE PORRES LIMA LIMA",PUBLICO,CENTRO DE SALUD AMAKELLA,"""http://maps.google.es/?q=-12.0179051%20-77.0785731,INSASU20180619165144.jpg,""",CENTROS DE SALUD O CENTROS MEDICOS,PSAMAKELLA@YAHOO.ES,-77.0785731,-12.0179051,http://www.dirislimanorte.gob.pe
00005751,JIRÓN JR FELIX DE VALLE 505 - URB CONDEVILLA 2DA ETAPA JR FELIX DE VALLE 505 - URB CONDEVILLA 2DA ETAPA SAN MARTIN DE PORRES LIMA LIMA,PUBLICO,CENTRO DE SALUD GUSTAVO LANATTA LUJAN,"""http://maps.google.es/?q=-12.0242216%20-77.0732396,INSASU20180625105725.jpg,INSASU20180625105735.jpg,""",CENTROS DE SALUD O CENTROS MEDICOS,CSGLANATTA@YAHOO.ES,-77.0732396,-12.0242216,http://www.dirislimanorte.gob.pe
00005805,JIRÓN JR SANCHEZ CERRO 295 - URB MESA REDONDA DISTRITO SAN MARTIN DE PORRES PROVINCIA LIMA DEPARTAMENTO LIMA,PUBLICO,MESA REDONDA,"""http://maps.google.es/?q=-12.0043022%20-77.0575097,INSASU20181218113440.jpg,INSASU20181218113447.jpg,""",CENTROS DE SALUD O CENTROS MEDICOS,cs.mesaredonda@dirislimanorte.gob.pe,-77.0575097,-12.0043022,http://www.dirislimanorte.gob.pe/
00005845,"JIRÓN JR. ALFONSO UGARTE, CUADRA 3 S/N COOPERATIVA DANIEL ALCIDES CARRION S/N JR. ALFONSO UGARTE, CUADRA 3 S/N COOPERATIVA DANIEL ALCIDES CARRION SAN JUAN DE LURIGANCHO LIMA LIMA",PUBLICO,DANIEL ALCIDES CARRION,"""http://maps.google.es/?q=-12.0232824%20-76.976931,INSASU20180508175056.jpg,""",CENTROS DE SALUD O CENTROS MEDICOS,psdacarrion@dirislimacentro.gob.pe,-76.976931,-12.0232824,HTTP://WWW.DIRISLIMACENTRO.GOB.PE
00005859,PASAJE PASAJE EL MONTE S/N S/N PASAJE EL MONTE S/N SANTA EULALIA HUAROCHIRI LIMA,PUBLICO,SANTA EULALIA,"""http://maps.google.es/?q=-11.90129905%20-76.66393796,Fotografia_5859_15735291_1460580810531.png,Fotografia_5859_15735291_1460580825513.png,Fotografia_5859_15735291_1460580850529.png,""",CENTROS DE SALUD O CENTROS MEDICOS,REDHUAROCHIRI@YAHOO.ES,-76.66393796,-11.90129905,HTTP://WWW.RSH.GOB.PE
00005860,CALLE CALLE MARIANO MELGAR MZ. BO  LTE. 6 - ASOC. PUEBLO NUEVO DISTRITO SANTA EULALIA PROVINCIA HUAROCHIRI DEPARTAMENTO LIMA,PUBLICO,CENTRO DE SALUD BUENOS AIRES,"""http://maps.google.es/?q=-11.91518167%20-76.67313833,Fotografia_5860_15735291_1460647023914.png,Fotografia_5860_15735291_1460647062761.png,Fotografia_5860_15735291_1460647116941.png,""",CENTROS DE SALUD O CENTROS MEDICOS,csbuenosaires2022@gmail.com,-76.67313833,-11.91518167,HTTP://WWW.RSH.GOB.PE
00005875,JIRÓN JIRON DANIEL ALCIDES CARRION S/N NUMERO S/N DISTRITO SAN LORENZO DE QUINTI PROVINCIA HUAROCHIRI DEPARTAMENTO LIMA,PUBLICO,SAN LORENZO DE QUINTI,"""http://maps.google.es/?q=-12.14782907%20-76.21359108,Fotografia_5875_15735291_1461193804208.png,Fotografia_5875_15735291_1461193888936.png,Fotografia_5875_15735291_1461193904218.png,""",CENTROS DE SALUD O CENTROS MEDICOS,REDHUAROCHIRI@YAHOO.ES,-76.21359108,-12.14782907,
00005921,OTROS AGRUPACION FAMILIAR LOS JARDINES - EX ANCIETA BAJA - MZ G LOTE 4 - EL AGUSTINO AGRUPACION FAMILIAR LOS JARDINES - EX ANCIETA BAJA - MZ G LOTE 4 - EL AGUSTINO EL AGUSTINO LIMA LIMA,PUBLICO,ANCIETA BAJA,"""http://maps.google.es/?q=-12.0318744%20-77.007416,INSASU20190220075625.jpg,""",CENTROS DE SALUD O CENTROS MEDICOS,leovime5@hotmail.com,-77.007416,-12.0318744,HTTP://www.dirislimaeste.gob.pe
00005957,PLAZA PLAZA PRINCIPAL S/N NUMERO S/N DISTRITO SAN MATEO DE OTAO PROVINCIA HUAROCHIRI DEPARTAMENTO LIMA,PUBLICO,LANCA,"""http://maps.google.es/?q=-11.86990667%20-76.54468667,Fotografia_5957_15735291_1460664477284.png,Fotografia_5957_15735291_1460664507207.png,Fotografia_5957_15735291_1460664530810.png,""",CENTROS DE SALUD O CENTROS MEDICOS,centrodesaludlanca3@gmail.com,-76.54468667,-11.86990667,
00005959,AVENIDA AV. ROSA DAVILA S/N KM 53 CC. NUMERO S/N DISTRITO SANTA CRUZ DE COCACHACRA PROVINCIA HUAROCHIRI DEPARTAMENTO LIMA,PUBLICO,COCACHACRA,"""http://maps.google.es/?q=-11.90937333%20-76.54052833,Fotografia_5959_15735291_1463671622776.png,Fotografia_5959_15735291_1463671658856.png,Fotografia_5959_15735291_1463671761309.png,""",CENTROS DE SALUD O CENTROS MEDICOS,centrodesaludcocachacra@gmail.com,-76.54052833,-11.90937333,HTTP://WWW.RSH.GOB.PE
00006011,AVENIDA AV. LOS ANDES S/N NÚMERO S/N DISTRITO LUNAHUANA PROVINCIA CAÑETE DEPARTAMENTO LIMA,PUBLICO,LUNAHUANA,"""http://maps.google.es/?q=-12.96219918%20-76.14000659,Fotografia_6011_41461812_1461607583444.png,Fotografia_6011_41461812_1461607621948.png,Fotografia_6011_41461812_1461607646224.png,""",CENTROS DE SALUD O CENTROS MEDICOS,mlunahuana@drscy.gob.pe,-76.14000659,-12.96219918,HTTP://WWW.DRSCY.GOB.PE
00006022,CALLE CALLE MARIATEGUI S/N S/N CALLE MARIATEGUI S/N CATAHUASI YAUYOS LIMA,PUBLICO,CATAHUASI,"""http://maps.google.es/?q=-12.79918693%20-75.89242267,Fotografia_6022_40971554_1460587393856.png,Fotografia_6022_40971554_1460587412137.png,Fotografia_6022_40971554_1460587423815.png,""",CENTROS DE SALUD O CENTROS MEDICOS,MCATAHUASI@DRSCY.GOB.PE,-75.89242267,-12.79918693,HTTP://WWW.DRSCY.GOB.PE
00006027,JIRÓN JR. MARISCAL CACERES S/N S/N JR. MARISCAL CACERES S/N CERRO AZUL CAÑETE LIMA,PUBLICO,CERRO AZUL,"""""",CENTROS DE SALUD O CENTROS MEDICOS,CS.CERRO.AZUL@DRSCY.GOB.PE,,,HTTP://WWW.DRSCY.GOB.PE
00006051,JIRÓN JR. LIMA S/N S/N JR. LIMA S/N TOMAS YAUYOS LIMA,PUBLICO,TOMAS,"""http://maps.google.es/?q=-12.2374748%20-75.74526743,Fotografia_6051_41461812_1462454113786.png,Fotografia_6051_41461812_1462454141391.png,Fotografia_6051_41461812_1462454167578.png,""",,MTOMAS@DRSCY.GOB.PE,-75.74526743,-12.2374748,HTTP://WWW.DRSCY.GOB.PE
00006076,CALLE CALLE LIBERTAD S/N S/N CALLE LIBERTAD S/N SAN ANTONIO CAÑETE LIMA,PUBLICO,SAN ANTONIO,"""http://maps.google.es/?q=-12.63673831%20-76.65411294,Fotografia_6076_32541300_1460645502758.png,Fotografia_6076_32541300_1460645518570.png,Fotografia_6076_32541300_1460645546508.png,""",CENTROS DE SALUD O CENTROS MEDICOS,CSSANANTONIO@HOTMAIL.COM,-76.65411294,-12.63673831,HTTP://WWW.DRSCHILCAMALA.GOB.PE
00006080,AVENIDA AV. LAS ACASIAS MZ B LT 12  ST 1 JULIO C. TELLO DISTRITO LURIN PROVINCIA LIMA DEPARTAMENTO LIMA,PUBLICO,CENTRO DE SALUD JULIO C TELLO,"""http://maps.google.es/?q=-12.251321%20-76.8992625,INSASU20180910113811.jpg,INSASU20180910113819.jpg,INSASU20180910113826.jpg,""",CENTROS DE SALUD O CENTROS MEDICOS,GERENCIAJULIOCTELLO2018@HOTMAIL.COM,-76.8992625,-12.251321,
00006081,AVENIDA AV. 28 JULIO  MZ 18 LT 20  NUEVO LURIN - KM 40 ANTIGUA PANAMERICANA SUR DISTRITO LURIN PROVINCIA LIMA DEPARTAMENTO LIMA,PUBLICO,CENTRO DE SALUD NUEVO LURIN,"""http://maps.google.es/?q=-12.2955058%20-76.85438963,INSASU20230427105711.jpg,INSASU20230427105722.jpg,""",CENTROS DE SALUD O CENTROS MEDICOS,mikyleo3@hotmail.com,-76.85438963,-12.2955058,https://www.facebook.com/Centro-de-Salud-CLAS-Nuevo-Lurín-106813947468685
00006082,OTROS MZ L- LOTE 31- AAHH  VILLA ALEJANDRO MZ L- LOTE 31- AAHH  VILLA ALEJANDRO LURIN LIMA LIMA,PUBLICO,CENTRO DE SALUD VILLA ALEJANDRO,"""http://maps.google.es/?q=-12.2361611%20-76.9098255,INSASU20230522101545.jpeg,INSASU20180907150127.jpg,INSASU20180907150129.jpg,""",CENTROS DE SALUD O CENTROS MEDICOS,clasv.alejandro@gmail.com,-76.9098255,-12.2361611,
00006084,AVENIDA AV LIMA 559 DISTRITO PUCUSANA PROVINCIA LIMA DEPARTAMENTO LIMA,PUBLICO,CENTRO MATERNO INFANTIL  PUCUSANA,"""http://maps.google.es/?q=-12.48301%20-76.7962243,INSASU20240718134642.jpeg,INSASU20240718134645.jpeg,INSASU20240718134649.jpeg,""",CENTROS DE SALUD CON CAMAS DE INTERNAMIENTO,cspucusana@gmail.com,-76.7962243,-12.48301,
00006085,OTROS AAHH BENJAMIN DOIG LOSSIO MZ 21 LT 13 DISTRITO PUCUSANA PROVINCIA LIMA DEPARTAMENTO LIMA,PUBLICO,CENTRO DE SALUD BENJAMIN DOIG,"""http://maps.google.es/?q=-12.4699143%20-76.7507301,INSASU20240725125237.jpg,""",CENTROS DE SALUD O CENTROS MEDICOS,edgarcota55@gmail.com,-76.7507301,-12.4699143,
00006086,JIRÓN JR PIMENTEL Nº 248 MZ G LT 9 DISTRITO PUNTA HERMOSA PROVINCIA LIMA DEPARTAMENTO LIMA,PUBLICO,CENTRO DE SALUD DE PUNTA HERMOSA,"""http://maps.google.es/?q=-12.3379295%20-76.82609,INSASU20240718124906.jpeg,INSASU20240718125205.jpeg,INSASU20240718125212.jpeg,""",CENTROS DE SALUD O CENTROS MEDICOS,puestodesaludpuntahermosa.phc@gmail.com,-76.82609,-12.3379295,
00006087,AVENIDA AV GUAYANAY NORTE - ZONA CENTRAL MZ  H-1 LT 6 AV GUAYANAY NORTE - ZONA CENTRAL MZ  H-1 LT 6 PUNTA NEGRA LIMA LIMA,PUBLICO,CENTRO DE SALUD PUNTA NEGRA,"""http://maps.google.es/?q=-12.365408%20-76.796185,INSASU20230321213844.jpeg,INSASU20230321213849.jpeg,INSASU20230321213852.jpeg,""",CENTROS DE SALUD O CENTROS MEDICOS,PUNTANEGRA039@GMAIL.COM,-76.796185,-12.365408,
00006093,JIRÓN HUANUCO NÚMERO S/N DISTRITO LURIN PROVINCIA LIMA DEPARTAMENTO LIMA,PUBLICO,CENTRO DE SALUD CLAS VILLA LIBERTAD,"""http://maps.google.es/?q=-12.2436799%20-76.874717,INSASU20180827122618.jpg,INSASU20180827122625.jpg,INSASU20240405175237.jpg,""",CENTROS DE SALUD O CENTROS MEDICOS,ASEVALE@HOTMAIL.COM,-76.874717,-12.2436799,
00006140,AVENIDA AV. 26 DE NOVIEMBRE 835 NVA. ESPERANZA AV. 26 DE NOVIEMBRE 835 NVA. ESPERANZA VILLA MARIA DEL TRIUNFO LIMA LIMA,PUBLICO,CENTRO DE SALUD NUEVA ESPERANZA,"""http://maps.google.es/?q=-12.1733468%20-76.9338322,INSASU20180908125300.jpeg,INSASU20180908130150.jpg,INSASU20231121101438.jpg,""",CENTROS DE SALUD O CENTROS MEDICOS,csnuevaesperanza@yahoo.com,-76.9338322,-12.1733468,
00006167,PLAZA PLAZA DE ARMAS S/N N?ERO S/N DISTRITO HUANTAN PROVINCIA YAUYOS DEPARTAMENTO LIMA,PUBLICO,HUANTAN,"""http://maps.google.es/?q=-12.45646793%20-75.8113786,Fotografia_6167_40971554_1460494771501.png,Fotografia_6167_40971554_1460494792714.png,Fotografia_6167_40971554_1460494800634.png,""",PUESTOS DE SALUD O POSTAS DE SALUD,PS.HUANTAN@DRSCY-GOB.PE,-75.8113786,-12.45646793,HTTP://WWW.DRSCY.GOB.PE
00006173,AVENIDA AV. FLORAL 744 AV. FLORAL 744 LA VICTORIA LIMA LIMA,PUBLICO,EL PINO,"""""",CENTROS DE SALUD O CENTROS MEDICOS,CS_ELPINO@YAHOO.ES,,,https://dirislimacentro.gob.pe/
00007278,"JIRÓN JR. HEROES DEL CENEPA MZ C LT 20, ALT DE PANAM.SUR KM 24 DISTRITO VILLA EL SALVADOR PROVINCIA LIMA DEPARTAMENTO LIMA",PUBLICO,CENTRO DE SALUD HEROES DEL CENEPA,"""http://maps.google.es/?q=-12.2486993%20-76.9306076,INSASU20240731103923.jpeg,INSASU20240731103927.jpeg,INSASU20240731103930.jpeg,""",CENTROS DE SALUD O CENTROS MEDICOS,Joseatapiadiaz@gmail.com,-76.9306076,-12.2486993,
00008789,AVENIDA AV. REPUBLICA DE POLONIA 1504 DISTRITO SAN JUAN DE LURIGANCHO PROVINCIA LIMA DEPARTAMENTO LIMA,PUBLICO,SISOL TRABAJADORES HOSPITAL DEL NIÑO,"""http://maps.google.es/?q=-11.958086%20-76.990394,INSASU20211207145354.jpg,""",POLICLINICOS,giovanny.navarro@sisol.gob.pe,-76.990394,-11.958086,HTTP://WWW.SISOL.GOB.PE
00008844,AVENIDA AV. PROLONGACION PASEO DE LA REPUBLICA S/N CHORRILLOS NÚMERO S/N DISTRITO CHORRILLOS PROVINCIA LIMA DEPARTAMENTO LIMA,PUBLICO,CENTRO MEDICO DE LA ESCUELA TECNICA DEL EJERCITO,"""http://maps.google.es/?q=-12.1721545%20-77.0152358,INSASU20231109105804.jpeg,""",CENTROS DE SALUD O CENTROS MEDICOS,ETE@TERRA.COM,-77.0152358,-12.1721545,HTTP://WWW.EJERCITO.MIL.PE
00009562,AVENIDA AV. REDUCTO 900 DISTRITO MIRAFLORES PROVINCIA LIMA DEPARTAMENTO LIMA,PRIVADO,CENTRO ODONTOLÓGICO CANO ALVAREZ,"""http://maps.google.es/?q=-12.1272417%20-77.0244212,INSASU20240103225509.jpg,INSASU20240103225442.jpg,""",CENTRO ODONTOLOGICO,renatocano2@gmail.com,-77.0244212,-12.1272417,http://www.clinicacanoalvarez.com/
00009887,JIRÓN JR. JOSE MARIA CORDOVA Nº 3684 URB. CONDEVILLA SR. DISTRITO SAN MARTIN DE PORRES PROVINCIA LIMA DEPARTAMENTO LIMA,PRIVADO,POLICLINICO SANTA ROSA DE LIMA,"""http://maps.google.es/?q=-12.0199432%20-77.0849055,INSASU20190416223746.jpg,""",POLICLINICOS,HAYDELA38@HOTMAIL.COM,-77.0849055,-12.0199432,
00010054,CALLE CALLE PUTUMAYO Nº 177 (1ER 2DO Y 3ER PISO) -  URB PANDO DISTRITO SAN MIGUEL PROVINCIA LIMA DEPARTAMENTO LIMA,PRIVADO,ASOCIACION CIVIL IMPACTA SALUD Y EDUCACION SEDE SAN MIGUEL,"""http://maps.google.es/?q=-12.0686147%20-77.0881034,INSASU20230828122116.jpeg,INSASU20230828155128.jpeg,""",POLICLINICOS,hchapa@impactaperu.org,-77.0881034,-12.0686147,HTTP://WWW.IMPACTAPERU.ORG
00010157,JIRÓN 1 DE SETIEMBRE MZ. H - 3 LT.09 SECTOR VALLE EL TRIUNFO ANEXO 8 - JICAMARCA SAN ANTONIO HUAROCHIRI LIMA,PUBLICO,SAN ANTONIO,"""http://maps.google.es/?q=-11.98382%20-76.95312,Fotografia_10157_15735291_1460655035794.png,Fotografia_10157_15735291_1460655057587.png,Fotografia_10157_15735291_1460655128558.png,""",CENTROS DE SALUD O CENTROS MEDICOS,centrodesaludsanantonio2010@gmail.com,-76.95312,-11.98382,HTTP://WWW.RSH.GOB.PE
00010715,"JIRÓN JR. BOLOGNESI 498, 2DO PISO - MAGDALENA DEL MAR DISTRITO MAGDALENA DEL MAR PROVINCIA LIMA DEPARTAMENTO LIMA",PRIVADO,CENTRO ODONTOLOGICO ANDAMAYO E.I.R.L.,"""http://maps.google.es/?q=-12.09155839%20-77.07262687,INSASU20171019101012.jpg,INSASU20171019101018.jpg,""",CENTRO ODONTOLOGICO,centro_odontologico_andamayo@hotmail.com,-77.07262687,-12.09155839,
00010990,OTROS CENTRO POBLADO  CAQUI  S/N S/N CENTRO POBLADO  CAQUI  S/N AUCALLAMA HUARAL LIMA,PUBLICO,CAQUI,"""http://maps.google.es/?q=-11.50318407%20-77.15400045,Fotografia_10990_40805284_1460127712419.png,Fotografia_10990_40805284_1460127748816.png,Fotografia_10990_40805284_1460127760832.png,""",CENTROS DE SALUD O CENTROS MEDICOS,pscaquihuaral@hotmail.com,-77.15400045,-11.50318407,HTTP://WWW.HOSPITALHUARAL.GOB.PE
00011227,AVENIDA AV.EL ROSARIO S/N (2DA CUADRA) NUMERO S/N DISTRITO CHACLACAYO PROVINCIA LIMA DEPARTAMENTO LIMA,PUBLICO,POSTA MEDICA POLICIAL CHACLACAYO,"""http://maps.google.es/?q=-11.9770181%20-76.765415,INSASU20180927130441.jpg,""",PUESTOS DE SALUD O POSTAS DE SALUD,dirsapol.pmchaclacayo@policia.gob.pe,-76.765415,-11.9770181,
00012275,AVENIDA AV. MARCO PUENTE LLANOS S/N - VITARTE NÚMERO S/N DISTRITO ATE PROVINCIA LIMA DEPARTAMENTO LIMA,PUBLICO,POLICLINICO PNP DINOES,"""http://maps.google.es/?q=-12.0388483%20-76.9158893,INSASU20220405110040.jpeg,INSASU20220405110054.jpeg,INSASU20220405110103.jpeg,""",POLICLINICOS,dirsapol.poldinoes@policia.gob.pe,-76.9158893,-12.0388483,
00012325,AVENIDA AVENIDA MARISCAL BENAVIDES N°138. SAN VICENTE. CAÑETE DISTRITO SAN VICENTE DE CAÑETE PROVINCIA CAÑETE DEPARTAMENTO LIMA,PRIVADO,POLICLINICO SAN VICENTE - CAÑETE E.I.R.L.,"""http://maps.google.es/?q=-13.07644774%20-76.38427427,INSASU20230109085643.jpeg,INSASU20240305204721.jpeg,INSASU20240305204727.jpeg,""",POLICLINICOS,CRISTY_REYES16@HOTMAIL.COM,-76.38427427,-13.07644774,https://www.policlinicosanvicente.com
00012739,OTROS MZ. T-1 S/N URB: SAN DIEGO KM.22.50 PANAMERICA NORTE NÚMERO S/N DISTRITO SAN MARTIN DE PORRES PROVINCIA LIMA DEPARTAMENTO LIMA,PUBLICO,POLICLINICO POLICIAL SAN DIEGO,"""http://maps.google.es/?q=-11.9416114%20-77.0861634,INSASU20231122095450.jpg,INSASU20231122095456.jpg,INSASU20231122095500.jpg,""",POLICLINICOS,POLSANDIEGO@HOTMAIL.COM,-77.0861634,-11.9416114,
00012741,AVENIDA LAS VIOLETAS NÚMERO 1098 URBANIZACIÓN LAS VIOLETAS DISTRITO INDEPENDENCIA PROVINCIA LIMA DEPARTAMENTO LIMA,PUBLICO,POSTA MEDICA POLICIAL INDEPENDENCIA,"""http://maps.google.es/?q=-11.9929208%20-77.0518169,INSASU20211028095932.jpg,INSASU20211028095949.jpg,INSASU20180726110626.jpg,""",PUESTOS DE SALUD O POSTAS DE SALUD,dirsapol.pmindependencia@policia.gob.pe,-77.0518169,-11.9929208,
00012875,AVENIDA AV. GENERAL ALVARES DE ARENALES Nº 630 DISTRITO JESUS MARIA PROVINCIA LIMA DEPARTAMENTO LIMA,PRIVADO,MEDICAL,"""http://maps.google.es/?q=-12.07081403%20-77.0377884,INSASU20190918150839.jpg,""",POLICLINICOS,legal@medicaldiagnosticos.pe,-77.0377884,-12.07081403,
00013312,JR HOLANDA CUADRA 24 S/N URB TRINIDAD 1ER Y 2DO PISO,PRIVADO,ASOCIACION FAMILIA TRINITARIA PERU (POLICLINICO PARROQUIAL SANTISIMA TRINIDAD),"""""",POLICLINICOS,PAZPH24@YAHOO.ES,,,
00013676,AVENIDA AV. LAS CAMELIAS 741-B 3ER PISO (04 CONSULTORIOS) DISTRITO SAN ISIDRO PROVINCIA LIMA DEPARTAMENTO LIMA,PRIVADO,CENTRO DENTAL SAN JOSE S.A.C.,"""""",CENTRO ODONTOLOGICO,sanisidro@cdentalsanjose.com,,,
00013677,AVENIDA AV. SANTIAGO ANTUNEZ DE MAYOLO 1008 DPTO 301 (02 CONSULTORIOS) URB COVIDA DISTRITO LOS OLIVOS PROVINCIA LIMA DEPARTAMENTO LIMA,PRIVADO,SAN JOSE,"""http://maps.google.es/?q=-11.99442024%20-77.07400358,INSASU20211201195410.jpg,INSASU20211201195422.jpg,""",CONSULTORIOS MEDICOS Y DE OTROS PROFESIONALES DE LA SALUD,CENTRODSJ@CDENTALSANJOSE.COM,-77.07400358,-11.99442024,
00013699,AVENIDA AV. ALCAZAR 957 1ER PISO DISTRITO RIMAC PROVINCIA LIMA DEPARTAMENTO LIMA,PRIVADO,CENTRO DENTAL ORE,"""http://maps.google.es/?q=-12.026285%20-77.0344339,INSASU20230419131539.jpeg,""",CENTRO ODONTOLOGICO,CLINICADENTALORE@HOTMAIL.COM,-77.0344339,-12.026285,HTTP://WWW.CLINICADENTALORE.COM
00015100,AVENIDA AV. SAN MARTIN DE PORRES Nº 184 MANZANA MZ CL LOTE 21 URBANIZACIÓN URB. UNIDAD 6 CANTO GRANDE DISTRITO SAN JUAN DE LURIGANCHO PROVINCIA LIMA DEPARTAMENTO LIMA,PRIVADO,POLICLINICO SAN PEDRO,"""http://maps.google.es/?q=-11.96914149%20-77.00118697,INSASU20240224185138.jpeg,""",POLICLINICOS,katiavl5@hotmail.com,-77.00118697,-11.96914149,
00015837,CALLE MZ 7 LOTE 21 - AAHH LAURA CALLER DISTRITO LOS OLIVOS PROVINCIA LIMA DEPARTAMENTO LIMA,PRIVADO,POLICLINICO LAURA CALLER IBERICO,"""http://maps.google.es/?q=-11.970894%20-77.0779139,INSASU20190225124721.jpg,""",POLICLINICOS,policlinicolauracalleriberico@gmail.com,-77.0779139,-11.970894,http://www.policlinicolauracaller.com/
00017287,CALLE CALLE NICOLAS COPERNICO ESQUINA CON AVENIDA CONSTRUCTORES 106 URB. SANTA PATRICIA III ETAPA DISTRITO LA MOLINA PROVINCIA LIMA DEPARTAMENTO LIMA,PRIVADO,CENTRO ODONTOLOGICO CARITA FELIZ,"""http://maps.google.es/?q=-12.06229426%20-76.94570783,INSASU20201123203354.jpg,INSASU20250428153931.jpg,INSASU20250428153939.jpg,""",CENTRO ODONTOLOGICO,caritafelizcoe@gmail.com,-76.94570783,-12.06229426,https://www.centroodontologicocaritafeliz.com/
00017348,AVENIDA AV. MARIANO PASTOR SEVILLA MZ D LT 9 COOP. VIRGEN DE COCHARCAS AV. MARIANO PASTOR SEVILLA MZ D LT 9 COOP. VIRGEN DE COCHARCAS VILLA EL SALVADOR LIMA LIMA,PRIVADO,"CENTRO ODONTOLÓGICO ESPECIALIZADA ""NUEVA SONRISA""","""""",CENTRO ODONTOLOGICO,NUEVASONRISAPERU@HOTMAIL.COM,,,HTTP://WWW.NUEVASONRISAPERU.COM/ES/
00017849,AVENIDA AV. AUGUSTO B LEGUIA S/N -NUEVO IMPERIAL NUMERO S/N DISTRITO NUEVO IMPERIAL PROVINCIA CAÑETE DEPARTAMENTO LIMA,PUBLICO,POLICLINICO POLICIAL CAÑETE,"""http://maps.google.es/?q=-13.0762693%20-76.3177474,INSASU20231107115025.jpeg,INSASU20231107115009.jpeg,INSASU20231107115014.jpeg,""",POLICLINICOS,dirsan.pmcanete@policia.gob.pe,-76.3177474,-13.0762693,HTTP://WWW.MININTER.GOB.PE
00018061,JR BOLOGNESI  321,PRIVADO,SOLISDENT   E.I.R.L. (SOLISDENT),"""""",CENTRO ODONTOLOGICO,SOLISDENT@GMAIL.COM,,,HTTP://WWW.SOLISDENT.COM
00019711,AV. CHINCHAYSUYO 628 URB. TAHUANTINSUYO,PRIVADO,CENTRO MEDICO SAN ANTONIO DE PADUA,"""""",CENTROS DE SALUD O CENTROS MEDICOS,SANANTONIODEPADUA@SPEEDY.COM.PE,,,
00019753,OTROS MZ D1 LOTE 2 A.A.HH LAS FLORE SDE VILLA/ 2 ETAPA/ KM 15.5 PANAMERICANA SUR DISTRITO SAN JUAN DE MIRAFLORES PROVINCIA LIMA DEPARTAMENTO LIMA,PRIVADO,AVANCEMOS UNIDOS,"""http://maps.google.es/?q=-12.1917553%20-76.9745185,INSASU20210527093149.jpg,INSASU20240602202054.jpeg,INSASU20240602202059.jpeg,""",POLICLINICOS,nellyirm@gmail.com,-76.9745185,-12.1917553,
00019895,JIRÓN JR. PIETRO CAVALLINI NRO 296 MZ.D7 LT.01 SAN BORJA I ETAPA / 7MO SECTOR DISTRITO SAN BORJA PROVINCIA LIMA DEPARTAMENTO LIMA,PRIVADO,DENTAL KAHN,"""http://maps.google.es/?q=-12.08941667%20-76.98976,INSASU20240909002950.jpg,INSASU20240909003157.jpg,INSASU20240909003311.jpg,""",CENTRO ODONTOLOGICO,WMORENO@DENTALKAHN.COM.PE,-76.98976,-12.08941667,
00023554,OTROS SUB LOTE B CON FRENTE AL PARQUE PUBLICO URBANIZACIÓN SAN JUAN BAUTISTA DE VILLA DISTRITO CHORRILLOS PROVINCIA LIMA DEPARTAMENTO LIMA,PRIVADO,CENTRO UNIVERSITARIO DE SALUD,"""http://maps.google.es/?q=-12.1848841%20-77.0074502,INSASU20191118132523.jpg,INSASU20240222111201.jpg,INSASU20240222111207.jpg,""",CENTRO ODONTOLOGICO,liliana.hurtado@laureate.pe,-77.0074502,-12.1848841,
00023602,AVENIDA santo domingo con av lloque NÚMERO S/N DISTRITO SANTO DOMINGO DE LOS OLLEROS PROVINCIA HUAROCHIRI DEPARTAMENTO LIMA,PUBLICO,VILLA JARDÍN CUCUYA,"""http://maps.google.es/?q=-12.2179111%20-76.5148607,INSASU20220530021307.jpg,INSASU20221115183409.jpg,INSASU20221115183412.jpg,""",CENTROS DE SALUD O CENTROS MEDICOS,REDHUAROCHIRI@YAHOO.ES,-76.5148607,-12.2179111,HTTP://WWW.RSH.GOB.PE
00023687,AVENIDA RAMON VARGAS MACHUCA NÚMERO 683 PISO 2 DISTRITO SAN JUAN DE MIRAFLORES PROVINCIA LIMA DEPARTAMENTO LIMA,PRIVADO,CENTRO  ODONTOLOGICO ESPECIALIZADO NUEVA SONRISA,"""""",CONSULTORIOS MEDICOS Y DE OTROS PROFESIONALES DE LA SALUD,NUEVASONRISAPERU@HOTMAIL.COM,,,
00024150,AVENIDA VELASCO ASTETE NÚMERO 2244 PISO 1 URBANIZACIÓN VISTA ALEGRE DISTRITO SANTIAGO DE SURCO PROVINCIA LIMA DEPARTAMENTO LIMA,PRIVADO,ORAL TEAM,"""""",CENTRO ODONTOLOGICO,mugazu@gmail.com,,,
00024178,"PASAJE SECTOR 2, GRUPO RESIDENCIAL 10 MANZANA I LOTE 2 DISTRITO VILLA EL SALVADOR PROVINCIA LIMA DEPARTAMENTO LIMA",PRIVADO,CLINIC NOVASALUD,"""http://maps.google.es/?q=-12.21442795%20-76.93776078,INSASU20190102234308.jpg,INSASU20190102234332.jpg,""",HOSPITALES O CLINICAS DE ATENCION ESPECIALIZADA,ALNUVI5@YAHOO.COM,-76.93776078,-12.21442795,
00025624,AVENIDA AVENIDA 28 DE JULIO 853 NUMERO 853 PISO 1 DISTRITO HUACHO PROVINCIA HUAURA DEPARTAMENTO LIMA,PRIVADO,CENTRO DE ODONTOPEDIATRÍA DIAZ SAC,"""http://maps.google.es/?q=-11.1054186%20-77.5844793,INSASU20220525151224.jpeg,INSASU20220525151239.jpeg,INSASU20250418210248.jpeg,""",CENTRO ODONTOLOGICO,dentaldiazconsultas@gmail.com,-77.5844793,-11.1054186,http://diazclinicadental.com/
00026942,AVENIDA GUARDIA CIVIL MANZANA B LOTE 7 URBANIZACI? SANTA ROSA V ETAPA LA CAMPIÑA DISTRITO CHORRILLOS PROVINCIA LIMA DEPARTAMENTO LIMA,PRIVADO,CENTRO ODONTOLÓGICO ESPECIALIZADO NUEVA SONRISA,"""""",CENTRO ODONTOLOGICO,nuevasonrisaperu@hotmail.com,,,
00027221,"AVENIDA MANUEL OLGUIN 1045 EL DERBY (OFICINA 201,301) SANTIAGO DE SURCO LIMA LIMA",PRIVADO,PRANOR,"""http://maps.google.es/?q=-12.103083%20-76.973925,INSASU20190606120735.JPG,""",CENTROS MEDICOS ESPECIALIZADOS,rosa.carpio@concebir.com,-76.973925,-12.103083,
00027534,JIRÓN SARGENTO ENRIQUE VILLAR NUMERO 188 URBANIZACION SANTA BEATRIZ DISTRITO LIMA PROVINCIA LIMA DEPARTAMENTO LIMA,PRIVADO,CENTRO ODONTOLOGICO INTEGRAL,"""http://maps.google.es/?q=-12.0762951%20-77.0329681,INSASU20231113162213.jpeg,INSASU20231113162228.jpeg,INSASU20231113162241.jpeg,""",CENTRO ODONTOLOGICO,ODONTOLOGIAINTEGRAL_6@HOTMAIL.COM,-77.0329681,-12.0762951,https://www.coi.com.pe/
00028147,AVENIDA TUPAC AMARU N?ERO 3728 URBANIZACI? LA PASCANA DISTRITO COMAS PROVINCIA LIMA DEPARTAMENTO LIMA,PRIVADO,CENTRO ODONTOLOGICO DRA ZAVALAGA,"""http://maps.google.es/?q=-11.9338442%20-77.0465045,INSASU20190422130057.jpg,INSASU20190422130100.jpg,INSASU20190422130104.jpg,""",CENTRO ODONTOLOGICO,odontozavalaga@gmail.com,-77.0465045,-11.9338442,
00028405,CALLE LOMA BLANCA S/N A 1CUADRA DE LA AVENIDA 3 CARABAYLLO LIMA LIMA,PUBLICO,SAN PEDRO DE CARABAYLLO,"""http://maps.google.es/?q=-11.8539382%20-77.0378808,INSASU20200813110417.jpg,INSASU20200813110429.jpg,INSASU20200813110436.jpg,""",CENTROS DE SALUD O CENTROS MEDICOS,frhepaal04@hotmail.com,-77.0378808,-11.8539382,http://www.dirislimanorte.gob.pe
00028434,JIRÓN LOS ABETOS 115 SALAMANCA ATE LIMA LIMA,PUBLICO,SALAMANCA,"""http://maps.google.es/?q=-12.0819084%20-76.98252,INSASU20200228115455.jpg,INSASU20240701092034.jpg,INSASU20240701092041.jpg,""",CENTROS DE SALUD O CENTROS MEDICOS,margotzesol@hotmail.com,-76.98252,-12.0819084,http://www.dirislimaeste.gob.pe/
00029267,CALLE Las Esmeraldas NÚMERO 913 PISO 2 URBANIZACIÓN Cooperativa Huancayo I etapa DISTRITO EL AGUSTINO PROVINCIA LIMA DEPARTAMENTO LIMA,PRIVADO,C. M. SAN ANTONIO DE LISBOA,"""http://maps.google.es/?q=-12.0307337%20-76.99915765,INSASU20210112162318.jpeg,INSASU20221006220210.jpg,INSASU20221108162819.jpeg,""",CENTROS DE SALUD O CENTROS MEDICOS,blanca.quis189@gmail.com,-76.99915765,-12.0307337,
00030404,JIRÓN DAVID LEON NÚMERO 105 PISO 2 MANZANA K-2 LOTE 8 KILOMETRO 14 URBANIZACIÓN AÑO NUEVO DISTRITO COMAS PROVINCIA LIMA DEPARTAMENTO LIMA,PRIVADO,CORAZON DE JESUS,"""http://maps.google.es/?q=-11.9272941%20-77.0422237,INSASU20210214141023.jpg,INSASU20210214141039.jpg,""",CENTROS DE SALUD O CENTROS MEDICOS,giovanagamero1970@hotmail.com,-77.0422237,-11.9272941,
00031031,AVENIDA LOS JARDINES OESTE NUMERO 498 MANZANA D LOTE 11 URBANIZACION SAN HILARION DISTRITO SAN JUAN DE LURIGANCHO PROVINCIA LIMA DEPARTAMENTO LIMA,PRIVADO,CENTRO ODONTOLOGICO AMERICANO - LOS JARDINES,"""http://maps.google.es/?q=-12.0075632%20-77.0106132,INSASU20250212102324.jpeg,INSASU20250212102327.jpeg,INSASU20250212102330.jpeg,""",CENTRO ODONTOLOGICO,CENTRAL@COA.PE,-77.0106132,-12.0075632,http://www.coa.pe
00031665,OTROS SECTOR 01 GRUPO 21 A MANZANA G LOTE 14 2DO PIS DISTRITO VILLA EL SALVADOR PROVINCIA LIMA DEPARTAMENTO LIMA,PRIVADO,POLICLÍNICO EL SALVADOR,"""http://maps.google.es/?q=-12.1962146%20-76.9588018,INSASU20220530122519.jpeg,INSASU20220530122527.jpeg,INSASU20220530122533.jpeg,""",,carpa.salud.interconsultas@gmail.com,-76.9588018,-12.1962146,
00032585,AVENIDA ALMIRANTE MIGUEL GRAU Nº 629 OFIC.311 DISTRITO BARRANCO PROVINCIA LIMA DEPARTAMENTO LIMA,PRIVADO,CENTRO ODONTOLOGICO INTEGRAL BARRANCO S.R.L,"""http://maps.google.es/?q=-12.1454663%20-77.0219062,INSASU20230110161713.JPG,INSASU20230110161717.JPG,INSASU20230110161721.JPG,""",CENTRO ODONTOLOGICO,centroodontologicobarranco@gmail.com,-77.0219062,-12.1454663,
00032831,CALLE CENTAURO177 E 00078C URB. LOS GRANADOS DISTRITO SANTIAGO DE SURCO PROVINCIA LIMA DEPARTAMENTO LIMA,PUBLICO,DENTALASER,"""http://maps.google.es/?q=-12.0889663%20-76.9707869,INSASU20220507222340.jpg,INSASU20230507232532.jpg,INSASU20230507232539.jpg,""",CENTRO ODONTOLOGICO,administracion@dentalaser.net,-76.9707869,-12.0889663,
00033284,JIRÓN RESTAURACION NUMERO 282 DISTRITO BREÑA PROVINCIA LIMA DEPARTAMENTO LIMA,PUBLICO,POLICLINICO DON BOSCO,"""http://maps.google.es/?q=-12.0645313%20-77.048406,INSASU20230219195616.jpg,INSASU20230219195621.jpg,INSASU20230219195625.jpg,""",POLICLINICOS,policlinicodonbosco2022@gmail.com,-77.048406,-12.0645313,
00034213,AVENIDA PARAMONGA C 4-5 PROLONGACION DE VIVIENDA LAS PALMAS AL COSTADO DEL MERCADO INKAMAY SAN MARTIN DE PORRES LIMA LIMA,PRIVADO,INKAMAY SALUD SAN MARTIN DE PORRES,"""http://maps.google.es/?q=-11.9637875%20-77.1020781,INSASU20230411121221.jpeg,INSASU20230411121909.jpeg,INSASU20230411121929.jpeg,""",POLICLINICOS,inkamaysaludsmp@gmail.com,-77.1020781,-11.9637875,
00034215,JIRÓN 3 DE  OCTUBRE  OESTE MANZANA Q LOTE 16  2º PISO  P.J. EL PROGRESO SECTOR I MANZANA Q LOTE 16 DISTRITO CARABAYLLO PROVINCIA LIMA DEPARTAMENTO LIMA,PRIVADO,POLICLINICO ESPINOZAS,"""http://maps.google.es/?q=-11.87665884%20-77.0186678,INSASU20230522224101.jpeg,INSASU20230522224113.jpeg,INSASU20230522224122.jpeg,""",POLICLINICOS,espinozaspoliclinico@gmail.com,-77.0186678,-11.87665884,
00034255,JIRÓN CONTRALMIRANTE MONTERO (EX ALBERTO DEL CAMPO) NÚMERO 409 PISO 6 DEPARTAMENTO 602 DISTRITO MAGDALENA DEL MAR PROVINCIA LIMA DEPARTAMENTO LIMA,PRIVADO,CAMERE & LARA ODONTOLOGIA ESPECIALIZADA,"""http://maps.google.es/?q=-12.0952469%20-77.0593246,INSASU20230709230553.jpg,INSASU20230709230229.jpg,INSASU20230709230513.jpg,""",CENTRO ODONTOLOGICO,camerelaraodontologia@gmail.com,-77.0593246,-12.0952469,
00034822,AVENIDA DEFENSORES DEL MORRO NÚMERO 1965 DISTRITO CHORRILLOS PROVINCIA LIMA DEPARTAMENTO LIMA,PRIVADO,CENTRO ODONTOLOGICO - CHORRILLOS SALUD DENTAL,"""http://maps.google.es/?q=-12.17924045%20-77.01417945,INSASU20240108205715.jpeg,INSASU20240108205721.jpeg,INSASU20240108205728.jpeg,""",CENTRO ODONTOLOGICO,groupkemja@hotmail.com,-77.01417945,-12.17924045,
00035116,"JIRÓN GRAU MZ E ""SUB LOTE 18A"" PUEBLO TRADICIONAL: LURIN CERCADO DISTRITO LURIN PROVINCIA LIMA DEPARTAMENTO LIMA",PRIVADO,SERVICIOS MEDICOS CORAZÓN DE JESÚS,"""http://maps.google.es/?q=-12.2745437%20-76.87029651,INSASU20240405131124.jpg,INSASU20240405131135.jpeg,INSASU20240404124339.jpeg,""",POLICLINICOS,lab.scjesus@gmail.com,-76.87029651,-12.2745437,https://cmcorazondejesus.com/
00029483,OTROS ASOCIACION POPULAR EL SOL S/N 1 9 1 D 22 11701 EL SOL AL COSTADO DEL LOCAL COMUNAL IMPERIAL CAÑETE LIMA,PUBLICO,CENTRO DE SALUD MENTAL COMUNITARIO EL SOL,"""http://maps.google.es/?q=-13.0531073%20-76.3504526,INSASU20201215142236.jpg,INSASU20201215143104.jpg,INSASU20201215143107.jpg,""",CENTROS DE SALUD O CENTROS MEDICOS,mesadeayuda@drscy.gob.pe,-76.3504526,-13.0531073,http://www.drscy.gob.pe
00029636,"OTROS Edilberto Ramos, Grupo 1, Mz. M, Prima, Sector 10, Media Cuadra de Av. Universitaria con Pastor Sevilla DISTRITO VILLA EL SALVADOR PROVINCIA LIMA DEPARTAMENTO LIMA",PUBLICO,CENTRO DE SALUD MENTAL COMUNITARIO VIRGEN DE LA MERCED,"""http://maps.google.es/?q=-12.2431532%20-76.9294507,INSASU20240807122622.jpg,INSASU20240807130812.jpeg,INSASU20240807130815.jpeg,""",CENTROS MEDICOS ESPECIALIZADOS,marilynqt36@gmail.com,-76.9294507,-12.2431532,
00030540,AVENIDA MATEO PUMACAHUA NÚMERO 318 DISTRITO HUALMAY PROVINCIA HUAURA DEPARTAMENTO LIMA,PRIVADO,CENTIR,"""http://maps.google.es/?q=-11.0946743%20-77.6090959,INSASU20210912160915.jpg,INSASU20230421183001.jpg,INSASU20230421183004.jpg,""",CENTROS DE SALUD O CENTROS MEDICOS,administracion@centirhuacho.com,-77.6090959,-11.0946743,
00035557,AVENIDA MANUEL CIPRIANO DULANTO 1999 DISTRITO PUEBLO LIBRE PROVINCIA LIMA DEPARTAMENTO LIMA,PRIVADO,POLICLINICO GREEN,"""http://maps.google.es/?q=-12.0754626%20-77.0779642,INSASU20231115182544.jpg,INSASU20231115182547.jpg,INSASU20231115182550.jpg,""",POLICLINICOS,jbeltran.pvt@gmail.com,-77.0779642,-12.0754626,
00035670,AVENIDA RUISEÑORES NUMERO 396 URBANIZACION SANTA ANITA DISTRITO SANTA ANITA PROVINCIA LIMA DEPARTAMENTO LIMA,PRIVADO,CENTRO MEDICO SAN MATEO,"""http://maps.google.es/?q=-12.0433031%20-76.9703673,INSASU20240724163123.jpeg,INSASU20240724163136.jpeg,INSASU20240724163143.jpeg,""",POLICLINICOS,centromedicosanmateo0@gmail.com,-76.9703673,-12.0433031,
00027615,AVENIDA SURCO NUMERO 431 DISTRITO BARRANCO PROVINCIA LIMA DEPARTAMENTO LIMA,PUBLICO,CENTRO DE SALUD MENTAL COMUNITARIO BARRANCO,"""http://maps.google.es/?q=-12.146948%20-77.0157362,INSASU20191118094700.jpg,""",CENTROS MEDICOS ESPECIALIZADOS,CSMC.BARRANCO@GMAIL.COM,-77.0157362,-12.146948,
00005894,PLAZA PLAZA PRINCIPAL S/N NÚMERO S/N DISTRITO CASTA PROVINCIA HUAROCHIRI DEPARTAMENTO LIMA,PUBLICO,HUINCO,"""http://maps.google.es/?q=-11.77017151%20-76.61428664,Fotografia_5894_15735291_1460576339479.png,Fotografia_5894_15735291_1460576393972.png,Fotografia_5894_15735291_1460576413479.png,""",CENTROS DE SALUD O CENTROS MEDICOS,REDHUAROCHIRI@YAHOO.ES,-76.61428664,-11.77017151,HTTP://WWW.RSH.GOB.PE
00008741,AVENIDA AV.SEPARADORA INDUSTRIAL Y AV. CESAR VALLEJO DISTRITO VILLA EL SALVADOR PROVINCIA LIMA DEPARTAMENTO LIMA,PUBLICO,HOSPITAL ULDARICO ROCCA FERNANDEZ,"""http://maps.google.es/?q=-12.2107672%20-76.9319845,INSASU20180723153645.jpg,INSASU20241204091237.jpg,INSASU20241204091240.jpg,""",HOSPITALES O CLINICAS DE ATENCION GENERAL,madelaine.medina@essalud.gob.pe,-76.9319845,-12.2107672,HTTP://WWW.ESSALUD.GOB.PE
00013845,"CALLE CALLE ALBERT EINSTEIN MZ H LOTE 22, 1ER PISO - URB LA CALERA DISTRITO SURQUILLO PROVINCIA LIMA DEPARTAMENTO LIMA",PRIVADO,MEDICOS SALUD,"""http://maps.google.es/?q=-12.1170501%20-77.0024664,INSASU20210520202025.jpg,INSASU20210520202028.jpg,INSASU20210520202031.jpg,""",POLICLINICOS,coordinadorgeneral@medicossalud.com,-77.0024664,-12.1170501,HTTP://WWW.MEDICOSSALUD.COM
00014176,PASAJE EL MOLINO 156 INT. 202 URB. CENTRO COMERCIAL MONTERRICO DISTRITO SANTIAGO DE SURCO PROVINCIA LIMA DEPARTAMENTO LIMA,PRIVADO,FUZION MEDICA,"""http://maps.google.es/?q=-12.1083958%20-76.9714363,INSASU20220505102753.jpeg,INSASU20220505102756.jpeg,INSASU20221214142227.jpeg,""",CENTROS DE SALUD O CENTROS MEDICOS,FABIOLA.ARAUJO@FUZIONMEDICA.COM,-76.9714363,-12.1083958,HTTP://WWW.FUZIONMEDICA.COM
00016755,OTROS MARIANO IGNACIO PRADO MZ98 LT 08 DISTRITO CHILCA PROVINCIA CAÑETE DEPARTAMENTO LIMA,PRIVADO,CENTRO MEDICO CLINICA DE LA SALUD,"""http://maps.google.es/?q=-12.517872%20-76.7381891,INSASU20200916075853.JPG,INSASU20200916075859.JPG,INSASU20200916075905.JPG,""",POLICLINICOS,clinicalasalu2018@hotmail.com,-76.7381891,-12.517872,
00018292,JIRÓN JR. CORPAC N° 137 DISTRITO OYON PROVINCIA OYON DEPARTAMENTO LIMA,PRIVADO,NATCLAR OYON,"""http://maps.google.es/?q=-10.66756904%20-76.77138603,INSASU20171219151812.jpg,INSASU20230421170254.jpg,INSASU20230421170257.jpg,""",POLICLINICOS,consultorio.oyon@natclar.com.pe,-76.77138603,-10.66756904,HTTP://WWW.NATCLAR.COM.PE
00019345,"PASAJE PASAJE FRANCISCO GUERRERO N° 170, III ETAPA, URB. RETABLO DISTRITO COMAS PROVINCIA LIMA DEPARTAMENTO LIMA",PRIVADO,CONSULTORIO MEDICO JOSE PARDO,"""http://maps.google.es/?q=-11.93373447%20-77.05940976,INSASU20190701174548.jpg,""",POLICLINICOS,PACIFDANSUC@HOTMAIL.COM,-77.05940976,-11.93373447,
00023118,AVENIDA NICOLAS AYLLON NÚMERO 4316 PISO 2 DEPARTAMENTO 201 INTERIOR 2 URBANIZACIÓN LOS PORTALES DE JAVIER PRADO I ETAPA DISTRITO ATE PROVINCIA LIMA DEPARTAMENTO LIMA,PRIVADO,SALUS PREVENTIVA S.A.C.,"""http://maps.google.es/?q=-12.0427277%20-76.935549,INSASU20190725125840.jpg,""",POLICLINICOS,LDELACRUZ@PREVENTIVA.COM.PE,-76.935549,-12.0427277,
00023420,JIRÓN FRANCISCO DE ZELA NUMERO 2480 DISTRITO LINCE PROVINCIA LIMA DEPARTAMENTO LIMA,PRIVADO,SERVIMEDIC,"""http://maps.google.es/?q=-12.0896487%20-77.0392623,INSASU20240319124946.jpeg,INSASU20250119133553.jpg,INSASU20250119133615.jpg,""",CENTROS DE SALUD O CENTROS MEDICOS,MZAVALA@SERVIMEDIC.COM.PE,-77.0392623,-12.0896487,
00023490,JIRÓN DANIEL HERNANDEZ NÚMERO 198 PISO 1 DISTRITO MAGDALENA DEL MAR PROVINCIA LIMA DEPARTAMENTO LIMA,PRIVADO,PREVENSA OCUPACIONAL,"""http://maps.google.es/?q=-12.08814169%20-77.06367574,INSASU20190220174459.jpg,INSASU20190220174500.jpg,INSASU20190220174503.jpg,""",POLICLINICOS,administracion@prevensaocupacional.com.pe,-77.06367574,-12.08814169,
00024420,AVENIDA ALFONSO UGARTE NUMERO 1378 PISO 2 DEPARTAMENTO 202 DISTRITO BREÑA PROVINCIA LIMA DEPARTAMENTO LIMA,PRIVADO,CENTRO MEDICO JL SAN PEDRO,"""http://maps.google.es/?q=-12.0502081%20-77.053568,INSASU20230610094455.jpeg,INSASU20230610094459.jpeg,INSASU20230610094503.jpeg,""",POLICLINICOS,cmsanpedrolima@gmail.com,-77.053568,-12.0502081,
00025635,AVENIDA EL MAESTRO PERUANO NÚMERO 437 PISO 1 DEPARTAMENTO 2 URBANIZACIÓN CARABAYLLO DISTRITO COMAS PROVINCIA LIMA DEPARTAMENTO LIMA,PRIVADO,RUTAS Y SALUD PERU S.A.C,"""http://maps.google.es/?q=-11.96456%20-77.05875,INSASU20211230171645.jpg,""",POLICLINICOS,rutasysaludperusac@gmail.com,-77.05875,-11.96456,
00025791,AVENIDA TUPAC AMARU NUMERO 3909 PISO 2 MANZANA R LOTE 11 KILOMETRO 8 URBANIZACION CARABAYLLO DISTRITO COMAS PROVINCIA LIMA DEPARTAMENTO LIMA,PRIVADO,POLICLINICO MEDICAL PERU,"""http://maps.google.es/?q=-11.96970881%20-77.05777264,INSASU20210920152242.jpeg,INSASU20210920152246.jpeg,INSASU20251015171451.jpg,""",POLICLINICOS,jcmedicalperu@gmail.com,-77.05777264,-11.96970881,https://www.medicalperusac.com
00026828,CALLE 3 MANZANA J-11 LOTE 8 URBANIZACIÓN AA.HH SAN MIGUEL Y NUEVA VENECIA DISTRITO SAN JUAN DE LURIGANCHO PROVINCIA LIMA DEPARTAMENTO LIMA,PRIVADO,CENTRO MEDICO E.T SAC,"""""",POLICLINICOS,em.eltriunfador.sac@gmail.com,,,
00026842,AVENIDA CONTISUYO NÚMERO 294 PISO 1 URBANIZACIÓN TAHUANTINSUYO DISTRITO INDEPENDENCIA PROVINCIA LIMA DEPARTAMENTO LIMA,PRIVADO,POLICLINICO SERVINORTE,"""http://maps.google.es/?q=-11.98488834%20-77.05730013,INSASU20200810125913.jpg,""",POLICLINICOS,servinortesalud@gmail.com,-77.05730013,-11.98488834,
00026879,AVENIDA UNIVERSITARIA MANZANA A LOTE 10 URBANIZACION COOPERATIVA DE VIVIENDA LA LIBERTAD DISTRITO LOS OLIVOS PROVINCIA LIMA DEPARTAMENTO LIMA,PRIVADO,CONDUCTORES SALUDABLES S.A.C.,"""http://maps.google.es/?q=-12.00174012%20-77.08316333,INSASU20250202092328.jpeg,INSASU20250202115319.jpeg,INSASU20250202092342.jpeg,""",POLICLINICOS,ejfu10@gmail.com,-77.08316333,-12.00174012,
00027132,JIRÓN FRANCISCO DE ORELLANA N?ERO 198 PISO 1 DISTRITO BREÑA PROVINCIA LIMA DEPARTAMENTO LIMA,PRIVADO,NOVAMEDIC & ASOCIADOS,"""http://maps.google.es/?q=-12.06536227%20-77.05975569,INSASU20190621133412.jpg,INSASU20190621133417.jpg,INSASU20190621133421.jpg,""",POLICLINICOS,novamedic-sac@hotmail.com,-77.05975569,-12.06536227,
00027224,AVENIDA Nicolás de Piérola NUMERO 721 DISTRITO VILLA MARIA DEL TRIUNFO PROVINCIA LIMA DEPARTAMENTO LIMA,PRIVADO,NSALUD,"""http://maps.google.es/?q=-12.1655348%20-76.9504952,INSASU20241001221104.jpg,INSASU20241001221124.jpg,INSASU20241001221128.jpg,""",POLICLINICOS,policliniconuestrasalud@gmail.com,-76.9504952,-12.1655348,
00027318,JIRÓN EMILIO ALTHAUS NÚMERO 580 PISO 1 DISTRITO LINCE PROVINCIA LIMA DEPARTAMENTO LIMA,PRIVADO,MEDICENTRAL,"""http://maps.google.es/?q=-12.08032745%20-77.03116699,INSASU20190803000859.jpg,INSASU20190803001042.jpg,INSASU20190803001045.jpg,""",POLICLINICOS,administracion@medicentral.pe,-77.03116699,-12.08032745,https://www.medicentral.pe
00027427,AVENIDA RIO  MARAÑON PISO 2 MANZANA S LOTE 8 URBANIZACION VILLA DEL NORTE DISTRITO LOS OLIVOS PROVINCIA LIMA DEPARTAMENTO LIMA,PRIVADO,POLICLINICO  ROMA SOCIEDAD ANONIMA CERRADA,"""http://maps.google.es/?q=-11.9718156%20-77.0691609,INSASU20220920192624.jpg,INSASU20220920192633.jpg,""",POLICLINICOS,POLICLINICOROMA2020@GMAIL.COM,-77.0691609,-11.9718156,
00027788,AVENIDA PROCERES DE LA INDEPENDENCIA 2308 PISO 1 Y 2 MZ. A LT. 02 COOPERATIVA EL MANTARO SAN JUAN DE LURIGANCHO LIMA LIMA,PRIVADO,CENTRO MEDICO SANTA ELBA E.I.R.L,"""""",POLICLINICOS,centromedico_santaelba@hotmail.com,,,
00028008,CALLE RIO CHIRA NÚMERO 533 PISO 1 URBANIZACIÓN VILLA DEL NORTE 1ER Y PARTE 2DO PISO DISTRITO LOS OLIVOS PROVINCIA LIMA DEPARTAMENTO LIMA,PRIVADO,MEDICAL SANTA ROSA DE LIMA  E.I.R.L,"""http://maps.google.es/?q=-11.9732229%20-77.0690979,INSASU20231207115208.jpeg,INSASU20231207115222.jpeg,INSASU20231207115232.jpeg,""",POLICLINICOS,medicalsantarosadelima8609@gmail.com,-77.0690979,-11.9732229,
00028438,"JIRÓN ELIAS AGUIRRE N° 113, SECTOR 12 DE NOVIEMBRE -PAMPLONA ALTA NÚMERO 113 MANZANA D4 LOTE 08 DISTRITO SAN JUAN DE MIRAFLORES PROVINCIA LIMA DEPARTAMENTO LIMA",PRIVADO,VIAMEDIC,"""http://maps.google.es/?q=-12.15849254%20-76.95954568,INSASU20200224210039.jpg,""",POLICLINICOS,antonio.ve@outlook.com,-76.95954568,-12.15849254,
00028662,AVENIDA GERARDO UNGER NÚMERO 6349 URBANIZACIÓN SANTA LUISA ET. Uno DISTRITO COMAS PROVINCIA LIMA DEPARTAMENTO LIMA,PRIVADO,MEDICAR PERÚ A & B S.A.C,"""http://maps.google.es/?q=-11.9487434%20-77.066101,INSASU20200310115150.jpeg,INSASU20200310115153.jpeg,INSASU20200310115155.jpeg,""",POLICLINICOS,MEDICARPERU@GMAIL.COM,-77.066101,-11.9487434,
00028890,AVENIDA BETA NUMERO S/N MANZANA T LOTE 6 DISTRITO LOS OLIVOS PROVINCIA LIMA DEPARTAMENTO LIMA,PRIVADO,RAPIBREVETES,"""http://maps.google.es/?q=-12.0117944%20-77.074807,INSASU20201020164055.jpg,INSASU20250311094720.jpeg,""",CENTROS DE SALUD O CENTROS MEDICOS,rapibrevete20@gmail.com,-77.074807,-12.0117944,
00029257,AVENIDA LA MOLINA MANZANA A LOTE 1 URBANIZACIÓN ASOCIACION DE VIVIENDA SANTA ANITA BAJA DISTRITO ATE PROVINCIA LIMA DEPARTAMENTO LIMA,PRIVADO,AJ MEDIC,"""http://maps.google.es/?q=-12.0564368%20-76.96354801,INSASU20240821100655.jpeg,INSASU20240821085759.jpg,INSASU20240821091036.jpeg,""",POLICLINICOS,ajmedicperu@gmail.com,-76.96354801,-12.0564368,
00029388,CALLE CABO  TEODORO CARDENAS NUMERO 468 PISO 2 DEPARTAMENTO 101 DISTRITO LIMA PROVINCIA LIMA DEPARTAMENTO LIMA,PRIVADO,POLICLINICO MEDICERT,"""http://maps.google.es/?q=-12.0703103%20-77.0348573,INSASU20241029154743.jpg,INSASU20241029154748.jpg,INSASU20240928113557.jpg,""",POLICLINICOS,medicertpe@gmail.com,-77.0348573,-12.0703103,
00029482,CALLE SAN PEDRO  S/N CERCA AL PUERTO DE CHANCAY CHANCAY HUARAL LIMA,PUBLICO,CENTRO DE SALUD MENTAL COMUNITARIO PUERTO CHANCAY,"""http://maps.google.es/?q=-11.5847055%20-77.2721672,INSASU20200304091455.jpeg,INSASU20240419183917.jpeg,INSASU20240419183219.jpeg,""",CENTROS DE SALUD O CENTROS MEDICOS,csmcpuertochancay@gmail.com,-77.2721672,-11.5847055,
00029638,OTROS PARQUE INDUSTRIAL  PARCELA II  MANZANA P  LOTE 1-A DISTRITO VILLA EL SALVADOR PROVINCIA LIMA DEPARTAMENTO LIMA,PRIVADO,POLICLINICO MARCH,"""http://maps.google.es/?q=-12.20611006%20-76.93072995,INSASU20210315180547.jpg,""",POLICLINICOS,natalhi.baldeon@gmail.com,-76.93072995,-12.20611006,
00029999,AVENIDA UNIVERSITARIA NÚMERO 3851 PISO 2 MANZANA N LOTE 9 URBANIZACIÓN COOPERATIVA HUAYTAPALLANA DISTRITO SAN MARTIN DE PORRES PROVINCIA LIMA DEPARTAMENTO LIMA,PRIVADO,MAFAISA & SALUD VIAL S.A.C.,"""http://maps.google.es/?q=-11.98910467%20-77.08154864,INSASU20240503124147.jpg,""",CENTROS DE SALUD O CENTROS MEDICOS,mafaisasalud@gmail.com,-77.08154864,-11.98910467,
00030052,AVENIDA LOS CONSTRUCTORES Nro 170 SEC2 SEC3 Mz B1 LOTE 15 PISO 2 URBANIZACION EL SOL DISTRITO LA MOLINA PROVINCIA LIMA DEPARTAMENTO LIMA,PRIVADO,MEDIC MURUHUAY,"""http://maps.google.es/?q=-12.0675257%20-76.9574859,INSASU20251022153356.jpeg,INSASU20251022153400.jpeg,INSASU20251022153404.jpeg,""",POLICLINICOS,medicmuruhuay2@hotmail.com,-76.9574859,-12.0675257,
00030070,CALLE 14 DE NOVIEMBRE MANZANARES I ETAPA S/N HUACHO HUAURA LIMA,PUBLICO,CENTRO DE SALUD MENTAL COMUNITARIO AYSANA,"""http://maps.google.es/?q=-11.1227218%20-77.6105679,INSASU20240311165746.jpeg,INSASU20240311165754.jpeg,INSASU20240311170043.jpeg,""",CENTROS MEDICOS ESPECIALIZADOS,csmcaysana@gmail.com,-77.6105679,-11.1227218,
00030142,"OTROS SECTOR 02, GRUPO 14, MANZANA A, LOTE 05 DISTRITO VILLA EL SALVADOR PROVINCIA LIMA DEPARTAMENTO LIMA",PRIVADO,POLICLINICO SOMMEDICS GRAM,"""http://maps.google.es/?q=-12.2121946%20-76.9461631,INSASU20240909125848.jpeg,INSASU20240909125856.jpeg,INSASU20240909125900.jpeg,""",POLICLINICOS,sommedicsgram.gerencia@gmail.com,-76.9461631,-12.2121946,
00030339,OVALO OVALO CENTRAL  P1 DE JICAMARCA -ANEXO 8 A   LA  ALTURA DEL COLISEO MUNICIPAL. SAN ANTONIO HUAROCHIRI LIMA,PUBLICO,CENTRO DE SALUD MENTAL COMUNITARIO  SAN  ANTONIO,"""http://maps.google.es/?q=-11.9835509%20-76.944141,INSASU20210510110105.jpeg,INSASU20210510110110.jpeg,""",CENTROS DE SALUD O CENTROS MEDICOS,csmcsanantonio@redhuarochiri.gob.pe,-76.944141,-11.9835509,http://www.redhuarochiri.gob.pe/
00030350,AVENIDA LOS ANGELES 1 er y 2 do. PISO NÚMERO 416 URBANIZACIÓN SANTA LUZMILA DISTRITO COMAS PROVINCIA LIMA DEPARTAMENTO LIMA,PRIVADO,ANGELES DE LIMA,"""http://maps.google.es/?q=-11.9377723%20-77.06341959,INSASU20201027142129.jpg,INSASU20201027142134.jpg,INSASU20201027142137.jpg,""",CENTROS DE SALUD O CENTROS MEDICOS,CENTROMEDICOANGELESDELIMA@HOTMAIL.COM,-77.06341959,-11.9377723,
00030368,URBANIZACIÓN EL PARAISO DEL PUENTE HUACHIPA PISO 1 MANZANA A LOTE 13 DISTRITO ATE PROVINCIA LIMA DEPARTAMENTO LIMA,PRIVADO,SALUS PREVENTIVA,"""http://maps.google.es/?q=-12.01582444%20-76.89957283,INSASU20210823120445.jpeg,INSASU20241227123547.jpeg,INSASU20241227123552.jpeg,""",POLICLINICOS,ldelacruz@preventiva.com.pe,-76.89957283,-12.01582444,
00030982,AVENIDA RESIDENCIAL BUENAVISTA MANZANA A LOTE 41 DISTRITO CHANCAY PROVINCIA HUARAL DEPARTAMENTO LIMA,PRIVADO,POLICLINICO SALUD Y ESPERANZA,"""http://maps.google.es/?q=-11.5459364%20-77.2590989,INSASU20210614000410.png,""",POLICLINICOS,saludyesperanza27@gmail.com,-77.2590989,-11.5459364,
00031200,CALLE BARTOLOME HERRERA N° 100-102 MZ A LOTE  10  DE LA AGRUPACION DE FAMILIAS SANTA CRUZ DISTRITO PUNTA HERMOSA PROVINCIA LIMA DEPARTAMENTO LIMA,PUBLICO,CENTRO DE SALUD MENTAL COMUNITARIO BALNEARIOS DEL SUR,"""http://maps.google.es/?q=-12.33387783%20-76.82315354,INSASU20211127142518.jpg,INSASU20211127142526.jpg,INSASU20211127142529.jpg,""",CENTROS MEDICOS ESPECIALIZADOS,blaneariosdelsurcsmc@gmail.com,-76.82315354,-12.33387783,
00031306,AVENIDA NARANJAL NUMERO 685 URBANIZACION URBANIZACIÓN PARQUE NARANJAL DISTRITO LOS OLIVOS PROVINCIA LIMA DEPARTAMENTO LIMA,PRIVADO,SAN JUDAS MEDICAL S.A.C.,"""http://maps.google.es/?q=-11.9785829%20-77.0713976,INSASU20210629210216.jpg,""",POLICLINICOS,gerencia@sjt.pe,-77.0713976,-11.9785829,
00031732,AVENIDA JAVIER PRADO ESTE NÚMERO 3536 PISO 1 MANZANA E LOTE 05 URBANIZACIÓN JACARANDA-2DA ETAPA DISTRITO SAN BORJA PROVINCIA LIMA DEPARTAMENTO LIMA,PRIVADO,SAN JUDAS MEDICAL,"""http://maps.google.es/?q=-12.0862974%20-76.9879807,INSASU20220421123716.jpeg,INSASU20220421123721.jpeg,""",POLICLINICOS,gerencia@sjt.pe,-76.9879807,-12.0862974,
00031782,AVENIDA PERU NÚMERO 2714 URBANIZACIÓN PERU DISTRITO SAN MARTIN DE PORRES PROVINCIA LIMA DEPARTAMENTO LIMA,PRIVADO,AM-MEDIC,"""http://maps.google.es/?q=-12.03163677%20-77.07551099,INSASU20210526104232.jpg,""",POLICLINICOS,AMALIA15002@GMAIL.COM,-77.07551099,-12.03163677,
00032290,AVENIDA HUALMAY 371 FRENTE A LA IGLESIA LA SAGRADA FAMILIA HUALMAY HUAURA LIMA,PUBLICO,CENTRO DE SALUD MENTAL COMUNITARIO ILLARI,"""http://maps.google.es/?q=-11.10057772%20-77.60836512,INSASU20221125094348.jpeg,INSASU20221125094352.jpeg,INSASU20221125094357.jpeg,""",CENTROS MEDICOS ESPECIALIZADOS,csmcillari.22@gmail.com,-77.60836512,-11.10057772,
00032507,AVENIDA TUPAC AMARU NÚMERO 1976 MANZANA 7 LOTE 3 KILOMETRO 18 URBANIZACIÓN RAUL PORRAS BARRENECHEA DISTRITO CARABAYLLO PROVINCIA LIMA DEPARTAMENTO LIMA,PRIVADO,POLICLINICO PERU MEDICAL SAC,"""http://maps.google.es/?q=-11.8883994%20-77.0245493,INSASU20220814222350.jpeg,INSASU20220814223250.jpeg,INSASU20220814223306.jpeg,""",POLICLINICOS,polperumedical@gmail.com,-77.0245493,-11.8883994,
00032576,OTROS AGRUP. PACHAC. PARC. SUB PARC A SECTOR 02 IV ETAPA B.1 MANZANA N LOTE 12 DISTRITO VILLA EL SALVADOR PROVINCIA LIMA DEPARTAMENTO LIMA,PUBLICO,CENTRO MEDICO EL SOL DE LURIN,"""http://maps.google.es/?q=-12.2368093%20-76.92246414,INSASU20230322152626.jpg,INSASU20230322152641.jpg,INSASU20230322152648.jpg,""",CENTROS DE SALUD O CENTROS MEDICOS,CMsoldelurin@hotmai.com,-76.92246414,-12.2368093,
00032737,"AVENIDA JAVIER PRADO ESTE NÚMERO 2756 /2762 URBANIZACIÓN SAN BORJA, TERCER SECTOR, PRIMERA ETAPA DISTRITO SAN BORJA PROVINCIA LIMA DEPARTAMENTO LIMA",PRIVADO,CENTRO MEDICO SANTA CRUZ,"""http://maps.google.es/?q=-12.08746731%20-76.99703704,INSASU20220804192025.jpeg,INSASU20220804192209.jpeg,INSASU20220804192214.jpeg,""",CENTROS DE SALUD O CENTROS MEDICOS,administracion@huancayohotel.com.pe,-76.99703704,-12.08746731,http://www.clinicasantacruz.com.pe
00032892,AVENIDA ANCASH 150 POR LA IEP LOS ANGELITOS PARAMONGA BARRANCA LIMA,PUBLICO,CENTRO DE SALUD MENTAL COMUNITARIO LUIS MIGUEL CHANGA AREQUIPEÑO,"""http://maps.google.es/?q=-10.6757547%20-77.8187698,INSASU20230112174726.jpeg,INSASU20230112174729.jpeg,INSASU20230112174731.jpeg,""",CENTROS DE SALUD O CENTROS MEDICOS,csmc.paramonga@gmail.com,-77.8187698,-10.6757547,https://www.hospitalbarranca.gob.pe/
00032946,OTROS SV MZ. R’ LOTE 18 APV SAN HILARION DISTRITO SAN JUAN DE LURIGANCHO PROVINCIA LIMA DEPARTAMENTO LIMA,PRIVADO,POLICLINICO EL SOL,"""http://maps.google.es/?q=-11.99832813%20-77.01235837,INSASU20221103072621.jpeg,INSASU20221103073038.jpeg,INSASU20221103073108.jpeg,""",POLICLINICOS,policlinicoelsolsjl@gmail.com,-77.01235837,-11.99832813,
00033699,CALLE SAN JUAN DE ARONA PISO 1 MANZANA H LOTE 1-B & 1-B1 URBANIZACIÓN LOS CIPRESES DISTRITO SAN VICENTE DE CAÑETE PROVINCIA CAÑETE DEPARTAMENTO LIMA,PUBLICO,CENTRO MEDICO AMAYA,"""http://maps.google.es/?q=-13.07300049%20-76.3836675,INSASU20230821101313.jpeg,INSASU20230821101318.jpeg,INSASU20230821101330.jpeg,""",CENTROS MEDICOS ESPECIALIZADOS,victor87.vhas@gmail.com,-76.3836675,-13.07300049,
00034079,PROLONGACIÓN BOLÍVAR Y SAN PEDRO MZ A-1 LTE 01 DISTRITO LURIN PROVINCIA LIMA DEPARTAMENTO LIMA,PUBLICO,CENTRO DE SALUD MENTAL COMUNITARIO SAN PEDRO DE LURIN,"""http://maps.google.es/?q=-12.27200166%20-76.87129156,INSASU20240719101946.jpeg,INSASU20231229111651.jpeg,INSASU20240719102006.jpeg,""",CENTROS MEDICOS ESPECIALIZADOS,csmcspl.dls@gmail.com,-76.87129156,-12.27200166,
00034411,AVENIDA GRAU S/N AL COSTADO DEL BANCO DE LA NACIÓN DE SAYÁN SAYAN HUAURA LIMA,PUBLICO,CENTRO DE SALUD MENTAL COMUNITARIO INTIPALKA,"""http://maps.google.es/?q=-11.1374632%20-77.1973997,INSASU20231108100854.jpg,INSASU20231108100858.jpg,INSASU20231108100901.jpg,""",CENTROS DE SALUD O CENTROS MEDICOS,csmcintipalka@gmail.com,-77.1973997,-11.1374632,
00034651,AVENIDA UNION MANZANA C LOTE 14-A URBANIZACIÓN A.H. VIRGEN DE FATIMA DE MORON DISTRITO CHACLACAYO PROVINCIA LIMA DEPARTAMENTO LIMA,PRIVADO,POLICLINICO CHACLACAYO,"""http://maps.google.es/?q=-11.98499481%20-76.80878553,INSASU20231108170204.jpeg,INSASU20231108172612.jpeg,INSASU20231108172632.jpeg,""",POLICLINICOS,policlinicochaclacayo@gmail.com,-76.80878553,-11.98499481,
00034820,CALLE ASOC DE VIV VILLA EL MILAGRO MANZANA G LOTE 04 DISTRITO VILLA EL SALVADOR PROVINCIA LIMA DEPARTAMENTO LIMA,PRIVADO,SERVICIOS MEDICOS ESPECIALIZADOS MAGNO,"""http://maps.google.es/?q=-12.23736007%20-76.95589632,INSASU20240307131225.jpg,INSASU20240307131228.jpg,INSASU20240307131231.jpg,""",POLICLINICOS,OPTMJULIO@HOTMAIL.COM,-76.95589632,-12.23736007,
00035083,CARRETERA CARRETERA CENTRAL ALTURA KM. 16.50 PISO 2 MANZANA D LOTE 3 KILOMETRO 16500 URBANIZACIÓN PRADERAS DE PARIACHI 1 ETAPA DISTRITO ATE PROVINCIA LIMA DEPARTAMENTO LIMA,PRIVADO,CENTRO MEDICO ZEUS,"""http://maps.google.es/?q=-12.0005037%20-76.8390825,INSASU20240617125653.jpeg,INSASU20240617125701.jpeg,INSASU20240617125706.jpeg,""",POLICLINICOS,centromedicozeus@gmail.com,-76.8390825,-12.0005037,
00035343,AVENIDA MARIANO CONDORCANQUI MZ. M LOTE.1 URB. SANTO DOMINGO PISO 1 y 2 DISTRITO CARABAYLLO PROVINCIA LIMA DEPARTAMENTO LIMA,PRIVADO,MEDIC VIAL & SALUD,"""http://maps.google.es/?q=-11.8938564%20-77.0410012,INSASU20240330231556.jpeg,INSASU20240330231604.jpeg,INSASU20240330231644.jpeg,""",POLICLINICOS,medicvialsalud@gmail.com,-77.0410012,-11.8938564,
00035364,AVENIDA RETABLO 1318 PRIMAVERA AVENIDA RETABLO CON JAMAICA COMAS LIMA LIMA,PUBLICO,AMACHAY  (CUIDAR),"""""",CENTROS DE SALUD O CENTROS MEDICOS,csmc.amachay@dirislimanorte.gob.pe,,,https://www.gob.pe/dirislimanorte
00035988,AVENIDA FRANCISCO BOLOGNESI NUMERO 1040 DISTRITO SANTA ANITA PROVINCIA LIMA DEPARTAMENTO LIMA,PRIVADO,POLICLINICO PERUVIDA,"""http://maps.google.es/?q=-12.04635777%20-76.97342368,INSASU20241123113408.jpeg,INSASU20241123114515.jpg,INSASU20241123114655.jpeg,""",POLICLINICOS,serviciosmedicosperuvida@gmail.com,-76.97342368,-12.04635777,
00036512,AVENIDA Avenida Rafael Escardó NÚMERO 146 DISTRITO SAN MIGUEL PROVINCIA LIMA DEPARTAMENTO LIMA,PRIVADO,POLICLINICO SAN JUAN,"""""",POLICLINICOS,operaciones@clinicasanjuancorp.com,,,https://clinicasanjuancorp.com/
00036778,OTROS ASOCIACION DE POBLADORES LOS GRAMADALES NUMERO 931 PISO 1 MANZANA L LOTE 15 DISTRITO PUENTE PIEDRA PROVINCIA LIMA DEPARTAMENTO LIMA,PRIVADO,MEDIC VIAL & SALUD E.I.R.L.,"""http://maps.google.es/?q=-11.858765%20-77.082329,INSASU20241023004920.jpg,INSASU20241023010007.jpg,INSASU20241023010028.jpg,""",POLICLINICOS,medicvialsalud3@gmail.com,-77.082329,-11.858765,
00037317,CARRETERA SAN LUIS LA QUEBRADA MANZANA F1 LOTE 13 DISTRITO SAN LUIS PROVINCIA CAÑETE DEPARTAMENTO LIMA,PRIVADO,CENTRO MEDICO SEÑOR DE LOS MILAGROS,"""""",CENTROS DE SALUD O CENTROS MEDICOS,anasoray30@hotmail.com,,,
