codigo_med,nombre_med,formaf,tipomed
909,ATROPINA SULFATO 500 µg/mL (0.5 mg/mL) 1 mL INYECTABLE,INYECTABLE,M
3703,FURAZOLIDONA 50 mg/5 mL 120 mL SUSPENSION,SUSPENSION,M
47844,CLIP DE TITANIO PARA COSTILLA DE 13 SEGMENTOS   UNIDAD,UNIDAD,I
904,ATORVASTATINA (COMO SAL CALCICA) 40 mg  TABLETA,TABLETA,M
22338,AGUA DESTILADA  4 L SOLUCION,SOLUCION,M
10145,"AGUJA HIPODERMICA DESCARTABLE N° 18 G X 1 1/2""   UNIDAD",UNIDAD,I
10244,ALGODON HIDROFILO  100 g UNIDAD,UNIDAD,I
29457,PASTA DENTIFRICA X 90 g   UNIDAD,UNIDAD,I
3710,FUROSEMIDA 10 mg/mL 2 mL INYECTABLE,INYECTABLE,M
5686,RIFAMPICINA 100 mg/5 mL 60 mL SUSPENSION,SUSPENSION,M
38374,SOPORTE IMPREGNADO CON CLORHEXIDINA 20 cm X 20 cm X 5   UNIDAD,UNIDAD,I
5880,SODIO CLORURO 900 mg/100 mL (0.9 %) 250 mL INYECTABLE,INYECTABLE,M
37986,ESPARADRAPO HIPOALERGENICO DE TELA 5 cm X 9.1 m APROX. X 6 CORTES   UNIDAD,UNIDAD,I
39227,SISTEMA DE IDENTIFICACION + ANTIBIOGRAMA DE BACTERIAS GRAM POSITIVAS   UNIDAD,UNIDAD,I
2836,DICLOXACILINA (COMO SAL SODICA) 500 mg  TABLETA,TABLETA,M
34564,PUNTERA (TIPS) UNIVERSAL PARA PIPETA AUTOMATICA 100 µL - 1000 µL COLOR AZUL X 1000   UNIDAD,UNIDAD,I
1503,CALCITRIOL 0.25 µg  TABLETA,TABLETA,M
12805,"VENDA ELASTICA 3"" X 5 yd   UNIDAD",UNIDAD,I
1043,BENZATINA BENCILPENICILINA 1200000 UI  INYECTABLE,INYECTABLE,M
2003,CLONAZEPAM 500 µg (0.5 mg)  TABLETA,TABLETA,M
2435,SOLUCIONES PARA NUTRICION PARENTERAL  3 L INYECTABLE,INYECTABLE,M
41091,DETERGENTE DESINFECTANTE PARA SUPERFICIES X 750 mL   UNIDAD,UNIDAD,I
45095,KIT DE ROPA DESCARTABLE PARA TOMA DE MUESTRA X 4 PIEZAS   UNIDAD,UNIDAD,I
11338,JABON GERMICIDA LIQUIDO  1 L UNIDAD,UNIDAD,I
15778,CEPILLO DENTAL PARA ADULTO MEDIO   UNIDAD,UNIDAD,I
25873,CHAQUETA Y PANTALON DESCARTABLE TALLA L   UNIDAD,UNIDAD,I
3351,ETONOGESTREL (IMPLANTE) 68 mg  UNIDAD,UNIDAD,M
34847,OXIGENO MEDICINAL  1 L GAS,GAS,M
29477,CAMPO FENESTRADO DESCARTABLE 90 cm X 90 cm   UNIDAD,UNIDAD,I
933,AZITROMICINA 200 mg/5 mL 30 mL SUSPENSION,SUSPENSION,M
44431,FLUOR BARNIZ X 0.5 mL  X 50 UNIDAD,UNIDAD,I
37799,INDICADOR BIOLOGICO DE ESTERILIZACION A PEROXIDO DE HIDROGENO X 30   UNIDAD,UNIDAD,I
10221,ALCOHOL ETILICO (ETANOL) 70° 1 L SOLUCION,SOLUCION,M
6239,TRAMADOL CLORHIDRATO 50 mg  TABLETA,TABLETA,M
18091,ALUMINIO HIDROXIDO + MAGNESIO HIDROXIDO 400 + 400 mg/5 mL 150 mL SUSPENSION,SUSPENSION,M
6442,"VACUNA ANTIPAROTIDITIS, RUBEOLA Y SARAMPION 700 DCI/0.5 mL 5 DOSIS INYECTABLE",INYECTABLE,M
25190,PRUEBA RAPIDA DE HORMONA GONADOTROPINA CORIONICA (HCG)  50 DET KIT,KIT,I
25793,JUEGO DE FORCEP DE USO ODONTOLOGICO X 5 PIEZAS   UNIDAD,UNIDAD,I
30588,FRASCO COLECTOR PARA MUESTRA DE ORINA CON TAPA 100 mL   UNIDAD,UNIDAD,I
43121,CLORHEXIDINA GLUCONATO 2 g/100 mL SOLUCION CON DISPENSADOR DE CIRCUITO CERRADO 1 L  1 L SOLUCION,SOLUCION,M
15047,"AGUJA DENTAL TIPO CARPULE DESCARTABLE Nº 30 G X 1""   UNIDAD",UNIDAD,I
24493,SONDA PERIODONTAL MILIMETRADA   UNIDAD,UNIDAD,I
33271,KIT PARA DETECTAR HEMOGLOBINA DE SANGRE OCULTA EN HECES  1 DET KIT,KIT,I
389,ALOPURINOL 100 mg  TABLETA,TABLETA,M
18886,SUTURA CATGUT CROMICO 2/0 C/A 1/2 CIRCULO REDONDA 30 mm X 70 cm   UNIDAD,UNIDAD,I
2653,DEXAMETASONA 2 mg/5 mL 100 mL ELIXIR,ELIXIR,M
2794,DICLOFENACO (SOLUCION OFTALMICA) 1 mg/mL 5 mL SOLUCION,SOLUCION,M
2754,DIAZEPAM 10 mg  TABLETA,TABLETA,M
5141,OLANZAPINA 10 mg  TABLETA,TABLETA,M
16730,EQUIPO PARA BOMBA DE INFUSION CON VOLUTROL   UNIDAD,UNIDAD,I
23387,GORRO QUIRURGICO DESCARTABLE   UNIDAD,UNIDAD,I
2391,COLCHICINA 500 µg (0.5 mg)  TABLETA,TABLETA,M
53718,ESPARADRAPO HIPOALERGENICO DE PAPEL 5 cm X 9.1 m   UNIDAD,UNIDAD,I
3878,HALOPERIDOL 2 mg/mL 20 mL SOLUCION,SOLUCION,M
625,AMIKACINA (COMO SULFATO) 50 mg/mL 2 mL INYECTABLE,INYECTABLE,M
5281,PARACETAMOL 100 mg/mL 10 mL SOLUCION,SOLUCION,M
4594,MEDROXIPROGESTERONA ACETATO 150 mg/mL 1 mL INYECTABLE,INYECTABLE,M
10155,"AGUJA HIPODERMICA DESCARTABLE N° 23 G X 1""   UNIDAD",UNIDAD,I
32750,BOMBILLA DE JEBE PARA ASPIRACION Nº 04   UNIDAD,UNIDAD,I
23127,MASCARILLA DESCARTABLE QUIRURGICA 3 PLIEGUES   UNIDAD,UNIDAD,I
22308,PAPEL CREPADO 1.20 m X 1.20 m X 125 UNIDADES   UNIDAD,UNIDAD,I
3097,EPINEFRINA (COMO CLORHIDRATO O TARTRATO) 1 mg/mL 1 mL INYECTABLE,INYECTABLE,M
2642,DEXAMETASONA FOSFATO (COMO SAL SODICA) 4 mg/2 mL 2 mL INYECTABLE,INYECTABLE,M
22388,PIEDRA MONTADA PARA DESGASTAR ACRILICO FORMA DE PERA CHICA   UNIDAD,UNIDAD,I
16602,HOJA DE BISTURI DESCARTABLE Nº 21   UNIDAD,UNIDAD,I
23875,VACUNA CONTRA LA INFLUENZA ESTACIONARIA - ADULTO  1 DOSIS (0.5 mL) INYECTABLE,INYECTABLE,M
35342,ESPARADRAPO HIPOALERGENICO DE TELA 5 cm X 9.1 m APROX. X 5 CORTES   UNIDAD,UNIDAD,I
3789,DEXTROSA 5 g/100 mL (5 %) 1 L INYECTABLE,INYECTABLE,M
10151,"AGUJA HIPODERMICA DESCARTABLE N° 21 G X 1 1/2""   UNIDAD",UNIDAD,I
42146,VINAGRE BLANCO  1 Litro UNIDAD,UNIDAD,I
12024,SUTURA CATGUT CROMICO 3/0 C/A 1/2 CIRCULO REDONDA 30 mm X 70 cm   UNIDAD,UNIDAD,I
33557,FOSFATASA ALCALINA CINETICA  1 DET KIT,KIT,I
356,ACIDO ALENDRONICO (COMO ALENDRONATO SODICO) 70 mg  TABLETA,TABLETA,M
25728,TORNILLO DE BLOQUEO 5.0 mm X 24 mm   UNIDAD,UNIDAD,I
10482,"CATETER ENDOVENOSO PERIFERICO Nº 24 G X 3/4""   UNIDAD",UNIDAD,I
25660,OXIDO DE ZINC  450 g UNIDAD,UNIDAD,I
1846,CIPROFLOXACINO (COMO CLORHIDRATO) 500 mg  TABLETA,TABLETA,M
53001,"VACUNA CONTRA COVID19(ARNm)nucleosidos modificados(RAXTOZINOMERAN),PFIZER MANUFACTURING BELGIUM N.V RIJKSWEG(COMIRN 10µg X 0.2mL VIAL 1.3mL  x 10 DOSIS INYECTABLE",INYECTABLE,M
54798,KIT PARA CONTROL POSITIVO PCR EN TIEMPO REAL BASADA EN CHIP PARA MYCOBACTERIUM TUBERCULOSIS - - UNIDAD,UNIDAD,I
18153,BENZATINA BENCILPENICILINA CON DILUYENTE 1200000 UI  INYECTABLE,INYECTABLE,M
20575,OTRAS COMBINACIONES DE MULTIVITAMINAS  1 g POLVO,POLVO,M
5661,RANITIDINA (COMO CLORHIDRATO) 300 mg  TABLETA,TABLETA,M
5873,SODIO CLORURO 900 mg/100 mL (0.9 %) 1 L INYECTABLE,INYECTABLE,M
39329,AGUJA DENTAL TIPO CARPULE DESCARTABLE Nº 31 G x 12 mm   UNIDAD,UNIDAD,I
34474,REACTIVO BENEDICT  250 mL UNIDAD,UNIDAD,I
52433,BRAZALETE DE IDENTIFICACION PEDIATRICO PARA IMPRESORA TERMICA DE PULSERAS CON CIERRE ADHESIVO   UNIDAD,UNIDAD,I
5831,SIMVASTATINA 20 mg  TABLETA,TABLETA,M
36349,CATETER IMPLANTABLE CON PUERTO DE TITANIO 9 FR X 70 cm X 2.6 mm   UNIDAD,UNIDAD,I
18155,AMPICILINA (COMO SAL SODICA) CON DILUYENTE 1 g  INYECTABLE,INYECTABLE,M
910,ATROPINA SULFATO 1 mg/mL 1 mL INYECTABLE,INYECTABLE,M
11734,PROTEINA C REACTIVA  100 DET KIT,KIT,I
725,AMOXICILINA + ACIDO CLAVULANICO (COMO SAL POTASICA) 250 mg + 62.5 mg/5 mL 60 mL SUSPENSION,SUSPENSION,M
49524,CUBETA DESCARTABLE PARA ANALIZADOR AUTOMATICO DE BIOQUIMICA  X 120 UNIDAD,UNIDAD,I
6432,VACUNA CONTRA LA DIFTERIA Y TETANOS (DT ADULTO)  10 DOSIS INYECTABLE,INYECTABLE,M
12427,SUTURA SEDA NEGRA TRENZADA 5/0 C/A 3/8 CIRCULO CORTANTE 20 mm X 75 cm   UNIDAD,UNIDAD,I
5964,SULFADIAZINA DE PLATA 1 g/100 g 50 g CREMA,CREMA,M
39047,KIT PCR EN TIEMPO REAL PARA DETECCION DE VIRUS PAPILOMA HUMANO VPH  1 DET KIT,KIT,I
29849,MASCARILLA DESCARTABLE TIPO N-95   UNIDAD,UNIDAD,I
37760,FRASCO DE PLASTICO PARA MUESTRA DE HECES DE 40 mL CON TAPA Y ESPATULA   UNIDAD,UNIDAD,I
53103,PRETOMANID 200 mg  TABLETA,TABLETA,M
5986,SULFAMETOXAZOL + TRIMETOPRIMA 200 mg + 40 mg/5 mL 60 mL SUSPENSION,SUSPENSION,M
10326,BAJALENGUA DE MADERA PEDIATRICO   UNIDAD,UNIDAD,I
19718,"CATETER ENDOVENOSO PERIFERICO Nº 22 G X 1"" CON DISPOSITIVO DE BIOSEGURIDAD   UNIDAD",UNIDAD,I
663,AMIODARONA CLORHIDRATO 50 mg/mL 3 mL INYECTABLE,INYECTABLE,M
5588,PREDNISONA 20 mg  TABLETA,TABLETA,M
11192,GORRO DESCARTABLE   UNIDAD,UNIDAD,I
18879,HIPROMELOSA(SOLUCION OFTALMICA) 3 mg/mL 15 mL SOLUCION,SOLUCION,M
31335,LIGADURA PLANA PARA EXTRACCION DE SANGRE DE 45 cm APROX. CON DISPOSITIVO DE AJUSTE Y LIBERACION   KIT,KIT,I
23587,"CATETER ENDOVENOSO PERIFERICO Nº 20 G X 1 1/4"" CON DISPOSITIVO DE SEGURIDAD   UNIDAD",UNIDAD,I
6127,TIAMINA CLORHIDRATO 100 mg  TABLETA,TABLETA,M
6387,VACUNA CONTRA LA HEPATITIS B ADULTO 20 ug/mL 1 DOSIS INYECTABLE,INYECTABLE,M
17563,"JERINGA DESCARTABLE 3 mL CON AGUJA 23 G X 1""   UNIDAD",UNIDAD,I
39705,BEDAQUILINA 100 mg  TABLETA,TABLETA,M
43358,KIT RESINA FOTOCURADO DE 4 g x 4 JERINGAS   UNIDAD,UNIDAD,I
47509,FRASCO DE VIDRIO GRADUADO X 180 mL CON TAPA ROSCA   UNIDAD,UNIDAD,I
23326,LIGADURA PLANA PARA EXTRACCION DE SANGRE DE 45 cm APROX.   UNIDAD,UNIDAD,I
28409,ISONIAZIDA + RIFAMPICINA 75 mg + 150 mg  TABLETA,TABLETA,M
19231,SUTURA SEDA NEGRA TRENZADA 2/0 C/A 3/8 CIRCULO CORTANTE 30 mm x 75 cm   UNIDAD,UNIDAD,I
31026,PASTA DENTIFRICA PARA NIÑOS X 90 g   UNIDAD,UNIDAD,I
45221,PRUEBA RAPIDA CUALITATIVA DE ANTIGENO ESPECIFICO PARA SARS-CoV2 (COVID-19) INMUNOENSAYO CROMATOGRAFICO  01 DETERMINACION UNIDAD,UNIDAD,I
5103,NITROFURANTOINA 100 mg  TABLETA,TABLETA,M
10230,ALCOHOL ETILICO (ETANOL) 96° 1 L SOLUCION,SOLUCION,I
2132,CLORFENAMINA MALEATO 2 mg/5 mL 120 mL JARABE,JARABE,M
40687,TORNILLO DE TITANIO 2.4 mm x 8 mm   UNIDAD,UNIDAD,I
22775,TUBO ENDOTRAQUEAL DESCARTABLE N° 8.0 CON BALON   UNIDAD,UNIDAD,I
8068,DISPOSITIVO INTRAUTERINO DE COBRE   UNIDAD,UNIDAD,I
15276,BOMBILLA DE JEBE PARA ASPIRACION Nº 06   UNIDAD,UNIDAD,I
18077,YODO POVIDONA (ESPUMA) 8.5 g/100 mL 1 L SOLUCION,SOLUCION,M
3086,ENOXAPARINA SODICA 40 mg/0.4 mL 0.4 mL INYECTABLE,INYECTABLE,M
42187,PRUEBA RAPIDA INMUNOCROMATOGRAFICA PARA VIH 4TA GENERACION  30 DETERMINACIONES UNIDAD,UNIDAD,I
2891,DIMENHIDRINATO 50 mg  TABLETA,TABLETA,M
23146,LAMINA PORTA OBJETO 25 mm X 75 mm X 50 UNIDADES   UNIDAD,UNIDAD,I
18102,ETINILESTRADIOL + LEVONORGESTREL (BLISTER) 30 µg + 150 µg 21 tab + 7 tab SIN EFEC TABLETA,TABLETA,M
11909,SONDA RECTAL N° 30 F   UNIDAD,UNIDAD,I
27904,VACUNA CONTRA LA INFLUENZA PEDIATRICO (ANTIGENO TIPO A (H1N1 + H3N2) + ANTIGENO TIPO B 90 ug/mL 20 DOSIS INYECTABLE,INYECTABLE,M
2954,DINITRATO DE ISOSORBIDA(SUB LINGUAL) 5 mg  TABLETA,TABLETA,M
21437,DISCO DE SENSIBILIDAD DE CEFTAZIDIMA 30 ug 50 DISCOS UNIDAD,UNIDAD,I
18511,MIDAZOLAM 50 mg 10 mL INYECTABLE,INYECTABLE,M
31536,CETILPIRIDINIO CLORURO + CLORHEXIDINA DIGLUCONATO (COLUTORIO) 50 mg + 120 mg/100 mL 500 mL SOLUCION,SOLUCION,M
5151,OMEPRAZOL (COMO SAL SODICA) 40 mg  INYECTABLE,INYECTABLE,M
4523,LOSARTAN POTASICO 50 mg  TABLETA,TABLETA,M
28395,EQUIPO MICROGOTERO CON CAMARA GRADUADA 100 mL   UNIDAD,UNIDAD,I
42804,APOSITO TRANSPARENTE CON ALMOHADILLA 5 cm X 7 cm   UNIDAD,UNIDAD,I
40754,"VACUNA CONTRA DIFTERIA, TETANOS Y TOS FERINA ACELULAR ADSORBIDA (DPTa) 2,5 Lf + 5 Lf + 8 µg 1 DOSIS INYECTABLE",INYECTABLE,M
998,BARIO SULFATO ADMINISTRACION ORAL  340 g POLVO,POLVO,M
27693,LENTE INTRAOCULAR CAMARA POSTERIOR PLEGABLE 21.50 DIOPTRIAS 1PIEZAS   UNIDAD,UNIDAD,I
3178,ERITROMICINA 250 mg/5 mL 120 mL SUSPENSION,SUSPENSION,M
34831,"PELICULA RADIOGRAFICA LASER 10"" X 12"" X 125   UNIDAD",UNIDAD,I
2835,DICLOXACILINA (COMO SAL SODICA) 250 mg  TABLETA,TABLETA,M
2654,DEXAMETASONA 500 µg (0.5 mg)  TABLETA,TABLETA,M
10068,AGAR SABOURAUD  500 g UNIDAD,UNIDAD,I
19332,CAMPO DESCARTABLE DENTAL   UNIDAD,UNIDAD,I
31414,SUERO CONTROL BIOQUIMICO PATOLOGICO  5 mL SOLUCION,SOLUCION,I
31228,PIEDRA ARKANSAS FLAMA   UNIDAD,UNIDAD,I
2319,CLOTRIMAZOL 1 g/100 g (1 %) 20 g CREMA,CREMA,M
1628,CEFALEXINA 250 mg/5 mL 60 mL SUSPENSION,SUSPENSION,M
15710,CATETER TORAXICO RECTO Nº 30   UNIDAD,UNIDAD,I
38184,CAMPO QUIRURGICO ANTIMICROBIANO 45 cm X 60 cm   UNIDAD,UNIDAD,I
5106,NITROGLICERINA (GLICEROLTRINITRATO) 5 mg/mL 5 mL INYECTABLE,INYECTABLE,M
6349,TRIPTORELINA 3.75 mg  INYECTABLE,INYECTABLE,M
21620,BILIRRUBINA TOTAL Y DIRECTA  1 DET UNIDAD,UNIDAD,I
18513,PAPEL CREPADO 90 cm X 90 cm   UNIDAD,UNIDAD,I
29965,MANDIL DESCARTABLE TALLA L   UNIDAD,UNIDAD,I
38267,SOMATROPINA 36 UI 1.5 mL INYECTABLE,INYECTABLE,M
10148,"AGUJA HIPODERMICA DESCARTABLE N° 20 G X 1""   UNIDAD",UNIDAD,I
35014,PAPEL TIPO PARAFILM 10 cm X 250 m APROXIMADAMENTE   UNIDAD,UNIDAD,I
24458,COLLARIN CERVICAL BLANDO PARA ADULTO   UNIDAD,UNIDAD,I
16530,APOSITO DE GASA 10 cm X 10 cm   UNIDAD,UNIDAD,I
29154,PAPEL ARTICULAR 1 ARCADA X 12   UNIDAD,UNIDAD,I
10325,BAJALENGUA DE MADERA ADULTO   UNIDAD,UNIDAD,I
12019,SUTURA CATGUT CROMICO 2/0 C/A 1/2 CIRCULO REDONDA 40 mm X 70 cm   UNIDAD,UNIDAD,I
25229,KIT DE COLORACION DE ZIEHL NEELSEN (FUCSINA BASICA FENICADA + ALCOHOL ACIDO + AZUL DE METILENO) 1 L X 3 FRASCOS   UNIDAD,UNIDAD,I
21872,ALCOHOL ACIDO P.A.  1 L SOLUCION,SOLUCION,I
27567,PAPEL LENTE PARA MICROSCOPIO 100 mm X 150 mm X 100 HOJAS   UNIDAD,UNIDAD,I
6517,YODO POVIDONA 10 g/100 mL 1 L SOLUCION,SOLUCION,M
49215,AGUA PEPTONADA TAMPONADA  250 g UNIDAD,UNIDAD,I
2128,CLORFENAMINA MALEATO 10 mg/mL 1 mL INYECTABLE,INYECTABLE,M
1684,CEFTRIAXONA SODICA 1 g  INYECTABLE,INYECTABLE,M
34265,DETERGENTE ENZIMATICO CON 4 ENZIMAS  1 gal SOLUCION,SOLUCION,I
4291,LACTULOSA 3.33 g/5 mL 180 mL SOLUCION,SOLUCION,M
52772,ALVEOLOTOMO UNIVERSAL 16 cm   UNIDAD,UNIDAD,I
16737,LLAVE DE TRIPLE VIA DESCARTABLE   UNIDAD,UNIDAD,I
30651,"AGUJA MULTIPLE PARA EXTRACCION DE SANGRE AL VACIO 21 G X 1"" X 100   UNIDAD",UNIDAD,I
10222,ALCOHOL ETILICO (ETANOL) 70° 120 mL SOLUCION,SOLUCION,M
5384,PERMETRINA 5 g/100 g (5 %) 60 g CREMA,CREMA,M
22405,ENVASE DE PLASTICO CON TAPA ROSCA PARA ESPUTO 60 mL   UNIDAD,UNIDAD,I
18048,BENZATINA BENCILPENICILINA CON DILUYENTE 2400000 UI  INYECTABLE,INYECTABLE,M
10001,ACEITE DE INMERSION  PARA MICROSCOPIA  100 mL SOLUCION,SOLUCION,I
17029,SONDA VESICAL TIPO FOLEY 2 VIAS DESCARTABLE Nº 14   UNIDAD,UNIDAD,I
6570,ZIDOVUDINA 50 mg/5 mL 240 mL JARABE,JARABE,M
10965,"ESPARADRAPO HIPOALERGENICO DE PLASTICO 1"" X 10 yd   UNIDAD",UNIDAD,I
5884,SODIO CLORURO 900 mg/100 mL (0.9 %) 500 mL INYECTABLE,INYECTABLE,M
51263,KIT PCR EN TIEMPO REAL PARA CUANTIFICACION DE CARGA VIRAL DE HEPATITIS B  X 10 DETERMINACIONES KIT,KIT,I
17072,SONDA NASOGASTRICA Nº 10   UNIDAD,UNIDAD,I
4794,METRONIDAZOL 250 mg/5 mL 120 mL SUSPENSION,SUSPENSION,M
627,AMIKACINA (COMO SULFATO) 250 mg/mL 2 mL INYECTABLE,INYECTABLE,M
27618,SOLUCION PARA DIALISIS PERITONEAL 2.3 % 5 L SOLUCION,SOLUCION,M
41371,AGUJA DENTAL TIPO CARPULE DESCARTABLE Nº 27 G X 30 mm   UNIDAD,UNIDAD,I
4764,METOTREXATO 2.5 mg  TABLETA,TABLETA,M
24603,MICROBROCHA PARA APLICACION DE ADHESIVO X 100   UNIDAD,UNIDAD,I
45237,PERTUZUMAB 420 mg (30 mg/mL) 14 mL INYECTABLE,INYECTABLE,M
22252,TUBO ENDOTRAQUEAL DESCARTABLE Nº 7.5 CON BALON   UNIDAD,UNIDAD,I
11444,LUGOL SOLUCION  100 mL SOLUCION,SOLUCION,I
29014,PINZA CLIPADORA 2.8 mm X 230 cm   UNIDAD,UNIDAD,I
22714,"DILUYENTE PARA VACUNA ANTIPAROTIDITIS, RUBEOLA Y SARAMPION (SPR)  5 DOSIS INYECTABLE",INYECTABLE,M
4364,LEVOFLOXACINO 250 mg  TABLETA,TABLETA,M
26435,SODIO CLORURO (0.9 % -CIRCUITO CERRADO ) 900 mg/100 mL (0.9 %) CIRCUITO CERRADO 250 mL INYECTABLE,INYECTABLE,M
33219,VACUNA ANTIPOLIOMIELITICA BIVALENTE TIPO 1 Y 3  20 DOSIS SUSPENSION,SUSPENSION,M
16464,FRESA DE DIAMANTE DE ALTA VELOCIDAD CONO INVERTIDO MEDIANA   UNIDAD,UNIDAD,I
3452,FENOBARBITAL SODICO 100 mg/mL 2 mL INYECTABLE,INYECTABLE,M
3634,FLUTICASONA PROPIONATO + SALMETEROL (COMO XINAFOATO) 125 µg + 25 µg/DOSIS 120 DOSIS AEROSOL,AEROSOL,M
12704,TUBO OROFARINGEO (TUBO DE MAYO) N° 6   UNIDAD,UNIDAD,I
37091,"JERINGA DESCARTABLE 1 mL CON AGUJA 27 G X 1/2"" RETRACTIL   UNIDAD",UNIDAD,I
12806,"VENDA ELASTICA 4"" X 5 yd   UNIDAD",UNIDAD,I
4024,IBUPROFENO 100 mg/5 mL 60 mL SUSPENSION,SUSPENSION,M
5551,POTASIO CLORURO 20 g/100 mL 10 mL INYECTABLE,INYECTABLE,M
29692,MAMELUCO DESCARTABLE TALLA M   UNIDAD,UNIDAD,I
38493,PLACA LCP RECTA 7 AGUJEROS x 3.5 mm   UNIDAD,UNIDAD,I
46070,BOLSA DE POLIETILENO 50.8 µm X 50 cm X 70 cm COLOR ROJO   UNIDAD,UNIDAD,I
4085,INSULINA HUMANA (ADN RECOMBINANTE) 100 UI/mL 10 mL INYECTABLE,INYECTABLE,M
34947,GLUCOSA AUTOMATIZADA  1 DET KIT,KIT,I
49681,CATETER BALON PARA ANGIOPLASTiA PERIFERICA 2.5 mm X 220 mm DE 5 FR X 150 cm   UNIDAD,UNIDAD,I
3266,ESTRIOL (CREMA VAGINAL) 100 mg/100 g (0.1 %) 15 g CREMA,CREMA,M
3213,ESCOPOLAMINA N-BUTILBROMURO 20 mg/mL 1 mL INYECTABLE,INYECTABLE,M
33586,LENTE INTRAOCULAR CAMARA POSTERIOR PLEGABLE 1 PIEZA DIOPTRIA (+6.0 A +30.0)   UNIDAD,UNIDAD,I
5660,RANITIDINA (COMO CLORHIDRATO) 150 mg  TABLETA,TABLETA,M
2354,CLOTRIMAZOL 500 mg  OVULO,OVULO,M
1522,CAPTOPRIL 25 mg  TABLETA,TABLETA,M
38934,SOLERA DESCARTABLE ESTERIL 1.05 m x 1.20 m   UNIDAD,UNIDAD,I
25683,CRIOVIAL DE PLASTICO ESTERIL 2.0 mL CON TAPA ROSCA C/TAPA FONDO CONICO GRADUADO X 100   UNIDAD,UNIDAD,I
22367,GRAPADORA QUIRURGICA CIRCULAR CURVA PARA CIRUGIA ABIERTA 25 mm   UNIDAD,UNIDAD,I
16603,HOJA DE BISTURI DESCARTABLE Nº 22   UNIDAD,UNIDAD,I
31294,BOTADOR ANGULADO DERECHO   UNIDAD,UNIDAD,I
30347,COJIN PARA SILLA DE RUEDAS   UNIDAD,UNIDAD,I
11285,HOJA PARA EQUIPO SHAVER Nº 3.5 mm   UNIDAD,UNIDAD,I
23612,TUBO ENDOTRAQUEAL DESCARTABLE Nº 9 CON BALON   UNIDAD,UNIDAD,I
43932,CUBRE CALZADO DESCARTABLE   PAR,PAR,I
4455,LINEZOLID 2 mg/mL 300 mL INYECTABLE,INYECTABLE,M
822,AMPICILINA (COMO SAL SODICA) + SULBACTAM (COMO SAL SODICA) 1 g + 500 mg  INYECTABLE,INYECTABLE,M
21633,PROTEINA C REACTIVA (LATEX)  1 DET UNIDAD,UNIDAD,I
21273,DABIGATRAN (COMO ETEXILATO MESILATO) 110 mg  TABLETA,TABLETA,M
32731,EYECTOR DE SALIVA DESCARTABLE X 100   UNIDAD,UNIDAD,I
30707,MICROCATETER 1.3 FR X 156 cm   UNIDAD,UNIDAD,I
4831,MIDAZOLAM 5 mg 5 mL INYECTABLE,INYECTABLE,M
31592,CLORHEXIDINA AL 2% X 1 L CON DISPOSITIVO A CIRCUITO CERRADO CON PEDAL   UNIDAD,UNIDAD,I
29205,ESPARADRAPO HIPOALERGICO DE PAPEL 2.5 cm x 9.1 m x12   UNIDAD,UNIDAD,I
40489,AEROCAMARA DE PLASTICO NEONATAL   UNIDAD,UNIDAD,I
18156,CEFAZOLINA (COMO SAL SODICA) CON DILUYENTE 1 g  INYECTABLE,INYECTABLE,M
15334,CANULA BINASAL PARA OXIGENO ADULTO   UNIDAD,UNIDAD,I
19723,SALBUTAMOL (COMO SULFATO) 5 mg/mL 10 mL SOLUCION,SOLUCION,M
4556,MAGNESIO SULFATO 200 mg/mL 10 mL INYECTABLE,INYECTABLE,M
12549,TORNILLO CORTICAL 3.5 mm X 38 mm   UNIDAD,UNIDAD,I
4701,METILDOPA 250 mg  TABLETA,TABLETA,M
26096,"AGUJA MULTIPLE PARA EXTRACCION DE SANGRE AL VACIO 22 G X 1""   UNIDAD",UNIDAD,I
31611,MICROPIPETA VOLUMEN FIJO 10 µL   UNIDAD,UNIDAD,I
19919,GASA FRACCIONADA ESTERIL 7.5 cm X 7.5 cm DE 8 PLIEGUES X 5 UNI   UNIDAD,UNIDAD,I
3874,HALOPERIDOL (COMO DECANOATO) 50 mg/mL 1 mL INYECTABLE,INYECTABLE,M
33807,FUNDA DE POLIETILENO ESTERIL 1.20 m X 2.0 m PARA MICROSCOPIO   UNIDAD,UNIDAD,I
11854,SONDA DE ASPIRACION ENDOTRAQUEAL Nº 8   UNIDAD,UNIDAD,I
34813,TAPENTADOL (TABLETA LIBERACION MODIFICADA) 50 mg  TABLETA,TABLETA,M
10064,AGAR MANITOL SALADO  500 g UNIDAD,UNIDAD,I
22965,GUANTE QUIRURGICO ESTERIL EMPAQUE INDIV. Nº 6 1/2 PUÑO LARGO (PAR)   UNIDAD,UNIDAD,I
22030,PRESERVATIVO FEMENINO   UNIDAD,UNIDAD,I
947,AZITROMICINA 500 mg  TABLETA,TABLETA,M
2187,CLORHEXIDINA GLUCONATO 4 g/100 mL (4 %) 1 L SOLUCION,SOLUCION,M
19916,"ESPONJA NEUROQUIRURGICA 1/2"" X 1"" X 10   UNIDAD",UNIDAD,I
32374,"CUBETA DESCARTABLE PARA FLUORIZACION DOBLE ""M""   UNIDAD",UNIDAD,I
3747,GENTAMICINA (COMO SULFATO) 80 mg/mL 2 mL INYECTABLE,INYECTABLE,M
17771,VALPROATO SODICO 250 mg/5 mL 120 mL JARABE,JARABE,M
10302,APOSITO TRANSPARENTE ADHESIVO 6 cm X 7 cm   UNIDAD,UNIDAD,I
12520,TIRA REACTIVA PARA GLUCOSA EN SANGRE  1 DET UNIDAD,UNIDAD,I
30923,HEMOGRAMA AUTOMATIZADO DIFERENCIAL 3 ESTIRPES  1 DET KIT,KIT,I
2361,CLOZAPINA 100 mg  TABLETA,TABLETA,M
25446,JERINGA DE METAL CARPULE   UNIDAD,UNIDAD,I
24072,"AGUJA DENTAL TIPO CARPULE DESCARTABLE Nº 27 G X 1 5/8""   UNIDAD",UNIDAD,I
10248,ALGODON HIDROFILO  50 g UNIDAD,UNIDAD,I
33194,MANTA TERMICA PEDIATRICA 91 cm X 1.52 m   UNIDAD,UNIDAD,I
12228,SUTURA NAILON AZUL MONOFILAMENTO 4/0 C/A 3/8 CIRCULO CORTANTE 20 mm X 75 cm   UNIDAD,UNIDAD,I
29966,MANDIL DESCARTABLE TALLA M   UNIDAD,UNIDAD,I
15288,BRAZALETE DE IDENTIFICACION PARA NIÑA (ROSADO)   UNIDAD,UNIDAD,I
27276,ANTIGENO BRUCELLAS ABORTUS PARA PRUEBA EN PLACA X 5 mL  40 DET UNIDAD,UNIDAD,I
19879,SOLUCION PARA DIALISIS PERITONEAL 1.5 % 2 L SOLUCION,SOLUCION,M
2922,SIMETICONA 80 mg/mL 15 mL SUSPENSION,SUSPENSION,M
4922,MUPIROCINA (COMO SAL CALCICA) 2 g/100 g (2 %) 15 g CREMA,CREMA,M
16599,HOJA DE BISTURI DESCARTABLE Nº 15   UNIDAD,UNIDAD,I
53371,VACUNA CONTRA LA INFLUENZA TETRAVALENTE ANTIGENO TIPO A (H1N1 + H3N2) + ANTIGENO TIPO B (CEPAS MICHIGAN + PHUKET) 60 µg/0.5 mL 10 DOSIS INYECTABLE,INYECTABLE,M
2826,DICLOXACILINA (COMO SAL SODICA) 250 mg/5 mL 120 mL SUSPENSION,SUSPENSION,M
4458,LINEZOLID 600 mg  TABLETA,TABLETA,M
26631,LENTES PROTECTORES DE POLICARBONATO   UNIDAD,UNIDAD,I
29357,CEPILLO DENTAL ANATOMICO PEDRIATICO   UNIDAD,UNIDAD,I
12703,TUBO OROFARINGEO (TUBO DE MAYO) N° 4   UNIDAD,UNIDAD,I
4696,METFORMINA CLORHIDRATO 850 mg  TABLETA,TABLETA,M
393,ALPRAZOLAM 500 µg (0.5 mg)  TABLETA,TABLETA,M
2884,DIMENHIDRINATO 50 mg 5 mL INYECTABLE,INYECTABLE,M
43571,TUBO DE ENSAYO DE VIDRIO BOROSILICATO 13 mm X 100 mm   UNIDAD,UNIDAD,I
4469,LITIO CARBONATO 300 mg  TABLETA,TABLETA,M
8054,PRESERVATIVOS SIN NONOXINOL   UNIDAD,UNIDAD,I
5589,PREDNISONA 5 mg  TABLETA,TABLETA,M
4586,MEBENDAZOL 500 mg  TABLETA,TABLETA,M
3182,ERITROMICINA 250 mg/5 mL 60 mL SUSPENSION,SUSPENSION,M
16571,GUANTE QUIRURGICO ESTERIL DESCARTABLE Nº 7 1/2   PAR,PAR,I
26404,"PELICULA RADIOGRAFICA SENSIBLE AL VERDE 14"" X 14"" X 100   UNIDAD",UNIDAD,I
36213,ACIDO ACETICO 5% 250 mL SOLUCION,SOLUCION,I
44390,RESPIRADOR NASAL TIPO N-95   UNIDAD,UNIDAD,I
1636,CEFALEXINA 500 mg  TABLETA,TABLETA,M
17734,"VACUNA DPT, HIB Y VHB (PENTAVALENTE)  1 DOSIS INYECTABLE",INYECTABLE,M
2004,CLONAZEPAM 2 mg  TABLETA,TABLETA,M
16570,GUANTE QUIRURGICO ESTERIL DESCARTABLE Nº 7   PAR,PAR,I
10249,ALGODON HIDROFILO  500 g UNIDAD,UNIDAD,I
16597,HOJA DE BISTURI DESCARTABLE Nº 11   UNIDAD,UNIDAD,I
31907,MASCARA DE OXIGENO DESCARTABLE CON RESERVORIO PARA ADULTO   UNIDAD,UNIDAD,I
1711,CEFUROXIMA (COMO AXETIL) 500 mg  TABLETA,TABLETA,M
24337,CREATININA CINETICA AUTOMATIZADA  1 DET KIT,KIT,I
41694,"LANCETA DESCARTABLE RETRACTIL 23 G GRADUABLE X 1.3 mm, 1.8 mm , 2.3 mm   UNIDAD",UNIDAD,I
30498,GEL ANTIBACTERIAL PARA MANOS  1 L UNIDAD,UNIDAD,I
25510,PLACA DE RECONSTRUCCION ANGULADA DERECHA 24 AGUJEROS X 3.2 mm   UNIDAD,UNIDAD,I
6385,VACUNA CONTRA LA HEPATITIS A 720 UI/0.5 mL 1 DOSIS INYECTABLE,INYECTABLE,M
38284,GASA ESTERIL 10 x 10 cm x 16 PLIEGUES x 5 UNI   UNIDAD,UNIDAD,I
3713,FUROSEMIDA 40 mg  TABLETA,TABLETA,M
16656,"JERINGA DESCARTABLE 1 mL CON AGUJA 25 G X 5/8""   UNIDAD",UNIDAD,I
47270,PAPEL TOALLA DOBLE HOJA BLANCO  200 HOJAS UNIDAD,UNIDAD,I
5601,PRIMAQUINA FOSFATO 7.5 mg  TABLETA,TABLETA,M
5634,PROPRANOLOL CLORHIDRATO 40 mg  TABLETA,TABLETA,M
32905,ACIDO SULFOSALICILICO 3% 500 mL UNIDAD,UNIDAD,I
31180,EQUIPO CPAP DESCARTABLE Nº 3.5   UNIDAD,UNIDAD,I
28300,PAPEL ARTICULAR 1 ARCADA X 6   UNIDAD,UNIDAD,I
21358,FRASCO DE PLASTICO ESTERIL PARA UROCULTIVO X 100 mL   UNIDAD,UNIDAD,I
10440,CAPSULA DE GELATINA DURA PARA PRODUCTOS FARMACEUTICOS Nº 4   UNIDAD,UNIDAD,I
40177,MASCARA LARINGEA DESCARTABLE CON ACCESO GASTRICO + INTUBACION N° 1   UNIDAD,UNIDAD,I
20479,FLUOR GEL ACIDULADO 1.23 % 200 mL UNIDAD,UNIDAD,I
4338,LATANOPROST (SOLUCION OFTALMICA) 50 ug/mL (0.005 %) 2.5 mL SOLUCION,SOLUCION,M
3223,ESPIRONOLACTONA 100 mg  TABLETA,TABLETA,M
26030,PROBETA DE VIDRIO CLASE A GRADUADA 1 L 				   UNIDAD,UNIDAD,I
39073,TUBO DE ENSAYO DE VIDRIO BOROSILICATO 12 mm x 75 mm   UNIDAD,UNIDAD,I
22233,ZINC SULFATO 20 mg de Zn  TABLETA,TABLETA,M
53451,ETAMBUTOL CLORHIDRATO 100 mg  TABLETA,TABLETA,M
49647,ALCOHOL ISOPROPILICO (ISOPROPANOL) P.A.  250 mL UNIDAD,UNIDAD,I
33891,MICROCUBETA DESCARTABLE PARA HEMOGLOBINOMETRO HEMOCUE HB 201   UNIDAD,UNIDAD,I
31976,ALUMINIO HIDROXIDO + MAGNESIO HIDROXIDO 400 + 400 mg/5 mL 120 mL SUSPENSION,SUSPENSION,M
31606,"GEL PARA EXAMEN DE ULTRASONIDO ECOGRAFIA  3,785 L SOLUCION",SOLUCION,I
24179,PRUEBA RAPIDA PARA DETECTAR SANGRE OCULTA EN HECES  1 DET UNIDAD,UNIDAD,I
25201,LINEA DE INFUSION CON CASETERA Y BURETA PARA BOMBA DE INFUSION X 150 mL   UNIDAD,UNIDAD,I
16460,FRESA DE DIAMANTE DE ALTA VELOCIDAD TRONCO CONICA PEQUEÑA   UNIDAD,UNIDAD,I
26034,SUSTANCIA PARA SISTEMA EMBOLIZANTE X 6 mL   UNIDAD,UNIDAD,I
1837,CIPROFLOXACINO (COMO LACTATO) 200 mg 100 mL INYECTABLE,INYECTABLE,M
19719,"CATETER ENDOVENOSO PERIFERICO Nº 24 G X 3/4"" CON DISPOSITIVO DE BIOSEGURIDAD   UNIDAD",UNIDAD,I
24756,BARRA DE FIJACION ESTERNAL 15 in   UNIDAD,UNIDAD,I
30125,VALVULA CARDIACA AORTICA BIOLOGICA Nº 25   UNIDAD,UNIDAD,I
19491,MANDILON DESCARTABLE TALLA L   UNIDAD,UNIDAD,I
17083,SONDA VESICAL TIPO NELATON N° 14   UNIDAD,UNIDAD,I
52225,TRIGLICERIDOS COLORIMETRICA X DETERMINACION   UNIDAD,UNIDAD,I
26626,ESCOBILLA DE NAILON PARA LAVAR TUBOS DE 12 mm X 75 mm   UNIDAD,UNIDAD,I
35046,DILUYENTE PARA VACUNA CONTRA SARAMPION Y RUBEOLA (SR)  1 DOSIS INYECTABLE,INYECTABLE,M
53037,GAS HERAFLUORURO DE AZUFRE (SF6)  M3 UNIDAD,UNIDAD,I
20594,TRANSAMINASA GLUTAMICA PIRUVICA (TGP) CINETICA  1 DET UNIDAD,UNIDAD,I
22095,ESPATULA-CITOCEPILLO CON ENVOLTURA INDIVIDUAL   UNIDAD,UNIDAD,I
32670,PRUEBA RAPIDA PARA HEPATITIS C  1 DET KIT,KIT,I
54003,VACUNA ANTITUBERCULOSA (BCG)  20 DOSIS INYECTABLE,INYECTABLE,M
48376,GEL DE TRANSMISION PARA TERAPIA Y DIAGNOSTICO ULTRASONIDO X 5 L   UNIDAD,UNIDAD,I
23306,PAPEL TIPO PARAFILM 10 cm X 76 m   UNIDAD,UNIDAD,I
24334,CAJA DE BIOSEGURIDAD DE CARTON X 5 L   UNIDAD,UNIDAD,I
25984,TORNILLO CORTICAL 2.3 mm X 10 mm   UNIDAD,UNIDAD,I
43605,CONTENEDOR DE PLASTICO DE BIOSEGURIDAD PARA RESIDUOS CITOSTATICOS DE 7.6 L  UNID UNIDAD,UNIDAD,I
18349,TALIDOMIDA 100 mg  TABLETA,TABLETA,M
1248,BISACODILO 5 mg  TABLETA,TABLETA,M
1358,BUDESONIDA 200 µg/DOSIS 200 DOSIS AEROSOL,AEROSOL,M
24276,FRASCO ESTERIL CON TAPA PARA MUESTRA DE ORINA 120 mL   UNIDAD,UNIDAD,I
33681,BARRA DE FIJACION RECTA DE CROMO COBALTO 5.5 mm X 60 cm   UNIDAD,UNIDAD,I
41430,PRUEBA RAPIDA PARA VIH SIFILIS  25 DET KIT,KIT,I
53773,INJERTO VASCULAR ANILLADO DE PTFE 8 mm X 80 cm   UNIDAD,UNIDAD,I
32760,IONOMERO DE VIDRIO FOTOCURABLE PARA BASE (PASTA) 2.5 g + JERINGA   KIT,KIT,I
24840,TEST DE PROTEINA C REACTIVA LATEX DIRECTO  100 DET KIT,KIT,I
16283,"TUBO DE DRENAJE PEN ROSE 1/2"" X 18""   UNIDAD",UNIDAD,I
41658,GLUCOSA ANHIDRA P.A.  75 g UNIDAD,UNIDAD,I
50814,VACUNA ANTIRRABICA HUMANA INACTIVADA (ANTIGENO PITMAN MOORE CEPA 3218-VERO) 2.5 UI 1 DOSIS INYECTABLE,INYECTABLE,M
3513,ACIDO FOLICO + FERROSO SULFATO (Equiv. de Hierro elemental) 400 µg + 60 mg Fe  TABLETA,TABLETA,M
20455,TIRA REACTIVA PARA ORINA DE 11 PARAMETROS  100 DET KIT,KIT,I
1242,BIPERIDENO LACTATO 5 mg/mL 1 mL INYECTABLE,INYECTABLE,M
33556,CREATININA CINETICA  1 DET KIT,KIT,I
8013,AGUA PARA INYECCION  1 L INYECTABLE,INYECTABLE,M
26770,FACTOR REUMATOIDEO LATEX  100 DET KIT,KIT,I
12808,"VENDA ELASTICA 6"" X 5 yd   UNIDAD",UNIDAD,I
6002,SULFAMETOXAZOL + TRIMETOPRIMA 400 mg + 80 mg  TABLETA,TABLETA,M
5021,NIFEDIPINO (TABLETA DE LIBERACION MODIFICADA) 30 mg  TABLETA,TABLETA,M
34431,TUBO PARA EXTRACCION DE SANGRE CON SISTEMA DE VACIO DE POLIPROPILENO DE 5 mL CON ACTIVADOR DE COAGULO   UNIDAD,UNIDAD,I
38785,DOLUTEGRAVIR 50 mg  TABLETA,TABLETA,M
38849,FORMULA MODULAR PROTEICA LIQUIDA  960 mL UNIDAD,UNIDAD,I
5688,RIFAMPICINA 300 mg  TABLETA,TABLETA,M
37188,CATETER DE DRENAJE PERCUTANEO 10.2 FR   UNIDAD,UNIDAD,I
20035,CETILPIRIDINIO CLORURO + CLORHEXIDINA DIGLUCONATO (COLUTORIO) 50 mg + 120 mg/100 mL 5 L SOLUCION,SOLUCION,I
11768,RESINA FOTOCURABLE KIT (AC. GRABADOR + COMPONENTE) 4 JERINGAS/4 g   UNIDAD,UNIDAD,I
39992,PRUEBA RAPIDA PARA HEPATITIS B  1 DET KIT,KIT,I
2752,DIAZEPAM 5 mg/mL 2 mL INYECTABLE,INYECTABLE,M
22321,DISCO DE SENSIBILIDAD DE COLISTIN 10 ug 50 DISCOS UNIDAD,UNIDAD,I
25008,GUANTE PARA EXAMEN DESCARTABLE TALLA S   UNIDAD,UNIDAD,I
52893,KIT PCR EN TIEMPO REAL PARA DETECCION Y RESISTENCIA A RIFAMPICINA DE MYCOBACTERIUM TUBERCULOSIS X DET   UNIDAD,UNIDAD,I
38085,ATAZANAVIR + RITONAVIR 300 mg + 100 mg  TABLETA,TABLETA,M
24760,ORFENADRINA CITRATO(TABLETA LIBERACION MODIFICADA) 100 mg  TABLETA,TABLETA,M
25583,TUBO ENDOTRAQUEAL DESCARTABLE Nº 8.5 CON BALON   UNIDAD,UNIDAD,I
5877,SODIO CLORURO 900 mg/100 mL (0.9 %) 20 mL INYECTABLE,INYECTABLE,M
19067,DIMETIL SULFOXIDO  100 mL SOLUCION,SOLUCION,I
28294,SELLANTE DE FOSAS Y FISURAS FOTOCURABLE X 2.5 g   KIT,KIT,I
37560,PLACA LCP DE 10 AGUJEROS X 3.5/4.5 mm PARA PERONE DISTAL   UNIDAD,UNIDAD,I
25360,TORNILLO DE TITANIO 2.0 mm X 10 mm   UNIDAD,UNIDAD,I
11198,GRUPO SANGUINEO (ANTI A-B-D FACTOR RH)   KIT,KIT,I
25256,CUCHILLETE DESCARTABLE DE INCISION PARA PARECENTESIS DE 1.20 mm   UNIDAD,UNIDAD,I
13024,DILUYENTE PARA VACUNA ANTITUBERCULOSA (BCG)  10 DOSIS INYECTABLE,INYECTABLE,M
53635,PAPEL TOALLA HOJA SIMPLE BLANCO  300 m X 2 UNIDAD,UNIDAD,I
32873,PUNCH PARA BIOPSIA DE PIEL Nº 5   UNIDAD,UNIDAD,I
42889,AGAR BASE GC  X 500 g UNIDAD,UNIDAD,I
670,AMITRIPTILINA CLORHIDRATO 25 mg  TABLETA,TABLETA,M
44974,ANTICUERPO MONOCLONAL CD 22 CON ALLOFICOCIANINA  0.5 mL UNIDAD,UNIDAD,I
41364,GUANTE PARA EXAMEN DESCARTABLE DE NITRILO SIN POLVO TALLA S   UNIDAD,UNIDAD,I
4805,METRONIDAZOL 500 mg  TABLETA,TABLETA,M
47256,"PRUEBA RAPIDA CUALITATIVA PARA COCAINA,MARIHUANA Y BENZODIAZEPINAS EN ORINA  1 DETERMINACION UNIDAD",UNIDAD,I
35640,SUTURA DE POLIPROPILENO AZUL MONOFILAMENTO 5/0 C/DOBLE AGUJA 3/8 CIRCULO REDONDA 9.3 mm X 60 cm   UNIDAD,UNIDAD,I
22750,CURETA PARA DENTINA BIACTIVA MEDIANA   UNIDAD,UNIDAD,I
19223,FERROSO SULFATO HEPTAHIDRATO 25 mg de Fe/mL 20 mL SOLUCION,SOLUCION,M
18694,SUTURA SEDA NEGRA TRENZADA 4/0 C/A 3/8 CIRCULO CORTANTE 20 mm X 75 cm   UNIDAD,UNIDAD,I
10992,ESPATULA PARA RESINA DOBLE PARTE ACTIVA   UNIDAD,UNIDAD,I
3234,ESTRADIOL CIPIONATO + MEDROXIPROGESTERONA ACETATO 5 mg + 25 mg/0.5 mL 0.5 mL INYECTABLE,INYECTABLE,M
18101,YODO POVIDONA (ESPUMA) 7.5 g/100 mL 120 mL SOLUCION,SOLUCION,M
4982,NAPROXENO 500 mg  TABLETA,TABLETA,M
37072,INYECTOR DE ESCLEROTERAPIA DE 2.8 mm X 230 cm CON AGUJA Nº 21 G X 5 mm DESCARTABLE PARA GASTROSCOPIO   UNIDAD,UNIDAD,I
36792,LAMINILLA CUBRE OBJETO 22 mm X 22 mm X 200   UNIDAD,UNIDAD,I
1053,BENZOATO DE BENCILO 25 g/100 mL (25 %) 120 mL LOCION,LOCION,M
41014,CALIBRADOR DE QUIMICA CLINICA 5 mL   UNIDAD,UNIDAD,I
21442,DISCO DE SENSIBILIDAD DE LEVOFLOXACINO 5 ug 50 DISCOS UNIDAD,UNIDAD,I
16871,PIEDRA ARKANSAS ALTA VELOCIDAD FLAMA   UNIDAD,UNIDAD,I
39083,"JERINGA DESCARTABLE DE INSULINA 0.5 mL CON AGUJA 31 G x 15/64""   UNIDAD",UNIDAD,I
10419,CANULA BINASAL PARA OXIGENO PEDIATRICO   UNIDAD,UNIDAD,I
53155,KIT DE CINTA MATRIZ METALICA PREFORMADA X 50 + 2 ANILLOS METALICOS   UNIDAD,UNIDAD,I
4254,KETOROLACO 10 mg  TABLETA,TABLETA,M
3215,ESCOPOLAMINA N-BUTILBROMURO 10 mg  TABLETA,TABLETA,M
39198,TUBO DE DRENAJE TORAXICO Nº 24   UNIDAD,UNIDAD,I
22129,RESINA FLUIDA A3 X 2 g   UNIDAD,UNIDAD,I
16885,PLACA DCP RECTA LIVIANA (ESTRECHA) DE 06 AGUJEROS X 3.5 mm   UNIDAD,UNIDAD,I
31509,CAUCHO PARA PULIR RESINA   UNIDAD,UNIDAD,I
35040,OMEPRAZOL (TABLETA DE LIBERACION MODIFICADA) 20 mg  TABLETA,TABLETA,M
22933,REVELADOR DE PLACA BACTERIANA LIQUIDO  10 mL UNIDAD,UNIDAD,I
33481,MICROCUBETA DESCARTABLE PARA HEMOGLOBINOMETRO HEMOCONTROL   UNIDAD,UNIDAD,I
28776,PRUEBA RAPIDA PARA VIH 1-2 y SIFILIS  25 DET KIT,KIT,I
54290,APOSITO HEMOSTATICO EN PASTA - 10 g UNIDAD,UNIDAD,I
21624,COLESTEROL TOTAL ENZIMATICO  1 DET KIT,KIT,I
20085,SONDA NASOGASTRICA DE SILICONA Nº 10   UNIDAD,UNIDAD,I
6502,WARFARINA SODICA 5 mg  TABLETA,TABLETA,M
38553,TUBO PARA EXTRACCION DE SANGRE CON SISTEMA DE VACIO DE POLIPROPILENO DE 5 mL CON GEL SEPARADOR X 100   UNIDAD,UNIDAD,I
30664,TIRA REACTIVA PARA GLUCOMETRO  50 DET UNIDAD,UNIDAD,I
33268,RETRACTOR DE HERIDAS RIGIDO DESCARTABLE TALLA XL   UNIDAD,UNIDAD,I
22756,CAMPO DESCARTABLE DE PAPEL ABSORBENTE PLASTIFICADO 30 cm X 50 cm X 500   UNIDAD,UNIDAD,I
12332,SUTURA SEDA NEGRA 4/0 C/A 3/8 CIRCULO CORTANTE 15 mm X 75 cm   UNIDAD,UNIDAD,I
10877,ELEVADOR RECTO PLANO DELGADO   UNIDAD,UNIDAD,I
3519,FERROSO SULFATO 75 mg (Equiv. 15 mg Fe)/5 mL 180 mL JARABE,JARABE,M
1012,BECLOMETASONA DIPROPIONATO 50 µg/DOSIS 200 DOSIS AEROSOL,AEROSOL,M
6231,TRAMADOL CLORHIDRATO 50 mg/mL 1 mL INYECTABLE,INYECTABLE,M
3078,ENALAPRIL MALEATO 10 mg  TABLETA,TABLETA,M
16601,HOJA DE BISTURI DESCARTABLE Nº 20   UNIDAD,UNIDAD,I
26413,"HISOPO DE ALGODON CON MANGO DE MADERA 6"" X 100   UNIDAD",UNIDAD,I
25825,ATACADOR PARA CEMENTO CON ESPATULA DE ACERO QUIRURGICO   UNIDAD,UNIDAD,I
1925,CLARITROMICINA 250 mg/5 mL 60 mL SUSPENSION,SUSPENSION,M
50195,KIT RESINA ACIDO GRABADOR GEL 37 % JERINGA 2.5 mL  X 3 UNIDADES UNIDAD,UNIDAD,I
24345,GAMMA GLUTAMIL TRANSPEPTIDASA AUTOMATIZADA  1 DET KIT,KIT,I
5590,PREDNISONA 50 mg  TABLETA,TABLETA,M
5491,PIRIDOXINA CLORHIDRATO 50 mg  TABLETA,TABLETA,M
5689,RIFAPENTINA 150 mg  TABLETA,TABLETA,M
25009,GUANTE PARA EXAMEN DESCARTABLE TALLA L   UNIDAD,UNIDAD,I
32537,SELLANTE DE FOSAS Y FISURAS FOTOCURABLE X 1.25 g   KIT,KIT,I
16572,GUANTE QUIRURGICO ESTERIL DESCARTABLE Nº 8   PAR,PAR,I
36860,APLICADOR DE ADHESIVO DENTAL X 100 UNIDADES   UNIDAD,UNIDAD,I
25349,FLUOR BARNIZ  0.4 mL UNIDAD,UNIDAD,I
4511,LORATADINA 5 mg/5 mL 60 mL JARABE,JARABE,M
2149,CLORFENAMINA MALEATO 4 mg  TABLETA,TABLETA,M
1243,BIPERIDENO CLORHIDRATO 2 mg  TABLETA,TABLETA,M
18931,BOTA DESCARTABLE PARA CIRUJANO CUBRE CALZADO (PAR)   UNIDAD,UNIDAD,I
51574,CATETER GUIA PARA EMBOLIZACION 6 FR X 95 cm   UNIDAD,UNIDAD,I
3595,FLUCONAZOL 150 mg  TABLETA,TABLETA,M
5018,NIFEDIPINO 10 mg  TABLETA,TABLETA,M
19652,CAPSULA DE GELATINA DURA PARA PRODUCTOS FARMACEUTICOS Nº 3   UNIDAD,UNIDAD,I
8008,AGUA PARA INYECCION  5 mL INYECTABLE,INYECTABLE,M
22035,PASTA DENTIFRICA MEDICADA  90 g UNIDAD,UNIDAD,I
4385,LEVOTIROXINA SODICA 50 µg (0.05 mg)  TABLETA,TABLETA,M
31858,"JERINGA DESCARTABLE 1 mL CON AGUJA 25 G X 5/8"" RETRACTIL   UNIDAD",UNIDAD,I
15711,CATETER TORAXICO RECTO Nº 32   UNIDAD,UNIDAD,I
11394,LAPIZ DE CERA PARA MARCAR VIDRIO   UNIDAD,UNIDAD,I
28414,AGUJA HUBER N° 22 G X 17 mm   UNIDAD,UNIDAD,I
20810,BENCINA RECTIFICADA  1 L SOLUCION,SOLUCION,I
40028,ACIDO FIJADOR DENTAL  1 L UNIDAD,UNIDAD,I
22599,SONDA TRANSPILORICA CON MANDRIL Y LASTRE Nº 12   UNIDAD,UNIDAD,I
35531,"KIT PARA RECUENTO DE LINFOCITOS CD4, CD8, CD3  50 DET UNIDAD",UNIDAD,I
36717,AEROCAMARA DE PLASTICO LACTANTE   UNIDAD,UNIDAD,I
5872,SODIO CLORURO 900 mg/100 mL (0.9 %) 100 mL INYECTABLE,INYECTABLE,M
23438,LIDOCAINA CLORHIDRATO + EPINEFRINA 20 mg + 12.5  µg/mL 1.8 mL INYECTABLE,INYECTABLE,M
5475,PIRAZINAMIDA 500 mg  TABLETA,TABLETA,M
49426,PELICULA RADIOGRAFICA DIGITAL 8 in X 10 in  X 150 UNIDAD,UNIDAD,I
34957,IMPLANTE DE TEJIDO OSEO DE ORIGEN HUMANO DIAFISIS FEMORAL 198 mm -113 mm   UNIDAD,UNIDAD,I
903,ATORVASTATINA (COMO SAL CALCICA) 20 mg  TABLETA,TABLETA,M
23537,TORNILLO ESPONJOSO 4.0 mm X 40 mm   UNIDAD,UNIDAD,I
19772,PASTA YODOFORMADA DENTAL (HIDROXIDO DE CALCIO + YODOFORMO + ACEITE DE SILICON)  12 g KIT,KIT,I
34086,PLASTILINA PARA SELLADO DE HEMATOCRITO X 10   UNIDAD,UNIDAD,I
26475,LINEA PARA BOMBA INFUSORA CON VOLUTROL   UNIDAD,UNIDAD,I
23523,"AGUJA EPIDURAL DESCARTABLE N° 18 G X 3 1/4""   UNIDAD",UNIDAD,I
25122,ESPECULO VAGINAL DESCARTABLE MEDIANO   UNIDAD,UNIDAD,I
36576,FRASCO DE VIDRIO COLOR AMBAR CON TAPA 60 mL   UNIDAD,UNIDAD,I
31100,PRUEBA RAPIDA PARA VIH 1-2 Y SIFILIS  1 DET KIT,KIT,I
1930,CLARITROMICINA 500 mg  TABLETA,TABLETA,M
143,ACICLOVIR 200 mg  TABLETA,TABLETA,M
939,AZITROMICINA 200 mg/5 mL 60 mL SUSPENSION,SUSPENSION,M
6019,SULPIRIDA 200 mg  TABLETA,TABLETA,M
18993,GASA ESTERIL 7.5 cm X 7.5 cm   UNIDAD,UNIDAD,I
3560,HIERRO POLIMALTOSA 50 mg/mL 30 mL SOLUCION,SOLUCION,M
11370,"JERINGA DESCARTABLE 5 mL CON AGUJA 21 G X 1 1/2""   UNIDAD",UNIDAD,I
28503,TUBO DE LATEX AMBAR 1/8 in X 1/32 in X 15 m   UNIDAD,UNIDAD,I
5335,PARACETAMOL 500 mg  TABLETA,TABLETA,M
16776,MASCARA DE OXIGENO DESCARTABLE PARA NEBULIZACION PEDIATRICO   UNIDAD,UNIDAD,I
750,AMOXICILINA + ACIDO CLAVULANICO (COMO SAL POTASICA) 500 mg + 125 mg  TABLETA,TABLETA,M
6519,YODO POVIDONA 10 g/100 mL 120 mL SOLUCION,SOLUCION,M
36872,RESINA FOTOCURABLE A2 X 4 g   UNIDAD,UNIDAD,I
18522,APOSITO DE GASA Y ALGODON ESTERIL 10 cm X 10 cm   UNIDAD,UNIDAD,I
30666,FLUOR BARNIZ  0.5 mL UNIDAD,UNIDAD,I
30771,CREATININA CINETICA  100 DET KIT,KIT,I
41991,MICROGUIA 0.014 in X 200 cm  UNI UNIDAD,UNIDAD,I
40735,FORMULA ENTERAL POLIMERICA ADULTO  440 g POLVO,POLVO,I
35080,PASTA DENTIFRICA X 75 mL   UNIDAD,UNIDAD,I
26420,ABIRATERONA (COMO ACETATO) 250 mg  TABLETA,TABLETA,M
18520,"VACUNA RECOMBINANTE TETRAVALENTE CONTRA VIRUS DEL PAPILOMA HUMANO TIPO 6, 11, 16 Y 18 (VPH)  0.5 mL INYECTABLE",INYECTABLE,M
3787,DEXTROSA 333 mg/mL (33 %) 20 mL INYECTABLE,INYECTABLE,M
21735,ALCOHOL YODADO 1 g/100 mL 1 L SOLUCION,SOLUCION,M
31704,PIEDRA ARKANSAS FISURA   UNIDAD,UNIDAD,I
3536,FERROSO SULFATO 25 mg de Fe/mL 30 mL SOLUCION,SOLUCION,M
10278,"KIT ANTIGENO FEBRILES PARATIFICO (A,B) TIFICO (H,O) Y BRUCELLA	  5 FRASCOS  X 5 mL KIT",KIT,I
16478,FRESA DE DIAMANTE DE ALTA VELOCIDAD REDONDA CHICA   UNIDAD,UNIDAD,I
22710,ESPECULO VAGINAL DESCARTABLE GRANDE   UNIDAD,UNIDAD,I
22187,INSULINA ISOFANA HUMANA (NPH) ADN RECOMBINANTE 100 UI/mL 10 mL INYECTABLE,INYECTABLE,M
1532,CARBAMAZEPINA 200 mg  TABLETA,TABLETA,M
28551,HIERRO POLIMALTOSA 50 mg/mL 20 mL SOLUCION,SOLUCION,M
36413,AEROCAMARA DE PLASTICO PEDIATRICO   UNIDAD,UNIDAD,I
41339,GUANTE PARA EXAMEN DESCARTABLE DE NITRILO SIN POLVO TALLA M X 100   UNIDAD,UNIDAD,I
33540,KIT DE AFERESIS PARA OBTENCION DE PLAQUETAS CON FILTRO LEUCOREDUCTOR   KIT,KIT,I
830,AMPICILINA SODICA 1 g  INYECTABLE,INYECTABLE,M
31293,BOTADOR PATA DE CABRA DERECHO Nº 26   UNIDAD,UNIDAD,I
26362,HIDROCORTISONA (COMO SUCCINATO SODICO) 100 mg  INYECTABLE,INYECTABLE,M
1964,CLINDAMICINA (COMO CLORHIDRATO) 300 mg  TABLETA,TABLETA,M
30456,"ANTIESTREPTOLISINA ""O"" (ASO LATEX)  100 DET UNIDAD",UNIDAD,I
11085,FRESA DE DIAMANTE DE ALTA VELOCIDAD CILINDRICA GRANDE   UNIDAD,UNIDAD,I
44775,ACIDO ACETICO P.A. 5% 120 mL UNIDAD,UNIDAD,I
10246,ALGODON HIDROFILO  25 g UNIDAD,UNIDAD,I
35343,"MANDIL DESCARTABLE NO ESTERIL TALLA ""L""   UNIDAD",UNIDAD,I
23141,TIRA REACTIVA PARA GLUCOMETRO PORTATIL  50 DET UNIDAD,UNIDAD,I
3718,GABAPENTINA 300 mg  TABLETA,TABLETA,M
28984,TUBO PARA EXTRACCION DE SANGRE CON SISTEMA DE VACIO DE POLIPROPILENO DE 6 mL CON EDTA DIPOTASICO   UNIDAD,UNIDAD,I
31340,TUBO PARA EXTRACCION DE SANGRE CON SISTEMA DE VACIO DE POLIPROPILENO DE 3 mL CON EDTA DIPOTASICO   UNIDAD,UNIDAD,I
18726,GORRO DESCARTABLE DE ENFERMERA   UNIDAD,UNIDAD,I
17766,TENOFOVIR 300 mg  TABLETA,TABLETA,M
38761,FRASCO DE POLIMERO DE ASPIRACION COMPLETO PARA ASPIRADORA DE SECRECIONES x 1 L   UNIDAD,UNIDAD,I
31839,"PRUEBA RAPIDA PARA DETECCION DE DENGUE (IgM, IgG Y ANTIGENO) TIPO CASSETTE  30 DET UNIDAD",UNIDAD,I
20622,BROMURO DE IPRATROPIO 20 µg/Dosis 200 DOSIS AEROSOL,AEROSOL,M
42277,PRUEBA RAPIDA PARA HELICOBACTER PYLORI EN SUERO   UNIDAD,UNIDAD,I
6377,VACUNA ANTIAMARILICA 1000 DIT/0.5 mL 10 DOSIS INYECTABLE,INYECTABLE,M
41485,GUANTE PARA EXAMEN DESCARTABLE DE NITRILO SIN POLVO TALLA L   UNIDAD,UNIDAD,I
1029,BENCILPENICILINA PROCAINICA 1000000 UI  INYECTABLE,INYECTABLE,M
29029,IONOMERO DE VIDRIO FOTOCURABLE PARA BASE (LIQUIDO 2.5 mL)   KIT,KIT,I
17705,PRUEBA RAPIDA PARA VIH 1-2  1 DET KIT,KIT,I
16774,MASCARA DE OXIGENO DESCARTABLE PARA NEBULIZACION ADULTO   UNIDAD,UNIDAD,I
46577,CONTENEDOR DE POLIPROPILENO DE BIOSEGURIDAD PORTATIL DE 1 L   UNIDAD,UNIDAD,I
18158,CEFTRIAXONA SODICA (COMO SAL SODICA) CON DILUYENTE 1 g  INYECTABLE,INYECTABLE,M
24970,PAÑAL DESCARTABLE TIPO CALZON PARA NIÑO TALLA XXG   UNIDAD,UNIDAD,I
31025,CEPILLO DENTAL PARA ADULTO SUAVE   UNIDAD,UNIDAD,I
25882,TIPS PARA MICROPIPETA 1 uL - 200 uL X 1000   UNIDAD,UNIDAD,I
24729,BILIRRUBINA TOTAL AUTOMATIZADO  1 DET UNIDAD,UNIDAD,I
32560,REACTIVO THEVENON X 250 mL X 3 FRASCOS   KIT,KIT,I
23313,KIT DE FRASCOS DE PLASTICO DE 3 cm DIAMETRO X 7.5 cm ALTURA Y ESPATULA PARA EXAMEN SERIADO DE HECES   KIT,KIT,I
29904,TORNILLO DE COMPRESION AUTOPERFORANTE HCS 2.4 mm X 20 mm   UNIDAD,UNIDAD,I
10929,EQUIPO DE VENOCLISIS   UNIDAD,UNIDAD,I
259,ALBENDAZOL 100 mg/5 mL 20 mL SUSPENSION,SUSPENSION,M
29155,CEPILLO DENTAL PARA NIÑO CERDA SUAVE   UNIDAD,UNIDAD,I
18291,BENCILPENICILINA PROCAINICA CON DILUYENTE 1000000 UI  INYECTABLE,INYECTABLE,M
10363,BOLSA COLECTORA DE ORINA X 2 L   UNIDAD,UNIDAD,I
34303,MASCARA DE OXIGENO CON RESERVORIO PARA ADULTO   UNIDAD,UNIDAD,I
4582,MEBENDAZOL 100 mg/5 mL 30 mL SUSPENSION,SUSPENSION,M
51655,APOSITO DE MEMBRANA BIOCELULOSA BACTERIANA PARA EPITELIZACION 18 CM X 23 CM   UNIDAD,UNIDAD,I
20515,SUTURA SEDA NEGRA TRENZADA 3/0 C/A 3/8 CIRCULO CORTANTE 30 mm X 75 cm   UNIDAD,UNIDAD,I
44853,FOSFATO DE CLOROQUINA 250 mg (Equiv a 155 mg de Cloroquina)  TABLETA,TABLETA,M
36271,"JERINGA DESCARTABLE 1 mL CON AGUJA 25 G X 1"" RETRACTIL   UNIDAD",UNIDAD,I
26506,BOTADOR ANGULADO IZQUIERDO   UNIDAD,UNIDAD,I
28661,CARTUCHO PARA ANALIZADOR DE GASES ARTERIALES Y ELECTROLITOS EG7+   UNIDAD,UNIDAD,I
48446,DESINFECTANTE AMONIO CUATERNARIO DE QUINTA GENERACION  X 750 mL UNIDAD,UNIDAD,I
24867,SET INSTRUMENTAL PARA TECNICA PRAT (PRACTICA DE RESTAURACION ATRAUMATICA) X 3 PIEZAS   SET,SET,I
54789,KIT PCR EN TIEMPO REAL PARA DETECCION DE MYCOBACTERIUM TUBERCULOSIS - X DETERMINACION UNIDAD,UNIDAD,I
39096,GASA 10 cm x 10 cm 8 PLIEGUES x 5 UNIDADES   UNIDAD,UNIDAD,I
33881,TUBO PARA EXTRACCION DE SANGRE CON SISTEMA DE VACIO DE POLIPROPILENO DE 1 mL CON EDTA DIPOTASICO   UNIDAD,UNIDAD,I
22942,TUBO PARA EXTRACCION DE SANGRE CON SISTEMA DE VACIO DE POLIPROPILENO DE 4 mL CON EDTA DIPOTASICO   UNIDAD,UNIDAD,I
15336,CANULA BINASAL PARA OXIGENO NEONATO   UNIDAD,UNIDAD,I
30854,CATETER EPIDURAL Nº 20 G X 100 cm   UNIDAD,UNIDAD,I
4168,ISONIAZIDA 100 mg  TABLETA,TABLETA,M
29891,LENTE DE PROTECCION DE POLICARBONATO   UNIDAD,UNIDAD,I
91,ACIDO ACETILSALICILICO 100 mg  TABLETA,TABLETA,M
1639,CEFAZOLINA (COMO SAL SODICA) 1 g  INYECTABLE,INYECTABLE,M
6538,YODO POVIDONA 10 g/100 mL 60 mL SOLUCION,SOLUCION,M
42513,CANULA ADULTO PARA TERAPIA DE ALTO FLUJO TALLA L   UNIDAD,UNIDAD,I
11368,"JERINGA DESCARTABLE 10 mL CON AGUJA 21G X 1 1/2""   UNIDAD",UNIDAD,I
2983,DOCETAXEL 80 mg/2 mL 2 mL INYECTABLE,INYECTABLE,M
51315,CEFTOLOZANO + TAZOBACTAM 1g + 500 mg  INYECTABLE,INYECTABLE,M
38416,KIT PARA RASTREO DE ANTICUERPOS IRREGULARES ANTIERITROCITARIOS  DET KIT,KIT,I
49894,"VACUNA CONTRA COVID-19 (NUCLEOSIDOS MODIFICADOS) (mRNA-1273), MODERNA, FAB. CATALENT INDIANA.LLC-EEUU (SPIKEVAX) 0.10 mg/mL (100 µg/mL) VIAL X 2.5 mL INYECTABLE",INYECTABLE,M
17075,SONDA NASOGASTRICA Nº 16   UNIDAD,UNIDAD,I
20315,BORTEZOMIB 3.5 mg  INYECTABLE,INYECTABLE,M
8166,SOLUCION DE LACTATO SODICO COMPUESTA (LACTATO RINGER)  1 L INYECTABLE,INYECTABLE,M
6285,TRIAMCINOLONA ACETONIDO 50 mg/5 mL 5 mL INYECTABLE,INYECTABLE,M
37219,SET DE CLAVO INTRAMEDULAR DE TITANIO BLOQUEADO PARA TIBIA X 8 PIEZAS   UNIDAD,UNIDAD,I
12809,"VENDA ELASTICA 8"" X 5 yd   UNIDAD",UNIDAD,I
22112,FRESA DE DIAMANTE DE ALTA VELOCIDAD FLAMA CHICA   UNIDAD,UNIDAD,I
3921,HIDROCLOROTIAZIDA 25 mg  TABLETA,TABLETA,M
19166,GELATINA SUCCINALADA 4 g/100 mL 500 mL INYECTABLE,INYECTABLE,M
52788,IONOMERO DE VIDRIO FOTOCURABLE PARA RESTAURACION (POLVO - LIQUIDO 15 g/6.8 mL)   UNIDAD,UNIDAD,I
36873,RESINA FOTOCURABLE A3 X 4 g   UNIDAD,UNIDAD,I
12679,TRIGLICERIDOS ENZIMATICO  100 DET KIT,KIT,I
29527,CATETER ARTERIAL UMBILICAL UN LUMEN 5 FR   UNIDAD,UNIDAD,I
23490,ADHESIVO FOTOCURABLE DE RESINA X 6 mL   UNIDAD,UNIDAD,I
10477,"CATETER ENDOVENOSO PERIFERICO Nº 22 G X 1""   UNIDAD",UNIDAD,I
4752,METOCLOPRAMIDA CLORHIDRATO 10 mg  TABLETA,TABLETA,M
49335,CIRCUITO RESPIRATORIO ADULTO 22 mm X 180 cm   UNIDAD,UNIDAD,I
12008,SUTURA CATGUT CROMICO 0 C/A 1/2 CIRCULO REDONDA 40 mm X 70 cm   UNIDAD,UNIDAD,I
4743,METOCLOPRAMIDA CLORHIDRATO 5 mg/mL 2 mL INYECTABLE,INYECTABLE,M
24336,COLESTEROL HDL DIRECTO AUTOMATIZADO  1 DET KIT,KIT,I
30034,TUBO CAPILAR SIN HEPARINA X 100   UNIDAD,UNIDAD,I
3576,FITOMENADIONA 10 mg/mL 1 mL INYECTABLE,INYECTABLE,M
671,AMLODIPINO (COMO BESILATO) 10 mg  TABLETA,TABLETA,M
24315,PROTESIS QUIRURGICA TOTAL DE HOMBRO   UNIDAD,UNIDAD,I
5586,PREDNISONA 5 mg/5 mL 120 mL JARABE,JARABE,M
25672,LENTE INTRAOCULAR DIOPTRIA 23.5 CAMARA POSTERIOR PLEGABLE 1 PIEZA   UNIDAD,UNIDAD,I
32961,UREA CINETICA  1 DET KIT,KIT,I
34519,PLACA DCP RECTA PESADA (ANCHA) DE 08 AGUJEROS X 4.5 mm   UNIDAD,UNIDAD,I
36412,AEROCAMARA DE PLASTICO ADULTO   UNIDAD,UNIDAD,I
19989,AGAR PAPA DEXTROSA  500 g SOLUCION,SOLUCION,I
23113,GRUPO SANGUINEO (ANTI A-B-D FACTOR RH)  10 mL KIT,KIT,I
4381,LEVOTIROXINA SODICA 100 µg (0.1 mg)  TABLETA,TABLETA,M
20498,BOLSA DE ASPIRACION DE SECRECIONES C/VALVULA Y FILTRO ANTIBACTERIANO 3 L   UNIDAD,UNIDAD,I
5701,RITUXIMAB 500 mg/50 mL 50 mL INYECTABLE,INYECTABLE,M
18225,EQUIPO MICROGOTERO CON CAMARA GRADUADA 150 mL   UNIDAD,UNIDAD,I
38562,TRIGLICERIDOS ENZIMATICO  DET KIT,KIT,I
29856,HIDROXIDO DE CALCIO BASE Y CATALIZADOR 13 g/11 g   KIT,KIT,I
41340,GUANTE PARA EXAMEN DESCARTABLE DE NITRILO SIN POLVO TALLA S X 100  100 UNIDADES UNIDAD,UNIDAD,I
32344,SENSOR DE SATURACION DE OXIGENO PEDIATRICO DESCARTABLE PARA MONITOR MULTIPARAMETRO   UNIDAD,UNIDAD,I
22670,HISOPO CON MANGO DE MADERA 15 cm X 100 UNIDADES   UNIDAD,UNIDAD,I
25729,COLORANTE AZUL DE METILENO  1 L UNIDAD,UNIDAD,I
25659,BROCA DE 13 mm X 9 mm DE DIAMETRO X 75 mm PARA PERFORACION CRANEAL ADULTO   UNIDAD,UNIDAD,I
22071,TORNILLO DE BLOQUEO 3.5 mm X 30 mm   UNIDAD,UNIDAD,I
18373,ESCITALOPRAM 10 mg  TABLETA,TABLETA,M
16862,PEROXIDO DE HIDROGENO (AGUA OXIGENADA 10 V) 3 % 1 L SOLUCION,SOLUCION,M
48910,PLACA BLOQUEADA LC DCP ANCHA 5.0 mm DE 14 AGUJEROS   UNIDAD,UNIDAD,I
18747,CRIOVIAL ESTERIL DESCARTABLE 2 mL   UNIDAD,UNIDAD,I
958,AZTREONAM 1 g  INYECTABLE,INYECTABLE,M
10158,"AGUJA HIPODERMICA DESCARTABLE N° 25 G X 5/8""   UNIDAD",UNIDAD,I
49296,ESPONJA DE GASA 7.5 cm X 7.5 cm X 5   UNIDAD,UNIDAD,I
19918,GASA FRACCIONADA ESTERIL 5 cm X 5 cm 8 PLIEGUES X 5 UNIDADES   UNIDAD,UNIDAD,I
4910,MOXIFLOXACINO (COMO CLORHIDRATO) 400 mg  TABLETA,TABLETA,M
2657,DEXAMETASONA 4 mg  TABLETA,TABLETA,M
41445,TAMSULOSINA CLORHIDRATO (TABLETA DE LIBERACION MODIFICADA) 400 µg (0.4 mg)  TABLETA,TABLETA,M
31031,BENZOCAINA 20 g/100 g 12 g GEL,GEL,M
37055,CANULA DE ASPIRACION MANUAL ENDOUTERINA DESCARTABLE 8 mm   UNIDAD,UNIDAD,I
33876,CATETER VENOSO CENTRAL DOBLE LUMEN DE LARGA PERMANENCIA PARA HEMODIALISIS 14 FR X 28 cm   UNIDAD,UNIDAD,I
12539,TORNILLO CORTICAL 3.5 mm X 18 mm   UNIDAD,UNIDAD,I
3224,ESPIRONOLACTONA 25 mg  TABLETA,TABLETA,M
1009,BECLOMETASONA DIPROPIONATO 250 µg/DOSIS 200 DOSIS AEROSOL,AEROSOL,M
27772,PAPEL LENTE PARA MICROSCOPIO 100 mm X 150 mm X 50 HOJAS   UNIDAD,UNIDAD,I
30500,PANTALON DESCARTABLE TALLA M   UNIDAD,UNIDAD,I
23500,CINTA MATRIZ METALICA DE 7 mm X 50 cm   UNIDAD,UNIDAD,I
1537,CARBIDOPA + LEVODOPA 25 mg + 250 mg  TABLETA,TABLETA,M
17062,SONDA KEHR DESCARTABLE Nº 14   UNIDAD,UNIDAD,I
40244,FIJADOR EXTERNO DE TIBIA   UNIDAD,UNIDAD,I
30818,"AGUJA DENTAL TIPO CARPULE DESCARTABLE Nº 27 G X 1""   UNIDAD",UNIDAD,I
46472,"VACUNA CONTRA COVID-19 (ARNm) nucleosidos modificados, PFIZER, PHARMACIA & UPJOHN COMPANY LLC EEUU(COMIRNATY) 30 ug/ 0.3 mL VIAL 0.45 mL x 6 DOSIS INYECTABLE",INYECTABLE,M
45068,IONOMERO DE VIDRIO FOTOCURABLE PARA RESTAURACION (POLVO - LIQUIDO 5 g/2.5 mL)   UNIDAD,UNIDAD,I
6435,"VACUNA CONTRA DIFTERIA, TETANOS Y TOS FERINA (DPT, TRIPLE)  10 DOSIS INYECTABLE",INYECTABLE,M
48302,ANTICUERPO MONOCLONAL PARA NAPSIN-A (1PG4)  X 1 mL UNIDAD,UNIDAD,I
22105,SUTURA NAILON AZUL MONOFILAMENTO 4/0 C/A 1/2 CIRCULO CORTANTE 20 mm X 75 cm   UNIDAD,UNIDAD,I
29817,CAJA DE CARTON DESCARTABLE PARA MATERIAL PUNZOCORTANTE X 7.5 L   UNIDAD,UNIDAD,I
34010,GORRO QUIRURGICO DESCARTABLE CON ELASTICO   UNIDAD,UNIDAD,I
53879,HISOPO DE ALGODON CON MANGO DE PLASTICO ESTERIL N/A - UNIDAD,UNIDAD,I
16475,FRESA DE DIAMANTE DE ALTA VELOCIDAD FLAMA MEDIANA   UNIDAD,UNIDAD,I
808,AMOXICILINA 500 mg  TABLETA,TABLETA,M
30162,CLIP DE TITANIO PARA COSTILLA IZQUIERDO 45° X 19 mm   UNIDAD,UNIDAD,I
2202,CLOROQUINA (Equivalente a 250 mg de CLOROQUINA FOSFATO) 150 mg  TABLETA,TABLETA,M
18874,CLOPIDOGREL (COMO BISULFATO) 75 mg  TABLETA,TABLETA,M
19677,COMPRESA DE GASA QUIRURGICA 15 cm X 50 cm   UNIDAD,UNIDAD,I
10154,"AGUJA HIPODERMICA DESCARTABLE N° 22 G X 1 1/2""   UNIDAD",UNIDAD,I
42555,AGAR CROMOGENICO PARA ORINA  500 G UNIDAD,UNIDAD,I
30425,CUÑA INTERPROXIMAL DE MADERA PARA ODONTOLOGIA X 100   UNIDAD,UNIDAD,I
4415,LIDOCAINA CLORHIDRATO 2 g/100 g 10 g GEL,GEL,M
16480,FRESA DE DIAMANTE DE ALTA VELOCIDAD REDONDA MEDIANA   UNIDAD,UNIDAD,I
23180,TIRA DE LIJA PARA RESINA X 100   UNIDAD,UNIDAD,I
44230,IONOMERO DE VIDRIO AUTOCURABLE PARA RESTAURACION (POLVO - LIQUIDO 12.5 g/8.5 mL)   UNIDAD,UNIDAD,I
38515,ALCOHOL ETILICO (ETANOL) 96º 1L   UNIDAD,UNIDAD,I
22147,PRUEBA RAPIDA PARA DIAGNOSTICO DE SIFILIS (RPR)  30 DET KIT,KIT,I
10149,"AGUJA HIPODERMICA DESCARTABLE N° 20 G X 1 1/2""   UNIDAD",UNIDAD,I
29721,ESPARADRAPO DE PLASTICO HIPOALERGENICO 5 cm X 9.1 m X 6   UNIDAD,UNIDAD,I
50133,PASTA DENTIFRICA  220 g APROX. UNIDAD,UNIDAD,I
28410,ISONIAZIDA + RIFAMPICINA 150 mg + 150 mg  TABLETA,TABLETA,M
32557,FUCSINA FENICADA  1 L SOLUCION,SOLUCION,I
4666,MEROPENEM 500 mg  INYECTABLE,INYECTABLE,M
20452,LINEA DE EXTENSION OPACA PARA BOMBA DE INFUSION   UNIDAD,UNIDAD,I
23451,TUBO CAPILAR PARA HEMATOCRITO SIN HEPARINA X 100 UNIDADES   UNIDAD,UNIDAD,I
3758,GLIBENCLAMIDA 5 mg  TABLETA,TABLETA,M
19492,MANDILON DESCARTABLE TALLA M   UNIDAD,UNIDAD,I
25983,"DILUYENTE PARA VACUNA ANTIPAROTIDITIS, RUBEOLA Y SARAMPION (SPR)  1 DOSIS INYECTABLE",INYECTABLE,M
11063,FRASCO DE PLASTICO PARA MUESTRA DE HECES DE 30 mL CON TAPA Y ESPATULA   UNIDAD,UNIDAD,I
34310,DISCO DE SENSIBILIDAD DE FURAZOLIDONA 100 µg 50 DISCOS UNIDAD,UNIDAD,I
22713,"ESPARADRAPO HIPOALERGICO (PLASTIFICADO) 2"" X 10 yd   UNIDAD",UNIDAD,I
12419,SUTURA SEDA NEGRA TRENZADA 4/0 C/A 1/2 CIRCULO REDONDA 20 mm X 75 cm   UNIDAD,UNIDAD,I
19462,SUTURA ACIDO POLIGLICOLICO 3/0 C/A 1/2 CIRCULO REDONDA  30 mm x 70 cm   UNIDAD,UNIDAD,I
52460,RITUXIMAB 1400 mg/11.7 ml (120 mg/mL) 11.7 mL INYECTABLE,INYECTABLE,M
22109,OXIDO DE ZINC  45 g POLVO,POLVO,I
33986,CLAVO KIRSCHNER 2.0 mm X 100 mm   UNIDAD,UNIDAD,I
47474,TROCAR TORAXICO RIGIDO DE 5.5 mm DE DIAMETRO DESCARTABLE   UNIDAD,UNIDAD,I
3624,FLUOXETINA (COMO CLORHIDRATO) 20 mg  TABLETA,TABLETA,M
4390,LIDOCAINA CLORHIDRATO SIN PRESERVANTES 2 g/100 mL (2 %) 20 mL INYECTABLE,INYECTABLE,M
673,AMLODIPINO (COMO BESILATO) 5 mg  TABLETA,TABLETA,M
10545,CINTA MATRIZ CELULOIDE RECTA X 50   UNIDAD,UNIDAD,I
6437,"VACUNA ANTIPAROTIDITIS, RUBEOLA Y SARAMPION 700 DCI/0.5 mL 1 DOSIS INYECTABLE",INYECTABLE,M
1205,BETAMETASONA (COMO DIPROPIONATO) 50 mg/100 g (0.05 %) 20 g CREMA,CREMA,M
794,AMOXICILINA 250 mg/5 mL 60 mL SUSPENSION,SUSPENSION,M
4677,METAMIZOL SODICO 1 g 2 mL INYECTABLE,INYECTABLE,M
29020,DILUYENTE PARA VACUNA ANTIAMARILICA (AMA)  10 DOSIS INYECTABLE,INYECTABLE,M
24189,TIRA REACTIVA PARA ORINA DE 11 PARAMETROS   KIT,UNIDAD,I
6420,VACUNA ANTITUBERCULOSA (BCG) 3200000 U/0.1 mL 10 DOSIS INYECTABLE,INYECTABLE,M
10063,AGAR MAC CONKEY  500 g UNIDAD,UNIDAD,I
36418,AGUJA KIRSCHNER 1.8 mm DE DIAMETRO X 150 mm   UNIDAD,UNIDAD,I
26075,ESPECULO VAGINAL DESCARTABLE PEQUEÑO   UNIDAD,UNIDAD,I
41488,GUANTE PARA EXAMEN DESCARTABLE DE NITRILO SIN POLVO TALLA M   UNIDAD,UNIDAD,I
16657,"JERINGA DESCARTABLE 3 mL CON AGUJA 21 G X 1 1/2""   UNIDAD",UNIDAD,I
42837,FRESA DE DIAMANTE DE ALTA VELOCIDAD GRANO GRUESO A526 REDONDA GRANDE  BLISTER X 01 UNIDAD UNIDAD,UNIDAD,I
48046,FORMALINA 10% 1 L UNIDAD,UNIDAD,I
27860,MANGA MIXTA PAPEL Y PLASTICO PARA ESTERILIZACION SIN FUELLE 7.5 cm x 200 m   UNIDAD,UNIDAD,I
12795,"VENDA DE YESO 4"" X 5 yd   UNIDAD",UNIDAD,I
6291,TRIAMCINOLONA ACETONIDO (LOCION) 25 mg/100 mL (0.025 %) 60 mL SOLUCION,SOLUCION,M
3678,FOLINATO CALCICO Equiv. 15 mg ACIDO FOLINICO  TABLETA,TABLETA,M
19357,CANULA PARA TRAQUEOSTOMIA Nº 6 X 62 mm   UNIDAD,UNIDAD,I
47059,PROTESIS TOTAL DE RODILLA SEMI COSTREÑIDA   UNIDAD,UNIDAD,I
43126,CLAVO CEFALO MEDULAR BLOQUEADO PARA FEMUR DE TITANIO 135° 11 mm X 200 mm UNIDAD,UNIDAD,I
45700,GEL ANTIBACTERIAL PARA MANOS  360 mL APROX. UNIDAD,UNIDAD,I
22720,ANTICUERPO ANTI DENGUE IgM ELISA  96 DET KIT,KIT,I
37840,KIT DE ROPA DESCARTABLE PARA PARTO X 6 PIEZAS   UNIDAD,UNIDAD,I
50638,AUDIFONO RETROAURICULAR DIGITAL PROGRAMABLE DE GANANCIA ACUSTICA DE 60 - 80 dB 16 CANALES   UNIDAD,UNIDAD,I
12804,"VENDA ELASTICA 2"" X 5 yd   UNIDAD",UNIDAD,I
32303,JABON GERMICIDA LIQUIDO CON VALVULA PARA DISPENSAR  1 L UNIDAD,UNIDAD,I
31045,ADHESIVO FOTOCURABLE CON AGENTE DE ENLACE X 6 g   UNIDAD,UNIDAD,I
38980,SELLANTE DE FOSAS Y FISURAS FOTOCURABLE x 8 mL (KIT)   UNIDAD,UNIDAD,I
4326,LAMIVUDINA 50 mg/5 mL 240 mL SOLUCION,SOLUCION,M
2309,CLOTRIMAZOL 1 g/100 mL (1 %) 20 mL SOLUCION,SOLUCION,M
10152,"AGUJA HIPODERMICA DESCARTABLE N° 22 G X 1""   UNIDAD",UNIDAD,I
12650,TORNILLO PARA HUESO ESPONJOSO ROSCA TOTAL 6.5mm X 70mm   UNIDAD,UNIDAD,I
36173,KIT DE AFERESIS PARA OBTENCION DE PLASMAFERESIS   UNIDAD,UNIDAD,I
2724,DEXTROMETORFANO BROMHIDRATO 15 mg/5 mL 120 mL JARABE,JARABE,M
145,ACICLOVIR 400 mg  TABLETA,TABLETA,M
1997,CLOMIPRAMINA CLORHIDRATO 25 mg  TABLETA,TABLETA,M
3139,ERGOMETRINA MALEATO 200 µg/mL (0.2 mg/mL) 1 mL INYECTABLE,INYECTABLE,M
27731,CINTA INDICADORA DE ESTERILIZACION A CALOR SECO 1.9 cm x 50 m   UNIDAD,UNIDAD,I
16488,FRESA DE DIAMANTE DE ALTA VELOCIDAD FISURA MEDIANA   UNIDAD,UNIDAD,I
25054,PUNTERA (TIPS) AMARILLA 5 uL - 200 uL   UNIDAD,UNIDAD,I
32251,VACUNA ANTIVARICELA 1350 UFP/0.5 mL 0.7 mL INYECTABLE,INYECTABLE,M
1577,CARVEDILOL 12.5 mg  TABLETA,TABLETA,M
4717,METILPREDNISOLONA (COMO SUCCINATO SODICO) 500 mg 4 mL INYECTABLE,INYECTABLE,M
44228,ALCOHOL ETILICO (ETANOL) 70% 360 mL GEL,GEL,M
4034,IBUPROFENO 400 mg  TABLETA,TABLETA,M
10355,BOLSA COLECTORA DE ORINA X 100 mL   UNIDAD,UNIDAD,I
1044,BENZATINA BENCILPENICILINA 2400000 UI  INYECTABLE,INYECTABLE,M
5253,OXITOCINA 10 UI 1 mL INYECTABLE,INYECTABLE,M
30497,TUBERCULINA - PPD 5 UT/0.1 mL 1 mL INYECTABLE,INYECTABLE,M
26705,KIT DE MATERIAL PARA COLOCACION DE CABESTRILLO SUBURETRAL TRANSOBTURATRIZ TOT X 3 PIEZAS   KIT,KIT,I
54847,"VACUNA CONTRA COVID-19 (mRNA-1273.167), MODERNA, FAB. ROVI PHARMA INDUSTRIAL SERVICES S.A.-ESPAÐA (SPIKEVAX JN.1) 0.1 mg/mL VIAL X 2.5 mL X 5 DOSIS INYECTABLE",INYECTABLE,M
12519,TIRA REACTIVA PARA GLUCOSA EN SANGRE  50 DET KIT,KIT,I
3708,FURAZOLIDONA 100 mg  TABLETA,TABLETA,M
36203,PASTA DENTIFRICA CON FLUOR 1000 ppm - 1500 ppm 90 g UNIDAD,UNIDAD,I
11369,"JERINGA DESCARTABLE 20 mL CON AGUJA 21 G X 1 1/2""   UNIDAD",UNIDAD,I
1788,CICLOSERINA 250 mg  TABLETA,TABLETA,M
33637,PLACA DCP RECTA PESADA (ANCHA) DE 07 AGUJEROS X 4.5 mm   UNIDAD,UNIDAD,I
1467,CALCIO GLUCONATO 100 mg/mL (Equiv. a 8.4 mg/mL de Calc 10 mL INYECTABLE,INYECTABLE,M
1873,CITARABINA (SIN PRESERVANTES) 100 mg  INYECTABLE,INYECTABLE,M
20563,SUTURA NAILON AZUL MONOFILAMENTO 3/0 C/A 1/2 CIRCULO CORTANTE 20 mm X 75 cm   UNIDAD,UNIDAD,I
25938,TUBO DE ENSAYO DE VIDRIO CLASE A 13 mm X 100 mm BORDE RECTO   UNIDAD,UNIDAD,I
2830,DICLOXACILINA (COMO SAL SODICA) 250 mg/5 mL 60 mL SUSPENSION,SUSPENSION,M
38011,PLACA DHS 135º 5 AGUJEROS   UNIDAD,UNIDAD,I
30585,ABACAVIR + LAMIVUDINA 600 mg + 300 mg  TABLETA,TABLETA,M
4695,METFORMINA CLORHIDRATO 500 mg  TABLETA,TABLETA,M
22859,CONO DE PAPEL SET 15-40 (1era SERIE) X 120   UNIDAD,UNIDAD,I
23370,GASA QUIRURGICA 1 yd X 100 yd   UNIDAD,UNIDAD,I
34955,"ESPARADRAPO HIPOALERGENICO DE PLASTICO 2"" X 10 yd   UNIDAD",UNIDAD,I
26084,MICROALBUMINURIA  1 DET UNIDAD,UNIDAD,I
38877,CATETER PERCUTANEO CON INTRODUCTOR 3.0 FR 2 LUMEN x 50 cm   UNIDAD,UNIDAD,I
21539,CLAVO SCHANZ ROSCA DISTAL 3.5 mm X 25 cm   UNIDAD,UNIDAD,I
24863,ARCO DE YOUNG PERIMETRO 30 cm   UNIDAD,UNIDAD,I
17070,SONDA NASOGASTRICA Nº 6   UNIDAD,UNIDAD,I
21904,SORAFENIB 200 mg  TABLETA,TABLETA,M
25025,PIPETA DE TRANSFERENCIA ESTERIL 3.0 mL   UNIDAD,UNIDAD,I
11735,PROTEINAS TOTALES  100 DET KIT,KIT,I
15424,CATETER ARTERIAL DE TERMODILUCION CINCO LUMEN 7.5 FR X 110 cm   UNIDAD,UNIDAD,I
11005,EUGENOL LIQUIDO  15 mL UNIDAD,UNIDAD,I
21438,DISCO DE SENSIBILIDAD DE CEFTRIAXONA 30 ug 50 DISCOS UNIDAD,UNIDAD,I
28809,IONOMERO DE VIDRIO FOTOCURABLE PARA BASE (LIQUIDO 2 mL)   KIT,KIT,I
48080,JERINGA DESCARTABLE 1 mL CON AGUJA 26 G X 5/8 in   UNIDAD,UNIDAD,I
11464,MASCARA DE OXIGENO TIPO VENTURI PARA ADULTO   UNIDAD,UNIDAD,I
43866,PAPEL TOALLA HOJA SIMPLE NATURAL  300 m UNIDAD,UNIDAD,I
23630,ACIDO ORTOFOSFORICO GEL (ACIDO GRABADOR DE ESMALTE) 37% 14 mL UNIDAD,UNIDAD,I
23095,GLUTARALDEHIDO 10.5 g/100 mL 1 L Con Dosificador SOLUCION,SOLUCION,I
47028,RESPIRADOR QUIRURGICO TIPO N-95   UNIDAD,UNIDAD,I
30978,VACUNA ANTINEUMOCOCICA CONJUGADA 13-VALENTE  1 DOSIS INYECTABLE,INYECTABLE,M
1256,BISMUTO SUBSALICILATO 87.33 mg/5 mL 150 mL SUSPENSION,SUSPENSION,M
408,ALTEPLASA (ACTIVADOR DE PLASMINOGENO TISULAR) 50 mg  INYECTABLE,INYECTABLE,M
5646,QUETIAPINA 200 mg  TABLETA,TABLETA,M
5044,NIMODIPINO 30 mg  TABLETA,TABLETA,M
44525,FLUORURO DIAMINO DE PLATA 30% X 5 mL SOLUCION,SOLUCION,I
25687,LENTE INTRAOCULAR DIOPTRIA 20.0 CAMARA POSTERIOR PLEGABLE 1 PIEZA   UNIDAD,UNIDAD,I
51684,FRESA DE DIAMANTE GRANO ULTRAFINO FLAMA   UNIDAD,UNIDAD,I
41348,LANCETA DESCARTABLE RETRACTIL 21 G X 1.8 mm   UNIDAD,UNIDAD,I
3751,GENTAMICINA (COMO SULFATO) 40 mg/mL 2 mL INYECTABLE,INYECTABLE,M
3191,ERITROMICINA 500 mg  TABLETA,TABLETA,M
22433,DETECCION DE ROTAVIRUS Y ADENOVIRUS (INMUNOCROMATOGRAFIA)  1 DET KIT,KIT,I
39683,PROTESIS DE RESECCION DE HUMERO DISTAL ARTICULADO (EMF)   UNIDAD,UNIDAD,I
54027,ACIDO ORTOFOSFORICO GEL 37% (ACIDO GRABADOR DE ESMALTE) - JERINGA 2.5 mL UNIDAD,UNIDAD,I
3635,FLUTICASONA PROPIONATO + SALMETEROL (COMO XINAFOATO) 250 µg + 25 µg/DOSIS 120 DOSIS AEROSOL,AEROSOL,M
36338,POTE DE PLASTICO CON TAPA Y CONTRATAPA X 100 g   UNIDAD,UNIDAD,I
34924,AGAR UREA  500 g UNIDAD,UNIDAD,I
3735,GEMFIBROZILO 600 mg  TABLETA,TABLETA,M
43815,CARETA PROTECTORA DE POLICARBONATO  UNIDAD UNIDAD,UNIDAD,I
5309,PARACETAMOL 120 mg/5 mL 60 mL JARABE,JARABE,M
3080,ENALAPRIL MALEATO 20 mg  TABLETA,TABLETA,M
31479,CURETA GRACEY Nº 7-8   UNIDAD,UNIDAD,I
1841,CIPROFLOXACINO (COMO CLORHIDRATO)(SOLUCION OFTALMICA) 3 mg/mL (0.3 %) 5 mL SOLUCION,SOLUCION,M
200,ACIDO FOLICO 500 µg (0.5 mg)  TABLETA,TABLETA,M
29998,TORNILLO ESPONJOSO 4.5 mm X 20 mm   UNIDAD,UNIDAD,I
15159,"AGUJA HIPODERMICA DESCARTABLE N° 25 G X 1""   UNIDAD",UNIDAD,I
22256,"CATETER ENDOVENOSO PERIFERICO Nº 20 G X 1 1/4""   UNIDAD",UNIDAD,I
4514,LORATADINA 10 mg  TABLETA,TABLETA,M
12490,TERMOMETRO CLINICO ORAL   UNIDAD,UNIDAD,I
31066,COMPRESA GASA QUIRURGICA RADIOPACA ESTERIL 48 cm X 48 cm X 5   UNIDAD,UNIDAD,I
46415,HORMONA TIROXINA (T4) TOTAL METODO AUTOMATIZADO  1 DETERMINACION UNIDAD,UNIDAD,I
38067,CEPA ENTEROCOCCUS FAECALIS ATCC 29212   UNIDAD,UNIDAD,I
24449,ANCLA DE SUTURA DE 4.5 mm X 17 mm   UNIDAD,UNIDAD,I
53171,CONO DE PAPEL Nº 20 X 6   UNIDAD,UNIDAD,I
25203,LIMA PARA HUESO DOBLE PARTE ACTIVA DE USO DENTAL   UNIDAD,UNIDAD,I
17618,CLOFAZIMINA 100 mg  TABLETA,TABLETA,M
31080,PLACA DCP RECTA PESADA (ANCHA) DE 12 AGUJEROS X 4.5 mm   UNIDAD,UNIDAD,I
30437,EMTRICITABINA + TENOFOVIR 200 mg + 300 mg  TABLETA,TABLETA,M
35708,TUBO DE ASPIRACION NO CONDUCTIVO ESTERIL 3 mm X 7 mm X 3 m   UNIDAD,UNIDAD,I
27875,REACTIVO DE GAMMA GLUTAMIL TRANSPEPTIDASA  1 DET KIT,KIT,I
19125,SUTURA ACIDO POLIGLICOLICO 3/0 C/A 1/2 CIRCULO REDONDA  20 mm x 70 cm   UNIDAD,UNIDAD,I
36180,PLACA NEUTRA PEDIATRICO DESCARTABLE PARA ELECTROCAUTERIO   UNIDAD,UNIDAD,I
28987,AGUJA DE ASPIRACION DE MEDULA OSEA 18 G X 40 mm   UNIDAD,UNIDAD,I
34313,CEMENTO QUIRURGICO OSEO CON GENTAMICINA DE ALTA VISCOSIDAD (POLVO 40 g + LIQUIDO 14.7 g)   UNIDAD,UNIDAD,I
22365,TUBO ENDOTRAQUEAL DESCARTABLE Nº 7.0 CON BALON   UNIDAD,UNIDAD,I
55435,FINERENONA 20 mg - TABLETA,TABLETA,M
12798,"VENDA DE YESO 6"" X 5 yd   UNIDAD",UNIDAD,I
48308,HOJA DESCARTABLE Nº 1 PARA VIDEO LARINGOSCOPIO   UNIDAD,UNIDAD,I
25611,SUTURA DE POLIPROPILENO AZUL MONOFILAMENTO 7/0 C/DOBLE AGUJA 3/8 CIRCULO REDONDA 9.3 mm X 60 cm   UNIDAD,UNIDAD,I
1958,CLINDAMICINA (COMO FOSFATO) 600 mg 4 mL INYECTABLE,INYECTABLE,M
20036,SALES DE REHIDRATACION ORAL  20.5 g/L POLVO,POLVO,M
4365,LEVOFLOXACINO 500 mg  TABLETA,TABLETA,M
21927,CITOCEPILLO PARA PAPANICOLAU X 100   UNIDAD,UNIDAD,I
5658,RANITIDINA (COMO CLORHIDRATO) 25 mg/mL 2 mL INYECTABLE,INYECTABLE,M
11849,SONDA DE ASPIRACION ENDOTRAQUEAL Nº 12   UNIDAD,UNIDAD,I
202,ACIDO FUSIDICO 2 g/100 g (2 %) 15 g CREMA,CREMA,M
53450,ISONIAZIDA + RIFAMPICINA 50 mg + 75 mg  TABLETA,TABLETA,M
11455,MALLA DE POLIPROPILENO DESCARTABLE 15 cm X 15 cm   UNIDAD,UNIDAD,I
32601,GLUCOSA ENZIMATICA  1 DET KIT,KIT,I
24197,CATETER VENOSO CENTRAL DOBLE LUMEN DE LARGA PERMANENCIA PARA HEMODIALISIS 14.5 FR X 28 cm   UNIDAD,UNIDAD,I
2788,DICLOFENACO SODICO 25 mg/mL 3 mL INYECTABLE,INYECTABLE,M
29063,FRESA DE DIAMANTE DE ALTA VELOCIDAD CILINDRICA LARGA   UNIDAD,UNIDAD,I
22432,HEMAGLUTINACION TREPONEMA PALLIDUM (TPHA)  200 DET KIT,KIT,I
4332,LAMOTRIGINA 50 mg  TABLETA,TABLETA,M
41842,DOLUTEGRAVIR + LAMIVUDINA + TENOFOVIR 50 mg + 300 mg + 300 mg  TABLETA,TABLETA,M
35425,TUBO PARA EXTRACCION DE SANGRE CON SISTEMA DE VACIO DE POLIPROPILENO DE 5 mL CON GEL SEPARADOR   UNIDAD,UNIDAD,I
6111,TETRACICLINA CLORHIDRATO (UNGÜENTO OFTALMICO) 1 g/100 g (1 %) 6 g UNGÜENTO,UNGUENTO,M
3515,SULFAMETOXAZOL + TRIMETOPRIMA 800 mg + 160 mg  TABLETA,TABLETA,M
28408,ETAMBUTOL + ISONIAZIDA + PIRAZINAMIDA + RIFAMPICINA 275 mg  + 75 mg + 400 mg + 150 mg  TABLETA,TABLETA,M
8140,OXIGENO MEDICINAL 99.5 % m3 GAS,GAS,M
29689,MAMELUCO DESCARTABLE TALLA L   UNIDAD,UNIDAD,I
25036,YODO POVIDONA (ESPUMA) 7.5 g/100 mL 1 L SOLUCION,SOLUCION,M
3018,DOXICICLINA 100 mg  TABLETA,TABLETA,M
16462,FRESA DE DIAMANTE DE ALTA VELOCIDAD CONO INVERTIDO CHICA   UNIDAD,UNIDAD,I
33927,TUBO PARA EXTRACCION DE SANGRE CON SISTEMA DE VACIO DE POLIPROPILENO DE 0.5 mL CON EDTA DIPOTASICO   UNIDAD,UNIDAD,I
1973,CLOBETASOL PROPIONATO 50 mg/100 g (0.05 %) 25 g CREMA,CREMA,M
22128,RESINA FLUIDA A2 X 2 g   UNIDAD,UNIDAD,I
4665,MERCAPTOPURINA 50 mg  TABLETA,TABLETA,M
5807,SERTRALINA 50 mg  TABLETA,TABLETA,M
19830,TORNILLO CORTICAL 2.7 mm X 14 mm   UNIDAD,UNIDAD,I
23904,CITOCEPILLO PARA PAPANICOLAU   UNIDAD,UNIDAD,I
11778,ANTIGENO RPR  100 DET KIT,KIT,I
3302,ETAMBUTOL CLORHIDRATO 400 mg  TABLETA,TABLETA,M
3760,GLICEROL 1 g/100 g 5 g GEL,GEL,M
5096,NITROFURANTOINA 25 mg/5 mL 120 mL SUSPENSION,SUSPENSION,M
12027,SUTURA CATGUT CROMICO 4/0 C/A 1/2 CIRCULO REDONDA 20 mm X 70 cm   UNIDAD,UNIDAD,I
22644,SUTURA ACIDO POLIGLACTIN 5/0 C/A 1/2 CIRCULO REDONDA 17 mm X 70 cm   UNIDAD,UNIDAD,I
12018,SUTURA CATGUT CROMICO 2/0 C/A 1/2 CIRCULO REDONDA 35 mm X 70 cm   UNIDAD,UNIDAD,I
37107,ESPARADRAPO DE PAPEL 5 cm X 9.1 m X 6   UNIDAD,UNIDAD,I
6396,VACUNA ANTIPOLIOMIELITICA 80 Lf/0.5 mL 1 DOSIS INYECTABLE,INYECTABLE,M
24092,GOMA BIOLOGICA TIPO BIOGLUE PARA INJERTO X 5 mL   UNIDAD,UNIDAD,I
4923,MUPIROCINA 2 g/100 g 20 g CREMA,CREMA,M
5731,SALBUTAMOL (COMO SULFATO) 100 µg/DOSIS 200 DOSIS AEROSOL,AEROSOL,M
5063,NISTATINA (GOTAS) 100000 UI/mL 12 mL SUSPENSION,SUSPENSION,M
6431,VACUNA CONTRA LA DIFTERIA Y TETANOS (DT PEDIATRICO)  10 DOSIS INYECTABLE,INYECTABLE,M
35529,MINIPLACA DE TITANIO RECTA 4 AGUJEROS CON PUENTE SISTEMA 2.0 mm   UNIDAD,UNIDAD,I
18331,VACUNA CONTRA EL ROTAVIRUS  PLV (SUSPENSION ORAL)  1 DOSIS SUSPENSION,SUSPENSION,M
49053,TORNILLO CORTICAL 2.4 mm X 16 mm   UNIDAD,UNIDAD,I
5166,ORFENADRINA CITRATO 30 mg/mL 2 mL INYECTABLE,INYECTABLE,M
34218,ACIDO URICO  1 DET KIT,KIT,I
4847,MISOPROSTOL 200 µg  TABLETA,TABLETA,M
46605,CATETER ANGIOGRAFICO HIDROFILICO 5 FR X 100 cm PUNTA TIPO COBRA MEDIO   UNIDAD,UNIDAD,I
44830,PUNTA DESCARTABLE PARA JERINGA TRIPLE ODONTOLOGICA   UNIDAD,UNIDAD,I
29409,INMUNOGLOBULINA ANTIHEPATITIS B 200 UI/mL 1 mL INYECTABLE,INYECTABLE,M
5598,SOLUCION POLIELECTROLITICA  1 L SOLUCION,SOLUCION,M
21930,TUBO CAPILAR PARA HEMATOCRITO CON HEPARINA X 100 UNIDADES   UNIDAD,UNIDAD,I
33571,GEL ANTIBACTERIAL PARA MANOS  250 mL APROX. UNIDAD,UNIDAD,I
25223,SET DE FLUJO ESTANDAR DESCARTABLE PARA SISTEMA DE CALENTAMIENTO DE SANGRE/FLUIDOS   SET,SET,I
50740,TIRA NERVIOS SET DEL 20-60 DE 20 mm   UNIDAD,UNIDAD,I
4585,MEBENDAZOL 100 mg  TABLETA,TABLETA,M
32373,"CUBETA DESCARTABLE PARA FLUORIZACION DOBLE ""L""   UNIDAD",UNIDAD,I
12403,SUTURA SEDA NEGRA TRENZADA 2/0 C/A 3/8 CIRCULO CORTANTE 20 mm X 75 cm   UNIDAD,UNIDAD,I
21923,LAMINILLA CUBRE OBJETO 22 mm X 22 mm X 100 UNIDADES   UNIDAD,UNIDAD,I
36881,RESINA FOTOCURABLE A1 X 4 g   UNIDAD,UNIDAD,I
38996,MANDIL DESCARTABLE NO ESTERIL TALLA S   UNIDAD,UNIDAD,I
30200,MANTA TERMICA PARA CUERPO ENTERO 91 cm X 2.13 m APROX.   UNIDAD,UNIDAD,I
27250,HORMONA ESTRADIOL - AUTOMATIZADA  1 DET KIT,KIT,I
22585,PERFORADOR DE DIQUE AINSWORTH 15.5 cm   UNIDAD,UNIDAD,I
23034,JERINGA DESCARTABLE 7 mL BAJA RESISTENCIA PARA ANESTESIA EPIDURAL   UNIDAD,UNIDAD,I
43171,DESINFECTANTE AMONIO CUATERNARIO CONCENTRADO  X 1 L UNIDAD,UNIDAD,I
29984,TUBO TRAQUEAL EN T 11 mm   UNIDAD,UNIDAD,I
38259,TEST DE TROPONINA  1 DET KIT,KIT,I
32452,SET DE TRAQUEOSTOMIA PERCUTANEA FENESTRADO Nº 8 X 15 PIEZAS   UNIDAD,UNIDAD,I
36106,PRUEBA RAPIDA PARA ANTIGENO PROSTATICO ESPECIFICO (PSA) TOTAL		  1 DET KIT,KIT,I
33365,COLORANTE FUCSINA BASICA  1 L SOLUCION,SOLUCION,I
44101,ALCOHOL ETILICO (ETANOL) 70% 1 L GEL,GEL,M
31594,CLORHEXIDINA GLUCONATO 2 g/100 mL 1 L CON DOSIFICADOR JABON LIQUIDO,JABON LIQUIDO,M
18052,GEMCITABINA (COMO CLORHIDRATO) 200 mg  INYECTABLE,INYECTABLE,M
20395,"AGUJA PARA EXTRACCION DE SANGRE AL VACIO 21 G X 1""   UNIDAD",UNIDAD,I
42677,INTERFASE DE ALTO FLUJO PARA TRQUEOTOMIA   UNIDAD,UNIDAD,I
24122,SUTURA LINO MULTIEMPAQUE 1 S/A 8 HEBRAS X 70 cm   UNIDAD,UNIDAD,I
42131,CHAQUETA DESCARTABLE TALLA S   UNIDAD,UNIDAD,I
11850,SONDA DE ASPIRACION ENDOTRAQUEAL Nº 14   UNIDAD,UNIDAD,I
10794,DETERGENTE ENZIMATICO BACTERIOSTATICO BIODEGRADABLE   SOLUCION,SOLUCION,I
18336,LABETALOL 5 mg/mL 4 mL INYECTABLE,INYECTABLE,M
19421,"CATETER ENDOVENOSO PERIFERICO Nº 18 G X 1 1/4""   UNIDAD",UNIDAD,I
12601,TORNILLO ESPONJOSO 4.0 mm x 26 mm   UNIDAD,UNIDAD,I
31023,TOALLITA ANTISEPTICA CON ALCOHOL ISOPROPILICO 70 % X 100   UNIDAD,UNIDAD,I
3317,ETILEFRINA 10 mg/mL 1 mL INYECTABLE,INYECTABLE,M
10318,COLORANTE AZUL BRILLANTE DE CRESIL  100 mL UNIDAD,UNIDAD,I
24090,VACUNA ANTIRRABICA HUMANA INACTIVADA (PREPARADO DE CULTIVO CELULAR WISTAR PM/W138) + DILUYENTE 2.5 UI 1 DOSIS INYECTABLE,INYECTABLE,M
18034,APREPITANT + APREPITANT 125 mg + 80 mg  TABLETA,TABLETA,M
21361,ADHESIVO FOTOCURABLE DE RESINA X 4 mL   UNIDAD,UNIDAD,I
3501,FENTANILO 50 µg/mL 10 mL INYECTABLE,INYECTABLE,M
22352,CARTUCHO PARA ANALIZADOR DE GASES ARTERIALES Y ELECTROLITOS   UNIDAD,UNIDAD,I
10551,CEPILLO CITOLOGICO   UNIDAD,UNIDAD,I
28250,PRUEBA RAPIDA DE HORMONA GONADOTROPINA CORIONICA (HCG)  30 DET KIT,KIT,I
10554,CLAMP UMBILICAL DESCARTABLE   UNIDAD,UNIDAD,I
51089,DILUYENTE PARA VACUNA ANTIRRABICA HUMANA 1 DOSIS  INYECTABLE,INYECTABLE,M
23964,ESPARADRAPO ANTIALERGICO DE PAPEL 2.5 cm X 9.1 m   UNIDAD,UNIDAD,I
26653,FRESA DE DIAMANTE DE ALTA VELOCIDAD REDONDA N° 14   UNIDAD,UNIDAD,I
2555,DAUNORUBICINA (COMO CLORHIDRATO) 20 mg  INYECTABLE,INYECTABLE,M
1657,CEFOTAXIMA (COMO SAL SODICA) 500 mg  INYECTABLE,INYECTABLE,M
21434,DISCO DE SENSIBILIDAD DE AMIKACINA 30 µg 50 DISCOS UNIDAD,UNIDAD,I
11176,GEL PARA ECOGRAFIA  250 mL SOLUCION,UNIDAD,I
22677,TEST PARA DETERMINACION DE YODO EN SAL X 10 mL   KIT,KIT,I
5297,PARACETAMOL 120 mg/5 mL 120 mL JARABE,JARABE,M
20635,CARBONATO DE CALCIO 1.25 g (Equiv. a 500 mg de Calcio)  TABLETA,TABLETA,M
35583,MAMELUCO DESCARTABLE TALLA XL   UNIDAD,UNIDAD,I
10299,APOSITO TRANSPARENTE ADHESIVO 10 cm X 12 cm   UNIDAD,UNIDAD,I
20361,LLAVE DE TRIPLE VIA CON EXTENSION X 50 cm   UNIDAD,UNIDAD,I
38353,DILUYENTE PARA VACUNA ANTIVARICELA 1350 UFP/0.5 mL INY 0.7 mL   INYECTABLE,INYECTABLE,M
34451,TIRA DE LIJA DIAMANTADA METALICA X 12   UNIDAD,UNIDAD,I
1032,BENCILPENICILINA SODICA 1000000 UI  INYECTABLE,INYECTABLE,M
29945,LEVONORGESTREL 1.5 mg  TABLETA,TABLETA,M
34329,TUBO ENDOTRAQUEAL ANILLADO Nº 7.5   UNIDAD,UNIDAD,I
22291,OXIGENO MEDICINAL 99.5 % m3 LIQUIDO,GAS,M
16767,MASCARA DE OXIGENO DESCARTABLE CON RESERVORIO PARA NEBULIZACION PEDIATRICO   UNIDAD,UNIDAD,I
35065,PROTEINAS TOTALES  1 DET KIT,KIT,I
52774,TIJERA QUIRURGICA RECTA 10 cm   UNIDAD,UNIDAD,I
1213,BETAMETASONA (COMO FOSFATO SODICO) 4 mg/mL 1 mL INYECTABLE,INYECTABLE,M
37990,TORNILLO DE EMERGENCIA 1.9 mm X 6 mm   UNIDAD,UNIDAD,I
11006,EUGENOL LIQUIDO  20 mL UNIDAD,UNIDAD,I
34834,TRANSAMINASA GLUTAMICA OXALACETICA (TGO)  1 DET KIT,KIT,I
28538,ESCOBILLA DESCARTABLE PARA PROFILAXIS   UNIDAD,UNIDAD,I
3552,FERROSO SULFATO 300 mg (Equiv. 60 mg Fe)  TABLETA,TABLETA,M
54004,SODIO CLORURO 900 mg/100 mL (0.9%) 1 mL INYECTABLE,INYECTABLE,M
859,ANASTROZOL 1 mg  TABLETA,TABLETA,M
23112,GUANTE PARA EXAMEN DESCARTABLE TALLA M   UNIDAD,UNIDAD,I
19510,ACIDO SULFOSALICILICO 3% 1 L UNIDAD,UNIDAD,I
29405,GASA DOBLADA ESTERIL 7.5 cm X 7.5 cm X 16 CAPAS X 5 UNIDADES   UNIDAD,UNIDAD,I
50538,AGUA DESIONIZADA X 1 L  10 L SOLUCION,SOLUCION,I
31841,TUBO PARA EXTRACCION DE SANGRE CON SISTEMA DE VACIO DE POLIPROPILENO DE 6 mL CON ACTIVADOR DE COAGULO X 100   UNIDAD,UNIDAD,I
29264,JABON GERMICIDA LIQUIDO CON TRICLOSAN  1 L UNIDAD,UNIDAD,I
29632,CATETER VENOSO CENTRAL DOBLE LUMEN 7 FR X 20 cm   UNIDAD,UNIDAD,I
42284,EXTENSION PARA MEZCLA DE CITOSTATICO FOTOSENSIBLE   UNIDAD,UNIDAD,I
36967,PASTA DENTIFRICA MEDICADA X 50 g   UNIDAD,UNIDAD,I
35612,HIERRO SERICO  1 DET KIT,KIT,I
24896,TUBO PARA EXTRACCION DE SANGRE CON SISTEMA DE VACIO DE POLIPROPILENO DE 7 mL X 100   UNIDAD,UNIDAD,I
11372,"JERINGA DESCARTABLE 1 mL CON AGUJA 22 G X 1 1/2""   UNIDAD",UNIDAD,I
42638,RETRACTOR DE HERIDA DESCARTABLE FLEXIBLE 11 cm A 17 cm TALLA XL   UNIDAD,UNIDAD,I
24370,SUTURA ACIDO POLIGLACTIN 1 C/A 1/2 CIRCULO REDONDA 35 mm X 70 cm   UNIDAD,UNIDAD,I
5699,RITONAVIR 100 mg  TABLETA,TABLETA,M
40114,PRUEBA PARA HELICOBACTER PYLORI  1 DET KIT,KIT,I
39149,KIT DE ROPA DESCARTABLE PARA PARTO x 8 PIEZAS   UNIDAD,UNIDAD,I
46410,ANTIGENO ANTICUERPO VIH QUIMIOLUMINISCENCIA  100 DETERMINACIONES UNIDAD,UNIDAD,I
45110,AGAR CROMOGENICO PARA CAMPYLOBACTER  5 L UNIDAD,UNIDAD,I
28189,PAPEL ARTICULAR 1 ARCADA   UNIDAD,UNIDAD,I
17090,SONDA VESICAL TIPO NELATON Nº 12   UNIDAD,UNIDAD,I
5913,SODIO FOSFATO DIBASICO + SODIO FOSFATO MONOBASICO  (SOLUCION RECTAL) 6 g + 16 g/100 mL 133 mL SOLUCION,SOLUCION,M
22712,"ESPARADRAPO IMPERMEABLE DE TELA 2"" X 10 yd   UNIDAD",UNIDAD,I
12417,SUTURA SEDA NEGRA TRENZADA 3/0 C/A 3/8 CIRCULO CORTANTE 20 mm X 75 cm   UNIDAD,UNIDAD,I
5694,RISPERIDONA 2 mg  TABLETA,TABLETA,M
3431,FENILEFRINA (SOLUCION OFTALMICA) 25 mg/mL 15 mL SOLUCION,SOLUCION,M
56,ACETAZOLAMIDA 250 mg  TABLETA,TABLETA,M
18718,AZUL DE TRIPAN 1 mg/mL 1 mL SOLUCION,SOLUCION,I
42287,OVEROL IMPERMEABLE DESCARTABLE CON CAPUCHA TALLA L   UNIDAD,UNIDAD,I
29995,SUCEDANEO DE LA LECHE MATERNA CON LACTOSA  400 g POLVO,POLVO,I
41634,PLACA VOLAR DE 10 AGUJEROS X 2.4 mm PARA RADIO DISTAL   UNIDAD,UNIDAD,I
31569,ADHESIVO FOTOCURABLE DE RESINA X 6 g   UNIDAD,UNIDAD,I
17074,SONDA NASOGASTRICA Nº 14   UNIDAD,UNIDAD,I
3944,HIDROCORTISONA (COMO ACETATO) 1 g/100 g (1 %) 20 g CREMA,CREMA,M
269,ALBENDAZOL 200 mg  TABLETA,TABLETA,M
28092,CATETER URETERAL DOBLE J 4.7 FR X 16 cm   UNIDAD,UNIDAD,I
27611,ESFINTEROTOMO DE PRECORTE TRIPLE LUMEN 7 FR X 25 mm   UNIDAD,UNIDAD,I
18016,VALVULA DERIVACION VENTRICULO PERITONEAL PRESION BAJA PEDIATRICO   UNIDAD,UNIDAD,I
3339,ETIONAMIDA 250 mg  TABLETA,TABLETA,M
31476,CURETA GRACEY Nº 1-2   UNIDAD,UNIDAD,I
25227,"JERINGA DESCARTABLE DE INSULINA 0.5 mL CON AGUJA 30 G X 5/16""   UNIDAD",UNIDAD,I
21293,PIEDRA MONTADA PARA DESGASTAR ACRILICO EN FORMA DE TRONCO CONICA MEDIANA   UNIDAD,UNIDAD,I
46803,PROTEINAS TOTALES Y FRACCIONADAS  01 DETERMINACIONES KIT,KIT,I
54115,SUERO MULTI CONTROL PATOLOGICO - X 5 mL UNIDAD,UNIDAD,I
5443,PIPERACILINA + TAZOBACTAM 4 g + 500 mg  INYECTABLE,INYECTABLE,M
31295,BOTADOR PATA DE CABRA IZQUIERDO Nº 26   UNIDAD,UNIDAD,I
5563,PRAMIPEXOL 1 mg  TABLETA,TABLETA,M
27749,GASA ESTERIL 10 cm X 10 cm X 5   UNIDAD,UNIDAD,I
29208,JUEGO CIRCUITO CORRUGADO ADULTO PARA EQUIPO DE ANESTESIA   UNIDAD,UNIDAD,I
29845,INDICADOR DE CONTROL INTERNO ESPECIFICO CLASE II BOWIE DICK PARA ESTERILIZACION A VAPOR   UNIDAD,UNIDAD,I
19463,SUTURA NAILON AZUL MONOFILAMENTO 3/0 C/A 3/8 CIRCULO CORTANTE 35 mm X 75 cm   UNIDAD,UNIDAD,I
36562,FRESA DE DIAMANTE DE ALTA VELOCIDAD GRANO FINO FISURA LARGA   UNIDAD,UNIDAD,I
30452,FRASCO DE VIDRIO BOROSILICATO X 1 L CON TAPA ROSCA   UNIDAD,UNIDAD,I
28417,TUBO ENDOTRAQUEAL DESCARTABLE Nº 4.5 CON BALON   UNIDAD,UNIDAD,I
33480,LAMINA PORTA OBJETO PAVONADA EN UN EXTREMO 25 mm X 75 mm X 50   UNIDAD,UNIDAD,I
23735,DISCO DE LIJA DENTAL PARA PULIDO DE RESINA  120 UNIDADES KIT,KIT,I
30454,ACIDO SULFOSALICILICO 3% 250 mL UNIDAD,UNIDAD,I
47326,ISONIAZIDA 100 mg/5 mL 200 mL JARABE,JARABE,M
40540,REACTIVO DE ANALISIS AUTOMATIZADO DE ORINA (BIOQUIMICA + CITOLOGICA)  1 DET KIT,KIT,I
46165,CATETER BALON PARA ANGIOPLASTIA PERIFERICA 3 mm X 150 mm DE 5FR X 135 cm   UNIDAD,UNIDAD,I
31977,GUIA METALICA HIDROFILICA PUNTA RECTA 0.035 in X 1.50 m   UNIDAD,UNIDAD,I
5616,PROPAFENONA CLORHIDRATO 150 mg  TABLETA,TABLETA,M
5882,SODIO CLORURO 900 mg/100 mL (0.9 %) 5 mL INYECTABLE,INYECTABLE,M
12416,SUTURA SEDA NEGRA TRENZADA 3/0 C/A 1/2 CIRCULO REDONDA 35 mm X 75 cm   UNIDAD,UNIDAD,I
27629,OLIGOELEMENTOS PEDIATRICOS  10 mL INYECTABLE,INYECTABLE,M
28292,ASA DE SIEMBRA DESCARTABLE 10 uL   UNIDAD,UNIDAD,I
22229,SUTURA ACIDO POLIGLICOLICO 4/0 C/A 1/2 CIRCULO REDONDA 15 mm X 70 cm   UNIDAD,UNIDAD,I
6602,ZOLPIDEM TARTRATO 10 mg  TABLETA,TABLETA,M
50589,TUBO SIMPLE PARA ODONTOLOGIA   UNIDAD,UNIDAD,I
5856,SODIO BICARBONATO 8.4 g/100 mL (8.4 %) 20 mL INYECTABLE,INYECTABLE,M
28530,TUBO CAPILAR CON HEPARINA X 100   UNIDAD,UNIDAD,I
1966,CLOBAZAM 10 mg  TABLETA,TABLETA,M
35206,SUERO CONTROL BIOQUIMICO NORMAL  5 mL UNIDAD,UNIDAD,I
47602,GUANTE RESISTENTE A AGENTES QUIMIOTERAPEUTICOS DE ALTO RIESGO DESCARTABLE DE NITRILO SIN POLVO  TALLA L UNIDAD,UNIDAD,I
45820,OXIMETRO DE PULSOS (PULSOXIMETRO)   UNIDAD,UNIDAD,I
10274,EDTA (ACIDO ETILENDIAMINOTETRAACETICO) 3% 100 mL SOLUCION,SOLUCION,I
10938,EQUIPO MICROGOTERO CON VOLUTROL   UNIDAD,UNIDAD,I
31042,SUTURA DE ACERO INOXIDABLE MONOFILAMENTO 5 C/CUATRO AGUJAS 1/2 CIRCULO REDONDA 50 mm X 180 cm   UNIDAD,UNIDAD,I
34071,"PELICULA RADIOGRAFICA LASER 8"" X 10"" X 125   UNIDAD",UNIDAD,I
43460,OXIDO DE ZINC  1 g UNIDAD,UNIDAD,I
25669,CANULA VENOSA RECTA Nº 32   UNIDAD,UNIDAD,I
41682,LANCETA DESCARTABLE NO RETRACTIL 21 G X 100   UNIDAD,UNIDAD,I
23845,TORNILLO DE BLOQUEO 2.0 mm x 12 mm   UNIDAD,UNIDAD,I
18381,APOSITO DE GASA Y ALGODON ESTERIL 10 cm X 20 cm   UNIDAD,UNIDAD,I
37315,SET COLORANTE GRAM  250 mL ( 04 FRASCOS) SET,SET,I
5009,NEOSTIGMINA METILSULFATO 500 µg/mL 1 mL INYECTABLE,INYECTABLE,M
16468,FRESA DE DIAMANTE DE ALTA VELOCIDAD REDONDA GRANDE   UNIDAD,UNIDAD,I
36344,GORRO QUIRURGICO DESCARTABLE CON ELASTICO X 100   UNIDAD,UNIDAD,I
11905,SONDA RECTAL N° 22 F   UNIDAD,UNIDAD,I
52937,TORNILLO DE BLOQUEO 2.7 mm X 12 mm   UNIDAD,UNIDAD,I
27843,SET INSTRUMENTAL PARA ATENCION DE PARTO X 9 PIEZAS   UNIDAD,UNIDAD,I
37278,METILPREDNISOLONA 500 mg  INYECTABLE,INYECTABLE,M
18869,CREATININA CINETICA  250 DET KIT,KIT,I
21005,SUTURA SEDA NEGRA TRENZADA 2 S/A MULTIEMPAQUE 8 mm X 50 cm   UNIDAD,UNIDAD,I
31691,BILIRRUBINA TOTAL  1 DET KIT,KIT,I
22915,SULFATO DE MAGNESIO HEPTAHIDRATADO P.A.  1 Kg UNIDAD,UNIDAD,I
35636,"JERINGA DESCARTABLE DE INSULINA 0.3 mL CON AGUJA 31 G X 15/64""   UNIDAD",UNIDAD,I
5118,NOREPINEFRINA (COMO ACIDO TARTRATO) 1 mg/mL 4 mL INYECTABLE,INYECTABLE,M
4776,METRONIDAZOL 500 mg 100 mL INYECTABLE,INYECTABLE,M
24593,IMPLANTE PARA REFLUJO VESICOURETERAL MODELO DEFLUX X 1 mL   UNIDAD,UNIDAD,I
36277,CATETER CORONARIO TIPO JUDKINS IZQUIERDO 5 FR X 100 cm ASA Nº 4   UNIDAD,UNIDAD,I
46015,KIT PCR EN TIEMPO REAL PARA CUANTIFICACION DE CARGA VIRAL DE VIH  10 DET KIT,UNIDAD,I
20569,AGAR BASE SANGRE  500 g UNIDAD,UNIDAD,I
49561,MUPIROCINA 2 g/100 g 15 g UNGÜENTO,UNGUENTO,M
40936,SOLUCION TAMPON (BUFFER) pH 10.00 +/- 0.01 (25 ºC) X 500 mL   UNIDAD,UNIDAD,I
51313,IONOMERO DE VIDRIO MODIFICADO CON RESINA PARA BASE CON DISPENSADOR X 10 gr   UNIDAD,KIT,I
11443,LUGOL  1 L SOLUCION,SOLUCION,I
21523,LINEA DE INFUSION SIN BURETA PARA BOMBA DE INFUSION   UNIDAD,UNIDAD,I
43669,SISTEMA DE PLACA EN 8 PARA BLOQUEO EPIFISIARIO   UNIDAD,UNIDAD,I
33057,HEMOCONCENTRADOR   UNIDAD,UNIDAD,I
46183,CATETER DE DRENAJE TORAXICO 14 FR + TROCAR   UNIDAD,UNIDAD,I
11263,HIDROXIDO DE POTASIO 10 % 250 mL SOLUCION,SOLUCION,I
19937,TROCAR PARA CIRUGIA LAPAROSCOPICA 5 mm   UNIDAD,UNIDAD,I
48779,DOSAJE DE METABOLITOS DE ANFETAMINA  DET UNIDAD,UNIDAD,I
19084,FOSFATO DE SODIO DIBASICO ANHIDRO P.A.  1 kg UNIDAD,UNIDAD,I
22502,TORNILLO CORTICAL 2.0 mm X 12 mm   UNIDAD,UNIDAD,I
46250,MICROCATETER  2.4 FR X 130 cm CON GUIA HIDROFILICA 0.016 in X 180 cm   UNIDAD,UNIDAD,I
5626,PROPOFOL 10 mg/mL (1 %) 20 mL INYECTABLE,INYECTABLE,M
36433,MICROPIPETA VOLUMEN VARIABLE 2 µL - 20 µL   UNIDAD,UNIDAD,I
32039,FORMULA MODULAR PROTEICA  275 g POLVO,POLVO,I
23975,JERINGA DESCARTABLE 150 mL PARA BOMBA INYECTORA DE CONTRASTE   UNIDAD,UNIDAD,I
48991,ASA DE SIEMBRA DE NICRON DE 6.5 mm DE DIAMETRO   UNIDAD,UNIDAD,I
16037,COLESTEROL TOTAL ENZIMATICO  250 DET KIT,KIT,I
111,ACICLOVIR (UNGÜENTO OFTALMICO) 3 g/100 g (3 %) 3.5 g UNGÜENTO,UNGUENTO,M
1525,CARBAMAZEPINA 100 mg/5 mL 100 mL SUSPENSION,SUSPENSION,M
27230,PROTEINAS TOTALES AUTOMATIZADA  1 DET KIT,KIT,I
30330,FERULA DE MIEMBRO SUPERIOR ADAPTADOR PARA ESCRITURA DE ORTHOPLAST   UNIDAD,UNIDAD,I
18778,LENTE INTRAOCULAR DIOPTRIA 18.5 CAMARA POSTERIOR NO PLEGABLE 3 PIEZAS   UNIDAD,UNIDAD,I
39479,CINTA METRICA PARA MEDIDAS ANTROPOMETRICAS DE 2 cm x 2 m   UNIDAD,UNIDAD,I
807,AMOXICILINA 250 mg  TABLETA,TABLETA,M
16485,FRESA DE DIAMANTE DE ALTA VELOCIDAD CILINDRICA CHICA   UNIDAD,UNIDAD,I
3568,FILGRASTIM 300 ug/mL 1 mL INYECTABLE,INYECTABLE,M
3979,HIDROXOCOBALAMINA 1 mg/mL 1 mL INYECTABLE,INYECTABLE,M
43638,TORNILLO CORTICAL 2.7 mm X 24 mm   UNIDAD,UNIDAD,I
22247,OXIDO DE ZINC USP  45 g UNIDAD,UNIDAD,I
16569,GUANTE QUIRURGICO ESTERIL DESCARTABLE Nº 6 1/2   PAR,PAR,I
626,AMIKACINA (COMO SULFATO) 250 mg/2 mL (125 mg/mL) 2 mL INYECTABLE,INYECTABLE,M
16771,MASCARA DE OXIGENO SIMPLE DESCARTABLE ADULTO   UNIDAD,UNIDAD,I
41114,PINZA MOSQUITO RECTA 12.5 cm   UNIDAD,UNIDAD,I
55475,LIMA K N░ 15 DE 21 mm - X 6 UNIDAD,UNIDAD,I
17557,"JERINGA DESCARTABLE 10 mL CON AGUJA 22 G X 1 1/2""   UNIDAD",UNIDAD,I
12517,TIRA DE LIJA PARA PULIDO DE RESINA   UNIDAD,UNIDAD,I
31915,DISCO DE SENSIBILIDAD DE LINEZOLID 30 µg 50 DISCOS UNIDAD,UNIDAD,I
37010,PRUEBA RAPIDA PARA DETECCION DE DENGUE  1 DET KIT,KIT,I
24340,UREA CINETICA AUTOMATIZADA  1 DET KIT,KIT,I
12021,SUTURA CATGUT CROMICO 3/0 C/A 3/8 CIRCULO CORTANTE 20 mm X 70 cm   UNIDAD,UNIDAD,I
12216,SUTURA NAILON AZUL MONOFILAMENTO 2/0 C/A 3/8 CIRCULO CORTANTE 20 mm X 75 cm   UNIDAD,UNIDAD,I
36276,CAJA PORTALAMINAS DE POLIPROPILENO PARA 50 LAMINAS   UNIDAD,UNIDAD,I
37082,CURETA PARA DENTINA Nº 23 - 24   UNIDAD,UNIDAD,I
51488,HEPATITIS B ANTI-HBc IgM ELISA NO COMPETITIVO  96 DETERMINACIONES UNIDAD,UNIDAD,I
1274,BISOPROLOL FUMARATO 5 mg  TABLETA,TABLETA,M
34687,GASA QUIRURGICA RADIOPACA 1 yd X 100 yd   UNIDAD,UNIDAD,I
47760,POLIPEPTIDO NATRIURETICO TIPO B (NR-PRO-BNP)   UNIDAD,UNIDAD,I
45161,SET CLAMP DENTAL X 9 PIEZAS   UNIDAD,UNIDAD,I
50320,KIT PARA MUESTRA DE PAPANICOLAOU   UNIDAD,UNIDAD,I
40667,DISCO DE SENSIBILIDAD ACIDO BORONICO 300 µg x 50 DISCOS   UNIDAD,UNIDAD,I
22736,PRUEBA RAPIDA DE HORMONA GONADOTROPINA CORIONICA (HCG)  1 DET KIT,KIT,I
34668,CATETER ANGIOGRAFICO TIPO DOBLE J 5 FR X 110 cm   UNIDAD,UNIDAD,I
16699,LENTES PROTECTORES DE FOTOTERAPIA   UNIDAD,UNIDAD,I
38558,CAMPO DESCARTABLE DENTAL x 500   UNIDAD,UNIDAD,I
49060,PLACA DCP IPF 7 AGUJEROS X 3.5 mm PARA CUBITO Y RADIO IZQUIERDA   UNIDAD,UNIDAD,I
22064,CASQUILLO DE CIERRE PARA TORNILLO PEDICULAR MULTIAXIAL DE TITANIO   UNIDAD,UNIDAD,I
10750,AZUL EOSINA METILENO (COLORANTE WRIGHT)  1 L SOLUCION,SOLUCION,I
30160,CLIP DE TITANIO PARA COSTILLA IZQUIERDO 22.5° X 19 mm   UNIDAD,UNIDAD,I
34013,PINZA MARYLAND 5 mm X 33 cm   UNIDAD,UNIDAD,I
24496,JUEGO DE FRESAS QUIRURGICAS REDONDA 25 mm X 6 UNIDADES   UNIDAD,UNIDAD,I
19094,SUTURA ACIDO POLIGLICOLICO 1 C/A 1/2 CIRCULO REDONDA 40 mm x 70 cm   UNIDAD,UNIDAD,I
24098,PLACA CERVICAL ANTERIOR 26 mm   UNIDAD,UNIDAD,I
10927,EQUIPO DE TRANSFUSION DE SANGRE   UNIDAD,UNIDAD,I
22111,ACIDO ORTOFOSFORICO GEL (ACIDO GRABADOR DE ESMALTE) 37% 13 g UNIDAD,UNIDAD,I
28594,CATETER VENOSO CENTRAL CUATRO LUMEN 8.5 FR X 20 cm   UNIDAD,UNIDAD,I
33411,PANTALONETA PIERNA CORTA ELASTICA TALLA N° 6   UNIDAD,UNIDAD,I
53000,"VACUNA CONTRA COVID19(ARNm)nucleosidos modificados(RAXTOZINOMERAN),PFIZER MANUFACTURING BELGIUM N.V RIJKSWEG(COMIRN 30µg X 0.3mL VIAL 2.25 mL x 06 DOSIS INYECTABLE",INYECTABLE,M
29939,RUXOLITINIB 5 mg  TABLETA,TABLETA,M
33611,MUÑEQUERA CON FIJACION A DEDO PULGAR ELASTICA TALLA N° 8   UNIDAD,UNIDAD,I
16411,FERULA DE MADERA 30 cm X 7 cm   UNIDAD,UNIDAD,I
17703,EFAVIRENZ 600 mg  TABLETA,TABLETA,M
19184,SONDA DE SUCCION (aspiracion) Nº 8   UNIDAD,UNIDAD,I
12596,TORNILLO PARA HUESO ESPONJOSO 4.0 mm X 16 mm   UNIDAD,UNIDAD,I
29930,MASCARILLA DESCARTABLE EFICIENCIA DE FILTRADO 95%   UNIDAD,UNIDAD,I
37311,CALIBRADOR DE QUIMICA CLINICA 5 mL X 4 UNIDADES   UNIDAD,UNIDAD,I
4565,MANITOL 20 g/100 mL (20 %) 1 L INYECTABLE,INYECTABLE,M
16413,FERULA DE MADERA 60 cm X 7 cm   UNIDAD,UNIDAD,I
17089,SONDA VESICAL TIPO NELATON N° 10   UNIDAD,UNIDAD,I
24514,CARBOPLATINO 450 mg  INYECTABLE,INYECTABLE,M
51231,SUCEDANEO DE LA LECHE MATERNA CON LACTOSA X 350 g   UNIDAD,UNIDAD,I
4846,MIRTAZAPINA 30 mg  TABLETA,TABLETA,M
16761,MANGA DE POLIETILENO 10 cm X 60 m   UNIDAD,UNIDAD,I
29306,CLAVO ENDOMEDULAR DE TITANIO PARA FEMUR 11 mm X 220 mm   UNIDAD,UNIDAD,I
10150,"AGUJA HIPODERMICA DESCARTABLE N° 21 G X 1""   UNIDAD",UNIDAD,I
19953,CLAVO KIRSCHNER 2.0 mm X 200 mm   UNIDAD,UNIDAD,I
41736,LANCETA DESCARTABLE RETRACTIL 0.8 mm X 2.0 mm   UNIDAD,UNIDAD,I
21622,COLESTEROL HDL DIRECTO  1 DET KIT,KIT,I
49910,FERULA ORTOPEDICA SINTETICA 10 cm X 4.6 m   UNIDAD,UNIDAD,I
10074,AGAR TSI (TRIPLE AZUCAR HIERRO)  500 g UNIDAD,UNIDAD,I
19601,CATALIZADOR PARA SILICONA  60 mL UNIDAD,UNIDAD,I
27511,"MINIPLACA DE TITANIO ""L"" A LA DERECHA 4 AGUJEROS CON PUENTE   UNIDAD",UNIDAD,I
21257,HIPROMELOSA(SOLUCION OFTALMICA) 20 mg/mL 2 mL SOLUCION,SOLUCION,M
10019,ACIDO ACETICO GLACIAL Q.P.  4 L SOLUCION,SOLUCION,I
10156,"AGUJA HIPODERMICA DESCARTABLE N° 23 G X 1 1/2""   UNIDAD",UNIDAD,I
19093,SUTURA ACIDO POLIGLICOLICO 1 C/A 1/2 CIRCULO REDONDA 35 mm x 70 cm   UNIDAD,UNIDAD,I
12729,TUBO ENDOTRAQUEAL CON GLOBO N° 4 F   UNIDAD,UNIDAD,I
12213,SUTURA NAILON AZUL MONOFILAMENTO 1 C/A 1/2 CIRCULO REDONDA 30 mm X 75 cm   UNIDAD,UNIDAD,I
28448,REFUERZO ACETABULAR DE TITANIO Nº 52   UNIDAD,UNIDAD,I
32579,PASTA ALVEOLAR  10 g UNIDAD,UNIDAD,I
51701,KIT PARA RECOLECTAR MUESTRA DE ORINA   UNIDAD,UNIDAD,I
52014,PEGASPARGASA 750 UI/mL 5 mL INYECTABLE,INYECTABLE,M
29075,FLUDROCORTISONA 100 µg  TABLETA,TABLETA,M
39583,APLICADOR DE GLUCONATO DE CLORHEXIDINA AL 2% + ALCOHOL ISOPROPILICO AL 70% x 2 mL   UNIDAD,UNIDAD,I
35125,ALCOHOL ETILICO (ETANOL) 70º 1 L SOLUCION,SOLUCION,M
35955,APOSITO TRANSPARENTE CON BORDE REFORZADO 6.5 cm X 7 cm   UNIDAD,UNIDAD,I
12565,TORNILLO CORTICAL 4.5 mm X 36 mm   UNIDAD,UNIDAD,I
36223,PASTA DENTIFRICA CON FLUOR 1000 ppm - 1500 ppm 50 g UNIDAD,UNIDAD,I
30746,"GUIA HIDROFILICA CURVA 0.035"" X 145 cm   UNIDAD",UNIDAD,I
4368,LEVOMEPROMAZINA (COMO MALEATO) 100 mg  TABLETA,TABLETA,M
24721,FACTOR REUMATOIDEO (LATEX)  1 DET UNIDAD,UNIDAD,I
22476,"ESPEJO BUCAL SIMPLE SIN MANGO, SIN AUMENTO Nº 5   UNIDAD",UNIDAD,I
10873,ELECTRODO DISCO AUTOADHESIVO DESCARTABLE PARA ECG PEDIATRICO   UNIDAD,UNIDAD,I
42164,TORNILLO DE BLOQUEO 2.7 mm X 30 mm  UNIDAD UNIDAD,UNIDAD,I
36883,AGUJA DESCARTABLE 23 G X 5 mm INYECTOR DE ESCLEROTERAPIA 0.7 mm X 230 cm PARA COLONOSCOPIA   UNIDAD,UNIDAD,I
3763,GLICEROL 1 g/100 g 8 g GEL,GEL,M
21632,HEMOGLOBINA GLICOSILADA  1 DET UNIDAD,UNIDAD,I
11925,SONDA VESICAL TIPO FOLEY 2 VIAS N° 18 F   UNIDAD,UNIDAD,I
52547,DEXAMETASONA 2 mg/5 mL 100 mL SOLUCION,SOLUCION,M
39822,CANULA ENDOLUMINAL (STENT) CORONARIA DE METAL MEDICADA 2.5 mm x 32 mm   UNIDAD,UNIDAD,I
36805,SELLANTE DE FOSAS Y FISURAS FOTOCURABLE X 1.2 g   KIT,KIT,I
10546,CINTA MATRIZ METALICA RECTA  1 m UNIDAD,UNIDAD,I
11159,GASA ESTERIL 5 cm X 5 cm   UNIDAD,UNIDAD,I
39496,ACIDO ORTOFOSFORICO GEL (ACIDO GRABADOR DE ESMALTE) 37% 10 mL UNIDAD,UNIDAD,I
42212,JERINGA DESCARTABLE DE INSULINA 1 mL CON AGUJA 31 G X 15/64 in   UNIDAD,UNIDAD,I
52635,OXIGENO MEDICINAL GAS COMPRIMIDO (PSA) NO MENOR A 93% L GAS,GAS,M
11928,SONDA VESICAL TIPO FOLEY 2 VIAS N° 8 F   UNIDAD,UNIDAD,I
31570,CINTA MATRIZ METALICA X 1 m   UNIDAD,UNIDAD,I
43742,FILTRO DE TRANSFUSION DE GLOBULOS ROJOS DESLEUCOCITADOS   UNIDAD,UNIDAD,I
34430,PROPILPARABENO USP  1 Kg UNIDAD,UNIDAD,I
19078,CITRATO DE MAGNESIO P.A.  1 kg SOLUCION,SOLUCION,I
4077,INMUNOGLOBULINA HUMANA NORMAL 5 g/100 mL 100 mL INYECTABLE,INYECTABLE,M
26054,KIT COMPLETO  DESCARTABLE DE TUBOS CORRUGADOS Y ACCESORIOS ADULTO PARA VENTILADOR VOLUMETRICO   UNIDAD,UNIDAD,I
6125,TIAMAZOL 20 mg  TABLETA,TABLETA,M
36593,NIVOLUMAB 10 mg/mL 4 mL INYECTABLE,INYECTABLE,M
26334,PISTOLA PARA PUNCION INTRAOSEA PEDIATRICO   UNIDAD,UNIDAD,I
3362,EXEMESTANO 25 mg  TABLETA,TABLETA,M
48289,MASCARA LARINGEA Nº 1.5   UNIDAD,UNIDAD,I
5267,PALIVIZUMAB 50 mg  INYECTABLE,INYECTABLE,M
26750,MEDIO DE TRANSPORTE VIRAL  3 mL UNIDAD,UNIDAD,I
10970,"ESPARADRAPO DE PAPEL 1"" X 10 yd   UNIDAD",UNIDAD,I
21321,CERA DENTAL BASE ROSADO X 20   UNIDAD,UNIDAD,I
39320,INDICADOR QUIMICO EXTERNO DE ESTERILIZACION PARA AUTOCLAVE 19 mm x 54 m   UNIDAD,UNIDAD,I
45788,PAPEL TERMICO DE IMPRESION PARA MONITOR FETAL 152 mm X 90 mm 150 HOJAS UNIDAD,UNIDAD,I
5040,NIMODIPINO 10 mg (0.2 mg/mL) 50 mL INYECTABLE,INYECTABLE,M
19487,AGAR M ENDOLES  500 g SOLUCION,SOLUCION,I
45186,KIT DE COLORACION PLATEADO METENAMINA DE GOMORI (7 X 100 mL)   UNIDAD,UNIDAD,I
41372,AGUJA DENTAL TIPO CARPULE DESCARTABLE Nº 30 G X 21 mm   UNIDAD,UNIDAD,I
35113,FRESA DE DIAMANTE DE ALTA VELOCIDAD TIPO BALA   UNIDAD,UNIDAD,I
4420,LIDOCAINA CLORHIDRATO 2 g/100 g 30 g GEL,GEL,M
10955,ESCOBILLA PARA PROFILAXIS RECTA   UNIDAD,UNIDAD,I
53827,VALVULA CARDIACA AORTICA MECANICA N/A N░ 20 UNIDAD,UNIDAD,I
10370,BOLSA PARA NUTRICION PARENTERAL X 3 L   UNIDAD,UNIDAD,I
5408,PETIDINA CLORHIDRATO 50 mg/mL 2 mL INYECTABLE,INYECTABLE,M
26371,KIT DE ROPA DESCARTABLE PARA CIRUGIA X 6 PIEZAS   KIT,KIT,I
41079,FLUFENAZINA DECANOATO 25 mg/mL 1 mL INYECTABLE,INYECTABLE,M
33546,"HISOPO DE ALGODON CON MANGO DE MADERA ESTERIL 6"" X 100   UNIDAD",UNIDAD,I
34345,ASA DE POLIPECTOMIA OVALADA DE COLON 10 mm X 230 cm   UNIDAD,UNIDAD,I
30035,TUBO CAPILAR CON HEPARINA ROJOS X 100   UNIDAD,UNIDAD,I
50287,HOJA PLASTIFICADA PARA MEZCLA DE IONOMERO DE VIDRIO DE PRAT  X 50 UNIDAD,UNIDAD,I
5154,OMEPRAZOL 20 mg  TABLETA,TABLETA,M
28271,TOALLA ANTISEPTICA CON CLORHEXIDINA GLUCONATO 2 % Y ALCOHOL ISOPROPILICO 70 %   UNIDAD,UNIDAD,I
44914,ELECTRODO PARA EQUIPO DESFIBRILADOR   UNIDAD,UNIDAD,I
22431,ELECTRODO PARA ELECTROCARDIOGRAMA ADULTO   UNIDAD,UNIDAD,I
32236,PIEDRA ARKANSAS TIPO PIMPOLLO X 20   UNIDAD,UNIDAD,I
23388,"TUBO CENTRIFUGA DE POLIPROPILENO, FONDO CONICO GRADUADO X 15 mL   UNIDAD",UNIDAD,I
30731,TORNILLO ESPONJOSO 4.0 mm X 30 mm   UNIDAD,UNIDAD,I
31842,ELEVADOR RECTO PLANO GRUESO   UNIDAD,UNIDAD,I
10427,CANULA PARA TRAQUEOSTOMIA Nº 7   UNIDAD,UNIDAD,I
12807,"VENDA ELASTICA 5"" X 5 yd   UNIDAD",UNIDAD,I
16412,FERULA DE MADERA 40 cm X 7 cm   UNIDAD,UNIDAD,I
29330,CLAVO CEFALO MEDULAR BLOQUEADO PARA FÉMUR DE TITANIO 135° X 10 mm X 235 mm   UNIDAD,UNIDAD,I
24786,SISTEMA DE DERIVACION VENTRICULO PERITONEAL PRESION MEDIA PEDIATRICA   UNIDAD,UNIDAD,I
26012,INTRODUCTOR DE ENDOPROTESIS PARA VIA BILIAR 10 FR X 220 cm   UNIDAD,UNIDAD,I
27140,MANGO CON CANULA DE CORTE 3.7 mm X 12 mm X 12 cm PARA EQUIPO ESTEREOTAXIA   UNIDAD,UNIDAD,I
48925,BOLSA DE POLIETILENO 2 µm X 38 in X 50 in APROX. COLOR ROJO   UNIDAD,UNIDAD,I
11177,GEL PARA ECOGRAFIA  1 gal UNIDAD,UNIDAD,I
21283,"AGUJA PARA EXTRACCION DE SANGRE AL VACIO 20 G X 1""   UNIDAD",UNIDAD,I
25888,EXPLORADOR DENTAL   UNIDAD,UNIDAD,I
20649,SONDA NASOYEYUNAL Nº 12 X 120 cm   UNIDAD,UNIDAD,I
19308,SUERO CONTROL NORMAL  5 mL SOLUCION,SOLUCION,I
34669,LUBRICANTE PARA INSTRUMENTAL QUIRURGICO  1 gal UNIDAD,UNIDAD,I
27995,MASCARA LARINGEA DESCARTABLE Nº 4.0   UNIDAD,UNIDAD,I
31962,POTASIO FOSFATO 1 mEq 0.6 mmol 20 mL INYECTABLE,INYECTABLE,M
28643,TORNILLO ESPONJOSO 6.5 mm X 65 mm   UNIDAD,UNIDAD,I
21436,DISCO DE SENSIBILIDAD DE AMPICILINA 10 µg 50 DISCOS UNIDAD,UNIDAD,I
1378,BUPIVACAINA CLORHIDRATO (SIN PRESERVANTES) 5 mg/mL (0.5 %) 20 mL INYECTABLE,INYECTABLE,M
36851,HISOPO IMPREGNADO CON GLUCONATO DE CLORHEXIDINA 2% + ALCOHOL ISOPROPILICO 70%   UNIDAD,UNIDAD,I
16825,PAÑAL CALZON DESCARTABLE PARA ADULTO TALLA GRANDE   UNIDAD,UNIDAD,I
11493,COLORANTE ORANGE G X 25 g   UNIDAD,UNIDAD,I
41735,ACIDO URICO ENZIMATICO  1 DET KIT,KIT,I
35466,SISTEMA DE FIJACION CON TORNILLO INTERFERENCIAL DE LIGAMENTO CRUZADO ANTERIOR   UNIDAD,UNIDAD,I
20382,SUCCINILCOLINA (CLORURO DE SUXAMETONIO) 500 mg  INYECTABLE,INYECTABLE,M
34374,PRUEBA RAPIDA INMUNOCROMATOGRAFICA PARA VIH 4TA GENERACION  1 DET KIT,KIT,I
42773,VIDEOENDOSCOPIO DESCARTABLE 5.8/2.8 mm DE UN SOLO USO   UNIDAD,UNIDAD,I
42858,CEPILLO DENTAL PARA NIÑO SEMI DURO   UNIDAD,UNIDAD,I
18375,GLIMEPIRIDA 2 mg  TABLETA,TABLETA,M
3920,HIDROCLOROTIAZIDA 12.5 mg  TABLETA,TABLETA,M
3952,HIDROCORTISONA (COMO SUCCINATO SODICO) 100 mg 2 mL INYECTABLE,INYECTABLE,M
27408,CAMPO QUIRURGICO DESCARTABLE 45 cm X 60 cm   UNIDAD,UNIDAD,I
39156,MONOFILAMENTO DE NAILON 13 cm x 2.5 cm + 4 cm CALIBRADO 10 g   UNIDAD,UNIDAD,I
21617,ACIDO URICO AUTOMATIZADA  1 DET UNIDAD,UNIDAD,I
50595,TROCAR PARA CIRUGIA LAPAROSCOPICA DE 10.5 mm DE DIAMETRO   UNIDAD,UNIDAD,I
19956,HIDROXIDO DE POTASIO 10 % 100 mL SOLUCION,SOLUCION,I
900,ATENOLOL 100 mg  TABLETA,TABLETA,M
33644,TORNILLO ESPONJOSO ROSCA PARCIAL 4.0 mm X 34 mm   UNIDAD,UNIDAD,I
23088,KIT DE ROPA DESCARTABLE PARA PARTO X 7 PIEZAS   KIT,KIT,I
43389,JUEGO DE TROCAR PARA CIRUGIA LAPAROSCOPICA x 7 PIEZAS   UNIDAD,UNIDAD,I
22299,DISCO DE SENSIBILIDAD DE NORFLOXACINO 10 ug 50 DISCOS UNIDAD,UNIDAD,I
48973,SOLUCION PARA PAPANICOLAU OG  X 1 L UNIDAD,UNIDAD,I
21439,DISCO DE SENSIBILIDAD DE CEFUROXIMA 30 µg 50 DISCOS UNIDAD,UNIDAD,I
17473,TUBO OROFARINGEO (TUBO DE MAYO) N° 5   UNIDAD,UNIDAD,I
29102,ESPARADRAPO ANTIALERGICO DE TELA 5 cm  X 9.10 m X 6 CORTES   UNIDAD,UNIDAD,I
11898,SONDA VESICAL TIPO NELATON N° 08   UNIDAD,UNIDAD,I
10747,SET COLORANTE GRAM  100 mL (4 FRASCOS) SET,SET,I
12221,SUTURA NAILON AZUL MONOFILAMENTO 3/0 C/A 3/8 CIRCULO CORTANTE 20 mm X 75 cm   UNIDAD,UNIDAD,I
6564,ZIDOVUDINA 10 mg/mL 20 mL INYECTABLE,INYECTABLE,M
19622,PIEDRA MONTADA PARA DESGASTAR ACRILICO EN FORMA DE PERA MEDIANA   UNIDAD,UNIDAD,I
10563,CLAVO KIRSCHNER 1.5 mm X 15 cm   UNIDAD,UNIDAD,I
2862,DIGOXINA 250 µg (0.25 mg)  TABLETA,TABLETA,M
38789,PLACA LCP DE 6 AGUJEROS 2.7 mm/3.5 mm PARA HUMERO DISTAL LATERAL IZQUIERDA   UNIDAD,UNIDAD,I
6232,TRAMADOL CLORHIDRATO 50 mg/mL 2 mL INYECTABLE,INYECTABLE,M
25549,LIMAS K SET DEL 15-40 (1era SERIE) DE 21 mm   UNIDAD,UNIDAD,I
29924,CANULA PARA TRAQUEOSTOMIA Nº 5   UNIDAD,UNIDAD,I
38051,COLESTEROL HDL  200 DET KIT,KIT,I
11188,GLUCOSA ENZIMATICA  100 DET KIT,KIT,I
12700,TUBO OROFARINGEO (TUBO DE MAYO) N° 1   UNIDAD,UNIDAD,I
20430,AGUJA PARA BIOPSIA DE PROSTATA DESCARTABLE 18 G X 25 cm   UNIDAD,UNIDAD,I
21395,MANDIL DESCARTABLE ESTERIL TALLA ESTANDAR   UNIDAD,UNIDAD,I
3881,HALOPERIDOL 10 mg  TABLETA,TABLETA,M
31257,"ESPARADRAPO ANTIALERGICO PLASTIFICADO 1"" X 10 yd   UNIDAD",UNIDAD,I
31665,HORMONA TIROXINA (T4) LIBRE  1 DET KIT,KIT,I
25617,CAMARA DE NEUBAUER DE VIDRIO 76 mm X 31 mm CON ESPEJO   UNIDAD,UNIDAD,I
19030,MASCARA DE OXIGENO TIPO VENTURI PEDIATRICA   UNIDAD,UNIDAD,I
22414,DISCO DE SENSIBILIDAD DE SULFAMETOXAZOL + TRIMETOPRIMA 23.75 ug + 1.25 ug 50 DISCOS UNIDAD,UNIDAD,I
32204,TORNILLO CANULADO 7 mm X 80 mm   UNIDAD,UNIDAD,I
22383,DISCO DE SENSIBILIDAD DE PENICILINA 10 ug 50 DISCOS UNIDAD,UNIDAD,I
41921,AGUJA DESCARTABLE 25 G X 4 mm INYECTOR DE ESCLEROTERAPIA 2.3 mm X 240 cm PARA COLONOSCOPIO   UNIDAD,UNIDAD,I
24846,HILO DENTAL X 50 m   UNIDAD,UNIDAD,I
21222,CUCHILLA DESCARTABLE RECORTADORA QUIRURGICA DE VELLO TIPO CLIPPER   UNIDAD,UNIDAD,I
29563,CLAVO SCHANZ 6.0 mm X 250 mm   UNIDAD,UNIDAD,I
20270,SET DE GASTROSTOMIA ENDOSCOPICA PERCUTANEA Nº 20 FR   UNIDAD,UNIDAD,I
52656,CEPILLO DE LIMPIEZA UNA CABEZA EN UN EXTREMO PARA CERDA DE NAILON  18.50 cm DE LONGITUD UNIDAD,UNIDAD,I
43180,MECHERO DE BUSSEN MEDIANO   UNIDAD,UNIDAD,I
44313,EMPAGLIFLOZINA 10 mg  TABLETA,TABLETA,M
30709,CATETER BALON DE SISTEMA COAXIAL 4 mm X 150 cm   UNIDAD,UNIDAD,I
25874,CHAQUETA Y PANTALON DESCARTABLE TALLA M   UNIDAD,UNIDAD,I
43098,FRESA DE DIAMANTE PERIFORME MEDIANA   UNIDAD,UNIDAD,I
31160,SET DE MATERIAL INTRODUCTOR DE CATETER FEMORAL 4 FR X 10 cm   UNIDAD,UNIDAD,I
49181,"ARCO PREFORMADO DE NIQUEL, TITANIO (NITINOL) RECTAN. SUPERIOR TIPO KITINEX 0.016 in X 0.022 in X 27º   UNIDAD",UNIDAD,I
34835,TRANSAMINASA GLUTAMICA PIRUVICA (TGP)  1 DET KIT,KIT,I
17030,SONDA VESICAL TIPO FOLEY 2 VIAS DESCARTABLE Nº 16   UNIDAD,UNIDAD,I
21056,BROCA DE 1.6 mm DE DIAMETRO X 100 mm   UNIDAD,UNIDAD,I
30142,PROTECTOR FACIAL CON VISOR   UNIDAD,UNIDAD,I
39169,SOLUCIONES PARA NUTRICION PARENTERAL  1.5 L INYECTABLE,INYECTABLE,M
12702,TUBO OROFARINGEO (TUBO DE MAYO) N° 3   UNIDAD,UNIDAD,I
44800,CETILPIRIDINIO CLORURO + CLORHEXIDINA DIGLUCONATO (COLUTORIO ) 0.05 g + 0.12 g/100 mL 500 mL SOLUCION,SOLUCION,I
22597,BOLSA COLECTORA DE SANGRE CUADRUPLE X 450 mL   UNIDAD,UNIDAD,I
3873,HALOPERIDOL 5 mg/mL 1 mL INYECTABLE,INYECTABLE,M
46493,TORNILLO DE INTERFERENCIA BIOABSORBIBLE  7 mm X 30 mm UNIDAD,UNIDAD,I
40299,CLAVO KIRSCHNER 1.8 mm X 310 mm   UNIDAD,UNIDAD,I
50969,ANTICUERPO MONOCLONAL PARA EPSTEIN BARR VIRUS LMP (CS 1-4) X 1 mL   UNIDAD,UNIDAD,I
33393,MEDIA ELASTICA TALLA N° 10   UNIDAD,UNIDAD,I
10466,"CATETER ENDOVENOSO PERIFERICO Nº 16 G X 2""   UNIDAD",UNIDAD,I
10083,AGUA DESTILADA  20 L SOLUCION,SOLUCION,I
40693,AGUJA DE ACUPUNTURA DESCARTABLE 1 1/2 ?   UNIDAD,UNIDAD,I
17084,SONDA VESICAL TIPO NELATON N° 16   UNIDAD,UNIDAD,I
28444,MINIPLACA DE TITANIO RECTA 8 ORIFICIOS SISTEMA 2.0 mm   UNIDAD,UNIDAD,I
42492,SABANA DESCARTABLE ESTERIL 3.00 m X 1.50 m   UNIDAD,UNIDAD,I
51297,PRUEBA CUANTITATIVA POR INMUNOFLUORESCENCIA SECA PARA TROPONINA (cTnl) X 25 DET   UNIDAD,UNIDAD,I
54125,HIALURONATO SODICO 20 mg/ml JERINGA X 4.9 mL INYECTABLE,INYECTABLE,I
17723,DILUYENTE PARA VACUNA HAEMOPHILUS INFLUENZAE TIPO B (HIB) INY  1 DOSIS INYECTABLE,INYECTABLE,M
46711,SET DE MATERIAL DESCARTABLE PARA ADMINISTRACION DE OXIGENO   UNIDAD,UNIDAD,I
5599,PRIMAQUINA FOSFATO 15 mg  TABLETA,TABLETA,M
38955,MANDIL DESCARTABLE NO ESTERIL TALLA M   UNIDAD,UNIDAD,I
40575,MASCARA LARINGEA Nº 2.5   UNIDAD,UNIDAD,I
17071,SONDA NASOGASTRICA Nº 8   UNIDAD,UNIDAD,I
23082,SUTURA NAILON NEGRO MONOFILAMENTO 3/0 C/A 3/8 CIRCULO CORTANTE 20 mm X 45 cm   UNIDAD,UNIDAD,I
6144,TIMOLOL MALEATO(SOLUCION OFTALMICA) 5 mg/mL (0.5 %) 5 mL SOLUCION,SOLUCION,M
26368,SODIO CLORURO (0.9 % -CIRCUITO CERRADO ) 900 mg/100 mL (0.9 %) CIRCUITO CERRADO 1 L INYECTABLE,INYECTABLE,M
22797,TREPANO CORNEAL DESCARTABLE 7.25 mm   UNIDAD,UNIDAD,I
34591,CRIOVIAL DE POLIPROPILENO ESTERIL 2.0 mL X 100   UNIDAD,UNIDAD,I
27862,TORNILLO DE BLOQUEO 2.4 mm X 20 mm   UNIDAD,UNIDAD,I
16472,FRESA DE DIAMANTE DE ALTA VELOCIDAD FISURA PEQUEÑA   UNIDAD,UNIDAD,I
24728,COLESTEROL TOTAL ENZIMATICO AUTOMATIZADO  1 DET KIT,KIT,I
37357,TORNILLO CANULADO 3.5 mm X 44 mm   UNIDAD,UNIDAD,I
5889,SODIO CLORURO 20 g/100 mL (20 %) 20 mL INYECTABLE,INYECTABLE,M
2881,DILTIAZEM CLORHIDRATO 60 mg  TABLETA,TABLETA,M
3602,FLUMAZENIL 100 µg/mL (0.1 mg/mL) 5 mL INYECTABLE,INYECTABLE,M
33907,TUBO PARA EXTRACCION DE SANGRE CON SISTEMA DE VACIO DE POLIPROPILENO DE 6 mL SIN ADITIVO   UNIDAD,UNIDAD,I
36854,POSACONAZOL 100 mg  TABLETA,TABLETA,M
44774,PAPEL INDICADOR TORNASOL COLOR ROJO   UNIDAD,UNIDAD,I
24890,VALVULA CARDIACA AORTICA MECANICA Nº 19   UNIDAD,UNIDAD,I
27822,PLACA LCP PARA FEMUR DISTAL MEDIAL DERECHA X 10 AGUJEROS X L 270 mm   UNIDAD,UNIDAD,I
11851,SONDA DE ASPIRACION ENDOTRAQUEAL Nº 16   UNIDAD,UNIDAD,I
25698,DOSAJE DE TIEMPO DE PROTROMBINA  1 DET KIT,KIT,I
29140,MATRIZ HUMANA DE HUESO DESMINERALIZADO 10 mL   UNIDAD,UNIDAD,I
37371,EXPANSOR TISULAR RECTANGULAR LISO 200 mL   UNIDAD,UNIDAD,I
37403,ANTIGENO PROSTATICO ESPECIFICO (PSA) TOTAL METODO AUTOMATIZADO  1 DET KIT,KIT,I
29990,MANGO DE BISTURI N° 3   UNIDAD,UNIDAD,I
1682,CEFTAZIDIMA 1 g  INYECTABLE,INYECTABLE,M
50010,FIBRA OPTICA DESCARTABLE 3.2/1.2 mm x 60 cm PARA BRONCOSCOPIO   UNIDAD,UNIDAD,I
22439,PLATINA DE VIDRIO 15 cm X 15 cm   UNIDAD,UNIDAD,I
38343,REACTIVO PARA GASES ELECTROLITOS Y METABOLITOS SANGUINEOS ARTERIALES   UNIDAD,UNIDAD,I
11156,GASA ESTERIL 10 cm X 10 cm   UNIDAD,UNIDAD,I
54580,CATETER IMPLANTABLE INTRAPERITONEAL DESCARTABLE - 16 FR X 57 cm UNIDAD,UNIDAD,I
42534,HEPATITIS B ANTIGENO E AUTOMATIZADO  DETERMINACIONES UNIDAD,UNIDAD,I
43880,KIT PARA DETERMINACION COMPATIBILIDAD PRETRANSFUNSIONAL TEST ANTIGLOBULINA DIRECTO  DETERMINACION UNIDAD,UNIDAD,I
44295,TUBO DE POLIPROPILENO PARA PCR DE 200 µL CON TAPA X 1000   UNIDAD,UNIDAD,I
10426,CANULA PARA TRAQUEOSTOMIA Nº 6   UNIDAD,UNIDAD,I
27353,AZUL DE TRIPAN 500 µg/mL 1.5 mL SOLUCION,SOLUCION,I
10018,ACIDO ACETICO 5% 500 mL SOLUCION,SOLUCION,I
54252,IODURO SODICO (I-131) 10 mCi - TABLETA,TABLETA,M
29344,ADAPTADOR PARA INHALADOR DE DOSIS MEDIDA   UNIDAD,UNIDAD,I
11853,SONDA DE ASPIRACION ENDOTRAQUEAL N° 6   UNIDAD,UNIDAD,I
43831,PAPEL TOALLA HOJA SIMPLE INTERFOLIADO BLANCO  200 HOJAS UNIDAD,UNIDAD,I
43525,CLORHEXIDINA GLUCONATO + ALCOHOL ETILICO 0.05% + 60% W/W GEL 500 mL   GEL,GEL,I
24604,IONOMERO DE VIDRIO FOTOCURABLE PARA BASE (POLVO-LIQUIDO 9 g/5.5 mL)   KIT,KIT,I
35688,KIT DE ESPUMA DE POLIURETANO PARA PRESION NEGATIVA 3 cm X 15 cm X 25 cm   KIT,KIT,I
223,ACIDO TRANEXAMICO 1 g 10 mL INYECTABLE,INYECTABLE,M
27721,SUTURA DE POLIPROPILENO AZUL MONOFILAMENTO 3/0 C/DOBLE AGUJA 1/2 CIRCULO REDONDA 25 mm X 75 cm   UNIDAD,UNIDAD,I
49040,SET DE IMPLEMENTOS DESCARTABLES PARA CONCENTRADO PARASITOLOGICO X 3 PIEZAS   UNIDAD,UNIDAD,I
10436,TUBO CAPILARES PARA HEMATOCRITO CON HEPARINA   UNIDAD,UNIDAD,I
43179,PAPEL TOALLA DOBLE HOJA INTERFOLIADO BLANCO  200 HOJAS UNIDAD,UNIDAD,I
12022,SUTURA CATGUT CROMICO 3/0 C/A 1/2 CIRCULO REDONDA 20 mm X 70 cm   UNIDAD,UNIDAD,I
11345,"JERINGA DESCARTABLE DE TUBERCULINA 1 mL CON AGUJA 25 G X 3/8""   UNIDAD",UNIDAD,I
32975,CATETER BALON NO COMPLACIENTE PARA ANGIOPLASTIA CORONARIA 3.5 mm X 12 mm   UNIDAD,UNIDAD,I
36601,FRESA QUIRURGICA FISURA TALLO LARGO   UNIDAD,UNIDAD,I
19293,DISCO DE SENSIBILIDAD DE NOVOBIOCINA 5 ug 50 DISCOS UNIDAD,UNIDAD,I
4175,ISOTRETINOINA 20 mg  TABLETA,TABLETA,M
16757,MALLA DE POLIPROPILENO DESCARTABLE 30 cm X 30 cm   UNIDAD,UNIDAD,I
51298,PRUEBA  CUANTITATIVA POR INMUNOFLUORESCENCIA SECA PARA PROPEPTIDO NATRIURETICO CEREBRAL N-TERMINAL (NT-proBNP) X 25   UNIDAD,UNIDAD,I
29082,ANCLA DE SUTURA 3.5 mm X 17 mm   UNIDAD,UNIDAD,I
52071,GUiA HIDROFILICA ESTERIL DE  0.014 in X 205 cm   UNIDAD,UNIDAD,I
30300,ORTESIS SPLINT DE ILFELD PARA NIÑOS MAYORES DE 5 MESES A 1 AÑOS   UNIDAD,UNIDAD,I
40803,VALPROATO SODICO (TABLETA DE LIBERACION MODIFICADA) 500 mg  TABLETA,TABLETA,M
39400,ESTILETE DE INTUBACION 10 FR x 4.0 mm   UNIDAD,UNIDAD,I
36461,PINZA DE BIOPSIA PARA ENDOSCOPIA ALTA X 160 cm DE LONGITUD   UNIDAD,UNIDAD,I
36600,FRESA DE CARBURO TUNGSTENO DE ALTA VELOCIDAD FISURA EXTRALARGA   UNIDAD,UNIDAD,I
23336,"AGUJA MULTIPLE PARA EXTRACCION DE SANGRE AL VACIO 21 G X 1""   UNIDAD",UNIDAD,I
25957,TORNILLO DE TITANIO 1.6 mm X 6 mm   UNIDAD,UNIDAD,I
40785,ALBUMINA  100 DET KIT,KIT,I
27668,SOLUCIONES PARA NUTRICION PARENTERAL  150 mL INYECTABLE,INYECTABLE,M
32181,BAJALENGUA DE MADERA PEDIATRICA X 100 (EMPAQUE INDIVIDUAL)   UNIDAD,UNIDAD,I
17796,CIRCUITO DE PRESION POSITIVA CONTINUA (CPAP) NASAL Nº 4   UNIDAD,UNIDAD,I
19096,SUTURA ACIDO POLIGLICOLICO 2/0 C/A 1/2 CIRCULO REDONDA 25 mm X 70 cm   UNIDAD,UNIDAD,I
41486,GUANTE PARA EXAMEN DESCARTABLE DE NITRILO SIN POLVO TALLA L X 100   UNIDAD,UNIDAD,I
36691,DEPOSITO DE POLIETILENO PARA DESCARTE DE MATERIAL PUNZO CORTANTE X 1.5 L   UNIDAD,UNIDAD,I
20084,SONDA NASOGASTRICA DE SILICONA Nº 6   UNIDAD,UNIDAD,I
32219,SUTURA DE POLIPROPILENO AZUL MONOFILAMENTO 5/0 C/DOBLE AGUJA 1/2 CIRCULO REDONDA 20 mm X 75 cm   UNIDAD,UNIDAD,I
6466,VALPROATO SODICO 500 mg  TABLETA,TABLETA,M
11848,SONDA DE ASPIRACION ENDOTRAQUEAL Nº 10   UNIDAD,UNIDAD,I
23778,TUBO ENDOTRAQUEAL DESCARTABLE Nº 3.0 CON BALON   UNIDAD,UNIDAD,I
10749,SET COLORANTE GRAM  500 mL (4 FRASCOS) SET,SET,I
37449,APOSITO TRANSPARENTE IMPERMEABLE 5 cm X 5.7 cm   UNIDAD,UNIDAD,I
24391,COLESTEROL LDL DIRECTO  40 DET KIT,KIT,I
24341,BILIRRUBINA DIRECTA AUTOMATIZADA  1 DET KIT,KIT,I
24597,CURETA PARA DENTINA BIACTIVA PEQUEÑA   UNIDAD,UNIDAD,I
31289,PLACA PETRI DE PLASTICO ESTERIL 15 mm X 90 mm   UNIDAD,UNIDAD,I
18409,FLUOR GEL ACIDULADO 1.23 % 240 mL UNIDAD,UNIDAD,I
1705,CEFUROXIMA (COMO AXETIL) 250 mg/5 mL 50 mL SUSPENSION,SUSPENSION,M
44451,OXIMETRO DE PULSOS ADULTO - PEDIATRICO (PULSOXIMETRO)   UNIDAD,UNIDAD,I
31993,SONDA DE ASPIRACION DE SECRECIONES CIRCUITO CERRADO Nº 8   UNIDAD,UNIDAD,I
51420,GAMMA GLUTAMIL TRANSFERASA (GGT)  DET UNIDAD,UNIDAD,I
2208,CLORPROMAZINA CLORHIDRATO 100 mg  TABLETA,TABLETA,M
34440,MASCARILLA DE ANESTESIA TRANSPARENTE Nº 4   UNIDAD,UNIDAD,I
23932,"CATETER ENDOVENOSO PERIFERICO Nº 22 G X 3/4"" CON ADAPTADOR EN Y   UNIDAD",UNIDAD,I
2587,DESMOPRESINA ACETATO 10 µg/100 µL 5 mL AEROSOL,AEROSOL,M
834,AMPICILINA SODICA 500 mg  INYECTABLE,INYECTABLE,M
32130,ALBUMINA AUTOMATIZADA  1 DET KIT,KIT,I
53165,LENTE INTRAOCULAR DIOPTRIA +21 CAMARA POSTERIOR PLEGABLE 3 PIEZAS CON FILTRO PARA LUZ AZUL   UNIDAD,UNIDAD,I
12577,TORNILLO CORTICAL 4.5 mm X 56 mm   UNIDAD,UNIDAD,I
45784,CLAVO CEFALO MEDULAR BLOQUEADO PARA FEMUR DE TITANIO 135° 10 mm X 340 mm UNIDAD,UNIDAD,I
24273,TORNILLO DE BLOQUEO 3.5 mm X 16 mm   UNIDAD,UNIDAD,I
20494,VASELINA SOLIDA  100 g UNIDAD,UNIDAD,I
29640,SUTURA SEDA NEGRA TRENZADA MULTIEMPAQUE 4/0 S/A X 75 cm   UNIDAD,UNIDAD,I
38302,LINEA PARA BOMBA DE INFUSION PARA MEDICAMENTOS FOTOSENSIBLES   UNIDAD,UNIDAD,I
20842,GASA FRACCIONADA ESTERIL 10 cm X 10 cm DE 8 PLIEGUES X 5 UNI   UNIDAD,UNIDAD,I
24821,COLLARIN CERVICAL BLANDO PARA NIÑO   UNIDAD,UNIDAD,I
51670,SUERO ANTIOFIDICO POLIVALENTE  10 mL INYECTABLE,INYECTABLE,M
15233,APOSITO HIDROCOLOIDE 20 cm X 20 cm   UNIDAD,UNIDAD,I
22473,"BOLSA DE POLIETILENO DE BIOSEGURIDAD PARA AUTOCLAVE DE 23"" X 19"" X 100   UNIDAD",UNIDAD,I
22312,DISCO DE SENSIBILIDAD DE CEFAZOLINA 30 ug 50 DISCOS UNIDAD,UNIDAD,I
33542,HEPATITIS B ANTICUERPO CONTRA ANTIGENO DE SUPERFICIE  1 DET KIT,KIT,I
28145,TUBO EN T MONTGOMERY Nº 14   UNIDAD,UNIDAD,I
37361,PROTEINA C REACTIVA CUANTITATIVA  1 DET KIT,KIT,I
26078,AGAR MUELLER HINTON  500 g SOLUCION,SOLUCION,I
43097,FRESA DE DIAMANTE DE ALTA VELOCIDAD FISURA LISA EXTRA LARGA   UNIDAD,UNIDAD,I
42067,TUBO ENDOTRAQUEAL ANILLADO Nº 8.0   UNIDAD,UNIDAD,I
5638,PROXIMETACAINA (SOLUCION OFTALMICA) 5 mg/mL 15 mL SOLUCION,SOLUCION,M
47849,APOSITO DE MEMBRANA BIOCELULOSA BACTERIANA PARA EPITELIZACION 18 cm X 10 cm   UNIDAD,UNIDAD,I
43842,HISOPO DE DACRON ESTERIL NASOFARINGEO   UNIDAD,UNIDAD,I
28645,SONDA TRANSPILORICA DE SILICONA 14 FR CON MANDRIL Y LASTRE   UNIDAD,UNIDAD,I
29153,FUROSEMIDA 20 mg 2 mL INYECTABLE,INYECTABLE,M
45162,PINZA PORTA CLAMP BREWER 17.5 cm   UNIDAD,UNIDAD,I
30156,CLIP DE TITANIO PARA COSTILLA DERECHO 22.5° X 19 mm   UNIDAD,UNIDAD,I
19935,SUCCIONADOR DE PLASTICO DESCARTABLE USO DENTAL   UNIDAD,UNIDAD,I
44558,SUTURA DE POLIPROPILENO AZUL MONOFILAMENTO 7/0 C/DOBLE AGUJA 3/8 CIRCULO REDONDA 8 mm X 45 cm   UNIDAD,UNIDAD,I
38459,COLISTINA (COMO COLISTIMETATO DE SODIO) 150 mg  INYECTABLE,INYECTABLE,M
40772,PINZA BIPOLAR PARA SELLADO DE VASOS CON CUCHILLA DE CORTE DE 5 mm X 37 cm   UNIDAD,UNIDAD,I
5211,OXACILINA 1 g  INYECTABLE,INYECTABLE,M
22319,DISCO DE SENSIBILIDAD DE OPTOQUINA 5 ug 50 DISCOS UNIDAD,UNIDAD,I
51290,PRUEBA CUANTITATIVA POR INMUNOFLUORESCENCIA SECA  PARA HORMONA TIROIDEA ESTIMULANTE (TSH) X 25 DET   UNIDAD,UNIDAD,I
28746,CAMPO FENESTRADO DESCARTABLE 45 cm X 55 cm   UNIDAD,UNIDAD,I
40287,TEST DE ANTIGENO CA 19-9  1 DET KIT,KIT,I
32704,ACIDO ACETICO 5% 1 L SOLUCION,SOLUCION,I
3451,FENITOINA SODICA 100 mg  TABLETA,TABLETA,M
19490,"BOLSA DE POLIETILENO DE BIOSEGURIDAD PARA AUTOCLAVE DE 36"" X 24"" COLOR ROJO X 100   UNIDAD",UNIDAD,I
18725,GORRO DESCARTABLE DE CIRUJANO   UNIDAD,UNIDAD,I
10372,BOLSA  DE TRANSFERENCIA DE PLASMA 300 mL   UNIDAD,UNIDAD,I
27188,CANULA VENOSA RECTA Nº 12   UNIDAD,UNIDAD,I
11787,SUTURA SEDA NEGRA TRENZADA 2/0 C/A 1/2 CIRCULO REDONDA 30 mm X 75 cm   UNIDAD,UNIDAD,I
35022,MODELINA DE BAJA FUSION PARA IMPRESION (USO DENTAL)   UNIDAD,UNIDAD,I
3727,GANCICLOVIR 500 mg  INYECTABLE,INYECTABLE,M
22600,MALLA DE TITANIO 200 mm X 200 mm   UNIDAD,UNIDAD,I
37861,"GUIA HIDROFILICA CURVA FLEXIBLE DESCARTABLE 0.035 "" x 1.50 m   UNIDAD",UNIDAD,I
26605,PAPEL MILIMETRADO PARA ELECTROCARDIOGRAMA 80 mm X 20 m   UNIDAD,UNIDAD,I
55311,KIT DE MEDIOS DE CONGELACION ULTRA RAPIDA DE OVOCITOS Y EMBRIONES HUMANOS - - UNIDAD,UNIDAD,I
22451,SUTURA DE POLIDIOXANONA 3/0 C/A 1/2 CIRCULO REDONDA 26 mm X 70 cm   UNIDAD,UNIDAD,I
30138,SUTURA DE POLIDIOXANONA 6/0 C/2A 3/8 CIRCULO REDONDA 13 mm X 75 cm   UNIDAD,UNIDAD,I
43438,APOSITO DE GASA PARAFINADA  10 cm x 10 cm UNIDAD,UNIDAD,I
42772,ESPONJA DE ESPUMA DE POLIURETANO IMPREGNADA CON GLUCONATO DE CLORHEXIDINA 2%  UNIDAD UNIDAD,UNIDAD,I
29216,CIRCUITO DE PRESION POSITIVA CONTINUA (CPAP) NASAL Nº 1   UNIDAD,UNIDAD,I
43816,PANTALON DESCARTABLE TALLA S   UNIDAD,UNIDAD,I
18327,BOLSA PARA NUTRICION PARENTERAL X 500 mL   UNIDAD,UNIDAD,I
31475,CURETA GRACEY Nº 13-14   UNIDAD,UNIDAD,I
35320,CRIOVIAL DE PLASTICO ESTERIL 2.0 mL CON TAPA ROSCA C/TAPA FONDO PLANO GRADUADO X 100	   UNIDAD,UNIDAD,I
36811,MEDIO PARA HEMOCULTIVO CON REMOVEDOR DE ANTIBIOTICO ADULTO   UNIDAD,UNIDAD,I
1853,CIPROTERONA ACETATO 50 mg  TABLETA,TABLETA,M
6471,VANCOMICINA CLORHIDRATO 500 mg  INYECTABLE,INYECTABLE,M
22901,ALCOHOL ISOPROPILICO (ISOPROPANOL) P.A.  1 L UNIDAD,UNIDAD,I
42847,CITOMEGALOVIRUS IGM AUTOMATIZADO  1 DETERMINACION UNIDAD,UNIDAD,I
36475,MINIPLACA DE TITANIO CON PUENTE ESTANDAR 2.0   UNIDAD,UNIDAD,I
8172,SUERO ANTILOXOSCELICO 8 g/5 mL  INYECTABLE,INYECTABLE,M
95,ACIDO ACETILSALICILICO 500 mg  TABLETA,TABLETA,M
37377,"TUBO DE POLIPROPILENO, FONDO CONICO GRADUADO X 15 mL CON TAPA   UNIDAD",UNIDAD,I
23506,PLACA 1/3 DE TUBO 8 AGUJEROS X 3.5 mm   UNIDAD,UNIDAD,I
12566,TORNILLO CORTICAL 4.5 mm X 38 mm   UNIDAD,UNIDAD,I
38256,PRUEBA CRUZADA MAYOR  1 DET KIT,KIT,I
34972,TUBO PARA EXTRACCION DE SANGRE CON SISTEMA DE VACIO DE POLIPROPILENO 2.7 mL CITRATO DE SODIO 3.2%   UNIDAD,UNIDAD,I
25670,LENTE INTRAOCULAR DIOPTRIA 17.5 CAMARA POSTERIOR PLEGABLE 1 PIEZA   UNIDAD,UNIDAD,I
29745,LIPASA  1 DET KIT,KIT,I
11714,PLACA TERCIO DE CAÑA DE 7 AGUJEROS   UNIDAD,UNIDAD,I
15815,CLAVO KUNTSCHER 12 mm X 36 cm   UNIDAD,UNIDAD,I
28162,JERINGA DESCARTABLE 50 mL UROLOGICO PICO PUNTA   UNIDAD,UNIDAD,I
41782,ESCOBILLA DESCARTABLE PARA PROFILAXIS X 100 UNIDADES   UNIDAD,UNIDAD,I
17008,SONDA DE ASPIRACION ENDOTRAQUEAL EN CIRCUITO CERRADO N° 5 F   UNIDAD,UNIDAD,I
25080,SUTURA ACIDO POLIGLACTIN 2/0 C/A 1/2 CIRCULO REDONDA 25 mm X 70 cm   UNIDAD,UNIDAD,I
24073,CUCHILLETE DESCARTABLE DE INCISION PARA FACOEMULSIFICACION DE 2.2 mm   UNIDAD,UNIDAD,I
45137,PIPETA DE TRANSFERENCIA NO ESTERIL 3.0 mL X 100   UNIDAD,UNIDAD,I
38915,LIGADURA VASCULAR DE SILICONA 0.83 mm x 457 mm   UNIDAD,UNIDAD,I
42251,UREA CINETICA  X 50 DETERMINACIONES UNIDAD,UNIDAD,I
11780,ANTIGENO RPR  500 DET KIT,KIT,I
3677,FOLINATO CALCICO Equiv 50 mg ACIDO FOLINICO  INYECTABLE,INYECTABLE,M
29504,"JERINGA DESCARTABLE 1 mL CON AGUJA 26 G X 1/2 ""   UNIDAD",UNIDAD,I
15287,BRAZALETE DE IDENTIFICACION PARA NIÑO (CELESTE)   UNIDAD,UNIDAD,I
44115,TERMOMETRO DIGITAL INFRAROJO TIPO PISTOLA PUNTERO LASER   UNIDAD,UNIDAD,I
39566,TROCAR TORAXICO RIGIDO DE 11 mm DE DIAMETRO DESCARTABLE   UNIDAD,UNIDAD,I
33009,DISPOSITIVO INTRAUTERINO CON LEVONORGESTREL 52 mg   UNIDAD,UNIDAD,M
43510,MANGA DE POLIETILENO ESTERIL PARA LAPAROSCOPIA 15.2 cm X 2.5 m   UNIDAD,UNIDAD,I
19055,SUTURA CATGUT CROMICO 3/0 C/A 3/8 CIRCULO CORTANTE 15 mm x 70 cm   UNIDAD,UNIDAD,I
18780,LENTE INTRAOCULAR DIOPTRiA 19.5 CAMARA POSTERIOR NO PLEGABLE 3 PIEZAS   UNIDAD,UNIDAD,I
19152,SOLUCION SALINA BALANCEADA  500 mL SOLUCION,SOLUCION,M
31083,ARTESUNATO + MEFLOQUINA 100 mg + 200 mg  TABLETA,TABLETA,M
38798,TORNILLO ESPONJOSO ROSCA PARCIAL 4.0 mm x 45 mm   UNIDAD,UNIDAD,I
48256,PINZA DE BIOPSIA PARA ENDOSCOPIA ALTA SIN AGUJA X 160 cm DE LONGITUD   UNIDAD,UNIDAD,I
20570,ACEITE LUBRICANTE PARA PIEZA DE MANO  480 mL SOLUCION,SOLUCION,I
32103,ETRAVIRINA 200 mg  TABLETA,TABLETA,M
41765,MATRIZ DERMICA ACELULAR PIEL DE ORIGEN HUMANA GLICEROLADA 4 cm X 8 cm   UNIDAD,UNIDAD,I
42982,SELLANTE DE FOSAS Y FISURAS FOTOCURABLE  2 g KIT,KIT,I
22090,"BOLSA DE POLIETILENO DE BIOSEGURIDAD PARA AUTOCLAVE DE 14"" X 9"" COLOR ROJO X 100   UNIDAD",UNIDAD,I
52773,PERIOSTOTOMO RECTO 6 mm X 18.5 cm   UNIDAD,UNIDAD,I
12235,SUTURA NAILON AZUL MONOFILAMENTO 5/0 C/A 3/8 CIRCULO CORTANTE 15 mm X 75 cm   UNIDAD,UNIDAD,I
34356,FORCEP TIPO BAYONETA 17 cm   UNIDAD,UNIDAD,I
29275,"PRUEBA RAPIDA PARA DETECCION DE DENGUE (IgM, IgG Y ANTIGENO) TIPO CASSETTE  25 DET UNIDAD",UNIDAD,I
31359,OXIMETRO DE PULSOS PORTATIL   UNIDAD,UNIDAD,I
20160,TORNILLO DE TITANIO 1.5 mm X 6 mm   UNIDAD,UNIDAD,I
21583,CEFUROXIMA 250 mg/5 mL 70 mL SUSPENSION,SUSPENSION,M
32061,ACIDO ORTOFOSFORICO GEL (ACIDO GRABADOR DE ESMALTE) 37% 9 mL UNIDAD,UNIDAD,I
25246,CUCHILLETE CRESCENT ANGULADO ESTANDAR BISEL SUPERIOR   UNIDAD,UNIDAD,I
22342,LAPIZ MARCADOR DE PIEL PARA CIRUGIA   UNIDAD,UNIDAD,I
5157,ONDANSETRON (COMO CLORHIDRATO) 2 mg/mL 4 mL INYECTABLE,INYECTABLE,M
38717,ALBUMINA  1 DET KIT,KIT,I
41713,KIT PARA TIPIFICACION DE GRUPO SANGUINEO CELULAR Y SÉRICO   UNIDAD,UNIDAD,I
21305,BROCA DE TITANIO 2.4 mm X 125 mm   UNIDAD,UNIDAD,I
39866,BILIRRUBINA TOTAL Y FRACCIONADA  DET KIT,KIT,I
23841,APOSITO DE POLIURETANO NEGRO CON SUCCION AL VACIO 26 cm X 15 cm X 3.3 cm   UNIDAD,UNIDAD,I
5876,SODIO CLORURO 900 mg/100 mL (0.9 %) 2 mL INYECTABLE,INYECTABLE,M
22482,SUTURA ACIDO POLIGLACTIN 2/0 C/A 1/2 CIRCULO REDONDA 25 mm X 75 cm   UNIDAD,UNIDAD,I
34024,KIT PARA INYECTOR AUTOMATICO PARA TOMOGRAFIA X 4 PIEZAS   KIT,KIT,I
33940,KIT DE ELISA PARA DETECCION DE IgM CHIKUNGUNYA  96 DET KIT,KIT,I
50362,FENITOINA 125 mg/5 mL 120 mL SUSPENSION,SUSPENSION,M
15707,CATETER TORAXICO RECTO Nº 20   UNIDAD,UNIDAD,I
36445,VALVULA DE DRENAJE TORACICO TIPO HEIMLICH CON BOLSA COLECTORA 2 L   UNIDAD,UNIDAD,I
45356,STENT METALICO NO CUBIERTO PARA ARTERIA AORTA Y PULMONAR DE 2.8 cm X 8 mm   UNIDAD,UNIDAD,I
51881,CAJA INTERSOMATICA LUMBAR 8 mm X 10 mm X 28 mm   UNIDAD,UNIDAD,I
23038,SET DE TRACCION PARA PARTES BLANDAS ADULTO   UNIDAD,UNIDAD,I
19447,"PELICULA RADIOGRAFICA SENSIBLE AL VERDE 30"" X 40""   UNIDAD",UNIDAD,I
38414,TEST DE ANTIGENO CA 125  DET KIT,KIT,I
16108,"CONECTOR RECTO CON LUER 1/4"" X 1/4""   UNIDAD",UNIDAD,I
38278,TORNILLO DE BLOQUEO 4.5 mm x 28 mm   UNIDAD,UNIDAD,I
22411,DISCO DE SENSIBILIDAD DE CIPROFLOXACINO 5 µg 50 DISCOS UNIDAD,UNIDAD,I
22379,GRAPADORA QUIRURGICA CIRCULAR CURVA PARA CIRUGIA ABIERTA 29 mm   UNIDAD,UNIDAD,I
26039,MALLA DE TITANIO 0.2 mm X 60 mm X 120 mm   UNIDAD,UNIDAD,I
41174,GLICLAZIDA (TABLETA DE LIBERACION MODIFICADA) 60 mg  TABLETA,TABLETA,M
26781,DISCO DE SENSIBILIDAD DE CEFACLOR 30 ug 50 DISCOS UNIDAD,UNIDAD,I
31690,BILIRRUBINA DIRECTA  1 DET KIT,KIT,I
39041,SUTURA NAILON AZUL MONOFILAMENTO 2/0 C/A 3/8 CIRCULO CORTANTE 25 mm x 70 cm   UNIDAD,UNIDAD,I
24293,POLIHEXANIDA + UNDECILENAMIDOPROPIL BETAINA 0.1% + 0.1% 30 mL GEL,GEL,I
35795,APOSITO HIDROCELULAR DE POLIURETANO ADHESIVO ESTERIL 3 CAPAS 17.5 cm X 17.5 cm   UNIDAD,UNIDAD,I
4479,LOPINAVIR + RITONAVIR 400 mg + 100 mg/5 mL 160 mL SOLUCION,SOLUCION,M
19458,HEMOFILTRO NEONATAL   UNIDAD,UNIDAD,I
3882,HALOPERIDOL 5 mg  TABLETA,TABLETA,M
19112,SUTURA NAILON AZUL MONOFILAMENTO 6/0 C/A 3/8 CIRCULO CORTANTE 15 mm X 75 cm   UNIDAD,UNIDAD,I
54571,TRASTUZUMAB DERUXTECAN 100 mg - INYECTABLE,INYECTABLE,M
33906,KIT DE ELISA PARA DETECCION DE IgG CHIKUNGUNYA  96 DET KIT,KIT,I
43099,CAUCHO PARA PULIR AMALGAMA SURTIDO PARA CONTRANGULO   UNIDAD,UNIDAD,I
43395,CLORHEXIDINA (ESPUMA) 2 g/100 mL SOL DISPOSITIVO DISPENSADOR CIRCUITO CERRADO  1 L SOLUCION,SOLUCION,M
19946,SONDA NASOYEYUNAL Nº 10   UNIDAD,UNIDAD,I
34693,BARRA CONEXION TRANSVERSO DE TITANIO 3.5 mm DIAMETRO X 500 mm   UNIDAD,UNIDAD,I
50592,SET ACIDO FIJADOR AUTOMATICO PARA 50 L   UNIDAD,UNIDAD,I
20814,BOLSA DE ASPIRACION DE SECRECIONES C/VALVULA Y FILTRO ANTIBACTERIANO 1.5 L   UNIDAD,UNIDAD,I
49973,PUNTERA (TIPS) PARA MICROPIPETA 0.5 µL - 10 µL X 1000 UNIDAD,UNIDAD,I
19324,APOSITO TRANSPARENTE ADHESIVO 4.4 cm x 4.4 cm   UNIDAD,UNIDAD,I
52722,CATETER ENDOVENOSO PERIFERICO 22 G X 1 in CON DISPOSITIVO DE BIOSEGURIDAD Y ALAS DE FIJACION   UNIDAD,UNIDAD,I
40354,SISTEMA DE ANCLAJE DE POLIETERETERCETONA (PEEK) PARA HOMBRO 3.5 mm   UNIDAD,UNIDAD,I
43270,NUTRIENTE COMPLETO BALANCEADO CON TRIGLICERIDO CADENA MEDIA  220 g POLVO,POLVO,I
16311,ELECTRODO DISCO AUTOADHESIVO DESCARTABLE PARA ECG NEONATAL   UNIDAD,UNIDAD,I
20424,LAMINILLA CUBRE OBJETO 22 mm X 22 mm   UNIDAD,UNIDAD,I
25556,TUBO ENDOTRAQUEAL DESCARTABLE Nº 2.5 SIN BALON   UNIDAD,UNIDAD,I
29977,PUNTERA (TIPS) UNIVERSAL PARA PIPETA AUTOMATICA 10 µL - 100 µL   UNIDAD,UNIDAD,I
19226,SUTURA SEDA NEGRA TRENZADA 3/0 C/A 3/8 CIRCULO CORTANTE 15 mm X 75 cm   UNIDAD,UNIDAD,I
39585,APLICADOR DE GLUCONATO DE CLORHEXIDINA AL 2% + ALCOHOL ISOPROPILICO AL 70% x 10.5 mL   UNIDAD,UNIDAD,I
12756,SOLUCION TURK  1 L SOLUCION,SOLUCION,I
30187,CLIP DE TITANIO PARA COSTILLA DE 6 SEGMENTOS   UNIDAD,UNIDAD,I
2052,CLORANFENICOL (COMO PALMITATO) 250 mg/5 mL 60 mL SUSPENSION,SUSPENSION,M
4,ABACAVIR (COMO SULFATO) 300 mg  TABLETA,TABLETA,M
24070,SUTURA ACIDO POLIGLACTINA 5/0 C/A 3/8 CIRCULO CORTANTE 16 mm X 45 cm   UNIDAD,UNIDAD,I
41434,OXIGENO MEDICINAL 93 % M3 GAS,GAS,M
26071,MASCARA DE OXIGENO CON RESERVORIO NEONATAL   UNIDAD,UNIDAD,I
27812,CORSET FLEXIBLE DORSO LUMBAR TAMAÑO MEDIANO   UNIDAD,UNIDAD,I
3591,FLUCONAZOL 2 mg/mL 50 mL INYECTABLE,INYECTABLE,M
29223,JERINGA DESCARTABLE 50 mL CON CONECTOR LUER LOCK   UNIDAD,UNIDAD,I
23817,CONDROITINA SULFATO SODICO + HIALURONATO DE SODIO 40 mg + 17 mg/mL SOL 1 mL   UNIDAD,UNIDAD,I
28438,MINIPLACA DE TITANIO RECTA 20 ORIFICIOS SISTEMA 1.5 mm   UNIDAD,UNIDAD,I
19728,COLORANTE GIEMSA  100 mL SOLUCION,SOLUCION,I
16486,FRESA DE DIAMANTE DE ALTA VELOCIDAD FISURA EXTRAGRANDE   UNIDAD,UNIDAD,I
12001,SUTURA CATGUT CROMICO 4/0 C/A 1/2 CIRCULO REDONDA 30 mm X 70 cm   UNIDAD,UNIDAD,I
31843,ELEVADOR RECTO PLANO MEDIANO   UNIDAD,UNIDAD,I
27732,PUNTA DESCARTABLE DE RADIOFRECUENCIA 90º X 3.5 mm   UNIDAD,UNIDAD,I
1277,BLEOMICINA (COMO SULFATO) 15 mg (15 UI)  INYECTABLE,INYECTABLE,M
32350,APOSITO DE ESPUMA HIDROFILICA (POLIURETANO) ADHESIVO ESTERIL 15 cm X 15 cm   UNIDAD,UNIDAD,I
21616,TIRA REACTIVA PARA OXIDASA  1 DET UNIDAD,UNIDAD,I
32268,PANTALON DESCARTABLE TALLA L   UNIDAD,UNIDAD,I
32648,SISTEMA PARA IDENTIFICACION DE LEVADURAS X 20 DETERMINACIONES   UNIDAD,UNIDAD,I
18252,L-ASPARAGINA ANHIDRA  500 g UNIDAD,UNIDAD,I
23207,CAMPO DE INCISION ANTIMICROBIANO 56 cm X 45 cm   UNIDAD,UNIDAD,I
32270,CHAQUETA DESCARTABLE TALLA M   UNIDAD,UNIDAD,I
33937,ESCOBILLA DESCARTABLE PARA PROFILAXIS FORMA DE COPA   UNIDAD,UNIDAD,I
23014,CAPUCHON PARA TUBO AL VACIO   UNIDAD,UNIDAD,I
18157,CEFTAZIDIMA CON DILUYENTE 1 g  INYECTABLE,INYECTABLE,M
53452,ISONIAZIDA + PIRAZINAMIDA + RIFAMPICINA 50 mg + 150 mg + 75 mg  TABLETA,TABLETA,M
24392,COLESTEROL HDL DIRECTO  80 DET KIT,KIT,I
36835,GUIA PARA ANGIOPLASTIA 0.014 in X 300 cm   UNIDAD,UNIDAD,I
28810,LIMAS K SET DEL 15-40 (1ERA SERIE) DE 25 mm   UNIDAD,UNIDAD,I
48014,ASA DE CORTE BIPOLAR PARA RESECTOSCOPIO 24 CHARR   UNIDAD,UNIDAD,I
38478,INJERTO DE TEJIDO OSEO ESPONJOSO CHIPS 15 mL   UNIDAD,UNIDAD,I
28811,LIMAS K SET DEL 45-80 (2DA SERIE) DE 25 mm	   UNIDAD,UNIDAD,I
26319,ANTICUERPO ANTI CHLAMYDIA TRACHOMATIS IgM (ELISA)  1 DET KIT,KIT,I
22681,DASATINIB 70 mg  TABLETA,TABLETA,M
23194,PLACA DCP PEQUEÑOS FRAGMENTOS DE 09 AGUJEROS X 3.5 mm   UNIDAD,UNIDAD,I
24149,LINEA DE EXTENSION PARA BOMBA DE INFUSION DE JERINGA   UNIDAD,UNIDAD,I
25773,CALDO BRILLA (VERDE BRILLANTE)  500 g UNIDAD,UNIDAD,I
6126,TIAMAZOL 5 mg  TABLETA,TABLETA,M
28800,COMPRESA DE GASA ESTERIL 48 cm X 48 cm  X 5   UNIDAD,UNIDAD,I
54788,PROTEINAS TOTALES COLORIMETRICA	 - X DET UNIDAD,UNIDAD,I
3783,DEXTROSA 10 g/100 mL (10 %) 1 L INYECTABLE,INYECTABLE,M
1323,BROMOCRIPTINA (COMO MESILATO) 2.5 mg  TABLETA,TABLETA,M
24900,TUBO PARA EXTRACCION DE SANGRE CON SISTEMA DE VACIO DE POLIPROPILENO DE 6 mL SIN ADITIVO X 100   UNIDAD,UNIDAD,I
4670,MESNA 100 mg/mL 4 mL INYECTABLE,INYECTABLE,M
5961,SULFADIAZINA DE PLATA 1 g/100 g 400 g CREMA,CREMA,M
28184,PASTA ZINQUENOLICA BLANDA (BASE 150 g + CATALIZADOR 60 g )   UNIDAD,UNIDAD,I
22487,BROCA DE 2.5 mm DE DIAMETRO X 150 mm   UNIDAD,UNIDAD,I
40332,PROTEINAS TOTALES Y ALBUMINA  1 DET KIT,KIT,I
17085,SONDA VESICAL TIPO NELATON N° 18   UNIDAD,UNIDAD,I
22364,TUBO ENDOTRAQUEAL DESCARTABLE Nº 6.0 CON BALON   UNIDAD,UNIDAD,I
23054,ENTECAVIR 0.5 mg  TABLETA,TABLETA,M
44284,ALCOHOL ETILICO (ETANOL) 70% 250 mL GEL,GEL,M
32519,TIPS DESCARTABLE PARA MANIPULADOR UTERINO 6.7 mm X 6 cm   UNIDAD,UNIDAD,I
2055,CLORANFENICOL 500 mg  TABLETA,TABLETA,M
31357,MANGO PARA ESPEJO BUCAL   UNIDAD,UNIDAD,I
25651,LENTES PROTECTORES DE POLICARBONATO Y PROTECION UV   UNIDAD,UNIDAD,I
19535,SUTURA ACIDO POLIGLICOLICO 3/0 C/A 1/2 CIRCULO REDONDA 35 mm X 70 cm   UNIDAD,UNIDAD,I
10456,"CATETER EPIDURAL N° 18 G X 3/4 ""   UNIDAD",UNIDAD,I
3008,DONEPEZILO 10 mg  TABLETA,TABLETA,M
31908,MASCARA DE OXIGENO DESCARTABLE CON RESERVORIO PEDIATRICO   UNIDAD,UNIDAD,I
38671,LENTE INTRAOCULAR DIOPTRiA +18.5 CAMARA POSTERIOR PLEGABLE 1 PIEZA   UNIDAD,UNIDAD,I
25900,RIÑONERA DE ACERO QUIRURGICO TAMAÑO CHICO   UNIDAD,UNIDAD,I
22862,CONO DE PAPEL SET 45-80 (2da SERIE) X 120   UNIDAD,UNIDAD,I
24331,SUTURA DE POLIDIOXANONA 3/0 C/A 1/2 CIRCULO REDONDA 25 mm X 70 cm   UNIDAD,UNIDAD,I
27607,PLACA DE BLOQUEO PARA CALCANEO DERECHO x 15 AGUJEROS DE 3.5 mm DE DIAMETRO X 76 mm.   UNIDAD,UNIDAD,I
19404,LEVETIRACETAM 1 g  TABLETA,TABLETA,M
24339,TRANSAMINASA GLUTAMICA PIRUVICA (TGP) AUTOMATIZADA  1 DET KIT,KIT,I
43247,ASA DE POLIPECTOMIA OVALADA DE 10 mm X 230 cm DESCARTABLE   UNIDAD,UNIDAD,I
3963,HIDROXICARBAMIDA 500 mg  TABLETA,TABLETA,M
17009,SONDA DE ASPIRACION ENDOTRAQUEAL CIRCUITO CERRADO N° 06   UNIDAD,UNIDAD,I
11250,EQUIPO DE ASPIRACION PORTATIL DESCARTABLE Nº 14   UNIDAD,UNIDAD,I
26668,MINIPLACA DE TITANIO RECTA 10 ORIFICIOS SISTEMA 2.0 mm   UNIDAD,UNIDAD,I
47601,GUANTE RESISTENTE A AGENTES QUIMIOTERAPEUTICOS DE ALTO RIESGO DESCARTABLE DE NITRILO SIN POLVO  TALLA M UNIDAD,UNIDAD,I
12701,TUBO OROFARINGEO (TUBO DE MAYO) N° 2   UNIDAD,UNIDAD,I
29001,CAFEINA CITRATO 20 mg/mL 1 mL INYECTABLE,INYECTABLE,M
31254,"FORCEP PARA NIÑO (MILANO, PICO DE LORO, RECTO, UNIVERSAL) X 4 PIEZAS   UNIDAD",UNIDAD,I
52025,AGAR CROMOGENICO PARA VIBRIO X 373.5 g 358600101342  UNIDAD,UNIDAD,I
19068,PUNTA DE MICROPIPETA DE 1 - 200 UL   UNIDAD,UNIDAD,I
31571,COLESTEROL HDL  1 DET KIT,KIT,I
40679,CLAVO SCHANZ 4.5 mm X 180 mm   UNIDAD,UNIDAD,I
17697,VASOPRESINA 20 UI 1 mL INYECTABLE,INYECTABLE,M
55075,LENTE INTRAOCULAR DIOPTRIA +10.0 A +30.0 DE VISION EXTENDIDA ASFERICA CON CAMARA POSTERIOR PLEGABLE - 1 PIEZA UNIDAD,UNIDAD,I
38811,INJERTO VASCULAR ANILLADO DE PTFE 6 mm x 70 cm   UNIDAD,UNIDAD,I
24294,SUTURA ACIDO POLIGLACTIN 0 C/A 1/2 CIRCULO REDONDA 30 mm X 70 cm   UNIDAD,UNIDAD,I
18318,BENCILPENICILINA SODICA CON DILUYENTE 1000000 UI  INYECTABLE,INYECTABLE,M
22729,SET DE TRACCION PARA PARTES BLANDAS PEDIATRICO   UNIDAD,UNIDAD,I
23839,RECIPIENTE DE POLIMERO PARA RECOGER EXUDADO DE HERIDAS X 1 L  1 L UNIDAD,UNIDAD,I
26788,CATETER URETERAL DOBLE J 6 FR X 26 cm   UNIDAD,UNIDAD,I
18057,IVERMECTINA 6 mg/mL 5 mL SOLUCION,SOLUCION,M
52473,CLORHIDRATO DE DOXORUBICINA LIPOSOMAL PEGILADA  2mg/ mL INY X 10 mL 2mg/ mL 10 mL INYECTABLE,INYECTABLE,M
20076,CLAVO SCHANZ 3.5 mm X 25 cm CON PUNTA ROSCADA   UNIDAD,UNIDAD,I
55631,PAPEL MILIMETRADO PARA ELECTROCARDIOGRAMA 80 mm X 70 mm - X 315 HOJAS UNIDAD,UNIDAD,I
15794,CLAVO KIRSCHNER 1.8 mm x 300 mm   UNIDAD,UNIDAD,I
54466,EMPAQUE TIPO TYVECK PARA ESTERILIZACION POR PLASMA 25 cm - METRO UNIDAD,UNIDAD,I
35886,SUSTANCIA PARA SISTEMA EMBOLIZANTE X 3 mL   UNIDAD,UNIDAD,I
34988,ESPARADRAPO ANTIALERGICO DE TELA 2.5 cm X 9 m   UNIDAD,UNIDAD,I
5578,PREDNISOLONA (SUSPENSION OFTALMICA) 10 mg/mL 5 mL SUSPENSION,SUSPENSION,M
22313,DISCO DE SENSIBILIDAD DE CEFOTAXIMA 30 µg 50 DISCOS UNIDAD,UNIDAD,I
23921,APOSITO CON ACETATO DE  CLORHEXIDINA AL 0.5% X 15 cm X 1 m   UNIDAD,UNIDAD,I
23682,KIT DESCARTABLE DE EQUIPO DE ANESTESIA COMBINADA   KIT,KIT,I
4900,MORFINA (CLORHIDRATO) 10 mg 1 mL INYECTABLE,INYECTABLE,M
21912,JERINGA PERFUSORA DESCARTABLE COUER 200 mL P/INYECTOR AUTOMATICO DE TOMOGRAFO ESPIRAL MULTICORTE   UNIDAD,UNIDAD,I
35097,EXPANSOR TISULAR RECTANGULAR LISO 400 mL   UNIDAD,UNIDAD,I
19334,CERA DENTAL BASE ROSADO X 23   UNIDAD,UNIDAD,I
30074,"AGUJA EPIDURAL DESCARTABLE Nº 17 G X 3 1/4 ""   UNIDAD",UNIDAD,I
28656,SISTEMA DE LIGADURA MULTIBANDA PARA VARICES ESOFAGICAS   UNIDAD,UNIDAD,I
22148,PRUEBA RAPIDA PARA VIH 1-2  30 DET KIT,KIT,I
49675,FORMULA MODULAR PROTEICA LIQUIDA CON ARGININA Y TRIPTOFANO X 900 mL   SOLUCION,SOLUCION,M
41391,FRESA PARA CRANEOTOMO DE ACERO PARA DRILADO TIPO ROSEN DE 4.0 mm   UNIDAD,UNIDAD,I
3894,HEPARINA SODICA 25 000 UI/5 mL 5 mL INYECTABLE,INYECTABLE,M
31074,BAJALENGUA DE MADERA ADULTO X 100   UNIDAD,UNIDAD,I
22746,PLACA DCP ANCHA DE 11 AGUJEROS X 4.5 mm   UNIDAD,UNIDAD,I
3231,ESTIBOGLUCONATO SODICO Equiv. a 100 mg antimonio pentavalent 5 mL INYECTABLE,INYECTABLE,M
23476,CATETER MULTIPROPOSITO CON PERFORACION 6 FR X 100 cm   UNIDAD,UNIDAD,I
47856,MINOXIDIL USP  GRAMO UNIDAD,UNIDAD,I
51184,SUSTITUTO DE DURAMADRE 10 cm X 12 cm   UNIDAD,UNIDAD,I
22541,TORNILLO AUTORROSCANTE 2.4 mm X 12 mm   UNIDAD,UNIDAD,I
32439,PLATINA DE VIDRIO 7.5 cm X 15 cm   UNIDAD,UNIDAD,I
45724,KIT PCR EN TIEMPO REAL PARA DETECCION DE ADN MYCOBACTERIUM TUBERCULOSIS Y RESISTENCIA A RIFAMPICINA  50 DET UNIDAD,UNIDAD,I
45325,FORMALDEHIDO TAMPONADO pH 7.00 10% 20 L SOLUCION,SOLUCION,I
3794,DEXTROSA 5 g/100 mL (5 %) 500 mL INYECTABLE,INYECTABLE,M
10777,CUBETA DESCARTABLE PARA FLUORIZACION   UNIDAD,UNIDAD,I
35186,FORMOCRESOL LIQUIDO (USO DENTAL)  15 mL SOLUCION,SOLUCION,I
20102,CANULA DE BIOPSIA PARA MARCO DE ESTEREOTAXIA   UNIDAD,UNIDAD,I
30520,APOSITO DE POLIURETANO COLOR NEGRO CON SUCCION AL VACIO 3.3 cm X 12.5 cm X 18 cm   UNIDAD,UNIDAD,I
39551,ALCOHOL ETILICO (ETANOL) Q.P.  1 L UNIDAD,UNIDAD,I
11446,LUGOL SOLUCION  500 mL SOLUCION,SOLUCION,I
24146,PASADOR SUBCUTANEO DE CATETER PERITONEAL PEDIATRICO   UNIDAD,UNIDAD,I
35449,CINTA INDICADORA DE ESTERILIZACION PARA CALOR HUMEDO X 250   UNIDAD,UNIDAD,I
28412,ELECTRODO CARDIACO PEDIATRICO   UNIDAD,UNIDAD,I
19686,TUBO ENDOTRAQUEAL ANILLADO Nº 7 CON CUFF   UNIDAD,UNIDAD,I
6488,VINBLASTINA SULFATO 1 mg/mL 10 mL INYECTABLE,INYECTABLE,M
54465,FRESA PARA CRANEOTOMO DE ACERO PARA DRILADO DIAMANTADA - X 5 mm DE DIAMETRO X 70 UNIDAD,UNIDAD,I
36845,TUBO DE VENTILACION EN FORMA DE OJAL DE LARGA PERMANENCIA PARA MIRINGOTOMIA X 1.27 mm DE SILICONA   UNIDAD,UNIDAD,I
2269,CLORURO DE SUXAMETONIO 50 mg/mL 10 mL INYECTABLE,INYECTABLE,M
41109,TUBO PARA EXTRACCION DE SANGRE CON SISTEMA DE VACIO DE POLIPROPILENO DE 1.8 mL CON CITRATO DE SODIO AL 3.2%   UNIDAD,UNIDAD,I
4062,INMUNOGLOBULINA ANTITETANICA 250 UI 1 mL INYECTABLE,INYECTABLE,M
1706,CEFUROXIMA 250 mg/5 mL 60 mL SUSPENSION,SUSPENSION,M
20260,MANGA MIXTA PAPEL Y PLASTICO PARA ESTERILIZACION SIN FUELLE 20 cm X 200 m   UNIDAD,UNIDAD,I
54223,ISONIAZIDA + RIFAPENTINA 300 mg + 300 mg - TABLETA,TABLETA,M
41090,MEDIA DE COMPRESION MUSLO TALLA S   UNIDAD,UNIDAD,I
10108,"AGUJA DE PUNCION LUMBAR 25 G X 3 1/2""   UNIDAD",UNIDAD,I
38821,TIJERA COAGULANTE ULTRASONICA 17 cm CON MANDIBULA CURVA 16 mm   UNIDAD,UNIDAD,I
38837,MINIPLACA DE TITANIO RECTA 2 AGUJEROS SISTEMA 1.5 mm   UNIDAD,UNIDAD,I
29191,GORRO DESCARTABLE UNISEX X 100   UNIDAD,UNIDAD,I
28076,TUBO PARA EXTRACCION DE SANGRE CON SISTEMA DE VACIO DE POLIETILENO TEREFTALATO (PET) 4 mL CON HEPARINA DE LITIO   UNIDAD,UNIDAD,I
22358,APOSITO HIDROCOLOIDE GRUESO 10 cm X 10 cm   UNIDAD,UNIDAD,I
50089,"VACUNA CONTRA LA VIRUELA SIMICA (SMALLPOX Y MONKEYPOX) VIVA NO REPLICANTE, FAB. BAVARIAN NORDIC A/S-DINAMARCA 0.5 mL/DOSIS VIAL x 0.5 mL INYECTABLE",INYECTABLE,M
38786,SOFOSBUVIR + VELPATASVIR 400 mg + 100 mg  TABLETA,TABLETA,M
25529,SUTURA DE POLIESTER TRENZADO VERDE 2/0 C/2A 1/2 CIRCULO REDONDA 25 mm X 90 cm   UNIDAD,UNIDAD,I
19365,CAMPO QUIRURGICO DESCARTABLE 90 cm X 90 cm   UNIDAD,UNIDAD,I
43603,CANULA ENDOLUMINAL (STENT) CORONARIA DE METAL MEDICADA  2.75 mm X 20 mm UNIDAD,UNIDAD,I
25090,SUTURA DE POLIPROPILENO AZUL MONOFILAMENTO 6/0 C/DOBLE AGUJA 3/8 CIRCULO REDONDA 9.3 mm X 60 cm   UNIDAD,UNIDAD,I
24352,DISCO DE SENSIBILIDAD DE CEFOXITINA 30 µg  50 DISCOS UNIDAD,UNIDAD,I
31151,MANGA DE POLIETILENO ESTERIL PARA LAPAROSCOPIA 18 cm X 2.13 m   UNIDAD,UNIDAD,I
34978,LENTE INTRAOCULAR DIOPTRIA 11.0 CAMARA POSTERIOR PLEGABLE 1 PIEZA   UNIDAD,UNIDAD,I
2029,CLORANFENICOL (UNGÜENTO OFTALMICO) 1 g/100 g 3.5 g UNGÜENTO,UNGUENTO,M
49556,"ANTISUERO ANTI SALMONELLA ""O"" GRUPO C2 (6,8)  X 3 mL UNIDAD",UNIDAD,I
46167,GUIA METALICA HIDROFILICA PUNTA ANGULADA 0.014 in X 3 m   UNIDAD,UNIDAD,I
54384,VALVULA PARA TROCAR DE CIRUGIA LAPAROSCOPICA DE DIAMETRO - X 5 mm UNIDAD,UNIDAD,I
49922,ELECTRODO AGUJA MONOPOLAR PARA RADIOFRECUENCIA 7 cm X 18 G AGUJA CON PUNTA ACTIVA 10 mm   UNIDAD,UNIDAD,I
35410,CATETER DE DRENAJE TORAXICO 24 FR   UNIDAD,UNIDAD,I
30804,GAMMA GLUTAMIL TRANSFERASA (CGT)  100 DET KIT,KIT,I
12543,TORNILLO CORTICAL 3.5 mm X 26 mm   UNIDAD,UNIDAD,I
50731,CURETA PARA HUESO 4 mm X 17 cm   UNIDAD,UNIDAD,I
47463,KIT PARA LA CUANTIFICACION DE AMINOACIDOS Y ACILCARNITINAS ASOCIADOS AL TRASNTORNO METABOLICO NEONATAL DE AMINOACID Y ACIDOS GRASOS 960 DETERMINACIONES UNIDAD,UNIDAD,I
19936,TROCAR PARA CIRUGIA LAPAROSCOPICA 10 mm   UNIDAD,UNIDAD,I
42003,CLORHEXIDINA (ESPUMA) DISPOSITIVO DISPENSADOR CIRCUITO CERRADO 4 g/100 mL 1 L SOLUCION,SOLUCION,M
24596,ORTOFTALDEHIDO 0.55 % 1 gal UNIDAD,UNIDAD,I
28492,CLAVO SCHANZ ROSCA CENTRAL 4.5 mm X 300 mm   UNIDAD,UNIDAD,I
30852,DISCO DE SENSIBILIDAD DE ERTAPENEN 10 µg 50 DISCOS UNIDAD,UNIDAD,I
24719,SURFACTANTE PULMONAR DE ORIGEN NATURAL (SUSPENSION INTRATRAQUEAL) 80 mg/mL 3 mL INYECTABLE,INYECTABLE,M
5645,QUETIAPINA 100 mg  TABLETA,TABLETA,M
21574,AMPICILINA (COMO SAL SODICA) CON DILUYENTE 500 mg  INYECTABLE,INYECTABLE,M
10005,ACEITE DE INMERSION  PARA MICROSCOPIA  500 mL UNIDAD,UNIDAD,I
5266,PACLITAXEL 300 mg 50 mL INYECTABLE,INYECTABLE,M
24571,JERINGA DESCARTABLE DE 1.0 mL PARA GASES ARTERIALES Y ELECTROLITOS C/HEPARINA DE LITIO   UNIDAD,UNIDAD,I
51035,CATETER BALON PARA ANGIOPLASTIA PERIFERICA 4 FR X 120 mm X 150 cm   UNIDAD,UNIDAD,I
23592,SUTURA NAILON AZUL MONOFILAMENTO 5/0 C/A 3/8 CIRCULO CORTANTE 15 mm X 75 cm   UNIDAD,UNIDAD,I
25967,SET DE INFUSION (LINEA DE EXTENSION Y JERINGA PERFUSORA 20 mL)   UNIDAD,UNIDAD,I
54658,ESPARADRAPO HIPOALERGENICO DE TELA - 7.6 cm x 9.1 m aprox. X UNIDAD,UNIDAD,I
25832,TUBO ENDOTRAQUEAL DESCARTABLE Nº 4.0 CON BALON   UNIDAD,UNIDAD,I
41982,MALLA DE POLIPROPILENO NO TEJIDA DE CONTACTO VISCERAL 20.07 cm X 30.12 cm X 30.12 cm   UNIDAD,UNIDAD,I
35515,BOTA DESCARTABLE COLOR CELESTE   UNIDAD,UNIDAD,I
55546,PRUEBA RAPIDA INMUNOCROMATOGRAFICA PARA DETECCION DE CD4 EN VIH X 25 DETERMINACIONES - UNIDAD,UNIDAD,I
18698,SUTURA SEDA NEGRA TRENZADA 6/0 C/A 3/8 CIRCULO CORTANTE 20 mm X 75 cm   UNIDAD,UNIDAD,I
3454,FENOBARBITAL 100 mg  TABLETA,TABLETA,M
25603,CINTA UMBILICAL 4 mm X 60 cm   UNIDAD,UNIDAD,I
51233,ACIDO ROSOLICO Q.P. X 25 g   UNIDAD,UNIDAD,I
6386,VACUNA CONTRA LA HEPATITIS B PEDIATRICO 10 ug/0.5 mL 1 DOSIS INYECTABLE,INYECTABLE,M
30075,GASA DOBLADA ESTERIL 10 cm X 10 cm X 16 CAPAS X 5 UNIDADES   UNIDAD,UNIDAD,I
12414,SUTURA SEDA NEGRA TRENZADA 3/0 C/A 1/2 CIRCULO REDONDA 25 mm X 75 cm   UNIDAD,UNIDAD,I
28793,TORNILLO ESPONJOSO ROSCA TOTAL 4.0 mm X 30 mm   UNIDAD,UNIDAD,I
17013,SONDA DE ASPIRACION ENDOTRAQUEAL CIRCUITO CERRADO Nº 14   UNIDAD,UNIDAD,I
22800,LIQUIDO PERFLUOR CARBONO PURIFICADO USO OFTALMICO  5 mL UNIDAD,UNIDAD,I
12030,SUTURA CATGUT CROMICO 5/0 C/A 1/2 CIRCULO REDONDA 15 mm X 70 cm   UNIDAD,UNIDAD,I
27345,SUCEDANEO DE LA LECHE MATERNA PARA PREMATUROS  370 g APROX. POLVO,POLVO,I
24813,PARCHE OCULAR PEDIATRICO 4.8 cm X 6.3 cm   UNIDAD,UNIDAD,I
18693,SUTURA NAILON AZUL MONOFILAMENTO 5/0 C/A 3/8 CIRCULO CORTANTE 25 mm X 75 cm   UNIDAD,UNIDAD,I
26680,MICOFENOLATO MOFETILO 500 mg  TABLETA,TABLETA,M
27011,GASA PARAFINADA 10 cm X 7 m   UNIDAD,UNIDAD,I
39771,HORMONA GONADOTROFINA CORIONICA (HCG) SUB UNIDAD BETA CUANTITATIVA  1 DET KIT,KIT,I
52609,ADHESIVO DENTAL  5 mL UNIDAD,UNIDAD,I
16328,EQUIPO DE VENOCLISIS CON FILTRO   UNIDAD,UNIDAD,I
38127,INSUFLADOR DE CATETER BALON CON MANOMETRO   UNIDAD,UNIDAD,I
19238,HIERRO (COMO SACARATO) 20 mg Fe/mL 5 mL INYECTABLE,INYECTABLE,M
19239,BUPIVACAINA CLORHIDRATO + DEXTROSA 20 mg + 320 mg 4 mL INYECTABLE,INYECTABLE,M
43728,CATETER BALON PARA ANGIOPLASTIA PERIFERICA 2.5 mm X 150 mm DE 4 FR X 150 cm   UNIDAD,UNIDAD,I
35737,CLIP DE ANEURISMA RECTO 7 mm PERMANENTE   UNIDAD,UNIDAD,I
990,BACLOFENO 10 mg  TABLETA,TABLETA,M
22766,TUBO DE ENSAYO DE VIDRIO 13 mm X 100 mm   UNIDAD,UNIDAD,I
36194,PAÑAL DESCARTABLE TIPO CALZON PARA ADULTO TALLA XL   UNIDAD,UNIDAD,I
1524,CARBACOL (SOLUCION INTRAOCULAR) 100 ug/mL 1.5 mL INYECTABLE,INYECTABLE,M
42725,ALFA FETOPROTEINA METODO AUTOMATIZADO  DETERMINACIONES UNIDAD,UNIDAD,I
33246,LLAVE DE TRIPLE VIA DE ALTA PRESION CON TRES CUERPOS   UNIDAD,UNIDAD,I
23743,VALVULA CARDIACA MITRAL MECANICA Nº 27   UNIDAD,UNIDAD,I
55520,SET DE CATETER PERCUTANEO DOBLE LUMEN CON INTRODUCTOR PELABLE 2 FR X 30 cm X 7 PIEZAS - UNIDAD,UNIDAD,I
45939,CAJA DE CARTON DESCARTABLE PARA MATERIAL PUNZOCORTANTE  5 L UNIDAD,UNIDAD,I
15323,CANULA ARTERIAL AORTICA N° 12   UNIDAD,UNIDAD,I
52134,FORMULA LACTEA DE CONTINUACION  350 g UNIDAD,UNIDAD,I
21623,COLESTEROL LDL DIRECTO  DET UNIDAD,UNIDAD,I
22152,PLACA NEUTRA DESCARTABLE PARA ELECTROBISTURI PEDIATRICA   UNIDAD,UNIDAD,I
29871,SUTURA DE POLIPROPILENO AZUL MONOFILAMENTO 4/0 C/DOBLE AGUJA 3/8 CIRCULO REDONDA 13 mm X 75 cm   UNIDAD,UNIDAD,I
20875,SUTURA ACIDO POLIGLICOLICO 5/0 C/A 1/2 CIRCULO REDONDA 15 mm X 70 cm   UNIDAD,UNIDAD,I
19891,TUBO ENDOTRAQUEAL DESCARTABLE SIN GLOBO N° 6.5 F   UNIDAD,UNIDAD,I
34396,"AGUJA ESPINAL DESCARTABLE 27 G X 4 3/4""   UNIDAD",UNIDAD,I
8115,LIPIDOS 20 g/100 mL 500 mL INYECTABLE,INYECTABLE,M
34621,ELECTRODOS DTL PARA ESTUDIO ERG MULTIFOCAL   UNIDAD,UNIDAD,I
24346,TRANSAMINASA GLUTAMICA OXALACETICA (TGO) AUTOMATIZADA  1 DET KIT,KIT,I
22363,TUBO ENDOTRAQUEAL DESCARTABLE Nº 5.5 CON BALON   UNIDAD,UNIDAD,I
47483,FIJADOR EXTERNO DE TOBILLO   POLVO,POLVO,I
23292,PIPETA PASTEUR DE PLASTICO DESCARTABLE ESTERIL 3 mL   UNIDAD,UNIDAD,I
24307,DEXKETOPROFENO 25 mg/mL 2 mL INYECTABLE,INYECTABLE,M
20284,BOLSA DE COLOSTOMIA NEONATAL   UNIDAD,UNIDAD,I
39195,SET DE MATERIAL DE RECONSTRUCCION DE LIGAMENTO CRUZADO ANTERIOR (LCA) x 7 PIEZAS   UNIDAD,UNIDAD,I
2545,DACTINOMICINA 500 µg (0.5 mg)  INYECTABLE,INYECTABLE,M
34173,"PELICULA RADIOGRAFICA DIGITAL 8"" X 10"" X 100   UNIDAD",UNIDAD,I
31677,TUBO PARA EXTRACCION DE SANGRE CON SISTEMA DE VACIO DE POLIPROPILENO DE 4 mL SIN ADITIVO   UNIDAD,UNIDAD,I
41444,BISACODILO ( TABLETA DE LIBERACION MODIFICADA) 5 mg  TABLETA,TABLETA,M
31222,"MINIPLACA DE TITANIO ""L"" A LA DERECHA 6 ORIFICIOS SISTEMA 1.5 mm   UNIDAD",UNIDAD,I
31519,TUBO TRAQUEAL EN T 14 mm EXTRA LARGO   UNIDAD,UNIDAD,I
29918,MINIPLACA DE TITANIO L A LA IZQUIERDA 6 AGUJEROS   UNIDAD,UNIDAD,I
22310,DISCO DE SENSIBILIDAD DE AMPICILINA + SULBACTAM 10 ug + 10 ug 50 DISCOS UNIDAD,UNIDAD,I
30045,BOQUILLA ADULTO PARA ENDOSCOPIO   UNIDAD,UNIDAD,I
28434,FILTRO DE NUTRICION PARENTERAL 1.2 µm PARA SISTEMA TERNARIO DESCARTABLE   UNIDAD,UNIDAD,I
17450,TUBO ENDOBRONQUIAL DOBLE LUMEN IZQUIERDO N° 37   UNIDAD,UNIDAD,I
44576,LINEA PARA BOMBA DE INFUSION SIN VOLUTROL LIBRE PVC   UNIDAD,UNIDAD,I
25558,TUBO ENDOTRAQUEAL DESCARTABLE N° 3.5 SIN BALON   UNIDAD,UNIDAD,I
24727,DESHIDROGENASA LACTICA AUTOMATIZADA  1 DET KIT,KIT,I
40945,CAMISA DE ACCESO URETERAL DE 10-12 FR   UNIDAD,UNIDAD,I
44292,TROPONINA I QUIMIOLUMINISCENCIA X 100 DETERMINACIONES   UNIDAD,UNIDAD,I
44080,FILTRO PARA EVACUADOR DE HUMO DE UNIDAD DE ELECTROCIRUGIA   UNIDAD,UNIDAD,I
33872,"CONECTOR RECTO 1/4"" SIN LUER   UNIDAD",UNIDAD,I
28995,TUBO PARA EXTRACCION DE SANGRE CON SISTEMA DE VACIO DE POLIPROPILENO DE 6 mL CON GEL SEPARADOR   UNIDAD,UNIDAD,I
30998,RETRACTOR DE HERIDAS DESCARTABLE FLEXIBLE TALLA XS   UNIDAD,UNIDAD,I
2953,DINITRATO DE ISOSORBIDA 10 mg  TABLETA,TABLETA,M
28674,SUTURA ACIDO POLIGLACTIN 7/0 C/DOBLE AGUJA 3/8 CIRCULO ESPATULADA 6.4 mm X 45 cm   UNIDAD,UNIDAD,I
33376,DISCO DE SENSIBILIDAD DE TEICOPLANINA 30 µg 50 DISCOS UNIDAD,UNIDAD,I
51125,JABON GERMICIDA LIQUIDO CON SENSOR PARA DISPENSAR  1 L JABON SOLIDO,JABON SOLIDO,I
4322,LAMIVUDINA + ZIDOVUDINA 150 mg + 300 mg  TABLETA,TABLETA,M
33099,TEST DE TROPONINA  100 DET KIT,KIT,I
29270,MICROPIPETA VOLUMEN VARIABLE 10 - 100 µL   UNIDAD,UNIDAD,I
47820,DORAVIRINA + LAMIVUDINA + TENOFOVIR 100 mg + 300 mg + 300 mg  TABLETA,TABLETA,M
29739,BOTA DESCARTABLE PARA CIRUJANO ANTIDESLIZANTE   PAR,PAR,I
31554,CRIOVIAL DE POLIPROPILENO ESTERIL 2.0 mL CON TAPA GRADUADO X 500   UNIDAD,UNIDAD,I
42278,PRUEBA RAPIDA PARA TROPONINA I  1 DET KIT,KIT,I
4760,METOTREXATO SODICO 50 mg 2 mL INYECTABLE,INYECTABLE,M
42071,SUTURA NAILON AZUL MONOFILAMENTO 3/0 C/A 3/8 CIRCULO CORTANTE 25 mm X 70 cm   UNIDAD,UNIDAD,I
18724,GEL PARA ECOGRAFIA  4 L UNIDAD,UNIDAD,I
23167,SUTURA ACIDO POLIGLICOLICO 0 C/A 1/2 CIRCULO REDONDA 35 mm X 70 cm   UNIDAD,UNIDAD,I
28957,CARBOXIMETILCELULOSA SODICA + HIALURONATO DE SODIO 5 mg + 2.5 mg/g 5 g GEL,GEL,I
18971,SUTURA NAILON AZUL MONOFILAMENTO 3/0 C/A 3/8 CIRCULO CORTANTE 30 mm X 75 cm   UNIDAD,UNIDAD,I
29967,MANDIL DESCARTABLE TALLA S   UNIDAD,UNIDAD,I
12558,TORNILLO CORTICAL 4.5 mm X 22 mm   UNIDAD,UNIDAD,I
25228,TUBO ENDOTRAQUEAL DESCARTABLE Nº 5.0 CON BALON   UNIDAD,UNIDAD,I
32668,ANTIGENO RPR  1 DET KIT,KIT,I
50612,REACTIVO PARA TINCION AUTOMATIZADA DE FROTIS SANGUINEO   UNIDAD,UNIDAD,I
38665,"MICROGUIA 0.010"" x 200 cm   UNIDAD",UNIDAD,I
26139,TUBO DE GASTROSTOMIA DE BOTON DE BAJO PERFIL Y DE REEMPLAZO Nº 14 X 1 cm   UNIDAD,UNIDAD,I
25557,TUBO ENDOTRAQUEAL DESCARTABLE Nº 3.0 SIN BALON   UNIDAD,UNIDAD,I
22929,UREA CINETICA  125 DET KIT,KIT,I
19194,SUTURA POLIPROPILEN AZUL MONOFILAMENTO 7/0 C/2A 3/8 CIRCULO REDONDA 9.3 mm X 60 cm   UNIDAD,UNIDAD,I
46917,CANULA VENOSA PARA OXIGENACION POR MEMBRANA EXTRACORPOREA (ECMO) UN LUMEN 14 FR   UNIDAD,UNIDAD,I
17485,TUBO ENDOTRAQUEAL SIN GLOBO N° 5 F   UNIDAD,UNIDAD,I
52419,PINZA DE BIOPSIA PARA BRONCOSCOPIA 1.8 mm X 1.20 m DESCARTABLE   UNIDAD,UNIDAD,I
32287,SET DE ACCESORIOS PARA LIGAMENTO CRUZADO ANTERIOR (LCA) X 3 PIEZAS   UNIDAD,UNIDAD,I
25708,ESPATULA DE AYRE DE MADERA X 100 UNIDADES   UNIDAD,UNIDAD,I
5556,POTASIO FOSFATO DIBASICO + POTASIO FOSFATO MONOBASICO 69.7 mg + 27.2 mg 20 mL INYECTABLE,INYECTABLE,M
42820,INJERTO VASCULAR CONICO ANILLADO DE PTFE 5 mm X 8 mm X 70 cm   UNIDAD,UNIDAD,I
54322,DISECTOR INALAMBRICO ULTRASONICO DE MANDIBULA CURVA DESCARTABLE - 5 mm X 35 cm UNIDAD,UNIDAD,I
30439,DARUNAVIR 600 mg  TABLETA,TABLETA,M
45992,FORMULA NUTRICIONAL SEMI ELEMENTAL  131 g UNIDAD,UNIDAD,I
12376,SUTURA SEDA NEGRA TRENZADA 4/0 C/A 3/8 CIRCULO CORTANTE 20 mm X 45 cm   UNIDAD,UNIDAD,I
10935,"EQUIPO EN ""Y"" PARA IRRIGACION   UNIDAD",UNIDAD,I
23860,TRAVOPROST + TIMOLOL  (SOLUCION OFTALMICA) 40 ug/mL + 5 mg/mL 2.5 mL SOLUCION,SOLUCION,M
10566,CLAVO KIRSCHNER 1.6 mm X 20 cm   UNIDAD,UNIDAD,I
25425,DISCO DE SENSIBILIDAD DE MEROPENEM 10 ug 50 DISCOS UNIDAD,UNIDAD,I
32488,APOSITO HIDROCOLOIDE EXTRAFINO 15 cm X 15 cm   UNIDAD,UNIDAD,I
31609,MASCARILLA DESCARTABLE PROTECTORA   UNIDAD,UNIDAD,I
24637,POLIHEXANIDA + UNDECILENAMIDOPROPIL BETAINA 0.1 % + 0.1% 350 mL SOLUCION,SOLUCION,I
17709,NEVIRAPINA 50 mg/5 mL 100 mL SUSPENSION,SUSPENSION,M
10439,CAPSULA DE GELATINA DURA USP N°2   UNIDAD,UNIDAD,I
33350,ASA DE SIEMBRA DESCARTABLE ESTERIL 1 µL X 20   UNIDAD,UNIDAD,I
30523,"PELICULA RADIOGRAFICA SENSIBLE AL VERDE 24"" X 30"" x 100   UNIDAD",UNIDAD,I
39332,CANASTILLA EXTRACTORA DE CALCULOS VIAS BILIARES DE 25 mm x 40 mm x 215 cm   UNIDAD,UNIDAD,I
31822,HEPATITIS B ANTIGENO DE SUPERFICIE  1 DET KIT,KIT,I
30383,ELECTRODO PARA POTENCIALES EVOCADOS X 10 UNIDADES (SET)   UNIDAD,UNIDAD,I
28576,TIRA NERVIOS SET DEL 15-40 DE 21 mm   UNIDAD,UNIDAD,I
34950,"AGUJA HIPODERMICA DESCARTABLE Nº 30 G X 1/2""   UNIDAD",UNIDAD,I
34347,PELICULA RADIOGRAFICA SENSIBLE AL VERDE 24 cm X 30 cm X 100   UNIDAD,UNIDAD,I
47061,FORCEP TIPO BAYONETA PARA NIÑO   UNIDAD,UNIDAD,I
21114,MANGA DE POLIETILENO 20 cm X 60 m   UNIDAD,UNIDAD,I
35424,TUBO PARA EXTRACCION DE SANGRE CON SISTEMA DE VACIO DE POLIPROPILENO DE 3.5 mL CON GEL SEPARADOR   UNIDAD,UNIDAD,I
32302,CANULA DE TRAQUEOTOMIA DESCARTABLE 4.0 mm   UNIDAD,UNIDAD,I
21275,RALTEGRAVIR 400 mg  TABLETA,TABLETA,M
46736,SONDA DE ASPIRACION CONTINUA 100% SILICONA LARGA PERMANENCIA Nº 12 FR   UNIDAD,UNIDAD,I
27240,HORMONA TIROIDEA ESTIMULANTE (TSH) AUTOMATIZADO  1 DET KIT,KIT,I
24704,LLAVE DE TRIPLE VIA CON EXTENSION X 10 cm   UNIDAD,UNIDAD,I
18070,PEMETREXED DISODICO HEPTAHIDRATADO 500 mg  INYECTABLE,INYECTABLE,M
4000,HIPROMELOSA (SOLUCION OFTALMICA) 3 mg/mL 15 mL SOLUCION,SOLUCION,M
6337,TRIFLUOPERAZINA (COMO CLORHIDRATO) 5 mg  TABLETA,TABLETA,M
8175,SUERO ANTIRRABICO HETEROLOGO 1000 UI  INYECTABLE,INYECTABLE,M
34998,PARACETAMOL 10 mg/mL 100 mL INYECTABLE,INYECTABLE,M
5809,SEVOFLURANO 100 mL/100 mL 250 mL SOLUCION,SOLUCION,M
36928,FOSFATO DE SODIO DIBASICO ANHIDRO P.A.  500 g UNIDAD,UNIDAD,I
4041,IFOSFAMIDA 1 g  INYECTABLE,INYECTABLE,M
36780,FRESA DE DIAMANTE DE ALTA VELOCIDAD REDONDA Nº 16		   UNIDAD,UNIDAD,I
3788,DEXTROSA 5 g/100 mL (5 %) 100 mL INYECTABLE,INYECTABLE,M
33533,HORMONA TIROXINA (T4) LIBRE (METODO QUIMIOLUMINISCENCIA)  100 DET KIT,KIT,I
38208,GGT AUTOMATIZADA CINETICO  DET KIT,KIT,I
46016,KIT DE CALIBRACION PARA EQUIPO MOLECULAR DE MENOR COMPLEJIDAD   KIT,KIT,I
54264,AGUJA EPIDURAL DESCARTABLE  N║ 18 G X 3 1/8 in UNIDAD,UNIDAD,I
3443,FENITOINA SODICA 50mg/mL 2 mL INYECTABLE,INYECTABLE,M
55000,KIT ANTIGENO CRIPTOCOCO,UNIDAD,I
37581,CATETER BALON DE BAJO PERFIL 8 mm X 2 cm DE 3 FR X 65 cm   UNIDAD,UNIDAD,I
10973,"ESPARADRAPO DE PAPEL 3"" X 10 yd   UNIDAD",UNIDAD,I
36348,TUBO DE VENTILACION EN FORMA DE T DE LARGA PERMANENCIA PARA MIRINGOTOMIA X 1.14 mm DE SILICONA   UNIDAD,UNIDAD,I
36437,VALVULA AORTICA DE DISCO BIVALVA Nº 19   UNIDAD,UNIDAD,I
31363,PLACA NEUTRA ADULTO DESCARTABLE PARA ELECTROCAUTERIO   UNIDAD,UNIDAD,I
23100,ACIDO URICO ENZIMATICO  100 DET KIT,KIT,I
225,ACIDO TRANEXAMICO 250 mg  TABLETA,TABLETA,M
18787,LENTE INTRAOCULAR DIOPTRIA 23.0 CAMARA POSTERIOR NO PLEGABLE 3 PIEZAS   UNIDAD,UNIDAD,I
33236,CATETER PERCUTANEO PARA EXTRACCION DE CUERPO EXTRAÑO DE LAZO DE 15 mm   UNIDAD,UNIDAD,I
25043,SUSTITUTO DE DURAMADRE 6 cm X 8 cm   UNIDAD,UNIDAD,I
2641,DEXAMETASONA FOSFATO (COMO SAL SODICA) 4 mg/mL 1 mL INYECTABLE,INYECTABLE,M
16833,PAPEL DE ARTICULAR 1 ARCADA   UNIDAD,UNIDAD,I
29109,GLUCOSA ANHIDRA X 100 g   UNIDAD,UNIDAD,I
19232,SUTURA SEDA NEGRA TRENZADA 3/0 C/A 3/8 CIRCULO CORTANTE 25 mm X 75 cm   UNIDAD,UNIDAD,I
37937,SONDA VESICAL 3 VIAS DE SILICONA DE LARGA PERMANENCIA Nº 22   UNIDAD,UNIDAD,I
26202,PAPEL TERMICO PARA ECOGRAFIA 110 mm X 18 m   UNIDAD,UNIDAD,I
25031,FRASCO COLECTOR PARA MUESTRA DE ORINA CON TAPA 90 mL   UNIDAD,UNIDAD,I
51797,STENT AORTICO DE CROMO-COBALTO RECUBIERTO EXPANDIBLE CON BALON 12 X 29 mm   UNIDAD,UNIDAD,I
38316,SUTURA DE POLIETILENO MONOFILAMENTO N° 0 C/A 0.35 mm x 71 cm   UNIDAD,UNIDAD,I
16775,MASCARA DE OXIGENO DESCARTABLE PARA NEBULIZACION NEONATAL   UNIDAD,UNIDAD,I
38794,PLACA LCP DE 3 AGUJEROS x 2.3 mm PARA RADIO PROXIMAL   UNIDAD,UNIDAD,I
18779,LENTE INTRAOCULAR DIOPTRIA 19.0 CAMARA POSTERIOR NO PLEGABLE 3 PIEZAS   UNIDAD,UNIDAD,I
40685,SUTURA DE POLIESTER TRENZADO BLANCO Y VERDE 2/0 C/DOBLE AGUJA C/ALMOHADILLA DE TEFLON 1/2 CIRCULO REDONDA 17 mm x 75   UNIDAD,UNIDAD,I
22626,FILTRO ANTIBACTERIAL VIRAL + INTERCAMBIADOR DE CALOR HUMEDAD ADULTO PARA CIRCUITO CORRUGADO   UNIDAD,UNIDAD,I
21621,REACTIVO DE CALCIO AUTOMATIZADO  1 DET UNIDAD,UNIDAD,I
51812,SET INSTRUMENTAL QUIRURGICO PARA DESTARTRAJE X 5 PIEZAS   UNIDAD,UNIDAD,I
28185,SUTURA DE POLIPROPILENO AZUL MONOFILAMENTO 5/0 C/DOBLE AGUJA 3/8 CIRCULO REDONDA 13 mm X 90 cm   UNIDAD,UNIDAD,I
28427,FILTRO PARA ADMINISTRACION DE CO2 PARA INSUFLADOR STORZ   UNIDAD,UNIDAD,I
20068,PLACA DCP RECTA LIVIANA (ESTRECHA) DE 05 AGUJEROS X 3.5 mm   UNIDAD,UNIDAD,I
23984,SUTURA NAILON NEGRO MONOFILAMENTO 8/0 C/A 3/8 CIRCULO REDONDA 6.5 mm X 15 cm   UNIDAD,UNIDAD,I
47243,ACIDO REVELADOR DENTAL  LITRO SOLUCION,SOLUCION,I
6495,VINORELBINA 50 mg/5 mL 5 mL INYECTABLE,INYECTABLE,M
43677,"REACTIVOS PARA ANALIZADOR DE GASES ARTERIALES, ELECTROLITOS Y METABOLITOS Y COOXIMETRIA  DETERMINACIONES UNIDAD",UNIDAD,I
22169,TERMOMETRO DIGITAL ORAL   UNIDAD,UNIDAD,I
43062,PINCEL DE USO DENTAL DESCARTABLE  X 100 UNIDAD,UNIDAD,I
234,ADENOSINA 6 mg/2 mL 2 mL INYECTABLE,INYECTABLE,M
4127,IOPAMIDOL Equiv. 300 mg Iodo/mL 50 mL INYECTABLE,INYECTABLE,M
35850,SISTEMA DE FIJACION TRANSPEDICULAR DE TITANIO LUMBAR   UNIDAD,UNIDAD,I
27508,TORNILLO DE BLOQUEO 5.0 mm X 75 mm   UNIDAD,UNIDAD,I
41042,SISTEMA DE PLACA DCP RECTA LIVIANA (ESTRECHA) DE 3.5 mm   UNIDAD,UNIDAD,I
41817,CLIP DE ANEURISMA MINI SEMICURVO 5.5 mm PERMANENTE  CAJA DE CARTON SELLADO UNIDAD,UNIDAD,I
31093,"HISOPO VAGINAL DE ALGODON 6""   UNIDAD",UNIDAD,I
24106,CANULA PARA TRAQUEOSTOMIA Nº 4 FENESTRADA CON BALON   UNIDAD,UNIDAD,I
51510,BROCA DE ANCLAJE RAPIDO 1.1 mm X 89 mm   UNIDAD,UNIDAD,I
23555,SUTURA ACIDO POLIGLACTIN 1 C/A 1/2 CIRCULO REDONDA 40 mm X 70 cm   UNIDAD,UNIDAD,I
35819,ESPIRAL PARA EMBOLIZACION ENDOVASCULAR 2 mm X 3 cm   UNIDAD,UNIDAD,I
32899,CLIP DE POLIMERO PARA CIRUGIA TAMAÑO XL   UNIDAD,UNIDAD,I
38694,SONDA DE ALIMENTACION DE POLIURETANO 6 FR   UNIDAD,UNIDAD,I
29277,FILTRO DIALIZADOR 1.1. m2   UNIDAD,UNIDAD,I
22570,MASCARA LARINGEA TIPO SUPREME DESCARTABLE Nº 5   UNIDAD,UNIDAD,I
4292,LACTULOSA 3.33 g/5 mL 200 mL SOLUCION,SOLUCION,M
45809,CONTENEDOR DE POLIPROPILENO DE BIOSEGURIDAD DE 4 L   UNIDAD,UNIDAD,I
12236,SUTURA NAILON AZUL MONOFILAMENTO 5/0 C/A 3/8 CIRCULO CORTANTE 20 mm X 75 cm   UNIDAD,UNIDAD,I
48559,TELA NO TEJIDA PARA ESTERILIZACION  90 cm X 90 cm UNIDAD,UNIDAD,I
32198,GLICERINA USP  1 L SOLUCION,SOLUCION,I
35985,COLESTEROL LDL  1 DET KIT,KIT,I
21341,"EQUIPO DE IRRIGACION VESICAL "" Y"" DESCARTABLE   UNIDAD",UNIDAD,I
48074,DISCO DE SENSIBILIDAD DE CEFTAZIDIMA + AVIBACTAM 30 µg + 20 µg X 50 DISCOS UNIDAD,UNIDAD,I
42756,KIT PARA PRUEBA DEL ALIENTO CON [14C]-UREA PARA DIAGNOSTICO DE LA INFECCION POR HELICOBACTER PYLORI   UNIDAD,UNIDAD,I
4905,MORFINA SULFATO 30 mg  TABLETA,TABLETA,M
19499,ACETILCISTEINA 100 mg/5 mL 120 mL SOLUCION,SOLUCION,M
42415,LAMINA PORTA OBJETO BISELADA 26 mm X 75 mm  50 UNIDADES UNIDAD,UNIDAD,I
41083,SUJETADOR DE TELA TIPO VELCRO DESCARTABLE PARA TUBO DE TRAQUEOSTOMIA ADULTO   UNIDAD,UNIDAD,I
33008,PACK PARA ANALIZADOR HEMATOLOGICO CON 5 DIFERENCIAS X 500 PRUEBAS   UNIDAD,UNIDAD,I
19405,LEVETIRACETAM 500 mg  TABLETA,TABLETA,M
33814,TUBO PARA EXTRACCION DE SANGRE CON SISTEMA DE VACIO DE POLIPROPILENO 1 mL X 100   UNIDAD,UNIDAD,I
27795,INDICADOR QUIMICO EXTERNO DE ESTERILIZACION A VAPOR 18 mm X 50 m   UNIDAD,UNIDAD,I
29271,MICROPIPETA VOLUMEN VARIABLE 100 µL - 1000 µL   UNIDAD,UNIDAD,I
17583,MULTIBACILAR NIÑO (BLISTER)   TABLETA,TABLETA,M
28736,PUNTERA (TIPS) UNIVERSAL PARA PIPETA AUTOMATICA 100 µL - 1000 µL COLOR AZUL X 500   UNIDAD,UNIDAD,I
40955,ANTICUERPO ANTI HERPES VIRUS 2 IgG ELISA X 96 DETERMINACIONES   KIT,KIT,I
45258,DEPOSITO DE CARTON PARA DESCARTE DE MATERIAL PUNZOCORTANTE 1 L   UNIDAD,UNIDAD,I
31747,PUNTERA (TIPS) BLANCA 0.5 µL - 10 µL X 1000   UNIDAD,UNIDAD,I
33162,PLACA DE BLOQUEO PARA CALCANEO IZQUIERDO DE 8 AGUJEROS 1.5 mm X 60 mm   UNIDAD,UNIDAD,I
29111,PIEDRA ARKANSAS REDONDA   UNIDAD,UNIDAD,I
12413,SUTURA SEDA NEGRA TRENZADA 3/0 C/A 1/2 CIRCULO REDONDA 20 mm X 75 cm   UNIDAD,UNIDAD,I
31590,BOTA DESCARTABLE   PAR,PAR,I
36284,TRIGLICERIDOS CINETICO  1 DET KIT,KIT,I
1001,BASILIXIMAB 20 mg 6 mL INYECTABLE,INYECTABLE,M
17567,"JERINGA DESCARTABLE 3 mL CON AGUJA 25 G X 5/8""   UNIDAD",UNIDAD,I
20336,CATETER PARA LINEA ARTERIAL Nº 20   UNIDAD,UNIDAD,I
20062,CLAVO SCHANZ ROSCA CENTRAL 3.5 mm X 25 cm   UNIDAD,UNIDAD,I
23089,JUEGO CIRCUITO CORRUGADO ADULTO DESCARTABLE PARA VENTILADOR MECANICO   UNIDAD,UNIDAD,I
42452,FACTOR REUMATOIDEO  DETERMINACIONES KIT,KIT,I
49295,DESINFECTANTE PEROXIDO DE HIDROGENO 5.8 - 6.4 % Y NITRATO DE PLATA 0.01%  1 L UNIDAD,UNIDAD,I
22166,RESINA FOTOCURABLE PARA MOLARES   KIT,KIT,I
4704,METILFENIDATO CLORHIDRATO 10 mg  TABLETA,TABLETA,M
42630,FRESA DE DIAMANTE DE ALTA VELOCIDAD GRANO GRUESO CONO INVERTIDO GRANDE   UNIDAD,UNIDAD,I
28587,TORNILLO CANULADO 7 mm X 75 mm   UNIDAD,UNIDAD,I
24342,COLESTEROL LDL DIRECTO AUTOMATIZADO  1 DET KIT,KIT,I
28120,CLIPS PARA LAPAROSCOPIA X 6   UNIDAD,UNIDAD,I
28399,DORZOLAMIDA (SOLUCION OFTALMICA) 20 mg/mL 15 mL SOLUCION,SOLUCION,M
25694,LENTE INTRAOCULAR DIOPTRIA 20.5 CAMARA POSTERIOR PLEGABLE 1 PIEZA   UNIDAD,UNIDAD,I
22976,SUTURA ACIDO POLIGLACTIN 3/0 C/A 3/8 CIRCULO CORTANTE 19 mm X 70 cm   UNIDAD,UNIDAD,I
33257,ANTISUERO ANTI SALMONELLA POLIVALENTE  3 mL KIT,KIT,I
23559,"KIT PARA CIRUJANO ( GORRO, MASCARA, BOTA, CHAQUETA, PANTALON) TALLA L   KIT",KIT,I
33265,TRANSDUCTOR DE PRESION INVASIVA PARA MONITOR MULTIPARAMETRO   UNIDAD,UNIDAD,I
46160,SENSOR DE LLENADO PARA MEDIR NIVEL DE SANGRE   UNIDAD,UNIDAD,I
23772,CLIP DE POLIMERO TIPO HEM - O - LOK  MLX6   UNIDAD,UNIDAD,I
24003,CANULA PARA TRAQUEOSTOMIA Nº 8 FENESTRADA CON BALON   UNIDAD,UNIDAD,I
49732,SACAROSA USP  X 1 kg UNIDAD,UNIDAD,I
38627,TUBO DE ALUMINIO PARA FIJACION EXTERNA 8 mm x 30 cm   UNIDAD,UNIDAD,I
10070,AGAR CITRATO SIMMONS  500 g UNIDAD,UNIDAD,I
50703,ESPONJA DE FIBRA GRUESA PARA LIMPIEZA DE DISPOSITIVOS MEDICOS 15 cm x 10 cm   UNIDAD,UNIDAD,I
30697,TIRA REACTIVA PARA GLUCOSA EN SANGRE CON LANCETA   UNIDAD,UNIDAD,I
17040,SONDA VESICAL TIPO FOLEY 2 VIAS DE SILICONA DE LARGA PERMANENCIA N° 18   UNIDAD,UNIDAD,I
30257,ARTICULACION DE RODILLA MODELO 3R-17   UNIDAD,UNIDAD,I
6573,ZIDOVUDINA 300 mg  TABLETA,TABLETA,M
22992,SUTURA SEDA NEGRA TRENZADA 4/0 C/A 1/2 CIRCULO REDONDA 15 mm X 75 cm   UNIDAD,UNIDAD,I
42295,MALLA DE TITANIO PARA PISO DE ORBITA 03 mm x 35 mm x 45 mm   UNIDAD,UNIDAD,I
4169,ISONIAZIDA 300 mg  TABLETA,TABLETA,M
20335,CATETER ARTERIAL RADIAL Nº 18 G   UNIDAD,UNIDAD,I
34369,PROTESIS BIPOLAR DE CADERA   UNIDAD,UNIDAD,I
23193,OXIDO DE ZINC  454 g (1 lb) UNIDAD,UNIDAD,I
39338,CHAQUETA Y PANTALON DESCARTABLE TALLA S   UNIDAD,UNIDAD,I
24231,MINIPLACA DE TITANIO RECTA 20 AGUJEROS X 2.0 mm   UNIDAD,UNIDAD,I
30112,MASCARILLA DESCARTABLE CON 3 PLIEGUES PARA PROTEGER DE POLVOS   UNIDAD,UNIDAD,I
35684,BRAZALETE DE IDENTIFICACION ADULTO COLOR ROJO   UNIDAD,UNIDAD,I
12801,"VENDA DE YESO 8"" X 5 yd   UNIDAD",UNIDAD,I
24256,"AGUJA FISTULA ARTERIAL VENOSA Nº 16 G X 1""   UNIDAD",UNIDAD,I
26764,DISCO DE SENSIBILIDAD DE CLARITROMICINA 15 ug 50 DISCOS UNIDAD,UNIDAD,I
32706,ESFERA REFLECTORA PARA NEURONAVEGADOR   UNIDAD,UNIDAD,I
41974,GRUPO SANGUINEO GLOBULAR ABO RH Y COOMBS DIRECTO   UNIDAD,UNIDAD,I
33868,SET DE PUNCION PARA ACCESO VASCULAR X 3 PIEZAS   UNIDAD,UNIDAD,I
33421,MUSLERA CON PRETINA ELASTICA TALLA N° 4   UNIDAD,UNIDAD,I
29490,FRESA DE DIAMANTE DE ALTA VELOCIDAD CILINDRICA MEDIANA   UNIDAD,UNIDAD,I
26532,GUANTE QUIRURGICO ESTERIL DESCARTABLE ANTIVIRICO N° 7   PAR,PAR,I
25860,TUBO ENDOTRAQUEAL DESCARTABLE Nº 4.0 SIN BALON   UNIDAD,UNIDAD,I
18786,LENTE INTRAOCULAR DIOPTRIA 22.5 CAMARA POSTERIOR NO PLEGABLE 3 PIEZAS   UNIDAD,UNIDAD,I
2381,CODEINA FOSFATO 30 mg/mL 2 mL INYECTABLE,INYECTABLE,M
38612,TUBO DE BOMBA C/3 ENTRADAS PARA FRASCOS DE RESERVA PARA INYECTOR DE TOMOGRAFO ESPIRAL MULTICORTE   UNIDAD,UNIDAD,I
34122,PROTECTOR OCULAR DE PLASTICO DESCARTABLE TRANSPARENTE ADULTO   UNIDAD,UNIDAD,I
36076,APOSITO DE ESPUMA (POLIURETANO) CON PLATA IONICA 1.2 % CON HIDROFIBRA (CARBOXIMETILCELULOSA SODICA) 9 cm X 15 cm   UNIDAD,UNIDAD,I
20032,ALAMBRE PARA CERCLAJE 1.2 mm X 1 m   UNIDAD,UNIDAD,I
19274,"AGAR MIO (MOVILIDAD, INDOL Y ORNITINA)  500 g UNIDAD",UNIDAD,I
8020,ANHIDRIDO CARBONICO  1 Kg GAS,GAS,M
29851,SET COMPLETO DESCARTABLE SISTEMA JAKSON REES PEDIATRICO PARA EQUIPO DE ANESTESIA   UNIDAD,UNIDAD,I
15893,CLAVO SCHANZ PUNTA ROSCA CORTA 4.0 mm X 25 cm   UNIDAD,UNIDAD,I
19898,BOLSA PARA NUTRICION ENTERAL X 500 mL   UNIDAD,UNIDAD,I
29882,AGUJA KIRSCHNER 1.8 mm X 300 mm   UNIDAD,UNIDAD,I
34565,SET DE MATERIAL INTRODUCTOR DE CATETER FEMORAL 7 FR X 11 cm   UNIDAD,UNIDAD,I
23096,IONOMERO DE VIDRIO AUTOCURABLE PARA BASE (POLVO-LIQUIDO 10 g/15 mL)   KIT,KIT,I
51226,SOLUCION PARA HEMODIALISIS CON BICARBONATO  4.39 L SOLUCION,SOLUCION,M
28170,HOJA DESCARTABLE Nº 3 PARA VIDEO LARINGOSCOPIO   UNIDAD,UNIDAD,I
21628,DESHIDROGENASA LACTICA  1 DET KIT,KIT,I
41214,PINZA DE BIOPSIA PARA ENDOSCOPIA ALTA SIN AGUJA X 180 cm DE LONGITUD DESCARTABLE  UNIDAD UNIDAD,UNIDAD,I
52754,OLAPARIB 150 mg  TABLETA,TABLETA,M
882,ARTEMETERO + LUMEFANTRINA 20 mg + 120 mg  TABLETA,TABLETA,M
47714,TUBO PARA EXTRACCION DE SANGRE CON SISTEMA DE VACIO DE POLIETILENO TEREFTALATO (PET) DE 3 mL CON EDTA   UNIDAD,UNIDAD,I
42523,PUNTA DESCARTABLE DE RADIOFRECUENCIA 90º X 13 cm   UNIDAD,UNIDAD,I
23477,LINEA PARA BOMBA DE INFUSION CON BURETA PARA BOMBA PLUM E 5000/XL   UNIDAD,UNIDAD,I
38382,SONDA NASOGASTRICA DE SILICONA Nº 12   UNIDAD,UNIDAD,I
20956,HOJA SHAVER Nº 4.2 mm   UNIDAD,UNIDAD,I
36328,CANULA DE CARDIOPLEJIA ANTEROGRADA AORTICA 5 FR   UNIDAD,UNIDAD,I
23090,JUEGO CIRCUITO CORRUGADO NEONATAL DESCARTABLE PARA VENTILADOR MECANICO   UNIDAD,UNIDAD,I
23240,BROCA 1.5 mm X 100 mm   UNIDAD,UNIDAD,I
48966,DIQUE DE GOMA LATEX PURO 5 in X 5 in   UNIDAD,UNIDAD,I
18952,INSPIROMETRO INCENTIVO PARA TERAPIA RESPIRATORIA   UNIDAD,UNIDAD,I
27490,"PELICULA RADIOGRAFICA SENSIBLE AL VERDE 14"" X 17"" X 100   UNIDAD",UNIDAD,I
21233,BICARBONATO DE SODIO  1 g POLVO,POLVO,I
21652,FACTOR VIII DE COAGULACION HUMANA 250 UI  INYECTABLE,INYECTABLE,M
37130,AGUJA PARA BIOPSIA CON TROCAR 18 G X 16 cm   UNIDAD,UNIDAD,I
32106,KIT DE ESPUMA DE POLIURETANO PARA PRESION NEGATIVA 3 cm X 12.5 cm X 20 cm   KIT,KIT,I
38856,DISCO DE ACIDO BORONICO 300 µg x 50 DISCOS   UNIDAD,UNIDAD,I
28041,TROCAR PARA CIRUGIA LAPAROSCOPICA DE 11 mm DE DIAMETRO   UNIDAD,UNIDAD,I
15431,CATETER ARTERIAL RADIAL Nº 22 G   UNIDAD,UNIDAD,I
36537,KIT DE ABLACION POR RADIOFRECUENCIA X 6 PIEZAS   UNIDAD,UNIDAD,I
40410,CATETER BALON PARA ANGIOPLASTIA CORONARIA 4.0 mm x 20 mm   UNIDAD,UNIDAD,I
39105,FUNDA DESCARTABLE PARA MESA DE MAYO 1.50 m x 80 cm   UNIDAD,UNIDAD,I
35611,AMILASA  1 DET KIT,KIT,I
39241,ELECTRODO DESCARTABLE TIPO CORKSCREW DE 0.60 mm x 1.2 m PARA MONITOREO INTRAOPERATORIO   UNIDAD,UNIDAD,I
49416,PAPEL PARA ELECTROCARDIOGRAMA 110 mm X 140 mm  X 150 HOJAS UNIDAD,UNIDAD,I
5265,PACLITAXEL 30 mg 5 mL INYECTABLE,INYECTABLE,M
35153,SUTURA SEDA NEGRA TRENZADA 7/0 C/DOBLE AGUJA ESPATULADA 3/8 DE 6.5 cm X 45 cm   UNIDAD,UNIDAD,I
29634,PAÑAL DESCARTABLE TIPO CALZON PARA ADULTO TALLA L   UNIDAD,UNIDAD,I
24713,SUTURA DE ACERO INOXIDABLE MONOFILAMENTO 5 C/A 1/2 CIRCULO CORTANTE 48 mm X 45 cm   UNIDAD,UNIDAD,I
22920,PARAMONOCLOROFENOL ALCANFORADO LIQUIDO  20 mL UNIDAD,UNIDAD,I
26363,PACLITAXEL 100 mg 16.7 mL INYECTABLE,INYECTABLE,M
12557,TORNILLO CORTICAL 4.5 mm X 20 mm   UNIDAD,UNIDAD,I
25353,TORNILLO DE BLOQUEO 3.5 mm X 20 mm   UNIDAD,UNIDAD,I
19362,MANDIL QUIRURGICO ESTERIL DESCARTABLE TALLA L   UNIDAD,UNIDAD,I
40773,ELEVADOR Y MANIPULADOR UTERINO 40 mm DESCARTABLE   UNIDAD,UNIDAD,I
19345,TIGECICLINA 50 mg  INYECTABLE,INYECTABLE,M
21028,TORNILLO ESPONJOSO 3.5 mm X 30 mm   UNIDAD,UNIDAD,I
11910,SONDA RECTAL N° 32 F   UNIDAD,UNIDAD,I
34375,MICOFENOLATO DE SODIO 360 mg  TABLETA,TABLETA,M
36638,DIETANOLAMIDA DE ACIDO GRASO DE COCO USP  1 Kg UNIDAD,UNIDAD,I
32846,ADHESIVO TISULAR 0.5 mg   UNIDAD,UNIDAD,I
3774,GLIMEPIRIDA 4 mg  TABLETA,TABLETA,M
30467,GUANTE QUIRURGICO ESTERIL DESCARTABLE ANTIVIRICO N° 8   PAR,PAR,I
4853,MITOMICINA 20 mg  INYECTABLE,INYECTABLE,M
37331,FRESA DE CARBURO TUNGSTENO DE ALTA VELOCIDAD TRONCO CONICA MEDIANA   UNIDAD,UNIDAD,I
25103,HEMOGRAMA AUTOMATIZADO DIFERENCIAL 5 ESTIRPES  1 DET KIT,KIT,I
45667,CATETER PERCUTANEO DOBLE LUMEN CON INTRODUCTOR PELABLE 2 FR X 30 cm   UNIDAD,UNIDAD,I
19507,PUNZON PERFORADOR PARA CONEXION A FRASCO   UNIDAD,UNIDAD,I
24358,"MINIPLACA DE TITANIO FORMA ""Y"" 6 ORIFICIOS SISTEMA 1.5 mm   UNIDAD",UNIDAD,I
11555,PELICULA RADIOGRAFICA PERIAPICAL PARA NIÑO   UNIDAD,UNIDAD,I
22687,METOTREXATO 500 mg  INYECTABLE,INYECTABLE,M
34807,FRESA QUIRURGICA PARA HUESO   UNIDAD,UNIDAD,I
28389,NUTRIENTE ELEMENTAL ESPECIALIZADO CON GLUTAMINA  76 g POLVO,POLVO,I
20144,PAPEL CREPADO 120 cm X 120 cm   UNIDAD,UNIDAD,I
16567,GUANTE DESCARTABLE PARA EXAMEN Nº 7 1/2 (PAR)   UNIDAD,UNIDAD,I
27723,SUTURA DE POLIPROPILENO AZUL MONOFILAMENTO 6/0 C/2A 3/8 CIRCULO REDONDA 9.3 mm X 75 cm   UNIDAD,UNIDAD,I
27648,INJERTO OSEO ESPONJOSO X 5 mL   UNIDAD,UNIDAD,I
42554,MEDIO PARA HEMOCULTIVO AEROBICO PEDIATRICO AUTOMATIZADO EN FRASCO  UNIDAD UNIDAD,UNIDAD,I
46436,RUBEOLA IGM AUTOMATIZADO  DETERMINACION UNIDAD,UNIDAD,I
11969,SUTURA NAILON AZUL MONOFILAMENTO 4/0 C/A 3/8 CiRCULO CORTANTE 25 mm X 45 cm	   UNIDAD,UNIDAD,I
22455,SUTURA SEDA NEGRA TRENZADA 4/0 C/A 3/8 CIRCULO CORTANTE 15 mm X 75 cm   UNIDAD,UNIDAD,I
30042,PINZA DE BIOPSIA PARA COLONOSCOPIO   UNIDAD,UNIDAD,I
37467,CAMPO QUIRURGICO ESTERIL DESCARTABLE 1.00 m X 1.00 m   UNIDAD,UNIDAD,I
45094,PROTESIS VALVULAR AORTICA EXPANDIBLE TRANSCATETER TRANSFEMORAL 34 mm   UNIDAD,UNIDAD,I
50930,TORNILLO DE BLOQUEO 2.7 mm X 28 mm   UNIDAD,UNIDAD,I
5916,NITROPRUSIATO SODICO 10 mg/mL 5 mL INYECTABLE,INYECTABLE,M
54559,ANTICUERPO ANTI HELICOBACTER PYLORI IgA ELISA - X DET N/A,UNIDAD,I
42953,TUBO PARA EXTRACCION DE SANGRE CON SISTEMA DE VACIO DE POLIPROPILENO DE 3ML CON EDTA DIPOTASICO  X 100 UNIDAD,UNIDAD,I
30501,CLAVO SCHANZ 5.0 mm X 250 mm   UNIDAD,UNIDAD,I
6357,TROPICAMIDA (SOLUCION OFTALMICA) 10 mg/mL (1 %) 15 mL SOLUCION,SOLUCION,M
30623,TARJETA DE TIPIFICACION DE GRUPO SANGUINEO EN GEL ABO - RH   UNIDAD,UNIDAD,I
29240,CANULA ENDOLUMINAL (STENT) CORONARIA DE METAL MEDICADA 3.0 mm X 24 mm   UNIDAD,UNIDAD,I
34841,CATETER GUIA PARA EMBOLIZACION 5 FR X 110 cm   UNIDAD,UNIDAD,I
3570,FILGRASTIM 30 000 000 UI/mL (300 µg/mL) 1 mL INYECTABLE,INYECTABLE,M
4394,LIDOCAINA CLORHIDRATO + EPINEFRINA 20 mg + 10 ug/mL 1.8 mL INYECTABLE,INYECTABLE,M
24785,CANULA VENOSA ANGULADA Nº 24   UNIDAD,UNIDAD,I
36563,PARTICULAS PARA EMBOLIZACION 300 - 500 µm   UNIDAD,UNIDAD,I
19816,JERINGA DESCARTABLE CON PICO EXCENTRICO SIN ROSCA 20 mL   UNIDAD,UNIDAD,I
28524,LINEA DE EXTENSION OPACA PARA BOMBA DE INFUSION DE JERINGA   UNIDAD,UNIDAD,I
25869,INTERFERON BETA 1A 132 ug 1.5 mL INYECTABLE,INYECTABLE,M
6478,VENLAFAXINA 75 mg  TABLETA,TABLETA,M
10073,AGAR TRIPTICASA SOYA (TSA)  500 g UNIDAD,UNIDAD,I
27338,PLACA DE RECONSTRUCCION MANDIBULAR ANGULADA FORMA EN L 6 AGUJEROS X 21 AGUJEROS X 2.0 mm DERECHA   UNIDAD,UNIDAD,I
31714,SISTEMA DE FIJACION CON SUSPENSION CORTICAL AJUSTABLE DE LIGAMENTO CRUZADO ANTERIOR   UNIDAD,UNIDAD,I
4187,KETAMINA (COMO CLORHIDRATO) 50 mg/mL 10 mL INYECTABLE,INYECTABLE,M
12536,TORNILLO CORTICAL 3.5 mm X 12 mm   UNIDAD,UNIDAD,I
39305,FORTIFICADOR DE LECHE MATERNA x 5 mL x 100   UNIDAD,UNIDAD,I
25791,CAMPO QUIRURGICO DESCARTABLE 45 cm X 45 cm   UNIDAD,UNIDAD,I
26033,HOJA DE SIERRA 31 mm X 10 mm X 0.38 mm PARA SIERRA SAGITAL   UNIDAD,UNIDAD,I
47225,REACTIVO ANTI COAGULANTE LUPICO  1 DET KIT,KIT,I
5167,ORFENADRINA CITRATO 100 mg  TABLETA,TABLETA,M
23029,PEROXIDO DE HIDROGENO P.A. 30 % 1 L SOLUCION,SOLUCION,I
28790,COLORANTE WRIGHT  500 ml SOLUCION,SOLUCION,I
40649,PLACA LCP DE 4 AGUJEROS 2.7/3.5 mm PARA CLAVICULA DISTAL   UNIDAD,UNIDAD,I
20100,ALAMBRE GUIA CHOICE 0.014 mm X 182 cm   UNIDAD,UNIDAD,I
24344,REACTIVO DE FOSFATASA ALCALINA AUTOMATIZADA  1 DET KIT,KIT,I
23353,CAMPO QUIRURGICO ESTERIL DESCARTABLE 70 cm X 70 cm   UNIDAD,UNIDAD,I
26083,DISCO DE SENSIBILIDAD DE MEROPENEM 30 ug 50 DISCOS UNIDAD,UNIDAD,I
21281,ESPECULO GRAVES MEDIANO   UNIDAD,UNIDAD,I
43115,LINEA DE SANGRE PARA HEMODIALISIS Y HEMODIAFILTRACION LONGITUD LINEA ARTERIAL 3390 mm VENOSA 2815 mm   UNIDAD,UNIDAD,I
3011,DORNASA ALFA 2500 U(2.5 mg)/100 mL 2.5 mL SOLUCION,SOLUCION,M
20878,SUTURA ACIDO POLIGLICOLICO 6/0 C/2A 1/4 CIRCULO ESPATULADA 8 mm X 45 cm   UNIDAD,UNIDAD,I
36677,MANGA DE POLIETILENO TRANSPARENTE DE 3.5 µm X 22 cm X 500 m   UNIDAD,UNIDAD,I
27493,BROCA 2.5 mm X 120 mm   UNIDAD,UNIDAD,I
55373,ANTICUERPO ANTI EPSTEIN BARR VIRUS- ANTIGENO TEMPRANO IgG QUIMIOLUMINICENCIA - X DET UNIDAD,UNIDAD,I
39896,CATETER DE DIAGNOSTICO CUADRUPOLAR 5 FR x 120 cm   UNIDAD,UNIDAD,I
29953,KIT DE 1 JERINGA INSUFLADORA 20 mL ALTA PRESION + ROTADOR   KIT,KIT,I
50614,SET ACIDO REVELADOR AUTOMATICO PARA 40 L   UNIDAD,UNIDAD,I
28473,LIMAS SET PARA ENDODONCIA Nº 8 DE 21 mm X 6   UNIDAD,UNIDAD,I
12016,SUTURA CATGUT CROMICO 2/0 C/A 1/2 CIRCULO REDONDA 25 mm X 70 cm   UNIDAD,UNIDAD,I
31709,SOLUCIONES PARA NUTRICION PARENTERAL PEDIATRICO  2 L INYECTABLE,INYECTABLE,M
12781,VASELINA LIQUIDA  1 L SOLUCION,SOLUCION,I
24085,"CATETER ENDOVENOSO PERIFERICO Nº 24 G X 3/4"" CON ADAPTADOR EN Y   UNIDAD",UNIDAD,I
37445,BOLSA DE EXTRACCION DE ESPECIMEN DESCARTABLE PARA PUERTO DE 12 mm DE DIAMETRO   UNIDAD,UNIDAD,I
45043,OCLUSOR PERCUTANEO PARA DEFECTO SEPTAL MULTIFUNCIONAL 5 mm X 3 mm   UNIDAD,UNIDAD,I
22197,OBTURADOR DESCARTABLE PARA PROLONGADOR DEL SISTEMA DE DIALISIS PERITONEAL   UNIDAD,UNIDAD,I
42152,ELECTRODO DE ESPATULA PARA ELECTROBISTURI  UNIDAD UNIDAD,UNIDAD,I
51195,SET DE CATETER DE DRENAJE MULTIPROPOSITO 10 FR X 25 cm   UNIDAD,UNIDAD,I
41157,PLACA LCP DE 6 AGUJEROS X 3.5 mm PARA TIBIA PROXIMAL LATERAL   UNIDAD,UNIDAD,I
19868,CERA PARA HUESOS  2.5 g UNIDAD,UNIDAD,I
6480,VERAPAMILO CLORHIDRATO 2.5 mg/mL 2 mL INYECTABLE,INYECTABLE,M
6038,TAMOXIFENO CITRATO 20 mg  TABLETA,TABLETA,M
18714,"AGUJA PARA EXTRACCION MULTIPLE AL VACIO 20 G X 1""   UNIDAD",UNIDAD,I
18377,MEMANTINA 10 mg  TABLETA,TABLETA,M
24185,TUBO PARA EXTRACCION DE SANGRE CON SISTEMA DE VACIO DE POLIPROPILENO DE 3 mL CON EDTA TRIPOTASICO   UNIDAD,UNIDAD,I
31378,ALGODON EN TORUNDA X 100   UNIDAD,UNIDAD,I
16286,"TUBO DE DRENAJE PEN ROSE 3/4"" X 18""   UNIDAD",UNIDAD,I
49028,RETRACTOR DE HERIDAS DESCARTABLE   UNIDAD,UNIDAD,I
31027,TUBO DE TRAQUEOSTOMIA FENESTRADO Nº 7 SIN BALON   UNIDAD,UNIDAD,I
36776,FRESA DE DIAMANTE DE ALTA VELOCIDAD CONO INVERTIDO Nº 12   UNIDAD,UNIDAD,I
37708,"DIQUE DE GOMA LATEX PURO 5"" X 5"" X 52   UNIDAD",UNIDAD,I
26908,SUTURA DE POLIDIOXANONA 2/0 C/A 1/2 CIRCULO REDONDA 30 mm X 70 cm   UNIDAD,UNIDAD,I
10367,BOLSA DE COLOSTOMIA ADULTO   UNIDAD,UNIDAD,I
26364,VINCRISTINA SULFATO 1 mg  INYECTABLE,INYECTABLE,M
30933,TORNILLO LCP PARA S.T.A.R. AUTORROSCANTE 3.5 mm X 40 mm   UNIDAD,UNIDAD,I
3397,COMPLEJO DE FACTOR IX CONCENTRADO 500 UI  INYECTABLE,INYECTABLE,M
42974,ANTICUERPO MONOCLONAL PARA CROMOGRANINA A  7 mL UNIDAD,UNIDAD,I
10284,ANTISUERO ANTI E. COLI ENTEROPATOGENA C POLIVALENTE  10 mL SOLUCION,SOLUCION,I
40034,PLACA DE OSTEOSINTESIS PARA TIBIA PROXIMAL CON SISTEMA PARA TORNILLOS DE BLOQUEO   UNIDAD,UNIDAD,I
22621,OVOIDE DE JEBE TRANSVERSO 40 mm X 19 mm X 26 mm   UNIDAD,UNIDAD,I
26663,DETERGENTE ENZIMATICO CON 4 ENZIMAS  4 L UNIDAD,UNIDAD,I
19517,SOLUCION TURK  250 mL SOLUCION,SOLUCION,I
49674,FORMULA MODULAR PROTEICA LIQUIDA CON VITAMINAS X 900 mL   SOLUCION,SOLUCION,M
37900,CASSETTE DESCARTABLE DE RIEGO ACTIVO FMS PARA FACOEMULSIFICACION PUNTA BISELADA 0.9 mm ABS 45° CENTURION   UNIDAD,UNIDAD,I
17689,TRASTUZUMAB 440 mg ó 420 mg (21 mg/mL) 20 mL INYECTABLE,INYECTABLE,M
39854,SUTURA DE POLIETILENO MONOFILAMENTO 2 C/A 1/2 CIRCULO CORTANTE 25.9 mm x 100 cm   UNIDAD,UNIDAD,I
39050,SET DE CATETER DE DRENAJE MULTIPROPOSITO 10.2 FR x 25 cm   SET,SET,I
20219,KIT DE RECUPERADOR SANGUINEO DESCARTABLE   KIT,KIT,I
4567,MANITOL 20 g/100 mL (20 %) 500 mL INYECTABLE,INYECTABLE,M
22307,PAPEL CREPADO 90 cm X 90 cm X 250 UNIDADES   UNIDAD,UNIDAD,I
34212,ESPONJA LIMPIADORA DE ELECTRODO PARA LAPIZ DE ELECTROBISTURI DE 4.5 cm X 4.5 cm   UNIDAD,UNIDAD,I
39775,DESFIBRILADOR CARDIOVERSOR IMPLANTABLE TIPO DAI (DESFIBRILADOR INTERNO AUTOMATICO)   UNIDAD,UNIDAD,I
24677,SALBUTAMOL 5 mg/mL 15 mL SOLUCION,SOLUCION,M
50435,PINZA PARA ALGODON MERIAM  15.5 cm UNIDAD,UNIDAD,I
18880,ATOMOXETINA 40 mg  TABLETA,TABLETA,M
22005,CATETER PERCUTANEO CON INTRODUCTOR 1 FR 1 LUMEN X 20 cm   UNIDAD,UNIDAD,I
32784,PLACA LCP DE 05 AGUJEROS X 2.7/3.5 mm PARA HUMERO DORSO LATERAL   UNIDAD,UNIDAD,I
33058,CATETER GUIA PARA EMBOLIZACION 4.2 FR X 120 cm   UNIDAD,UNIDAD,I
19727,NIFURTIMOX 120 mg  TABLETA,TABLETA,M
11904,SONDA RECTAL N° 20 F   UNIDAD,UNIDAD,I
50144,ALIMENTO DIETETICO NUTRICIONAL  92 g UNIDAD,UNIDAD,I
30567,CONTENEDOR DE PLASTICO DE BIOSEGURIDAD PORTATIL DE 1 L   UNIDAD,UNIDAD,I
34394,DESHIDROGENASA LACTICA  100 DET KIT,KIT,I
620,AMFOTERICINA B 50 mg 10 mL INYECTABLE,INYECTABLE,M
2436,SOLUCIONES PARA NUTRICION PARENTERAL  500 mL INYECTABLE,INYECTABLE,M
42511,CANULA ADULTO PARA TERAPIA DE ALTO FLUJO TALLA S   UNIDAD,UNIDAD,I
46598,TORNILLO DE BLOQUEO 6.5 MM X 80 MM   UNIDAD,UNIDAD,I
23443,INTRODUCTOR PARA CATETER PERCUTANEO 6.0 FR X 11 cm   UNIDAD,UNIDAD,I
51295,PRUEBA CUANTITATIVA POR INMUNOFLUORESCENCIA SECA  PARA CREATINA QUINASA (CK-MB) X 25 DET   UNIDAD,UNIDAD,I
20658,TORNILLO CORTICAL 2.4 mm X 10 mm   UNIDAD,UNIDAD,I
39687,ESPARADRAPO HIPOALERGENICO DE TELA 2.5 cm x 9.1 m APROX. x 12   UNIDAD,UNIDAD,I
30712,DISCO DE SENSIBILIDAD DE NOVOBIOCINA 30 µg 50 DISCOS UNIDAD,UNIDAD,I
31905,VALVULA HEMOSTATICA ROTATIVA DE DOBLE LUMEN   UNIDAD,UNIDAD,I
24127,RECARGA PARA GRAPADORA QUIRURGICA LINEAL CORTANTE ENDOSCOPICA 45 mm   UNIDAD,UNIDAD,I
29181,TORNILLO DE BLOQUEO 2.4 mm X 12 mm   UNIDAD,UNIDAD,I
24100,ANIDULAFUNGINA 100 mg  INYECTABLE,INYECTABLE,M
35925,CAJA INTERSOMATICA CERVICAL 6 mm X 13 mm X 17 mm   UNIDAD,UNIDAD,I
11046,FORMALDEHIDO 40% 1 L SOLUCION,SOLUCION,I
19418,SENSOR BIS PARA EQUIPO DE ANESTESIA   UNIDAD,UNIDAD,I
46590,NIPLE DE ACERO INOXIDABLE CROMADO PARA NEBULIZADOR   UNIDAD,UNIDAD,I
44628,JUEGO DE ABREBOCAS USO ODONTOLOGICO X 9 PIEZAS   UNIDAD,UNIDAD,I
51847,HOJA DESCARTABLE Nº 2 PARA VIDEO LARINGOSCOPIO   UNIDAD,UNIDAD,I
30802,MAMELUCO DESCARTABLE TALLA S   UNIDAD,UNIDAD,I
51620,ESTILETE DE INTUBACION PARA TUBO ENDOTRAQUEAL Nº 8 FR   UNIDAD,UNIDAD,I
41740,MALLA DE POLIPROPILENO NO TEJIDA DE CONTACTO VISCERAL 14 cm X 18 cm   UNIDAD,UNIDAD,I
37328,CATETER VENOSO CENTRAL DOBLE LUMEN 12 FR X 15 cm DE ALTO FLUJO   UNIDAD,UNIDAD,I
51292,PRUEBA CUANTITATIVA POR INMUNOFLUORESCENCIA SECA  PARA HORMONA FOLICULO ESTIMULANTE (FSH) X 25 DET   UNIDAD,UNIDAD,I
21900,CICLOPENTOLATO CLORHIDRATO (SOLUCION OFTALMICA) 10 mg/mL 5 mL SOLUCION,SOLUCION,M
42583,CUBRE CALZADO DESCARTABLE IMPERMEABLE   UNIDAD,UNIDAD,I
11240,MEDIO PARA HEMOCULTIVO PEDIATRICO AUTOMATIZADO EN FRASCO   UNIDAD,UNIDAD,I
5970,SULFAMETOXAZOL + TRIMETOPRIMA 80 mg + 16 mg / mL 5 mL INYECTABLE,INYECTABLE,M
21864,SURFACTANTE PULMONAR DE ORIGEN NATURAL (SUSPENSION INTRATRAQUEAL) 25 mg/mL 8 mL INYECTABLE,INYECTABLE,M
17700,LIDOCAINA CLORHIDRATO CON PRESERVANTES 2 g/100 mL (2 %) 20 mL INYECTABLE,INYECTABLE,M
43415,ESTILETE DE INTUBACION 6 FR X 2.0 mm   UNIDAD,UNIDAD,I
17789,"CATETER UMBILICAL VENOSO, DOBLE LUMEN 5.0 FR   UNIDAD",UNIDAD,I
5342,PAROXETINA 20 mg  TABLETA,TABLETA,M
32563,"JERINGA DESCARTABLE 3 mL CON AGUJA 21 G X 1/2""   UNIDAD",UNIDAD,I
30882,HORMONA LUTEINIZANTE (LH)  1 DET UNIDAD,UNIDAD,I
29698,PAÑAL DESCARTABLE TIPO CALZON PARA NIÑO TALLA G   UNIDAD,UNIDAD,I
22096,FRESA DE DIAMANTE DE ALTA VELOCIDAD FISURA LARGA   UNIDAD,UNIDAD,I
42641,HEPATITIS B ANTICUERPO ANTICORE TOTAL AUTOMATIZADO  DET UNIDAD,UNIDAD,I
50397,KIT PCR EN TIEMPO REAL PARA CUANTIFICACION DE CARGA VIRAL DE HEPATITIS C (HCV) X 10 DETERMINACIONES   UNIDAD,UNIDAD,I
37680,PLACA DE TITANIO PARA REBORDE ORBITARIO 1.5 mm CURVA DE 12 AGUJEROS   UNIDAD,UNIDAD,I
3601,FLUFENAZINA DECANOATO O ENANTATO 25 mg/mL 1 mL INYECTABLE,INYECTABLE,M
25542,SUTURA DE POLIPROPILENO AZUL MONOFILAMENTO 4/0 C/2A 1/2 CIRCULO REDONDA 17 mm X 90 cm   UNIDAD,UNIDAD,I
36595,SET DE DRENAJE TORAXICO DESCARTABLE DOBLE CAMARA   UNIDAD,UNIDAD,I
11875,SONDA NASOGASTRICA Nº 4   UNIDAD,UNIDAD,I
10062,AGAR LIA (LISINA HIERRO AGAR)  500 g UNIDAD,UNIDAD,I
31706,ARCO DE YOUNG   UNIDAD,UNIDAD,I
35613,TRANSFERRINA  1 DET KIT,KIT,I
34290,MUSLERA CON PRETINA ELASTICA TALLA N° 12   UNIDAD,UNIDAD,I
28962,MORFINA SULFATO LM 30 mg  TABLETA,TABLETA,M
32361,AGUJA KIRSCHNER 1.6 mm X 300 mm   UNIDAD,UNIDAD,I
23633,SOLUCION PARA HEMODIALISIS ACIDA  4 L SOLUCION,SOLUCION,M
21979,ESCOBILLA DE NAILON PARA LAVAR TUBOS DE 13 mm X 100 mm   UNIDAD,UNIDAD,I
16772,MASCARA DE OXIGENO PEDIATRICO DESCARTABLE   UNIDAD,UNIDAD,I
1780,CICLOFOSFAMIDA 50 mg  TABLETA,TABLETA,M
1260,BISMUTO SUBSALICILATO 87.33 mg/5 mL 240 mL SUSPENSION,SUSPENSION,M
41171,PAÑO LIMPIADOR   UNIDAD,UNIDAD,I
31777,BOMBILLA DE JEBE PARA ASPIRACION Nº 06   UNIDAD,UNIDAD,I
26339,APOSITO DE ALCOHOL POLIVINILICO CON SUCCION AL VACIO 1 cm X 10 cm X 15 cm   UNIDAD,UNIDAD,I
5161,ONDANSETRON (COMO CLORHIDRATO) 8 mg  TABLETA,TABLETA,M
28418,"CATETER ENDOVENOSO PERIFERICO Nº 22 X 1 1/4 "" CON DISPOSITIVO DE BIOSEGURIDAD   UNIDAD",UNIDAD,I
34408,LINEA DE INFUSION PARA NUTRICION ENTERAL PARA BOMBA DE INFUSION   UNIDAD,UNIDAD,I
18276,TUBO DE POLIPROPILENO PARA CENTRIFUGA ESTERIL 15 mL   UNIDAD,UNIDAD,I
41732,PRUEBA DE COOMBS POLIESPECIFICO EN TARJETA   UNIDAD,UNIDAD,I
29229,PASTA PARA OSTOMIA X 2 oz   UNIDAD,UNIDAD,I
44627,HACHUELA PARA PRAT (PRACTICA DE RESTAURACION ATRAUMATICA) 18 cm aprox.   UNIDAD,UNIDAD,I
15949,CLAVO STEINMAN PUNTA TRIANGULAR 3.5 mm X 300 mm   UNIDAD,UNIDAD,I
26719,LAMINA PORTA OBJETO BISELADA 25 mm X 75 mm  50 UNIDADES UNIDAD,UNIDAD,I
31593,CLORHEXIDINA AL 4% X 1 L CON DISPOSITIVO A CIRCUITO CERRADO CON PEDAL   UNIDAD,UNIDAD,I
3013,DORZOLAMIDA (SOLUCION OFTALMICA) 20 mg/mL 5 mL SOLUCION,SOLUCION,M
36895,DESINFECTANTE PEROXIDO DE HIDROGENO 6% CON IONES DE PLATA  1 L SOLUCION,SOLUCION,I
5085,NITROFURAL 200 mg/100 g 500 g CREMA,CREMA,M
23784,CATETER VENOSO CENTRAL DOBLE LUMEN 4 FR X 8 cm   UNIDAD,UNIDAD,I
43970,PROTECTOR FACIAL CON CASCO   UNIDAD,UNIDAD,I
36375,HEMOSTATICO ABSORBIBLE DE CELULOSA OXIGENADA Y REGENERADA DE TEJIDO FIBROSO 10.2 cm X 10.2 cm   UNIDAD,UNIDAD,I
21871,LAMINA PORTA OBJETO 26 mm x 76 mm x 50 UNIDADES   UNIDAD,UNIDAD,I
23773,CLIP DE POLIMERO PARA CIRUGIA TAMAÑO L (TIPO HEM - O - LOK)  X 6 UNIDAD,UNIDAD,I
24579,CATETER CORONARIO TIPO JUDKINS DERECHO 5 FR X 100 cm   UNIDAD,UNIDAD,I
20156,SONDA DE ASPIRACION SILICONA CONTINUA 100% LARGA PERMANENCIA 1 LUMEN 10 F   UNIDAD,UNIDAD,I
38998,TORNILLO DE TITANIO AUTOPERFORANTE 1.6 mm x 3 mm   UNIDAD,UNIDAD,I
12583,TORNILLO DE TITANIO 1.5 mm X 5 mm   UNIDAD,UNIDAD,I
26657,TUBO PARA EXTRACCION DE SANGRE CON SISTEMA DE VACIO DE POLIPROPILENO DE 2 mL CON EDTA TRIPOTASICO   UNIDAD,UNIDAD,I
26013,QUETIAPINA 300 mg  TABLETA,TABLETA,M
16640,JERINGA ASEPTO DESCARTABLE 60 mL   UNIDAD,UNIDAD,I
49520,TUBO DE PLASTICO TRANSPARENTE INCOLORO 12 mm X 75 mm   UNIDAD,UNIDAD,I
632,AMINOACIDOS Y DERIVADOS   TABLETA,TABLETA,M
30721,SET DE MATERIAL INTRODUCTOR DE CATETER FEMORAL 5 FR X 11 cm   UNIDAD,UNIDAD,I
29816,GASA ESTERIL 6.0 cm X 6.0 cm X 10   UNIDAD,UNIDAD,I
29952,MANIFOLD DE TRES LLAVES   UNIDAD,UNIDAD,I
29703,TUBO VIDRIO 10 mL PARA HEMOCOAGULACION   UNIDAD,UNIDAD,I
38387,CATETER VENOSO CENTRAL DOBLE LUMEN 11.5 FR x 16 cm CURVADO   UNIDAD,UNIDAD,I
4150,IRINOTECAN CLORHIDRATO 100 mg 5 mL INYECTABLE,INYECTABLE,M
42250,SET DE PLACA DISTAL DE TIBIA BLOQUEADA X 16 PIEZAS   UNIDAD,UNIDAD,I
47750,PLACA DE BLOQUEO PARA CALCANEO DERECHO DE 11 AGUJEROS 60 mm X 30 mm   UNIDAD,UNIDAD,I
25951,ASA DE POLIPECTOMIA 27 K X 2.3 cm DE DIAMETRO LAZO 15 mm DIAMETRO ALAMBRE 0.47 mm TAMAÑO CANAL 2.8mm   UNIDAD,UNIDAD,I
23175,PLACA DE RECONSTRUCCION RECTA DE 14 AGUJEROS X 3.5 mm   UNIDAD,UNIDAD,I
25989,TORNILLO DE EMERGENCIA 2.4 mm X 10 mm   UNIDAD,UNIDAD,I
36206,BIMATOPROST (SOLUCION OFTALMICA) 100 µg/mL 3 mL SOLUCION,SOLUCION,M
45067,AGUJA DENTAL TRIBISELADA 0.30 mm X 21 mm   UNIDAD,UNIDAD,I
42165,PAPEL TERMICO DE IMPRESION 152 mm X 90 m PLEGADO EN Z 150 HOJAS  150 HOJAS UNIDAD,UNIDAD,I
20478,FLUOR BARNIZ  10 mL UNIDAD,UNIDAD,I
36025,SISTEMA DE PLACA DE BLOQUEO DE RADIO DISTAL DE ANGULO VARIABLE 2.4 mm DE 6 AGUJEROS   UNIDAD,UNIDAD,I
11526,PARAFINA SOLIDA EN LENTEJAS  1 kg UNIDAD,UNIDAD,I
45882,DIQUE DE GOMA LATEX PURO 6 in X 6 in   UNIDAD,UNIDAD,I
39490,TUBO ENDOTRAQUEAL DESCARTABLE Nº 4.0 SIN BALON   UNIDAD,UNIDAD,I
53717,BOTON PARA GASTROSTOMIA 24 FR X 3.5 cm DE LONGITUD   UNIDAD,UNIDAD,I
15413,CATETER  PARA EMBOLECTOMIA N° 4   UNIDAD,UNIDAD,I
44854,CONECTOR PARA LINEA A PACIENTES CON VALVULA PARA INYECTOR AUTOMATICO DE TOMOGRAFIA   UNIDAD,UNIDAD,I
40599,GRAPADORA QUIRURGICA LINEAL CORTANTE PARA CIRUGIA ABIERTA 80 mm x 3.8 mm   UNIDAD,UNIDAD,I
21386,FRASCO DE PLASTICO COLOR AMBAR CON TAPA Y TAPON X 120 mL   UNIDAD,UNIDAD,I
24508,SISTEMA DE DERIVACION VENTRICULO PERITONEAL PRESION MEDIA NEONATAL   UNIDAD,UNIDAD,I
54204,KIT DE TUBO CORRUGADO Y CANULA DESCARTABLE ADULTO PARA  TERAPIA RESPIRATORIA DE ALTO FLUJO  TALLA M UNIDAD,UNIDAD,I
22213,LIMAS SET PARA ENDODONCIA DEL 45-80 (2da SERIE) DE 25 mm X 6   UNIDAD,UNIDAD,I
22412,DISCO DE SENSIBILIDAD DE GENTAMICINA 10 µg 50 DISCOS UNIDAD,UNIDAD,I
39799,TREPANO CORNEAL BARRON DESCARTABLE 7.75 mm   UNIDAD,UNIDAD,I
16287,"TUBO DE DRENAJE PEN ROSE 3/8"" X 18""   UNIDAD",UNIDAD,I
24351,DISCO DE SENSIBILIDAD DE SULFAMETOXAZOL + TRIMETROPIM 25 ug 50 DISCOS UNIDAD,UNIDAD,I
27854,ALGODON EN TORUNDA X 500   UNIDAD,UNIDAD,I
40962,PAPEL CREPADO 60 cm X 60 cm   UNIDAD,UNIDAD,I
51283,KIT DE CAMARA Y TUBO DESCARTABLE PARA HUMIDIFICADOR DE EQUIPO PARA TERAPIA DE ALTO FLUJO   UNIDAD,UNIDAD,I
52295,BICARBONATO DE SODIO GRADO TECNICO EN POLVO   UNIDAD,UNIDAD,I
22311,DISCO DE SENSIBILIDAD DE BACITRACINA 0.04 UI 50 DISCOS UNIDAD,UNIDAD,I
34785,CABLE DE POLIMERO PARA CERCLAJE OSEO 1.5 mm X 77.5 cm CON BROCHE DE CIERRE   UNIDAD,UNIDAD,I
38988,ANTIGENO ANTICUERPO VIH QUIMIOLUMINISCENCIA (VIH-AG/AB)  1 DET KIT,KIT,I
20552,MICROESPONJA OFTALMICA DE CELULOSA X 10   UNIDAD,UNIDAD,I
34186,"ESCOBILLA DE NAILON PARA LAVAR BALONES, MATRACES DE 500 mL   UNIDAD",UNIDAD,I
24069,SET DE FIJACION OCCIPITO CERVICAL   UNIDAD,UNIDAD,I
19423,TRANSAMINASA GLUTAMICA PIRUVICA (TGP) CINETICA  500 DET KIT,KIT,I
1695,CEFUROXIMA 250 mg/5 mL 100 mL SUSPENSION,SUSPENSION,M
22528,TUBO DE GASTROSTOMIA DE BOTON DE BAJO PERFIL Y DE REEMPLAZO Nº 18 X 1.5 mm   UNIDAD,UNIDAD,I
24218,TORNILLO DE BLOQUEO 5.0 mm X 70 mm   UNIDAD,UNIDAD,I
32315,SUTURA SEDA NEGRA TRENZADA MULTIEMPAQUE 2/0 S/A 10 HEBRAS X 75 cm   UNIDAD,UNIDAD,I
22458,FRASCO DE PLASTICO BOCA ANCHA X 100 mL CON TAPA ROSCA   UNIDAD,UNIDAD,I
32343,LIPIDOS 20 g/100 mL 250 mL INYECTABLE,INYECTABLE,M
23680,SET DE LINEA ARTERIAL Y VENOSA PARA HEMODIALISIS ADULTO   UNIDAD,UNIDAD,I
3353,ETOPOSIDO 100 mg 5 mL INYECTABLE,INYECTABLE,M
274,ALBUMINA HUMANA 20 g/100 mL 50 mL INYECTABLE,INYECTABLE,M
40954,ANTICUERPO ANTI HERPES VIRUS 1 IgG ELISA X 96 DETERMINACIONES   KIT,KIT,I
22705,"MANDIL DESCARTABLE IMPERMEABLE NO ESTERIL TALLA ""M""   UNIDAD",UNIDAD,I
26608,CLORHEXIDINA GLUCONATO 2 g/100 mL 1 L SOLUCION,SOLUCION,I
10995,ESPEJO BUCAL CON MANGO DE METAL   UNIDAD,UNIDAD,I
3598,FLUDARABINA FOSFATO 50 mg  INYECTABLE,INYECTABLE,M
31322,SUCEDANEO DE LA LECHE MATERNA ANTI REFLUJO  400 g POLVO,POLVO,I
19097,SUTURA ACIDO POLIGLICOLICO 2/0 C/A 1/2 CIRCULO REDONDA 30 mm X 70 cm   UNIDAD,UNIDAD,I
22174,VALVULA DE SISTEMA DE DERIVACION VENTRICULO PERITONEAL DE PRESION MEDIA ADULTO   UNIDAD,UNIDAD,I
50466,SET DE VITRECTOMIA VALVULADO PARA SEGMENTO POSTERIOR 27GA DE 10000 CPM   UNIDAD,UNIDAD,I
914,ATROPINA SULFATO (SOLUCION OFTALMICA) 10 mg/mL (1 %) 5 mL SOLUCION,SOLUCION,M
11930,SONDA VESICAL 3 VIAS (TIPO FOLEY) N° 20   UNIDAD,UNIDAD,I
40600,GRAPADORA QUIRURGICA LINEAL CORTANTE PARA CIRUGIA ABIERTA 80 mm x 4.8 mm   UNIDAD,UNIDAD,I
30046,ASA DE POLIPECTOMIA HEXAGONAL DE 27 mm X 240 cm   UNIDAD,UNIDAD,I
24626,TUBO DE GASTROSTOMIA DE BOTON DE BAJO PERFIL Y DE REEMPLAZO Nº 20 X 1.2 mm   UNIDAD,UNIDAD,I
664,AMIODARONA CLORHIDRATO 200 mg  TABLETA,TABLETA,M
24749,INYECTOR DE ESCLEROTERAPIA DE 2.8 mm X 230 cm CON AGUJA Nº 23 G X 5 mm PARA GASTROSCOPIO   UNIDAD,UNIDAD,I
47805,SISTEMA DE TROCARES VALVULADOS CON LINEA DE INFUSION 25 G PARA EQUIPO DE FACOEMULSIFICACION Y VITRECTOMIA   UNIDAD,UNIDAD,I
22387,SULFATO DE ALUMINIO Y AMONIO  1 Kg UNIDAD,UNIDAD,I
38852,"SACUBITRILO / VALSARTAN 49 mg/ 51 mg (48,6 mg/51,4 mg)  TABLETA",TABLETA,M
25929,CARBOXIMALTOSA FERRICA 50 mg/mL 10 mL INYECTABLE,INYECTABLE,M
17011,SONDA DE ASPIRACION ENDOTRAQUEAL EN CIRCUITO CERRADO N° 10 F   UNIDAD,UNIDAD,I
31182,TORNILLO ESPONJOSO 6.5 mm X 80 mm   UNIDAD,UNIDAD,I
36796,MARCAPASO BICAMERAL PERMANENTE PARA PACIENTE CON PROTECCION PARA RESONANCIA MAGNETICA   UNIDAD,UNIDAD,I
38336,SET PARA NEFROSTOMIA PERCUTANEA 8 FR X 7 PIEZAS   SET,SET,I
40280,METILPARABENO USP x 1 kg   UNIDAD,UNIDAD,I
38406,HORMONA INSULINA  DET KIT,KIT,I
54350,CURETA PARA HUESO HEMINGWAY - 17 cm UNIDAD,UNIDAD,I
41649,BROCA 4.0 mm DE DIAMETRO X 255 mm   UNIDAD,UNIDAD,I
25916,TORNILLO CONVERGENTE 4 mm x 13 mm   UNIDAD,UNIDAD,I
31628,TORNILLO BICORTICAL DE TITANIO AUTORROSCANTE 2.0 mm X 12 mm   UNIDAD,UNIDAD,I
33076,ESPARADRAPO HIPOALERGENICO DE PAPEL 5 cm X 10 yd   UNIDAD,UNIDAD,I
21889,TUBO ENDOTRAQUEAL ANILLADO 8.5 mm CON GLOBO   UNIDAD,UNIDAD,I
19724,BAJALENGUA DE MADERA ADULTO X 500 UNIDADES   UNIDAD,UNIDAD,I
4071,INMUNOGLOBULINA HUMANA NORMAL 10 g/100 mL 50 mL INYECTABLE,INYECTABLE,M
18695,SUTURA SEDA NEGRA TRENZADA 4/0 C/A 3/8 CIRCULO CORTANTE 25 mm X 75 cm   UNIDAD,UNIDAD,I
10212,ALAMBRE QUIRURGICO 1.0 mm   UNIDAD,UNIDAD,I
25696,LENTE INTRAOCULAR DIOPTRIA 22.0 CAMARA POSTERIOR PLEGABLE 1 PIEZA   UNIDAD,UNIDAD,I
15709,CATETER TORAXICO RECTO Nº 28   UNIDAD,UNIDAD,I
22217,VASELINA SOLIDA  18 g UNIDAD,UNIDAD,I
15708,CATETER TORAXICO RECTO Nº 24   UNIDAD,UNIDAD,I
22323,DISCO DE SENSIBILIDAD DE CLINDAMICINA 2 ug 50 DISCOS UNIDAD,UNIDAD,I
22921,PARAMONOCLOROFENOL ALCANFORADO LIQUIDO  30 mL UNIDAD,UNIDAD,I
41610,KIT HEPATITIS B ANTICUERPOS CONTRA EL ANTIGENO DE SUPERFICIE QUIMIOLUMINISCENCIA  100 DET KIT,KIT,I
53297,BOBINA DESMONTABLE DE ANCLAJE PARA EMBOLIZACION PERIFERICA ESTERIL DE 14 mm x 60 cm   UNIDAD,UNIDAD,I
11174,GEL PARA ELECTROCARDIOGRAMA  250 mL UNIDAD,UNIDAD,I
54203,KIT DE TUBO CORRUGADO Y CANULA DESCARTABLE ADULTO PARA  TERAPIA RESPIRATORIA DE ALTO FLUJO  TALLA S UNIDAD,UNIDAD,I
45074,EFAVIRENZ + LAMIVUDINA + TENOFOVIR 400 mg + 300 mg + 300 mg  TABLETA,TABLETA,M
49144,ALCOHOL METILICO (METANOL) P.A. 99.9% X 2.5 L   UNIDAD,UNIDAD,I
34830,LIMAS TIPO HEDSTROEM SET DEL 15-40 (1era SERIE) DE 21 mm X 6   UNIDAD,UNIDAD,I
31353,DETERGENTE ENZIMATICO BACTERICIDA AUTOSOLUBLE  20 g POLVO,POLVO,I
41906,KIT DE DETECCION DE TUBERCULOSIS Y RESISTENCIA A RIFAMPICINA AUTOMATIZADO X 50 DETERMINACIONES  50 DET KIT,KIT,I
23840,APOSITO DE ALCOHOL POLIVINILICO BLANCO CON SUCCION AL VACIO X 10 cm x 7.5 cm x 1 cm   UNIDAD,UNIDAD,I
1344,BROMURO DE ROCURONIO 10 mg/mL 5 mL INYECTABLE,INYECTABLE,M
18958,OLIGOELEMENTOS  10 mL INYECTABLE,INYECTABLE,M
29150,GASA FRACCIONADA ESTERIL 10 cm X 10 cm DE 8 PLIEGUES X 10 UNI   UNIDAD,UNIDAD,I
21247,SUTURA NAILON NEGRO MONOFILAMENTO 10/0 C/DOBLE AGUJA 3/8 CIRCULO ESPATULADA 6.2 mm X 30 cm   UNIDAD,UNIDAD,I
24369,SUTURA ACIDO POLIGLACTIN 2/0 C/A 1/2 CIRCULO REDONDA 30 mm X 70 cm   UNIDAD,UNIDAD,I
47824,ANTICUERPO ANTI VIH AUTOMATIZADO  DETERMINACION UNIDAD,UNIDAD,I
25295,CANULA PARA TRAQUEOSTOMIA Nº 5 X 50 mm   UNIDAD,UNIDAD,I
12011,SUTURA CATGUT CROMICO 1 C/A 1/2 CIRCULO REDONDA 40 mm X 70 cm   UNIDAD,UNIDAD,I
15311,CAMPO QUIRURGICO AUTOADHESIVO DESCARTABLE 60 cm X 45 cm   UNIDAD,UNIDAD,I
42565,BRAZALETE DESCARTAB. PRESION ARTERIAL NO INVASIVA NEONATAL 5.8 cm - 10.9 cm P/MONITOR MULTIPARAMETRO  UNIDAD UNIDAD,UNIDAD,I
8059,DEFEROXAMINA MESILATO 500 mg  INYECTABLE,INYECTABLE,M
29884,ESPARADRAPO HIPOALERGENICO DE TELA 2.5 cm X 9.1 m   UNIDAD,UNIDAD,I
32676,FIBRINOGENO  1 DET KIT,KIT,I
25206,SUTURA SEDA NEGRA TRENZADA MULTIEMPAQUE 4/0 S/A 8 HEBRAS X 70 cm   UNIDAD,UNIDAD,I
40696,BALON DE SILICONA PARA HEMORRAGIA INTRAUTERINA POST PARTO x 500 mL   UNIDAD,UNIDAD,I
6108,TESTOSTERONA ENANTATO 250 mg/mL (Equiv. 180 mg Testosterona 1 mL INYECTABLE,INYECTABLE,M
1228,BICALUTAMIDA 150 mg  TABLETA,TABLETA,M
50599,FRESA PARA CRANEOTOMO DE ACERO PARA PERFORACION TIPO ESFERICA DE 4.5 MM   UNIDAD,UNIDAD,I
29296,TORNILLO CANULADO 4 mm X 30 mm   UNIDAD,UNIDAD,I
29351,CATETER BALON PARA VALVULOPLASTIA PULMONAR 7 mm x 2 cm DE 3 FR X 65 cm   UNIDAD,UNIDAD,I
30246,PROTESIS DE MANO COSMETICA IZQUIERDA PARA CABALLERO COLOR BEIGE   UNIDAD,UNIDAD,I
19701,ARTESUNATO 60 mg  INYECTABLE,INYECTABLE,M
34719,TORNILLO DE BLOQUEO 2.7 mm X 16 mm   UNIDAD,UNIDAD,I
10968,"ESPARADRAPO DE PLASTICO 3"" X 10 yd   UNIDAD",UNIDAD,I
12541,TORNILLO CORTICAL 3.5 mm X 22 mm   UNIDAD,UNIDAD,I
31987,LIMAS SET PARA ENDODONCIA Nº 06 DE 25 mm   UNIDAD,UNIDAD,I
23270,TORNILLO DE BLOQUEO 3.5 mm X 24 mm   UNIDAD,UNIDAD,I
32218,HISOPO VAGINAL DE ALGODON CON MANGO DE MADERA ESTERIL   UNIDAD,UNIDAD,I
16870,PIEDRA ARKANSAS PARA PULIR RESINA CILINDRICA   UNIDAD,UNIDAD,I
52500,CANNABIS SATIVA EXTRACTO ESTANDARIZADO CBD 5 % (50mg/mL) +/- 10 % THC < 1 % y > 0.100% (INSUMO)  1 L UNIDAD,UNIDAD,I
30635,SET DE MATERIAL INTRODUCTOR DE CATETER FEMORAL 6 FR X 11 cm   UNIDAD,UNIDAD,I
47667,PLACA DE BLOQUEO DE 02 AGUJEROS x 2.4 mm PARA RADIO DISTAL IZQUIERDO   UNIDAD,UNIDAD,I
43879,PROTECTOR FACIAL CONTRA LIQUIDOS DE EXAMENES MEDICOS   UNIDAD,UNIDAD,I
19037,SUTURA NAILON AZUL MONOFILAMENTO 0 C/A 1/2 CIRCULO REDONDA 35 mm X 75 cm   UNIDAD,UNIDAD,I
43748,ABACAVIR + LAMIVUDINA 120 mg + 60 mg  TABLETA,TABLETA,M
51572,PEPTIDO CICLICO CITRULINADO  DET UNIDAD,UNIDAD,I
32003,ESPARADRAPO ANTIALERGICO DE PLASTICO 2.5 cm X 4.5 m   UNIDAD,UNIDAD,I
26384,FLUOR GEL ACIDULADO 1.23% 500 mL UNIDAD,UNIDAD,I
12385,SUTURA SEDA NEGRA TRENZADA 0 S/A X 150 cm   UNIDAD,UNIDAD,I
48195,FORMULA ELEMENTAL ESPECIALIZADA CON GLUTAMINA Y ARGININA  27 g POLVO,POLVO,M
31455,TUBO DE VIDRIO 13 mm X 100 mm   UNIDAD,UNIDAD,I
27761,TUBO ENDOTRAQUEAL DESCARTABLE Nº 5.5 SIN BALON   UNIDAD,UNIDAD,I
34684,EMPAQUE TIPO TYVECK PARA ESTERILIZACION CON PEROXIDO DE HIDROGENO 30 cm X 100 m   UNIDAD,UNIDAD,I
28586,TORNILLO DE BLOQUEO 3.5 mm X 14 mm   UNIDAD,UNIDAD,I
46814,VASELINA LIQUIDA USP  1 L UNIDAD,UNIDAD,I
19126,SUTURA ACIDO POLIGLICOLICO 3/0 C/A 1/2 CIRCULO REDONDA  25 mm x 70 cm   UNIDAD,UNIDAD,I
45713,KIT PCR EN TIEMPO REAL PARA DETECCION Y RESISTENCIA A RIFAMPICINA DE MYCOBACTERIUM TUBERCULOSIS  X 10 DET UNIDAD,UNIDAD,I
24752,COMPARADOR DE CLORO TIPO DISCO   UNIDAD,UNIDAD,I
20775,SUTURA DE POLIPROPILENO 6/0 2C/A 3/8 CIRCULO REDONDA 13 mm x 75 cm   UNIDAD,UNIDAD,I
37189,CANULA ARTERIAL FEMORAL N° 19   UNIDAD,UNIDAD,I
47276,TORNILLO DE BLOQUEO 2.7 mm X 48 mm   UNIDAD,UNIDAD,I
3010,DOPAMINA CLORHIDRATO 40 mg/mL 5 mL INYECTABLE,INYECTABLE,M
10591,CLAVO KUNTSCHER 8 mm X 33 cm   UNIDAD,UNIDAD,I
22526,TUBO DE GASTROSTOMIA DE BOTON DE BAJO PERFIL Y DE REEMPLAZO Nº 20 X 1.5 mm   UNIDAD,UNIDAD,I
30390,HEPATITIS B ANTI CORE TOTAL ELISA  96 DET KIT,KIT,I
20556,VALVULA CARDIACA MITRAL MECANICA Nº 31   UNIDAD,UNIDAD,I
1776,CICLOFOSFAMIDA 1 g  INYECTABLE,INYECTABLE,M
40948,SISTEMA DE FIJACION INTERNA PARA LIGAMENTO PATELO FEMORAL MEDIAL   UNIDAD,UNIDAD,I
18597,CICLOSPORINA A 1 mg/ mL 5 mL SOLUCION,SOLUCION,M
24834,SUTURA DE POLIDIOXANONA 2/0 C/A 1/2 CIRCULO REDONDA 25 mm X 70 cm   UNIDAD,UNIDAD,I
21329,SUPLEMENTO NUTRICIONAL DE CRECIMIENTO  900 g POLVO,POLVO,M
54988,HIALURONATO DE SODIO (SOLUCION VISCOELASTICA INTRAOCULAR),UNIDAD,I
23700,MACROGOL 3350 (POLIETILENGLICOL 3350) COMBINACIONES  68.96 g POLVO,POLVO,M
21496,BUPIVACAINA (SIN PRESERVANTES) 5 mg/mL 4 mL INYECTABLE,INYECTABLE,M
23253,PINZA MOSQUITO RECTA 12 cm   UNIDAD,UNIDAD,I
28541,BOLSA COLECTORA PARA CONTROL DE DIURESIS X 2 L   UNIDAD,UNIDAD,I
28280,SET DE CLAVO ENDOMEDULAR DE ACERO QUIRURGICO BLOQUEADO PARA FEMUR X 5 PIEZAS   UNIDAD,UNIDAD,I
38600,MEDIA DE COMPRESION MUSLO TALLA L   PAR,PAR,I
35252,"GUIA HIDROFILICA RECTA FLEXIBLE DESCARTABLE 0.035"" X 4.60 mm   UNIDAD",UNIDAD,I
25308,HIDROGEL DE POLIMERO MODIFICADO DE CARBOXIMETIL CELULOSA  25 g UNIDAD,UNIDAD,I
53647,CANULA ENDOLUMINAL (STENT) CORONARIA DE METAL MEDICADA 4.0 mm X 16 mm   UNIDAD,UNIDAD,I
6039,TAMSULOSINA CLORHIDRATO 400 µg (0.4 mg)  TABLETA,TABLETA,M
10197,ALAMBRE KIRSCHNER 1.8 mm X 300 mm   UNIDAD,UNIDAD,I
15217,ANTIGENO PARATIFICO A  5 mL SOLUCION,SOLUCION,I
44226,IVERMECTINA 6 mg/mL 10 mL SOLUCION,SOLUCION,M
12224,SUTURA NAILON AZUL MONOFILAMENTO 4/0 C/A 3/8 CIRCULO CORTANTE 15 mm X 75 cm	   UNIDAD,UNIDAD,I
33684,TORNILLO DE TITANIO PARA REDUCCION DE CIERRE 5.5 mm X 40 mm   UNIDAD,UNIDAD,I
27547,AGUJA DE BLOQUEO NERVIOSO PERIFERICO DESCARTABLE 22 G X 5 cm   UNIDAD,UNIDAD,I
33813,REACTIVO THEVENON  100 mL KIT,KIT,I
24722,EQUIPO DE TRANSFUSION DE SANGRE CON FILTRO   UNIDAD,UNIDAD,I
16604,HOJA DE BISTURI DESCARTABLE Nº 23   UNIDAD,UNIDAD,I
50401,APOSITO DE ESPUMA (POLIURETANO) CON HIDROFIBRA (CARBOXIMETILCELULOSA SODICA) Y ADHESIVO DE SILICONA ESTERIL 5 CAPAS  15 cm x 15 cm UNIDAD,UNIDAD,I
29743,ANTICUERPO HEPATITIS C  DET KIT,KIT,I
40793,PLACA DCP 3.5 mm 7 AGUJEROS   UNIDAD,UNIDAD,I
49130,PRUEBA RAPIDA CUALITATIVA DEL ANTIGENO LAM METODOLOGIA INMUNOENSAYO CROMATOGRAFICO EN ORINA  5 DETERMINACIONES UNIDAD,UNIDAD,I
12544,TORNILLO CORTICAL 3.5 mm X 28 mm   UNIDAD,UNIDAD,I
18887,AMINOACIDOS PARA INSUFICIENCIA RENAL  500 mL INYECTABLE,INYECTABLE,M
29543,CANULA ENDOLUMINAL (STENT) CORONARIA DE METAL MEDICADA 3.5 mm X 12 mm   UNIDAD,UNIDAD,I
33305,KIT DE ROPA DESCARTABLE PARA PARTO X 12 PIEZAS   KIT,KIT,I
24366,TORNILLO CANULADO 7 mm X 70 mm   UNIDAD,UNIDAD,I
30407,COLECTOR DE SECRECION BRONQUIAL-SPECIMEN-TRAP 70 mL   UNIDAD,UNIDAD,I
34878,PASTA CONDUCTIVA DE ELECTROENCEFALOGRAMA X 400 g   UNIDAD,UNIDAD,I
32864,PAPEL TERMICO PARA ECOGRAFIA DE ALTA DENSIDAD 110 mm X 18 m	   UNIDAD,UNIDAD,I
24951,BALON PARA ANGIOPLASTIA CORONARIA DESCARTABLE 2.0 mm X 20 mm   UNIDAD,UNIDAD,I
23721,PLACA DE RECONSTRUCCION ANGULADA IZQUIERDA 6 cm X 18 cm   UNIDAD,UNIDAD,I
33894,HILO MARCAPASO 26 mm X 60 mm   UNIDAD,UNIDAD,I
16865,PEROXIDO DE HIDROGENO (AGUA OXIGENADA 10 V) 3% 500 mL SOLUCION,SOLUCION,M
45798,PAPEL TERMICO DE IMPRESION PARA ESTERILIZADOR  113 mm X 60 m UNIDAD,UNIDAD,I
19493,MANDILON DESCARTABLE TALLA S   UNIDAD,UNIDAD,I
22371,RETRACTOR DE HERIDA DESCARTABLE FLEXIBLE 2.5 cm A 6 cm TALLA S   UNIDAD,UNIDAD,I
34596,CATETER GUIA PARA EMBOLIZACION 5 FR X 95 cm   UNIDAD,UNIDAD,I
4184,ITRACONAZOL 100 mg  TABLETA,TABLETA,M
25506,INJERTO OSEO ESPONJOSO 30 mL   UNIDAD,UNIDAD,I
38183,TORNILLO TRANSPEDICULAR POLIAXIAL 4.75 mm X 30 mm   UNIDAD,UNIDAD,I
28488,CATETER URETERAL DOBLE J 4 FR X 20 cm   UNIDAD,UNIDAD,I
26415,N ACETIL - L - CISTEINA Q.P.  100 g SOLUCION,SOLUCION,I
32583,RESINA FOTOCURABLE X 4 g   KIT,KIT,I
30419,SUSPENSOR DE POLICLOROPRENO PARA PROTESIS TRANSFEMORAL   UNIDAD,UNIDAD,I
54114,SUERO MULTI CONTROL NORMAL - X 5 mL UNIDAD,UNIDAD,I
1744,CETIRIZINA 10 mg  TABLETA,TABLETA,M
21082,TORNILLO DE TITANIO PARA FIJACION INTERMAXILAR DE 9.0 mm X 2.0 mm   UNIDAD,UNIDAD,I
42371,CANASTILLA DE RECUPERACION DE 4 ALAMBRES DE 1.3 FR X 120 cm X 16 mm  UNIDAD UNIDAD,UNIDAD,I
42472,PLACA DE BLOQUEO PARA FIBULA DISTAL DE 9 AGUJEROS X 155 mm  UNIDAD UNIDAD,UNIDAD,I
1560,CARBOPLATINO 10 mg/mL 45 mL INYECTABLE,INYECTABLE,M
10338,BENCINA  1 L SOLUCION,SOLUCION,I
2434,SOLUCIONES PARA NUTRICION PARENTERAL  250 mL INYECTABLE,INYECTABLE,M
10232,ALCOHOL ETILICO (ETANOL) 96° 4 L SOLUCION,SOLUCION,I
29548,AGUJA KIRSCHNER 1.6 mm DE DIAMETRO X 150 mm DE LARGO   UNIDAD,UNIDAD,I
1557,CARBOMERO 200 mg/100 g 10 g GEL,GEL,M
51913,MARCADOR METALICO DE MAMA RECUBIERTO DE CARBON PIROLITICO DE 13 ga X 117.7 mm   UNIDAD,UNIDAD,I
30888,SUTURA DE POLIPROPILENO AZUL MONOFILAMENTO 5/0 C/DOBLE AGUJA 1/2 CIRCULO REDONDA 17 mm X 90 cm   UNIDAD,UNIDAD,I
35962,CLIP DE ANEURISMA SEMICURVO 8.0 mm PERMANENTE   UNIDAD,UNIDAD,I
40137,RIBOFLAVINA SOLUCION ISOTONICA 0.22 % (CON CLORURO DE SODIO)  1 mL INYECTABLE,INYECTABLE,M
24686,CIRCUITO COAXIAL DESCARTABLE ADULTO CON BOLSA DE 3 L Y LINEA DE CO2   UNIDAD,UNIDAD,I
11340,JABON LIQUIDO  1 L SOLUCION,SOLUCION,I
22572,MASCARA LARINGEA TIPO SUPREME DESCARTABLE Nº 3   UNIDAD,UNIDAD,I
20779,TORNILLO CORTICAL 4.0 mm X 16 mm   UNIDAD,UNIDAD,I
44025,ANTICUERPO MONOCLONAL Ki67 PARA INMUNOHISTOQUIMICA  X 6 mL UNIDAD,UNIDAD,I
27671,PLACA LCP DE 5 AGUJEROS X 2.7 mm/3.5 mm PARA HUMERO DISTAL MEDIAL   UNIDAD,UNIDAD,I
23071,TORNILLO DE BLOQUEO 3.5 mm X 38 mm   UNIDAD,UNIDAD,I
12600,TORNILLO ESPONJOSO 4.0 mm X 24 mm   UNIDAD,UNIDAD,I
11048,FORMOCRESOL LIQUIDO (USO DENTAL)  10 mL SOLUCION,SOLUCION,I
35115,FRESA QUIRURGICA REDONDA DE TALLO LARGO   UNIDAD,UNIDAD,I
29145,FORMULA POLIMERICA PARA PACIENTE CON INSUFICIENCIA HEPATICA  110 g POLVO,POLVO,M
2542,DACARBAZINA 200 mg  INYECTABLE,INYECTABLE,M
27012,NILOTINIB 200 mg  TABLETA,TABLETA,M
42900,TORNILLO CORTICAL 3.5 mm X 54 mm   UNIDAD,UNIDAD,I
21755,OLOPATADINA (SOLUCION OFTALMICA) 2 mg/mL 5 mL SOLUCION,SOLUCION,M
55392,PRUEBA RAPIDA CUALITATIVA PARA DETECCION DEL ANTIGENO LAM POR INMUNOENSAYO CROMATOGRAFICO EN ORINA - X 25 DETERMINACIONES UNIDAD,UNIDAD,I
27260,HEPATITIS B ANTIGENO DE SUPERFICIE METODO QUIMIOLUMINISCENCIA  1 DET KIT,KIT,I
18781,LENTE INTRAOCULAR DIOPTRIA 20.0 CAMARA POSTERIOR NO PLEGABLE 3 PIEZAS   UNIDAD,UNIDAD,I
39909,CATETER GUIA PARA ANGIOPLASTIA XB 6 FR 3.5 ASA   UNIDAD,UNIDAD,I
34115,SISTEMA DE PLACA DE BLOQUEO DE RADIO DISTAL DE ANGULO VARIABLE 2.4 mm DE 7 AGUJEROS   UNIDAD,UNIDAD,I
26356,ACICLOVIR (COMO SAL SODICA) 250 mg  INYECTABLE,INYECTABLE,M
21631,REACTIVO DE GLUCOSA ENZIMATICA AUTOMATIZADA  1 DET UNIDAD,UNIDAD,I
24343,DOSAJE DE TIEMPO DE TROMBOPLASTINA PARCIAL ACTIVADO  1 DET KIT,KIT,I
16310,ELECTRODO DISCO AUTOADHESIVO DESCARTABLE PARA ECG ADULTO   UNIDAD,UNIDAD,I
19980,DISCO DE SENSIBILIDAD DE ACIDO PIPEMIDICO 20 µg 50 DISCOS UNIDAD,UNIDAD,I
46869,PUNTERA (TIPS) PARA MICROPIPETA 100 uL - 1000 uL  UNIDAD,UNIDAD,I
19039,BOLSA DE ASPIRACION DE SECRECIONES X 3 L   UNIDAD,UNIDAD,I
20263,MINIPLACA DE TITANIO RECTA 6 ORIFICIOS X 1.5 mm   UNIDAD,UNIDAD,I
28247,METILFENIDATO CLORHIDRATO (TABLETA LIBERACION MODIFICADA) 20 mg  TABLETA,TABLETA,M
8046,CODEINA 15 mg/5 mL 60 mL JARABE,JARABE,M
42115,PLACA DE COMPRESION Y BLOQUEO ESTRECHA DE LCP DE 12 AGUJEROS X 2.0 mm   UNIDAD,UNIDAD,I
54852,ASA DE POLIPECTOMIA OVALADA DESCARTABLE - 10 mm X 240 cm UNIDAD,UNIDAD,I
30261,CATETER VENOSO CENTRAL TRIPLE LUMEN 5 FR X 13 cm   UNIDAD,UNIDAD,I
44488,SET DE DRENAJE PERCUTANEO 12 FR CON LINEA DE EXTENSION PIG TAIL   UNIDAD,UNIDAD,I
35374,BLEFAROSTATO BARRAQUER INFANTE PREMATURO   UNIDAD,UNIDAD,I
34249,LIGA CLIPS DE TITANIO TALLA L PARA LAPAROSCOPIA X 6 UNIDADES	   UNIDAD,UNIDAD,I
50163,IONOMERO DE VIDRIO FOTOCURABLE PARA BASE (PASTA) 2.5 g + 3 JERINGA   UNIDAD,UNIDAD,I
15952,CLAVO STEINMAN PUNTA TRIANGULAR 4.0 mm X 300 mm   UNIDAD,UNIDAD,I
28095,RETRACTOR DE HERIDAS RIGIDO DESCARTABLE TALLA S   UNIDAD,UNIDAD,I
27632,CARBON ACTIVADO  500 g POLVO,POLVO,I
21007,SUTURA SEDA NEGRA TRENZADA MULTIEMPAQUE 3/0 S/A 8 mm X 50 cm   UNIDAD,UNIDAD,I
33176,CREATINA QUINASA CK-MB CINETICA AUTOMATIZADA  1 DET KIT,KIT,I
36813,PLACA EN T 3.0 mm PARA RADIO DISTAL X 5 AGUJEROS   UNIDAD,UNIDAD,I
29235,TRANSAMINASA GLUTAMICA OXALACETICA (TGO) CINETICA  100 DET KIT,KIT,I
42627,FRESA DE DIAMANTE DE ALTA VELOCIDAD TRONCO CONICA EXTRA LARGA  BLISTER X 1 UND UNIDAD,UNIDAD,I
21008,SUTURA SEDA NEGRA TRENZADA MULTIEMPAQUE 4/0 S/A 8 mm X 50 cm   UNIDAD,UNIDAD,I
10751,COLORANTE WRIGHT X 250 mL  250 mL SOLUCION,SOLUCION,I
25082,CANULA VENOSA ANGULADA Nº 14   UNIDAD,UNIDAD,I
12545,TORNILLO CORTICAL 3.5 mm X 30 mm   UNIDAD,UNIDAD,I
50901,FACTOR VIII + FACTOR DE VON WILLEBRAND 500 UI + 500 UI INY   INYECTABLE,INYECTABLE,M
41633,APOSITO DE HIDROFIBRA CON PLATA IONICA 1.2 % + ACIDO ETILENEDIAMINETETRA ACETICO (EDTA) + CLORURO DE BENZETONIO (Be  15 cm X 15 cm UNIDAD,UNIDAD,I
29503,CABEZA FEMORAL PROCESADA SIN CARTILAGO 40 mm   UNIDAD,UNIDAD,I
36013,EMPAQUE TIPO TYVECK PARA ESTERILIZACION CON PEROXIDO DE HIDROGENO 35 cm X 100 m   UNIDAD,UNIDAD,I
41695,"LANCETA DESCARTABLE RETRACTIL 23 G GRADUABLE X 1.3 mm, 1.8 mm , 2.3 mm X 200   UNIDAD",UNIDAD,I
29638,FILTRO ANTIBACTERIANO RESPIRATORIO PARA EQUIPO DE ANESTESIA   UNIDAD,UNIDAD,I
26859,"RECARGA PARA GRAPADORA QUIRuRGICA LINEAL CORTANTE (3 mm, 3.5 mm Y 4 mm) X 60 mm PARA LAPAROSCOPIA   UNIDAD",UNIDAD,I
52803,APIXABAN 5 mg  TABLETA,TABLETA,M
51289,PRUEBA CUANTITATIVA POR INMUNOFLUORESCENCIA SECA  PARA HORMONA TIROXINA (T4) LIBRE X 25 DET   UNIDAD,UNIDAD,I
40646,KIT AGENTE HEMOSTATICO ABSORBIBLE DE GELATINA PORCINA   UNIDAD,UNIDAD,I
54896,TREPANO CORNEAL DONANTE SIN VACIO DESCARTABLE - X 7.50 mm UNIDAD,UNIDAD,I
45019,SUPLEMENTO NUTRICIONAL CON OMEGA 3  237 mL UNIDAD,UNIDAD,M
18168,SUTURA NAILON AZUL MONOFILAMENTO 3/0 C/A 3/8 CIRCULO CORTANTE 15 mm X 70 cm   UNIDAD,UNIDAD,I
37648,BROCA DE 1.2 mm DE DIAMETRO X 5 mm   UNIDAD,UNIDAD,I
19307,SUERO CONTROL PATOLOGICO  5 mL SOLUCION,SOLUCION,I
28296,CINTA MATRIZ CELULOIDE X 100   UNIDAD,UNIDAD,I
37401,ANTICUERPO ANTITIROIDEO ANTITIROGLOBULINA METODO AUTOMATIZADO  1 DET KIT,KIT,I
12399,SUTURA SEDA NEGRA TRENZADA 1 C/A 1/2 CIRCULO REDONDA 35 mm X 75 cm   UNIDAD,UNIDAD,I
37085,SENSOR ADULTO (>40 kg) DE OXIMETRIA REGIONAL CEREBRAL/SOMATICA PARA MONITOR DE ACTIVIDAD CEREBRAL   UNIDAD,UNIDAD,I
42742,CATETER BALON DILATADOR DE NEFROSTOMIA 10 mm X 12 cm X 55 cm   UNIDAD,UNIDAD,I
34942,ANOSCOPIO DESCARTABLE ADULTO   UNIDAD,UNIDAD,I
19481,"PELICULA RADIOGRAFICA SENSIBLE AL VERDE 8"" x 10"" x 100   UNIDAD",UNIDAD,I
25091,SUTURA ACIDO POLIGLACTIN 1 C/A 1/2 CIRCULO REDONDA 30 mm X 70 cm   UNIDAD,UNIDAD,I
18798,LENTE INTRAOCULAR DIOPTRIA +28.5 CAMARA POSTERIOR NO PLEGABLE 3 PIEZAS   UNIDAD,UNIDAD,I
22334,DISCO DE SENSIBILIDAD DE POLIMIXINA B 300 UI 50 DISCOS UNIDAD,UNIDAD,I
35371,SUTURA DE POLIPROPILENO AZUL MONOFILAMENTO 7/0 C/DOBLE AGUJA 3/8 CIRCULO REDONDA 13 mm X 60 cm   UNIDAD,UNIDAD,I
32283,BATA DESCARTABLE PARA PACIENTE TALLA L   UNIDAD,UNIDAD,I
37157,SUTURA NAILON NEGRO MONOFILAMENTO 4/0 C/A 1/2 CIRCULO CORTANTE 16 mm X 45 cm	   UNIDAD,UNIDAD,I
37051,CANULA DE ASPIRACION MANUAL ENDOUTERINA DESCARTABLE 4 mm   UNIDAD,UNIDAD,I
37053,CANULA DE ASPIRACION MANUAL ENDOUTERINA DESCARTABLE 6 mm   UNIDAD,UNIDAD,I
30916,INMUNOGLOBULINA ANTITIMOCITO HUMANO ORIGEN CONEJO 25 mg  INYECTABLE,INYECTABLE,M
38289,PIZETA DE POLIETILENO 250 mL   UNIDAD,UNIDAD,I
24683,TORNILLO CORTICAL 3.5 mm X 35 mm   UNIDAD,UNIDAD,I
39519,SET DE TUBULADURAS ADULTO X 4 PIEZAS   SET,SET,I
53376,MASCARA PARA TRAQUEOSTOMIA DESCARTABLE ADULTO   UNIDAD,UNIDAD,I
52321,HOJA DE SIERRA 33.5 X 6.4/2.9 X 0.6 mm PARA SIERRA RECIPROCA   UNIDAD,UNIDAD,I
24133,CATETER BALON INTRAORTICO 7.5 FR   UNIDAD,UNIDAD,I
45129,VIGABATRINA  500 mg TABLETA,TABLETA,M
31092,ALBUMINA COLORIMETRICA  1 DET KIT,KIT,I
16224,"COTON (RAYON) 1/2"" X 1""   UNIDAD",UNIDAD,I
15219,ANTIGENO TIFICO H  5 mL SOLUCION,SOLUCION,I
38475,PLACA LCP RECTA 8 AGUJEROS x 4.5 mm   UNIDAD,UNIDAD,I
53937,CANULA PARA TRAQUEOSTOMIA EXTRA LARGA FENESTRADA CON BALON  N░8 UNIDAD,UNIDAD,I
36838,SONDA NASOGASTRICA DE SILICONA Nº 4   UNIDAD,UNIDAD,I
18729,IMPLANTE RETINAL ESTERIL Nº 240   UNIDAD,UNIDAD,I
18068,PARACETAMOL + TRAMADOL CLORHIDRATO 325 mg + 37.5 mg  TABLETA,TABLETA,M
5172,OSELTAMIVIR 75 mg  TABLETA,TABLETA,M
26392,PROTESIS PARCIAL THOMPSON Nº 43   UNIDAD,UNIDAD,I
40081,CATETER DE DIAGNOSTICO CUADRUPOLAR 6 FR x 115 cm   UNIDAD,UNIDAD,I
29633,CATETER VENOSO CENTRAL TRIPLE LUMEN 7 FR X 20 cm   UNIDAD,UNIDAD,I
31021,ACIDO URICO  250 DET KIT,KIT,I
38526,CAMPO QUIRURGICO DESCARTABLE 60 cm x 80 cm FENESTRADO   UNIDAD,UNIDAD,I
28687,MANDIL DESCARTABLE ESTERIL TALLA M   UNIDAD,UNIDAD,I
24924,PLACA DE PACIENTE CON ADHESIVO HIDROGEL CON CORDON TIPO PEDIATRICO   UNIDAD,UNIDAD,I
30488,SACCHAROMYCES BOULARDII 250 mg  TABLETA,TABLETA,M
25954,CANULA PARA GAS ARGON PARA GASTROSCOPIA   UNIDAD,UNIDAD,I
28783,"TUBO DE SUCCION CON CONECTORES 9/32"" X 2.5 m   UNIDAD",UNIDAD,I
46734,PLACA AGAR SANGRE CARNERO BASE SOYA TRIPTONA 15 MM X 90 MM X 10   UNIDAD,UNIDAD,I
38389,SISTEMA DE PLACA DE BLOQUEO DE RADIO DISTAL DE ANGULO VARIABLE 2.4 mm DE 9 AGUJEROS   UNIDAD,UNIDAD,I
25530,SUTURA DE POLIDIOXANONA 5/0 C/A 1/2 CIRCULO REDONDA 15 mm X 70 cm   UNIDAD,UNIDAD,I
32211,ANTISUERO ANTI SHIGUELLA GRUPO D  3 mL SOLUCION,SOLUCION,I
25000,SUTURA ACIDO POLIGLACTIN 4/0 C/A 1/2 CIRCULO REDONDA 22 mm X 70 cm   UNIDAD,UNIDAD,I
11921,SONDA VESICAL TIPO FOLEY 2 VIAS DESCARTABLE Nº 12   UNIDAD,UNIDAD,I
29338,OVEROL IMPERMEABLE DESCARTABLE CON CAPUCHA Y BOTAS TALLA L   UNIDAD,UNIDAD,I
47900,"FORMULA DE NUTRICION ENTERAL POLIMERICA CON FIBRA PREBIOTICA(INULINA) TRIGLICERIDOS DE CADENA MEDIA, EPA/DHA ADULTO  500 mL SOLUCION",SOLUCION,M
25040,MELFALAN (COMO CLORHIDRATO) 50 mg  INYECTABLE,INYECTABLE,M
25302,APOSITO HIDROCELULAR DE POLIURETANO ADHESIVO ESTERIL 12.5 cm X 12.5 cm   UNIDAD,UNIDAD,I
16541,GLICERINA P.A.  1 L SOLUCION,SOLUCION,I
49113,JUEGO DE CANULAS DE ASPIRACION MANUAL ENDOUTERINA DESCARTABLE X 36 PIEZAS   UNIDAD,UNIDAD,I
33833,STENT METALICO CORONARIO DE 3.5 mm X 10 mm   UNIDAD,UNIDAD,I
47626,ARTICULACION DE RODILLA MODULAR POLICENTRICA DE ACERO   UNIDAD,UNIDAD,I
43269,CEFTAZIDIMA + AVIBACTAM  2g +0.5 g  INY 2g +0.5 g  INYECTABLE,INYECTABLE,M
46721,HORMONA PARATIROIDEA  DETERMINACION UNIDAD,UNIDAD,I
39917,SET DE TRAQUEOSTOMIA PERCUTANEA N°8 X 15 PIEZAS   UNIDAD,UNIDAD,I
42286,GUIA METALICA HIDROFILICA PUNTA ANGULADA 0.035 in X 2.60 m   UNIDAD,UNIDAD,I
31601,FOSFATASA ALCALINA  1 DET KIT,KIT,I
25865,TORNILLO DE BLOQUEO 3.5 mm X 22 mm   UNIDAD,UNIDAD,I
34750,CATETER GUIA PARA ANGIOPLASTIA JR 6 FR 3.5 ASA   UNIDAD,UNIDAD,I
12573,TORNILLO CORTICAL 4.5 mm X 50 mm   UNIDAD,UNIDAD,I
36825,"PELICULA RADIOGRAFICA DIGITAL 14"" X 17"" X 125   UNIDAD",UNIDAD,I
28777,MICROCUBETA DESCARTABLE PARA HEMOGLOBINOMETRO PORTATIL   UNIDAD,UNIDAD,I
24093,KIT DE AFERESIS PARA OBTENCION DE PLAQUETAS   KIT,KIT,I
27341,FORMULA POLIMERICA PARA PACIENTE CON  ENFERMEDAD PULMONAR  237 mL SUSPENSION,SUSPENSION,M
42877,CAJA INTEROSOMATICA LUMBAR 7 mm X 10 mm X 26 mm  UNIDAD UNIDAD,UNIDAD,I
28560,ADHESIVO DENTAL X 6 mL   UNIDAD,UNIDAD,I
41712,SISTEMA DE PLACA DE BLOQUEO DE 2.7/3.5 mm PARA HUMERO DISTAL   UNIDAD,UNIDAD,I
37758,CANULA PARA TRAQUEOSTOMIA Nº 6 X 54 mm   UNIDAD,UNIDAD,I
31545,PLACA DE BLOQUEO DE HUMERO PROXIMAL 7 AGUJEROS X 150 mm   UNIDAD,UNIDAD,I
20121,PROTESIS DE RODILLA   UNIDAD,UNIDAD,I
27828,TOXINA BOTULINICA TIPO A 50 U  INYECTABLE,INYECTABLE,M
39726,PLACA DE BLOQUEO DE HUMERO PROXIMAL 12 AGUJEROS x 3.5 mm   UNIDAD,UNIDAD,I
27160,ALFA FETOPROTEINA (AFP)  100 DET KIT,KIT,I
22851,LIDOCAINA CLORHIDRATO + EPINEFRINA SIN PRESERVANTE 20 mg + 5 µg/mL 20 mL INYECTABLE,INYECTABLE,M
666,AMISULPRIDA 200 mg  TABLETA,TABLETA,M
11235,ESPONJA HEMOSTATICA DE COLAGENO 10 cm X 12 cm   UNIDAD,UNIDAD,I
33014,TORNILLO DE BLOQUEO 3.9 mm X 45 mm   UNIDAD,UNIDAD,I
46844,SUTURA DE POLIETILENO MONOFILAMENTO 2 C/A 1/2 CIRCULO REDONDA 26 mm X 90 cm   UNIDAD,UNIDAD,I
43296,PINZA CLIPADORA 16 mm X 230 cm   UNIDAD,UNIDAD,I
35258,GUANTE DE JEBE DE USO DOMESTICO TALLA L   PAR,PAR,I
40095,GUIA METALICA RIGIDA PUNTA J 0.035 in X 1.80 m   UNIDAD,UNIDAD,I
51702,KIT PARA RECOLECTAR MUESTRA VAGINAL/ENDOCERVICAL   UNIDAD,UNIDAD,I
5700,RITUXIMAB 100 mg/10 mL 10 mL INYECTABLE,INYECTABLE,M
38649,FRESA QUIRURGICA REDONDA DE 8 CANALES DE 8.0 mm DIAMETRO CARBURADA   UNIDAD,UNIDAD,I
31466,CATETER URETERAL DOBLE J 4.7 FR X 20 cm   UNIDAD,UNIDAD,I
24456,LUBRICANTE HIDROSOLUBLE EN SPRAY  300 mL SOLUCION,SOLUCION,I
36571,SULFATO DE ZINC HEPTAHIDRATADO P.A.  1 Kg UNIDAD,UNIDAD,I
50143,SUPLEMENTO NUTRICIONAL A BASE DE LIPIDOS PARA NIÑOS  50 g UNIDAD,UNIDAD,M
25309,PUNZON DE TRANSFERENCIA PARA LIQUIDOS ESTERILES   UNIDAD,UNIDAD,I
50047,PLASTILINA PARA SELLADO DE HEMATOCRITO   UNIDAD,UNIDAD,I
26633,APOSITO TRANSPARENTE CON BORDE REFORZADO 5.0 cm X 5.7 cm   UNIDAD,UNIDAD,I
22545,GRAPADORA QUIRURGICA LINEAL CORTANTE PARA CIRUGIA ABIERTA 55 mm PARA TEJIDO GRUESO   UNIDAD,UNIDAD,I
27383,TORNILLO CORTICAL DE TITANIO AUTORROSCANTE 3.5 mm X 36 mm   UNIDAD,UNIDAD,I
44835,KIT DE CINTA MATRIZ METALICA PREFORMADA X 100 + 2 ANILLOS METALICOS   UNIDAD,UNIDAD,I
25378,SET DE TRAQUEOSTOMIA PERCUTANEA Nº 7 X 15 PIEZAS   UNIDAD,UNIDAD,I
19469,OCLUSOR PERCUTANEO DEL DUCTUS ARTERIOSO PERSISTENTE 8 mm x 10 mm   UNIDAD,UNIDAD,I
23823,SUTURA DE POLIESTER TRENZADO VERDE 5/0 C/2A 1/4 CIRCULO ESPATULADA 8 mm X 45 cm   UNIDAD,UNIDAD,I
40538,PINZA DE BIOPSIA PARA GASTROSCOPIA CON AGUJA X 160 cm DE LONGITUD   UNIDAD,UNIDAD,I
18605,ERTAPENEM SODICO 1 g  INYECTABLE,INYECTABLE,M
43814,TERMOMETRO INFRARROJO CLINICO SIN CONTACTO   UNIDAD,UNIDAD,I
26459,NITRATO DE PLATA Q.P.  100 g UNIDAD,UNIDAD,I
31065,COMPRESA GASA QUIRURGICA CON ASA RADIOPACA ESTERIL 15 cm X 50 cm X 5   UNIDAD,UNIDAD,I
27482,PLACA EN MALLA ESFERICA ESTANDAR DE 100 mm X 100 mm X 0.6 mm x R 130 mm   UNIDAD,UNIDAD,I
22612,RECARGA PARA GRAPADORA QUIRURGICA LINEAL CORTANTE DE 55 mm   UNIDAD,UNIDAD,I
28021,TORNILLO DE BLOQUEO 2.4 mm X 14 mm   UNIDAD,UNIDAD,I
639,AMINOACIDOS 10 % 500 mL INYECTABLE,INYECTABLE,M
43313,STENT AUTOEXPANDIBLE TOTALMENTE RECUBIERTO 6 mm x 100 mm   UNIDAD,UNIDAD,I
29722,KIT PARA PRUEBA DE AJUSTE DE RESPIRADORES X 5 PIEZAS   KIT,KIT,I
25016,MASCARA DE ANESTESIA DESCARTABLE Nº 3   UNIDAD,UNIDAD,I
33903,CATETER VENOSO CENTRAL DOBLE LUMEN CURVADO 12 FR X 15 cm   UNIDAD,UNIDAD,I
28433,LINEA + JERINGA DESCARTABLE DE 50 mL PARA BOMBA PERFUSORA   UNIDAD,UNIDAD,I
28951,CLAVO KIRSCHNER 2.0 mm x 300 mm   UNIDAD,UNIDAD,I
19429,GLUCOSA ENZIMATICA  250 DET KIT,KIT,I
24841,CLAVO SCHANZ ROSCA DISTAL 5.0 mm X 250 mm   UNIDAD,UNIDAD,I
26876,IMPLANTE ABSORBIBLE DE NERVIOS PERIFERICOS 6 mm X 2 cm   UNIDAD,UNIDAD,I
26689,"ESPONJA NEUROQUIRURGICA 1/2"" X 1/2"" X 10 UNIDADES   UNIDAD",UNIDAD,I
19466,GELATINA SUCCINALADA 3.5 g/100 mL 500 mL INYECTABLE,INYECTABLE,M
25006,CIRCUITO DE ANESTESIA COAXIAL CON BOLSA Y FILTRO   UNIDAD,UNIDAD,I
46623,SISTEMA DE REPARACION DE MENISCO PRECARGADA CON AGUJA DE  0°   UNIDAD,UNIDAD,I
23950,POSACONAZOL 200 mg/5 mL 105 mL SUSPENSION,SUSPENSION,M
19254,SONDA DE GASTROSTOMIA Nº 14 F   UNIDAD,UNIDAD,I
35297,CIRCUITO DE PRESION POSITIVA CONTINUA (CPAP) NASAL N° 9   UNIDAD,UNIDAD,I
31082,ARTESUNATO + MEFLOQUINA 25 mg + 50 mg  TABLETA,TABLETA,M
29158,PUNTA DESCARTABLE 14 mm PARA TIJERA METZEMBAUM   UNIDAD,UNIDAD,I
36732,CATETER VASCULAR COBRA TIPO C2 5FR X 100 cm   UNIDAD,UNIDAD,I
32962,CATETER VENOSO CENTRAL TRIPLE LUMEN 4 FR X 8 cm   UNIDAD,UNIDAD,I
34999,INSULINA DEGLUDEC 100 U/ mL 3 mL INYECTABLE,INYECTABLE,M
52166,MOMETASONA FUROATO USP  100 g UNIDAD,UNIDAD,I
26665,MINI PUNZON PARA MEZCLAS INTRAVENOSAS CON FILTRO DE AIRE DE 0.45 µm Y FILTRO DE PARTICULAS DE 5 µm   UNIDAD,UNIDAD,I
51287,FRASCO DE PLASTICO BOCA ANCHA X 30 ML CON TAPA ROSCA   UNIDAD,UNIDAD,I
31125,PRUEBA RAPIDA PARA HEPATITIS B HBeAg/HBsAg  30 DET KIT,KIT,I
21118,MANGA MIXTA PAPEL Y PLASTICO PARA ESTERILIZACION SIN FUELLE 15 cm X 200 m   UNIDAD,UNIDAD,I
40541,FILTRO PARA HEMODIALISIS DE 1.8 m2 - 1.9 m2   UNIDAD,UNIDAD,I
27256,HORMONA FOLICULO ESTIMULANTE (FSH) - AUTOMATIZADA  1 DET KIT,KIT,I
29552,"KIT DE CONTROLES HEMATOLOGICOS (BAJO, NORMAL Y ALTO) 3 FRASCOS X 2 mL   KIT",KIT,I
40825,AZUL DE TRIPAN 600 µg/mL 1 mL SOLUCION,SOLUCION,I
12559,TORNILLO CORTICAL 4.5 mm X 24 mm   UNIDAD,UNIDAD,I
32837,ALCOHOL ETILICO (ETANOL) ABSOLUTO Q.P.  25 L SOLUCION,SOLUCION,I
25065,AZACITIDINA 100 mg  INYECTABLE,INYECTABLE,M
34987,DAPAGLIFLOZINA 10 mg  TABLETA,TABLETA,M
48547,PUNZON PARA BIOPSIA DERMICA DESCARTABLE 4 mm   UNIDAD,UNIDAD,I
25950,ASA DE POLIPECTOMIA 27 K X 2.3 cm DE DIAMETRO LAZO 25 mm DIAMETRO ALAMBRE 0.47 mm TAMAÑO CANAL 2.8mm   UNIDAD,UNIDAD,I
53843,MAMELUCO DE PROTECCION DE POLIUTERANO MICROPOROSO DESCARTABLE CON CAPUCHA Y BOTA N/A TALLA L UNIDAD,UNIDAD,I
15359,CANULA PARA TRAQUEOSTOMIA Nº 6 FENESTRADA   UNIDAD,UNIDAD,I
54351,ANTICUERPO POLICLONAL PARA TERMINAL DESOXINUCLEOTIDIL TRANSFERASA (TDT) - X 12 mL UNIDAD,UNIDAD,I
3592,FLUCONAZOL 2 mg/mL 100 mL INYECTABLE,INYECTABLE,M
40662,TREPANO CORNEAL BARRON DESCARTABLE 8.50 mm   UNIDAD,UNIDAD,I
22794,ACIDO GADOTERICO 0.5 mmol/mL 15 mL INYECTABLE,INYECTABLE,M
20177,SUPLEMENTO NUTRICIONAL DIETETICO INFANTIL DE SEGUIMIENTO  400 g POLVO,POLVO,M
24633,TORNILLO REABSORBIBLE PARA NEUROCIRUGIA   UNIDAD,UNIDAD,I
29190,HIDROXIPROPILMETILCELULOSA 2 g/100 mL 82%) INY 2 mL   UNIDAD,UNIDAD,I
20170,SONDA NASOGASTRICA DE SILICONA Nº 7   UNIDAD,UNIDAD,I
1351,BUDESONIDA + FORMOTEROL 80 µg + 4.5 µg/DOSIS 120 DOSIS AEROSOL,AEROSOL,M
41530,FILTRO DE VENA CAVA 6 FR X 68 cm  UNIDAD UNIDAD,UNIDAD,I
4058,INMUNOGLOBULINA ANTI D 300 ug 2 mL INYECTABLE,INYECTABLE,M
41632,APOSITO DE HIDROFIBRA CON PLATA IONICA 1.2 % + ACIDO ETILENEDIAMINETETRA ACETICO (EDTA) + CLORURO DE BENZETONIO (Be  10 cm X 10 cm UNIDAD,UNIDAD,I
25448,SUTURA NAILON NEGRO MONOFILAMENTO 10/0 C/DOBLE AGUJA 3/8 CIRCULO ESPATULADA 6.5 mm X 30 cm   UNIDAD,UNIDAD,I
26383,TORNILLO DE TITANIO AUTORROSCANTE TIPO LOCKING 2.0 mm X 8 mm   UNIDAD,UNIDAD,I
21826,TRANSDUCTOR DE PRESION INTRACRANEAL PARA MONITOR   UNIDAD,UNIDAD,I
19912,COMPRESA GASA QUIRURGICA RADIOPACA ESTERIL 45 cm X 45 cm X 5   UNIDAD,UNIDAD,I
15360,CANULA PARA TRAQUEOSTOMIA Nº 7 FENESTRADA   UNIDAD,UNIDAD,I
890,ASPARAGINASA 10000 UI  INYECTABLE,INYECTABLE,M
30616,FORMULA POLIMERICA DE ABSORCION LENTA PARA PACIENTE DIABETICO  900 g POLVO,POLVO,I
33511,ESPONJA HEMOSTATICA DE CELULOSA 5 cm X 7.5 cm   UNIDAD,UNIDAD,I
50316,CANULA DE OSTIUM CORONARIO ADULTO   UNIDAD,UNIDAD,I
33389,MEDIA ELASTICA TALLA N° 2   UNIDAD,UNIDAD,I
31541,GRAPADORA QUIRURGICA LINEAL CORTANTE ENDOSCOPICA 60 mm   UNIDAD,UNIDAD,I
43052,VALVULA CARDIACA AORTICA MECANICA N° 18  UNIDAD UNIDAD,UNIDAD,I
31708,CATETER URETERAL DOBLE J 5 FR X 24 cm   UNIDAD,UNIDAD,I
54019,MANGA DE POLIETILENO ESTERIL PARA LAPAROSCOPIA  15 cm X 2.5 m UNIDAD,UNIDAD,I
42815,VIDEOENDOSCOPIO DESCARTABLE 5.0/2.2 mm DE UN SOLO USO  UNIDAD UNIDAD,UNIDAD,I
50964,ANTICUERPO MONOCLONAL PARA CD 15 (C3D-1) X 1 mL   UNIDAD,UNIDAD,I
31036,DISCO DE SENSIBILIDAD DE PENICILINA 10 UI 50 DISCOS UNIDAD,UNIDAD,I
28163,MALLA DE TITANIO CILINDRICA DE REEMPLAZO DE CUERPO VERTEBRAL 17 mm X 22 mm   UNIDAD,UNIDAD,I
43811,FILTRO INTRAVENOSO 0.2 um   UNIDAD,UNIDAD,I
34155,LIMAS SET PARA ENDODONCIA DEL 15-40 (1era SERIE) DE 25 mm X 6   UNIDAD,UNIDAD,I
26361,BROMURO DE VECURONIO 4 mg  INYECTABLE,INYECTABLE,M
32550,TORNILLO DE TITANIO AUTORROSCANTE TIPO LOCKING 2.0 mm X 10 mm   UNIDAD,UNIDAD,I
19852,CATETER DRENAJE TORAXICO CON TROCAR Nº12 F   UNIDAD,UNIDAD,I
22423,LIMAS K SET DEL 45-80 (2da SERIE) DE 21 mm   UNIDAD,UNIDAD,I
49182,"ARCO PREFORMADO DE NIQUEL, TITANIO (NITINOL) RECTAN. SUPERIOR TIPO KITINEX 0.017 in X 0.025 in X 27º   UNIDAD",UNIDAD,I
32140,TIPS BLANCO 500 uL - 5000 uL   UNIDAD,UNIDAD,I
17467,TUBO OROFARINGEO (TUBO DE MAYO) N° 00   UNIDAD,UNIDAD,I
22245,TIRA INDICADORA DE PH RANGO 0 A 14 X 100 UNIDADES   UNIDAD,UNIDAD,I
50575,CEMENTO QUIRURGICO OSEO (POLVO 50 g + LIQUIDO 18.33 mL)   UNIDAD,UNIDAD,I
41773,COLORANTE EOSINA A X 25 g   UNIDAD,UNIDAD,I
21119,MANGA MIXTA PAPEL Y PLASTICO PARA ESTERILIZACION SIN FUELLE 30 cm X 200 m   UNIDAD,UNIDAD,I
24225,TORNILLO DE BLOQUEO 4.0 mm X 42 mm   UNIDAD,UNIDAD,I
16860,PEROXIDO DE HIDROGENO (AGUA OXIGENADA 10 V) 3% 120 mL SOLUCION,SOLUCION,M
22357,APOSITO HIDROCOLOIDE EXTRAFINO 10 cm X 10 cm   UNIDAD,UNIDAD,I
4901,MORFINA (CLORHIDRATO) 20 mg 1 mL INYECTABLE,INYECTABLE,M
52819,SUERO ANTIBOTROPICO TETRAVALENTE 2.5 mg/mL 10 mL INYECTABLE,INYECTABLE,M
31463,CURETA GRACEY Nº 11-12   UNIDAD,UNIDAD,I
27910,FILTRO DE TRANSFUSION DE PLAQUETAS DESLEUCOCITADAS   UNIDAD,UNIDAD,I
31817,ALBUMINA ENZIMATICA  100 DET KIT,KIT,I
26365,DEXTROSA 5 g/100 mL (5 %) CIRCUITO CERRADO 500 mL INYECTABLE,INYECTABLE,M
20942,ESPARADRAPO DE TELA 5 cm X 9.1 m   UNIDAD,UNIDAD,I
22954,"MASCARILLA FACIAL PARA VENTILACION MECANICA NO INVASIVA ""L""   UNIDAD",UNIDAD,I
33567,MANIFOLD DE DOS LLAVES   UNIDAD,UNIDAD,I
48271,"VACUNA CONTRA COVID-19 (ARNm) nucleosidos modificados, PFIZER MANUFACT. BELGIUM NV, BELGICA (COMIRNARTY) PEDIATRICO 10 ug/ 0.2 mL VIAL 1.3 mL X 10 DOSIS INYECTABLE",INYECTABLE,M
36555,ANTI HEPATITIS C (anti-VHC) METODO QUIMIOLUMINISCENCIA  1 DET KIT,KIT,I
34634,EMPAQUE TIPO TYVECK PARA ESTERILIZACION CON PEROXIDO DE HIDROGENO 20 cm X 100 m   UNIDAD,UNIDAD,I
22727,JERINGA DESCARTABLE 60 mL PICO LARGO   UNIDAD,UNIDAD,I
22454,JERINGA DESCARTABLE 3 mL PARA GASES ARTERIALES Y ELECTROLITOS CON HEPARINA DE LITIO   UNIDAD,UNIDAD,I
40353,DETERGENTE ENZIMATICO CON 4 ENZIMAS X 5 L   SOLUCION,SOLUCION,I
4248,KETOROLACO 30 mg 1 mL INYECTABLE,INYECTABLE,M
39031,KIT COMPLETO P/GASES ELECTROLITOS SANGRE ARTERIALES Y HEMATOCRITO  1 DET KIT,KIT,I
26571,CAMPO QUIRURGICO ESTERIL 90 cm X 90 cm   UNIDAD,UNIDAD,I
37244,CATETER BALON PARA VALVULOPLASTIA PULMONAR 18 mm X 4 cm DE 9 Fr X 110 cm   UNIDAD,UNIDAD,I
46834,AGUJA KIRSCHNER 1.6 mm X 150 mm   UNIDAD,UNIDAD,I
54211,CUBIERTA PROTECTORA DESCARTABLE NO ESTERIL PARA TRANSDUCTOR  3.5 cm X 20 cm UNIDAD,UNIDAD,I
42223,CANULA PARA PREMATURO PARA TERAPIA DE ALTO FLUJO   UNIDAD,UNIDAD,I
31988,LIMAS SET PARA ENDODONCIA Nº 08 DE 25 mm   UNIDAD,UNIDAD,I
54584,GUIA HIDROFILICA CURVA FLEXIBLE DESCARTABLE 0.035 in X 4.50 m - GUIA HIDROFILICA CURVA UNIDAD,UNIDAD,I
23368,ALCOHOL ETILICO (ETANOL) ABSOLUTO P.A. 99.8% 1 L SOLUCION,SOLUCION,I
19880,SONDA DE GASTROSTOMIA 20 FR   UNIDAD,UNIDAD,I
15181,AGUJA DE LOCALIZACION PARA LESIONES EN MAMA Nº 20 G X 12 cm   UNIDAD,UNIDAD,I
43274,SABANA LATERAL DESCARTABLE 1.50 m X 1.50 m   UNIDAD,UNIDAD,I
33797,FILTRO ANTIBACTERIANO PARA VENTILADOR   UNIDAD,UNIDAD,I
34174,"PELICULA RADIOGRAFICA DIGITAL 14"" X 17"" X 100   UNIDAD",UNIDAD,I
28187,SISTEMA DOBLE DE DRENAJE TORAXICO DESCARTABLE 2 CAMARA CON VALVULA   UNIDAD,UNIDAD,I
54895,PUNTERA DESCARTABLE PARA PIPETA - 0 uL - 10 uL X 1000 UNIDAD,UNIDAD,I
28204,TORNILLO DE TITANIO AUTOPERFORANTE 1.5 mm X 7 mm   UNIDAD,UNIDAD,I
53540,PLACA LCP DE ACERO INOXIDABLE DE ANGULO VARIABLE DE 2.4/2.7 mm DE 3 AGUJEROS PARA RADIO DISTAL DERECHO   UNIDAD,UNIDAD,I
55489,LIMA K N░ 20 DE 21 mm - X 6 UNIDAD,UNIDAD,I
29531,CATETER TUNELIZABLE 2.7 FR X 75 cm   UNIDAD,UNIDAD,I
22535,LINEA PARA BOMBA INFUSORA SIN VOLUTROL   UNIDAD,UNIDAD,I
52224,SUERO CONTROL PATOLOGICO X 5 mL   UNIDAD,UNIDAD,I
19958,PLACA DCP PEQUEÑOS FRAGMENTOS DE 06 AGUJEROS X 3.5 mm   UNIDAD,UNIDAD,I
22381,DISCO DE SENSIBILIDAD DE CEFALOTINA 30 ug 50 DISCOS UNIDAD,UNIDAD,I
28873,FOSFATO DE POTASIO MONOBASICO P.A.  500 g UNIDAD,UNIDAD,I
30188,CLIP DE TITANIO PARA COSTILLA DE 9 SEGMENTOS   UNIDAD,UNIDAD,I
47441,APOSITO DE HIDROFIBRA CON PLATA IONICA 1.2 % + ACIDO ETILENEDIAMINETETRA ACETICO (EDTA) + CLORURO DE BENZETONIO (BeC   UNIDAD,UNIDAD,I
39290,TUBO PARA EXTRACCION DE SANGRE CON SISTEMA DE VACIO DE POLIPROPILENO DE 1.5 mL CON CITRATO DE SODIO AL 3.2%   UNIDAD,UNIDAD,I
25018,MASCARA DE ANESTESIA DESCARTABLE Nº 2   UNIDAD,UNIDAD,I
10942,EQUIPO DE INFUSION CON VOLUTROL MICROGOTERO   UNIDAD,UNIDAD,I
32633,CANULA PARA TRAQUEOSTOMIA Nº 6 CON BALON   UNIDAD,UNIDAD,I
32093,DOSAJE DE TIEMPO DE PROTROMBINA  200 DET KIT,KIT,I
52616,AGUJA PARA JERINGA DE INSULINA TIPO LAPICERO 32 G X 3/16 in   UNIDAD,UNIDAD,I
25652,CONECTOR DE TITANIO TRANSVERSAL DE PERFIL BAJO 21 mm PARA BARRA DE DIAMETRO 5 mm   UNIDAD,UNIDAD,I
18035,ARIPIPRAZOL 15 mg  TABLETA,TABLETA,M
20469,MINIPLACA DE 6 AGUJEROS SIN PUENTE SISTEMA 2.0 mm   UNIDAD,UNIDAD,I
24856,TORNILLO DE TITANIO AUTOPERFORANTE 1.5 mm X 5 mm   UNIDAD,UNIDAD,I
36533,MASCARA DE ANESTESIA DESCARTABLE Nº 6   UNIDAD,UNIDAD,I
40386,SOLUCION DESCALCIFICADORA DE HUESOS PARA HISTOLOGIA X 1 L   UNIDAD,UNIDAD,I
34712,KIT PARA DETECCION DE ANTICUERPO DEL ANTIGENO E DE HEPATITIS B ELISA  96 DET KIT,KIT,I
34511,SUSTITUTO DE CUERPO VERTEBRAL DORSAL CON MECANISMO DE BLOQUEO   UNIDAD,UNIDAD,I
18976,TORNILLO DE EMERGENCIA 2.3 mm X 7 mm   UNIDAD,UNIDAD,I
37602,REMOVEDOR DE ADHESIVO DE USO MEDICO  50 mL AEROSOL,AEROSOL,I
4043,IMATINIB (COMO MESILATO) 100 mg  TABLETA,TABLETA,M
37370,CLAVO KIRSCHNER 1.0 mm X 310 mm   UNIDAD,UNIDAD,I
29522,CATETER VENOSO CENTRAL DOBLE LUMEN DE LARGA PERMANENCIA PARA HEMODIALISIS 15 FR X 28 cm   UNIDAD,UNIDAD,I
25120,CAJA INTERSOMATICA CERVICAL 5 mm X 11 mm X 11 mm   UNIDAD,UNIDAD,I
36442,ROTULA CLAVO - CLAVO   UNIDAD,UNIDAD,I
40953,TUBO DE PLASTICO DE MEDICION 1.5 m DE LONGITUD PARA MEDIDOR DE URODINAMIA   UNIDAD,UNIDAD,I
12548,TORNILLO CORTICAL 3.5 mm X 36 mm   UNIDAD,UNIDAD,I
40958,SONDA DE ASPIRACION DE SECRECIONES CIRCUITO CERRADO Nº 16 CON MDI   UNIDAD,UNIDAD,I
36394,SUCEDANEO DE LA LECHE MATERNA CON LACTOSA  375 g POLVO,POLVO,I
19926,"HOJA DE DERMOCARRIER 1"" - 3""   UNIDAD",UNIDAD,I
18785,LENTE INTRAOCULAR DIOPTRIA 22.0 CAMARA POSTERIOR NO PLEGABLE 3 PIEZAS   UNIDAD,UNIDAD,I
18625,LOPINAVIR + RITONAVIR 200 mg + 50 mg  TABLETA,TABLETA,M
19396,LIQUIDO REVELADOR PARA PROCESOS AUTOMATICOS  10 gal UNIDAD,UNIDAD,I
33775,FILTRO HUMIDIFICADOR PARA VENTILADOR MECANICO   UNIDAD,UNIDAD,I
26753,TUBO ENDOTRAQUEAL DESCARTABLE Nº 4.5 SIN CUFF   UNIDAD,UNIDAD,I
27254,HORMONA TESTOSTERONA TOTAL AUTOMATIZADA  1 DET KIT,KIT,I
30615,BALON DILATADOR DE EXPANSION RADIAL CONTROLADA DE 10 mm / 11 mm / 12 mm   UNIDAD,UNIDAD,I
53745,"VACUNA CONTRA COVID-19 (mRNA-1273.815) NUCLEOSIDO MODIFICADO (ANDUSOMERAN), MODERNA, FAB. CATALENT INDIANA.LLC-EEUU 0.1 mg/mL VIAL 2.5 mL X 5 DOSIS INYECTABLE",INYECTABLE,M
25706,"CATETER ENDOVENOSO PERIFERICO Nº 20 G X 1 3/4""   UNIDAD",UNIDAD,I
921,AZATIOPRINA 50 mg  TABLETA,TABLETA,M
53463,FRASCO DE VIDRIO TRANSPARENTE 750 mL CON TAPA ROSCA   UNIDAD,UNIDAD,I
17446,TUBO ENDOBRONQUIAL DOBLE LUMEN DERECHO N° 35   UNIDAD,UNIDAD,I
39635,ARCO NITI REDONDOS INFERIORES N° 14   UNIDAD,UNIDAD,I
36980,AGUJA PARA BIOPSIA DE PROSTATA DESCARTABLE 18 G X 20 cm   UNIDAD,UNIDAD,I
27248,HORMONA TRIYODOTIRONINA (T3) LIBRE  1 DET KIT,KIT,I
18065,NAPROXENO SODICO 550 mg  TABLETA,TABLETA,M
32070,YESO EXTRA DURO (USO ODONTOLOGICO)  500 g UNIDAD,UNIDAD,I
42365,ALECTINIB 150 mg  TABLETA,TABLETA,M
4333,LANATOSIDO C 200 µg/ mL 2 mL INYECTABLE,INYECTABLE,M
20086,SONDA NASOGASTRICA DE SILICONA Nº 14   UNIDAD,UNIDAD,I
40248,SET COLORANTE ZIEHL NIELSEN DE 1 L (3 FRASCOS)   UNIDAD,UNIDAD,I
12587,TORNILLO DE TITANIO 2.0 mm X 5 mm   UNIDAD,UNIDAD,I
37668,AGUJA DE LOCALIZACION PARA LESIONES EN MAMA Nº 20 G X 10 cm   UNIDAD,UNIDAD,I
22361,TUBO ENDOTRAQUEAL DESCARTABLE Nº 6 SIN CUFF   UNIDAD,UNIDAD,I
24646,CUCHILLA CRANEAL CORTANTE LATERAL NEUMATICA PARA ADULTO PARA CRANEOMETRO MIDAS REX LEGEND GOLD   UNIDAD,UNIDAD,I
39857,TREPANO CORNEAL DESCARTABLE 7.50 mm   UNIDAD,UNIDAD,I
29174,CIRCUITO CORRUGADO ADULTO DESCARTABLE PARA VENTILADOR MECANICO LTV 1200   UNIDAD,UNIDAD,I
54560,ANTICUERPO ANTI HELICOBACTER PYLORI IgG ELISA - X DET UNIDAD,UNIDAD,I
4894,MONONITRATO DE ISOSORBIDA 20 mg  TABLETA,TABLETA,M
44977,CATETER VENOSO CENTRAL DOBLE LUMEN PARA HEMODIALISIS 6.5 FR X 10 cm   UNIDAD,UNIDAD,I
3895,HEPARINA SODICA 5 000 UI/ 5 mL 5 mL INYECTABLE,INYECTABLE,M
36148,TUBO PARA EXTRACCION DE SANGRE CON SISTEMA DE VACIO DE POLIPROPILENO DE 1 mL SIN ADITIVO   UNIDAD,UNIDAD,I
42574,GRAPADORA QUIRURGICA CIRCULAR CURVA PARA CIRUGIA ABIERTA  32 mm UNIDAD,UNIDAD,I
24068,FRASCO DE PLASTICO X 60 mL TAPA A ROSCA CON ESPATULA PARA HECES   UNIDAD,UNIDAD,I
23989,SUTURA POLIGLECAPRONE MONOFILAMENTO 2/0 C/A 1/2 CIRCULO REDONDA 26 mm X 70 cm   UNIDAD,UNIDAD,I
26871,AGUJA DE GUIA DE 2 mm DIAMETRO X 230 mm DE LONGITUD   UNIDAD,UNIDAD,I
33450,TORNILLO DESLIZANTE DE 75 mm ROSCA 20.0 mm   UNIDAD,UNIDAD,I
32360,AGUJA KIRSCHNER 1.4 mm X 300 mm   UNIDAD,UNIDAD,I
46349,GLICEROFOSFATO SODICO 216 mg/mL (21.6%) 20 mL INYECTABLE,INYECTABLE,M
39380,REACTIVO COMPLEMENTO C3  1 DET UNIDAD,UNIDAD,I
24171,TORNILLO ESPONJOSO 4.0 mm X 45 mm   UNIDAD,UNIDAD,I
25588,TUBO DE GASTROSTOMIA DE BOTON DE BAJO PERFIL Y DE REEMPLAZO Nº 20 X 2.0 mm   UNIDAD,UNIDAD,I
37419,TORNILLO CANULADO 6.5 mm ROSCA DISTAL 32 mm X 70 mm   UNIDAD,UNIDAD,I
40015,PLACA LCP DE 5 AGUJEROS x 3.5 mm PARA HUMERO PROXIMAL   UNIDAD,UNIDAD,I
24204,PARCHE DE PERICARDIO MODELO BOVINO 14 cm X 7 cm   UNIDAD,UNIDAD,I
39151,KIT DE ROPA DESCARTABLE PARA CIRUGIA TALLA L X 11 PIEZAS   UNIDAD,UNIDAD,I
30860,CLIP DE ANEURISMA RECTO DE TITANIO 10 mm   UNIDAD,UNIDAD,I
35381,CLAVO KIRSCHNER 1.8 mm X 100 mm   UNIDAD,UNIDAD,I
22315,DISCO DE SENSIBILIDAD DE NITROFURANTOINA 300 ug 50 DISCOS UNIDAD,UNIDAD,I
38334,SET PARA NEFROSTOMIA PERCUTANEA 12 FR X 7 PIEZAS   SET,SET,I
29549,PLACA LCP DE 04 AGUJEROS PARA RADIO DISTAL ADULTO   UNIDAD,UNIDAD,I
34361,EDTA (ACIDO ETILENDIAMINO TETRACETICO) 10 % 20 mL SOLUCION,SOLUCION,I
21909,REACTIVO DE TRIGLICERIDOS ENZIMATICO  250 DET KIT,KIT,I
29991,PINZA KELLY CURVA 16 cm   UNIDAD,UNIDAD,I
15933,CLAVO STEINMAN PUNTA REDONDA 2.5 mm X 150 mm   UNIDAD,UNIDAD,I
44288,MASCARILLA DESCARTABLE TIPO KN95   UNIDAD,UNIDAD,I
19333,CERA DENTAL BASE AMARILLA X 10   UNIDAD,UNIDAD,I
33566,LENTE INTRAOCULAR DIOPTRIA 7.0 CAMARA POSTERIOR PLEGABLE 1 PIEZA   UNIDAD,UNIDAD,I
19230,SUTURA SEDA NEGRA TRENZADA 2/0 C/A 3/8 CIRCULO CORTANTE 25 mm x 75 cm   UNIDAD,UNIDAD,I
34429,SORBITOL USP 70% 1 L UNIDAD,UNIDAD,I
30673,PASTA DENTIFRICA X 75 g   UNIDAD,UNIDAD,I
36293,SUTURA DE ACERO INOXIDABLE MONOFILAMENTO 1 C/A 1/2 CIRCULO REDONDA 26 mm X 45 cm   UNIDAD,UNIDAD,I
36396,SET DE FIJACION EXTERNA PARA TIBIA   UNIDAD,UNIDAD,I
36594,NIVOLUMAB 10 mg/mL 10 mL INYECTABLE,INYECTABLE,M
54734,SUTURA DE POLIGLICONATO 3/0 C/A 1/2 CIRCULO CILINDRICA - 30 mm X 23 cm INYECTABLE,UNIDAD,I
43599,ENDOPROTESIS (STENT) BRONQUIAL - TAPON X 5 mm   UNIDAD,UNIDAD,I
43012,SET DE LINEAS PARA TERAPIA DE REEMPLAZO RENAL CONTINUA DE ALTO FLUJO  UNIDAD SET,SET,I
17010,SONDA DE ASPIRACION ENDOTRAQUEAL CIRCUITO CERRADO Nº 08   UNIDAD,UNIDAD,I
24794,TORNILLO DE INTERFERENCIA  9 mm X 25 mm UNIDAD,UNIDAD,I
53757,HOJA DE SIERRA 0.4 mm X 15 mm X 10 mm PARA SIERRA SAGITAL   UNIDAD,UNIDAD,I
35576,CAMPO QUIRURGICO ESTERIL DESCARTABLE 45 cm X 45 cm   UNIDAD,UNIDAD,I
54316,SISTEMA DE STENT AUTOEXPANDIBLE DE NITINOL ARTERIAL PERIFERICO MULTIPLE - 10 mm X 60 mm X 120 cm UNIDAD,UNIDAD,I
45248,TUBO DE PLASTICO PARA VELOCIDAD DE SEDIMENTACION GLOBAL CON CITRATO DE SODIO   UNIDAD,UNIDAD,I
25334,BALON PARA EXTRACCION DE CALCULOS DE 3 LUMENES   UNIDAD,UNIDAD,I
20657,TORNILLO CORTICAL 2.0 mm X 8.0 mm   UNIDAD,UNIDAD,I
18942,FILTRO PARA HEMODIALISIS DE POLISULFONA F8 1.8 M2   UNIDAD,UNIDAD,I
46624,SISTEMA DE REPARACION DE MENISCO PRECARGADA CON AGUJA DE  12°   UNIDAD,UNIDAD,I
32871,PUNCH PARA BIOPSIA DE PIEL Nº 2   UNIDAD,UNIDAD,I
23267,INDICADOR QUIMICO INTERNO DE ESTERILIZACION A VAPOR X 250   UNIDAD,UNIDAD,I
25566,RECIPIENTE (CANISTER) PARA RECOGER EL EXUDADO DE HERIDAS X 600 mL   UNIDAD,UNIDAD,I
23015,SUTURA ACIDO POLIGLACTIN 2/0 C/A 1/2 CIRCULO REDONDA 35 m X 70 cm   UNIDAD,UNIDAD,I
21938,MASCARA DE ANESTESIA Nº 4   UNIDAD,UNIDAD,I
41145,SISTEMA DE ANCLAJE DE TITANIO PARA HUMERO 4.5 mm   UNIDAD,UNIDAD,I
22415,DISCO DE SENSIBILIDAD DE VANCOMICINA 30 ug 50 DISCOS UNIDAD,UNIDAD,I
26402,AGUJA HUBER N° 22 G X 20 mm   UNIDAD,UNIDAD,I
24775,ARANDELA PARA TORNILLO CANULADO 4.5 mm   UNIDAD,UNIDAD,I
20711,TORNILLO DE BLOQUEO 2.0 mm X 8 mm   UNIDAD,UNIDAD,I
38358,PLACA DCP RECTA LIVIANA (ESTRECHA) DE 10 AGUJEROS x 3.5 mm   UNIDAD,UNIDAD,I
29470,CAPSULA ENDOSCOPICA DESCARTABLE PARA INTESTINO DELGADO   UNIDAD,UNIDAD,I
51902,TALADRO DE TORNILLO LAPAROSCOPICO PARA MIOMA 5 mm x 330 mm   UNIDAD,UNIDAD,I
33909,SOLUCION DECOLORANTE PARA COLORACION GRAM X 1 L   SOLUCION,SOLUCION,I
18241,COLORANTE VERDE DE MALAQUITA  100 g SOLUCION,SOLUCION,I
21276,CONECTOR CON EXTENSION NEONATAL   UNIDAD,UNIDAD,I
22500,TORNILLO CORTICAL 2.0 mm X 6 mm   UNIDAD,UNIDAD,I
11359,JERINGA DESCARTABLE 100 mL SIN AGUJA   UNIDAD,UNIDAD,I
50009,FIBRA OPTICA DESCARTABLE 2.2/0 mm x 60 cm PARA BRONCOSCOPIO   UNIDAD,UNIDAD,I
20186,SUTURA NAILON AZUL MONOFILAMENTO 3/0 C/A 1/2 CIRCULO CORTANTE 30 mm X 75 cm   UNIDAD,UNIDAD,I
36664,AGUJA PARA BIOPSIA TIPO CHIBA N° 22 G X 20 cm   UNIDAD,UNIDAD,I
34353,TORNILLO CANULADO 3.5 mm X 40 mm   UNIDAD,UNIDAD,I
40187,FILTRO ELECTROSTATICO CON INTERCAMBIADOR DE CALOR HUMEDAD (HME) ADULTO - PEDIATRICO   UNIDAD,UNIDAD,I
231,ACITRETINA 25 mg  TABLETA,TABLETA,M
25017,MASCARA DE ANESTESIA DESCARTABLE Nº 5   UNIDAD,UNIDAD,I
52665,ANCLA DE SUTURA  2 mm X 6 mm UNIDAD,UNIDAD,I
51288,PRUEBA CUANTITATIVA POR INMUNOFLUORESCENCIA SECA  PARA HORMONA TRIYODOTIRONINA (T3) LIBRE X 25 DET   UNIDAD,UNIDAD,I
24208,TORNILLO DE BLOQUEO 2.7 mm X 20 mm   UNIDAD,UNIDAD,I
22202,CATETER VENOSO CENTRAL DOBLE LUMEN 5 FR X 13 cm   UNIDAD,UNIDAD,I
28137,LIMAS SET PARA ENDODONCIA DEL 45-80 (2da SERIE) DE 21 mm X 6   UNIDAD,UNIDAD,I
18333,LIGHT GREEN YELOWISH  25 g UNIDAD,UNIDAD,I
36158,EMPAQUE TIPO TYVECK PARA ESTERILIZACION CON PEROXIDO DE HIDROGENO 25 cm X 100 m   UNIDAD,UNIDAD,I
10911,HEPATITIS A ANTICUERPO IgM (MET ELISA)  96 DET KIT,KIT,I
38407,HORMONA ESTRADIOl  DET KIT,KIT,I
53965,ANTICARDIOLIPINA IgM ELISA  X DET UNIDAD,UNIDAD,I
32857,MANDIL DESCARTABLE ESTERIL TALLA S   UNIDAD,UNIDAD,I
39461,MINIPLACA DE TITANIO 4 AGUJEROS CON PUENTE 2.0 mm   UNIDAD,UNIDAD,I
4371,LEVONORGESTREL 750 µg  TABLETA,TABLETA,M
218,ACIDO PAMIDRONICO (PAMIDRONATO DISODICO) 90 mg  INYECTABLE,INYECTABLE,M
23934,CLIP DE POLIMERO TIPO HEM-O- LOK  XL X 6   UNIDAD,UNIDAD,I
19444,"PELICULA RADIOGRAFICA SENSIBLE AL VERDE 14"" X 17""   UNIDAD",UNIDAD,I
33635,PLACA DCP RECTA LIVIANA (ESTRECHA) DE 12 AGUJEROS X 3.5 mm   UNIDAD,UNIDAD,I
47372,CATETER DE ULTRASONIDO INTRACARDIACA  8 FR X 90 cm UNIDAD,UNIDAD,I
21020,TORNILLO ESPONJOSO 4.0 mm X 14 mm   UNIDAD,UNIDAD,I
21745,NATAMICINA (SOLUCION OFTALMICA) 50 mg/mL 10 mL SOLUCION,SOLUCION,M
43145,LANCETA DESCARTABLE RETRACTIL 25G X 1.8 mm   UNIDAD,UNIDAD,I
35544,FERRITINA AUTOMATIZADA  1 DET KIT,KIT,I
25057,CANULA VENOSA RECTA Nº 16   UNIDAD,UNIDAD,I
2981,DOCETAXEL 20 mg/0.5 mL 0.5 mL INYECTABLE,INYECTABLE,M
17555,"JERINGA DESCARTABLE DE INSULINA 1 mL CON AGUJA 26 G X 1/2""   UNIDAD",UNIDAD,I
21997,ROTULA TUBO - TUBO   UNIDAD,UNIDAD,I
23804,BROCA DE 3.2 mm DE DIAMETRO X 120 mm   UNIDAD,UNIDAD,I
15430,CATETER ARTERIAL RADIAL N° 20 G   UNIDAD,UNIDAD,I
20516,HEMOGLOBINA GLICOSILADA X 100 DETERMINACIONES  100 DET KIT,KIT,I
30687,FORMULA LACTEA DE CONTINUACION  400 g POLVO,POLVO,I
28498,CATETER BALON DE BAJO PERFIL 10 mm X 2 cm DE 4 FR X 65 cm   UNIDAD,UNIDAD,I
25014,MASCARA DE ANESTESIA DESCARTABLE Nº 4   UNIDAD,UNIDAD,I
20496,SUTURA DE LINO MULTIEMPAQUE 1 C/A 1/2 CIRCULO REDONDA 40 cm X 50 cm   UNIDAD,UNIDAD,I
45253,PAPEL INDICADOR TORNASOL COLOR ROJO X 200   UNIDAD,UNIDAD,I
36759,FRASCO DE VIDRIO AMBAR X 500 mL CON TAPA   UNIDAD,UNIDAD,I
16282,"TUBO DE DRENAJE PEN ROSE 1"" X 18""   UNIDAD",UNIDAD,I
23068,PLACA DE RETORNO INDIFERENTE PEDIATRICO   UNIDAD,UNIDAD,I
46527,ALMOHADILLA DE GEL DE POLIMERO DE PROTECCION PARA TALON 17 cm X 10.5 cm X 5 cm   UNIDAD,UNIDAD,I
40163,INTRODUCTOR FEMORAL CON CUBIERTA HIDROFILICA 7 FR X 11 cm   UNIDAD,UNIDAD,I
22211,PRUEBA RAPIDA PARA HEPATITIS B  30 DET KIT,KIT,I
28548,FRESA DE CARBURO TUNGSTENO DE ALTA VELOCIDAD REDONDA MEDIANA   UNIDAD,UNIDAD,I
37715,TIJERA COAGULANTE ULTRASONICA CURVA DE 23 cm SELLADORA DE VASOS 7 mm   UNIDAD,UNIDAD,I
44751,PINZA SELLADORA DE VASOS CURVA TIPO CAIMAN HASTA 7 mm LONGITUD DE SELLADO DE 21.5 mm DE 5 mm DIAMETRO Y 12.5 cm LAR   UNIDAD,UNIDAD,I
29331,HOJA ESPIRAL CANULADA DE TITANIO 11 mm X 100 mm PARA CLAVO BLOQUEADO   UNIDAD,UNIDAD,I
1229,BICALUTAMIDA 50 mg  TABLETA,TABLETA,M
17073,SONDA NASOGASTRICA Nº 12   UNIDAD,UNIDAD,I
53179,ADALIMUMAB 40 mg 0.4 mL INYECTABLE,INYECTABLE,M
22514,VALVULA DE SILICONA INTRAPIRAMIDAL PARA TROCAR DE CIRUGIA LAPAROSCOPICA DE 5 mm DE DIAMETRO   UNIDAD,UNIDAD,I
36212,ELECTRODO DE TUNGSTENO FLEXIBLE 0.25 mm X 2.4 mm X 20 mm   UNIDAD,UNIDAD,I
32849,"MINIPLACA DE TITANIO FORMA ""X"" 4 ORIFICIOS SISTEMA 1.5 mm   UNIDAD",UNIDAD,I
40914,CATETER DE ABLACION CON IRRIGACION EXTERNA CON DEFLEXION 7 FR X 115 cm CURVA PEDIATRICA   UNIDAD,UNIDAD,I
10907,ANTICUERPO ANTI TOXOPLASMA GONDII IgM   (MET ELISA)  96 DET KIT,KIT,I
29792,CANULA DE ASPIRACION SUB RETINAL 25 GA   UNIDAD,UNIDAD,I
49413,MANIPULADOR UTERINO DESCARTABLE 41 mm   UNIDAD,UNIDAD,I
40922,SUTURA SEDA NEGRA 3/0 C/A 3/8 CIRCULO CORTANTE 24 mm x 45 cm   UNIDAD,UNIDAD,I
27865,FRESA PARA CRANEOTOMO DE ACERO PARA CORTE ADULTO DE 2.3 mm X 16.4 mm   UNIDAD,UNIDAD,I
41156,PLACA LCP DE 6 AGUJEROS X 3.5 mm PARA TIBIA PROXIMAL MEDIAL   UNIDAD,UNIDAD,I
23542,CLIP DE TITANIO TIPO ML X 6   UNIDAD,UNIDAD,I
38377,CATETER URETERAL DOBLE J 6 FR x 24 cm   UNIDAD,UNIDAD,I
40281,EDTA (ACIDO ETILENDIAMINOTETRAACETICO) DISODICA DIHIDRATADO P.A. x 500 g   UNIDAD,UNIDAD,I
35729,CAJA DE ACERO QUIRURGICO PARA INSTRUMENTAL 20 cm X 10 cm X 5 cm   UNIDAD,UNIDAD,I
24313,LINEA DE INFUSION CON BURETA PARA BOMBA DE INFUSION   UNIDAD,UNIDAD,I
30441,KIT DE ROPA DESCARTABLE PARA CIRUGIA X 5 PIEZAS   KIT,KIT,I
20367,MEDIAS ANTIEMBOLICAS MUSLO LARGE   UNIDAD,UNIDAD,I
11304,TEST DE HORMONA TRIYODOTIRONINA T3 LIBRE  100 DET KIT,KIT,I
19167,METILPREDNISOLONA 500 mg 8 mL INYECTABLE,INYECTABLE,M
48683,"VACUNA CONTRA COVID-19 (NUCLEOSIDOS MODIFICADOS) (mRNA-1273), MODERNA, FAB. CATALENT INDIANA.LLC-EEUU (SPIKEVAX) 0.20 mg/mL (200 ug/mL) VIAL x 5 mL INYECTABLE",INYECTABLE,M
34497,"CINTA DE SUJECION CERVICAL TIPO VELCRO 2,5 cm X 50 cm   UNIDAD",UNIDAD,I
22982,SUTURA DE POLIDIOXANONA 1 C/A 1/2 CIRCULO REDONDA 36 mm X 70 cm   UNIDAD,UNIDAD,I
2979,DOBUTAMINA (COMO CLORHIDRATO) 250 mg/20 mL 20 mL INYECTABLE,INYECTABLE,M
15097,"AGUJA DE PUNCION LUMBAR 22 G X 3 1/2""   UNIDAD",UNIDAD,I
24356,PINZA MERYLAND DESCARTABLE 5 mm   UNIDAD,UNIDAD,I
33526,HORMONA TIROIDEA ESTIMULANTE (TSH)  100 DET KIT,KIT,I
40854,ESPÉCULO VAGINAL TIPO BREISKY 13 cm X 20 mm   UNIDAD,UNIDAD,I
26497,TORNILLO DE BLOQUEO 5.0 mm X 30 mm   UNIDAD,UNIDAD,I
47383,HORMONA PROGESTERONA  100 DETERMINACIONES UNIDAD,UNIDAD,I
47612,MANUBRIO PARA MICROSCOPIO QUIRURGICO MÖLLER-WEDEL   UNIDAD,UNIDAD,I
46466,GRAPADORA QUIRURGICA LINEAL CORTANTE ENDOSCOPICA MOTORIZADA CON BATERIA  60 mm X 34 cm UNIDAD,UNIDAD,I
28673,RECARGA PARA GRAPADORA QUIRURGICA LINEAL CORTANTE PARA CIRUGIA ABIERTA 60 mm X 3.8 mm   UNIDAD,UNIDAD,I
1341,PIRIDOSTIGMINA BROMURO 60 mg  TABLETA,TABLETA,M
3796,DEXTROSA 50 g/100 mL (50 %) 1 L INYECTABLE,INYECTABLE,M
33945,MANGA DE POLIETILENO PARA ESTERILIZACION SIN FUELLE 25 cm X 60 m   UNIDAD,UNIDAD,I
12220,SUTURA NAILON AZUL MONOFILAMENTO 3/0 C/A 1/2 CIRCULO REDONDA 20 mm X 75 cm   UNIDAD,UNIDAD,I
44495,CAMISA DE ACCESO URETERAL DE 11-13 FR X 46 cm LONGITUD   UNIDAD,UNIDAD,I
23342,SUTURA ACIDO POLIGLACTIN 6/0 C/A 1/2 CIRCULO REDONDA 15 mm X 70 cm   UNIDAD,UNIDAD,I
29513,SET DE MATERIAL INTRODUCTOR DE CATETER FEMORAL 6 FR X 10 cm   UNIDAD,UNIDAD,I
52542,CANULA ENDOLUMINAL (STENT) PERIFERICA DE METAL 10 mm X 40 mm   UNIDAD,UNIDAD,I
19541,VASELINA SOLIDA  1 Kg UNIDAD,UNIDAD,I
18617,BEVACIZUMAB 25 mg/mL 4 mL INYECTABLE,INYECTABLE,M
24082,TORNILLO CORTICAL 2.4 mm X 8 mm   UNIDAD,UNIDAD,I
11190,REACTIVO DE GLUCOSA ENZIMATICA  500 DET KIT,KIT,I
19621,PIEDRA MONTADA PARA DESGASTAR ACRILICO EN FORMA CILINDRICA MEDIANA   UNIDAD,UNIDAD,I
22968,GRAPADORA QUIRURGICA CURVA CORTANTE PARA CIRUGIA ABIERTA 40 mm PARA TEJIDO GRUESO   UNIDAD,UNIDAD,I
22318,DISCO DE SENSIBILIDAD DE ERITROMICINA 15 ug 50 DISCOS UNIDAD,UNIDAD,I
37398,CLORHEXIDINA GLUCONATO	 2 g/100 mL 100 mL SOLUCION,SOLUCION,I
39767,OCLUSOR VASCULAR II 8 mm x 7 mm   UNIDAD,UNIDAD,I
2433,SOLUCIONES PARA NUTRICION PARENTERAL  2 L INYECTABLE,INYECTABLE,M
24828,PLACA DCP RECTA LIVIANA ESTRECHA DE 14 AGUJEROS X 4.5 mm   UNIDAD,UNIDAD,I
22406,GASA PARAFINADA 10 cm X 10 cm   UNIDAD,UNIDAD,I
39283,PLACA LCP DE 8 AGUJEROS x 3.5 mm PARA CLAVICULA DERECHA   UNIDAD,UNIDAD,I
22643,LINEA DE MUESTREO DE GASES (CO2) PARA EQUIPO DE ANESTESIA   UNIDAD,UNIDAD,I
38529,CLIP DE ANEURISMA CURVO 5 mm PERMANENTE   UNIDAD,UNIDAD,I
28171,HOJA DESCARTABLE Nº 4 PARA VIDEO LARINGOSCOPIO   UNIDAD,UNIDAD,I
31599,EYECTOR DE SALIVA DESCARTABLE   UNIDAD,UNIDAD,I
5871,SODIO CLORURO 900 mg/100 mL (0.9 %) 10 mL INYECTABLE,INYECTABLE,M
46631,COLESTEROL LDL  100 DETERMINACIONES UNIDAD,UNIDAD,I
31244,PELICULA RADIOGRAFICA PERIAPICAL PARA ADULTO   UNIDAD,UNIDAD,I
43090,PROTESIS PERIFERICA EXPANDIBLE POR BALON 57 mm X 10 mm / 7 F (SISTEMA DE LIBERACION) X 120 cm (CATETER)   UNIDAD,UNIDAD,I
21120,MANGA MIXTA PAPEL Y PLASTICO PARA ESTERILIZACION SIN FUELLE 40 cm X 200 m   UNIDAD,UNIDAD,I
29808,CASSETTE PARA ESTERILIZACION POR PLASMA DE PEROXIDO DE HIDROGENO X 5 PROCESOS   UNIDAD,UNIDAD,I
36926,KIT DE REACTIVO PARA IDENTIFICACION DE COMPLEJO MYCOBACTERIUM TUBERCULOSIS  25 DET UNIDAD,UNIDAD,I
44942,FRESA QUIRURGICA REDONDA 3.0 mm X 70 mm   UNIDAD,UNIDAD,I
39713,"TUBO CENTRIFUGA DE POLIPROPILENO, FONDO CONICO x 50 mL   UNIDAD",UNIDAD,I
22037,"LLAVE EN ""Y"" DESCARTABLE CON VALVULA HEMOSTATICA   UNIDAD",UNIDAD,I
29869,"GUIA HIDROFILICA RECTA 0.035"" X 150 cm   UNIDAD",UNIDAD,I
40455,GUANTE PARA EXAMEN DESCARTABLE DE NITRILO CON POLVO TALLA M   UNIDAD,UNIDAD,I
10368,BOLSA PARA NUTRICION ENTERAL X 1 L   UNIDAD,UNIDAD,I
32134,RETRACTOR DE HERIDA DESCARTABLE FLEXIBLE 2 cm A 4 cm TALLA XS   UNIDAD,UNIDAD,I
32520,TIPS DESCARTABLE PARA MANIPULADOR UTERINO 6.7 mm X 8 cm   UNIDAD,UNIDAD,I
30418,RODILLA MODULAR MONOCENTRICA DE ALUMINIO   UNIDAD,UNIDAD,I
32942,PLACA LCP DE 7 AGUJEROS X 2.7/3.5 mm PARA HUMERO DISTAL MEDIAL   UNIDAD,UNIDAD,I
25666,RPR CON CONTROLES AGUJA CALIBRADA A 17 UL  500 DET KIT,KIT,I
6226,TOPOTECAN 4 mg 4 mL INYECTABLE,INYECTABLE,M
26321,PLACA PETRI DE POLIESTIRENO DESCARTABLE 15 mm X 100 mm   UNIDAD,UNIDAD,I
29050,AGAR CARY BLAIR X 500 g   UNIDAD,UNIDAD,I
20692,ARANDELA PARA TORNILLO ESPONJOSO 6.5 mm   UNIDAD,UNIDAD,I
226,ACIDO URSODESOXICOLICO 250 mg  TABLETA,TABLETA,M
40529,REMIFENTANILO 5 mg  INYECTABLE,INYECTABLE,M
43410,OXIGENADOR DE MEMBRANA CON RESERVORIO CARDIOTOMIA CON FILTRO ARTERIAL INTEGRADO PEDIATRICO   UNIDAD,UNIDAD,I
38530,CLIP DE ANEURISMA CURVO 7 mm PERMANENTE   UNIDAD,UNIDAD,I
37326,GORRO DE CIRUGIA TIPO GUSANO PARA ENFERMERA   UNIDAD,UNIDAD,I
37074,CANULA PARA TRAQUEOSTOMIA N° 5.5 X 46 mm   UNIDAD,UNIDAD,I
26805,SET DE GASTROSTOMIA ENDOSCOPICA PERCUTANEA Nº 24 FR   UNIDAD,UNIDAD,I
47265,PLACA NEUTRA PEDIATRICA DESCARTABLE PARA UNIDAD DE ELECTROCIRUGIA   UNIDAD,UNIDAD,I
41084,FILTRO DE MEMBRANA ESTER CELULOSA (MCE) 0.45 µm x 47 mm x 100   UNIDAD,UNIDAD,I
20830,BURETA PARA LINEA DE INFUSION UNICANAL DE 150 mL   UNIDAD,UNIDAD,I
42296,KIT DE CIRCUITO PARA SUMINISTRO DE OXIDO NITRICO DE VENTILADOR MECANICO 15 mm LINEA 1.8 m   UNIDAD,UNIDAD,I
34213,"MANTA ABSORBENTE DE FLUIDOS DE SUPERFICIE DE POLIPROPILENO 46"" X 40""   UNIDAD",UNIDAD,I
54904,TREPANO CORNEAL RECEPTOR DESCARTABLE - X 8.00 mm UNIDAD,UNIDAD,I
29844,INDICADOR BIOLOGICO DE ESTERILIZACION A VAPOR LECTURA RAPIDA  50 UNIDADES UNIDAD,UNIDAD,I
37060,CANASTILLA EXTRACTORA DE DORMIA 230 cm X 3.5 cm   UNIDAD,UNIDAD,I
31458,"GUIA HIDROFILICA RECTA 0.035"" X 260 cm   UNIDAD",UNIDAD,I
15285,BRAZALETE DE IDENTIFICACION ADULTO   UNIDAD,UNIDAD,I
19373,ACIDO SULFOSALICILICO P.A.  250 mL UNIDAD,UNIDAD,I
41845,LENTE INTRAOCULAR DIOPTRIA +6.0 A +30.0 CAMARA POSTERIOR TORICA PLEGABLE 1 PIEZA   UNIDAD,UNIDAD,I
20557,VALVULA CARDIACA MITRAL MECANICA Nº 29   UNIDAD,UNIDAD,I
34117,TAMBOR DE ACERO QUIRURGICO 10 cm X 10 cm CON TAPA   UNIDAD,UNIDAD,I
39120,TERMOMETRO DIGITAL AXILAR   UNIDAD,UNIDAD,I
49682,CATETER BALON PARA ANGIOPLASTIA PERIFERICA 4.0 mm X 100 mm DE 5 FR X 135 cm   UNIDAD,UNIDAD,I
22322,DISCO DE SENSIBILIDAD DE CLORANFENICOL 30 µg 50 DISCOS UNIDAD,UNIDAD,I
34534,PROTECTOR OCULAR DESCARTABLE ADULTO   UNIDAD,UNIDAD,I
20555,TORNILLO DE TITANIO 1.6 mm X 5 mm   UNIDAD,UNIDAD,I
21435,DISCO DE SENSIBILIDAD DE AMOXICILINA + ACIDO CLAVULAMICO 20 ug + 10 ug 50 DISCOS UNIDAD,UNIDAD,I
15236,APOSITO OCULAR DE GASA Y ALGODON  ADULTO   UNIDAD,UNIDAD,I
38388,SET DE CLAVO INTRAMEDULAR DE TITANIO BLOQUEADO PARA FEMUR x 8 PIEZAS   UNIDAD,UNIDAD,I
51377,TIPS CON FILTRO 20 µL - 200 µL  X 100 UNIDAD,UNIDAD,I
4082,INSULINA GLARGINA 100 UI/mL 3 mL INYECTABLE,INYECTABLE,M
33220,METOXALENO 20 µg/mL 10 mL INYECTABLE,INYECTABLE,M
51610,CABLE PARA ELECTRODO DE MARCAPASO EXTERNO TEMPORAL CON GLOBO 5FR -INTRA SPECIAL   UNIDAD,UNIDAD,I
22362,TUBO ENDOTRAQUEAL DESCARTABLE Nº 6.5 CON BALON   UNIDAD,UNIDAD,I
24279,"GUIA HIDROFILICA CURVA FLEXIBLE DESCARTABLE 0.014"" X 1.85 m   UNIDAD",UNIDAD,I
35194,HORMONA CORTISOL  1 DET KIT,KIT,I
10256,"ALITA DESCARTABLE N° 21 G X 3/4""   UNIDAD",UNIDAD,I
29749,CATETER URETERAL DOBLE J 4.7 FR X 24 cm   UNIDAD,UNIDAD,I
29974,GASA FRACCIONADA ESTERIL 7.5 cm X 7.5 cm   UNIDAD,UNIDAD,I
53383,PLACA TERCIO DE CAÑA BLOQUEADA 3.5 mm X 8 AGUJEROS   UNIDAD,UNIDAD,I
37885,"ESPARADRAPO HIPOALERGENICO DE PAPEL 1 "" x 10 Yd   UNIDAD",UNIDAD,I
4478,LOPERAMIDA 2 mg  TABLETA,TABLETA,M
19685,JERINGA DESCARTABLE 50 mL SIN AGUJA   UNIDAD,UNIDAD,I
28392,AGUJA HUBER Nº 22 G X 25 mm   UNIDAD,UNIDAD,I
35869,TIPS PARA MICROPIPETA 100 uL - 1000 uL X 100   UNIDAD,UNIDAD,I
45011,PLACA TERCIO DE CAÑA DE 12 AGUJEROS   UNIDAD,UNIDAD,I
32881,KIT COMPLETO DESCARTABLE DE TUBOS CORRUGADOS Y ACCESORIOS PEDIATRICO PARA EQUIPO DE ANESTESIA   UNIDAD,UNIDAD,I
48078,PINZA BIPOLAR PARA SELLADO DE VASOS CON CUCHILLA DE CORTE DE 5 mm X 23 cm PUNTA CURVA   UNIDAD,UNIDAD,I
17016,SONDA DE ASPIRACION CON CONTROL DE FLUJO DESCARTABLE Nº 8   UNIDAD,UNIDAD,I
1778,CICLOFOSFAMIDA 200 mg  INYECTABLE,INYECTABLE,M
23006,MASCARA DE OXIGENO CON RESERVORIO PARA USO PEDIATRICO  RECIRCULACION   UNIDAD,UNIDAD,I
18087,DOXORUBICINA CLORHIDRATO 50 mg  INYECTABLE,INYECTABLE,M
26839,CATETER VISCERAL COBRA 5.0 FR X 100 cm   UNIDAD,UNIDAD,I
22801,KIT DE VISCOELASTICOS PARA FACOEMULSIFICACION   KIT,KIT,I
25143,JERINGA DESCARTABLE 100 mL PICO LARGO   UNIDAD,UNIDAD,I
34317,ASA LEEP 10 mm X 10 mm   UNIDAD,UNIDAD,I
38997,BROCA 1.6 mm x 60 mm   UNIDAD,UNIDAD,I
20549,SET DE FIJACION CERVICAL ANTERIOR PARA COLUMNA   UNIDAD,UNIDAD,I
27869,PAPEL FILTRO 50 cm X 50 cm   UNIDAD,UNIDAD,I
23962,SUTURA ACIDO POLIGLACTIN 0 C/A 1/2 CIRCULO REDONDA 26 mm X 70 cm   UNIDAD,UNIDAD,I
4604,ANTIMONIATO DE MEGLUMINA 1.5 g 5 mL INYECTABLE,INYECTABLE,M
48319,"GRAPADORA QUIRURGICA LINEAL ENDOSCOPICA CORTANTE DE TRIPLE GRAPA PARA 30 mm, 45 mm Y 60 mm DE 26 cm   UNIDAD",UNIDAD,I
22027,TUBO DE VIDRIO 16 mm X 150 mm   UNIDAD,UNIDAD,I
47648,SET INSTRUMENTAL DE SELLADO Y DIVISOR PARA CIRUGIA LAPAROSCOPICA  2 PIEZAS UNIDAD,UNIDAD,I
40624,INJERTO VASCULAR CONICO ANILLADO DE PTFE 4 mm X 7 mm X 70 cm   UNIDAD,UNIDAD,I
19083,N ACETIL - L - CISTEINA  25 g UNIDAD,UNIDAD,I
42241,LENTE INTRAOCULAR TORICA DIOPTRIA +6 A +34 CAMARA POSTERIOR TRIFOCAL PLEGABLE 1 PIEZA  EMPAQUE POR UNIDAD UNIDAD,UNIDAD,I
31233,CLAVO KIRSCHNER 1.4 mm X 150 mm   UNIDAD,UNIDAD,I
33715,MANGA COMPLETA ELASTICA TALLA N° 4   UNIDAD,UNIDAD,I
19925,"HOJA DE DERMOCARRIER 1 - 1 1/2""   UNIDAD",UNIDAD,I
21489,CASSETTE DE PLASTICO PARA INCLUSION DE TEJIDOS (TAPA Y CONTRATAPA)   UNIDAD,UNIDAD,I
25693,LENTE INTRAOCULAR DIOPTRIA 17.0 CAMARA POSTERIOR PLEGABLE 1 PIEZA   UNIDAD,UNIDAD,I
24632,PUNTA DESCARTABLE DE RADIOFRECUENCIA 90º X 18 cm   UNIDAD,UNIDAD,I
38525,SUTURA ACIDO POLIGLACTIN 4/0 C/A 1/2 CIRCULO REDONDA 26 mm x 75 cm   UNIDAD,UNIDAD,I
46899,PLACA LCP DE 11 AGUJEROS X 3.5 mm PARA TIBIA DISTAL DERECHA   UNIDAD,UNIDAD,I
32751,ANTICUERPO ANTI TREPONEMA PALLIDUM TOTAL METODO QUIMIOLUMINISCENCIA  1 DET KIT,KIT,I
39969,CATETER BALON PARA ANGIOPLASTIA PERIFERICA 5 FR x 120 mm x 135 cm   UNIDAD,UNIDAD,I
45723,ALCOHOL ETILICO (ETANOL) 70° 4 L SOLUCION,SOLUCION,M
1800,CILASTATINA + IMIPENEM (COMO SAL SODICA) 500 mg + 500 mg  INYECTABLE,INYECTABLE,M
15174,AGUJA MONOPOLAR DESCARTABLE PARA EMG 25 mm DE LARGO   UNIDAD,UNIDAD,I
37465,APOSITO DE HIDROGEL CON PLATA IONICA X 45 mL   UNIDAD,UNIDAD,I
22410,DISCO DE SENSIBILIDAD DE AZTREONAM 30 ug 50 DISCOS UNIDAD,UNIDAD,I
21338,CANULA BINASAL PARA OXIGENO LACTANTE   UNIDAD,UNIDAD,I
19875,"JERINGA DESCARTABLE DE TUBERCULINA 1 mL CON AGUJA 25 G X 5/8""   UNIDAD",UNIDAD,I
40127,RECARGA PARA GRAPADORA QUIRURGICA CURVA RADIAL CORTANTE TRIPLE LINEA DE GRAPA PARA DE 60 mm   UNIDAD,UNIDAD,I
47568,"VACUNA CONTRA COVID-19 (RECOMBINANTE) (ChAdOx1-S),ASTRAZENECA- LAB. LIOMONT, S.A. DE C.V - MEXICO 0.5 mL/DOSIS VIAL x 5 mL x 10 DOSIS INYECTABLE",INYECTABLE,M
29618,TORNILLO DE TITANIO 1.95 mm X 8 mm   UNIDAD,UNIDAD,I
25928,PLACA LCP DE 13 AGUJEROS X 3.5 mm PARA TIBIA DISTAL ANTEROLATERAL DERECHA   UNIDAD,UNIDAD,I
22413,DISCO DE SENSIBILIDAD DE RIFAMPICINA 5 ug 50 DISCOS UNIDAD,UNIDAD,I
45070,IONOMERO DE VIDRIO AUTOCURABLE PARA RESTAURACION (POLVO - LIQUIDO 10 g/12 mL)   UNIDAD,UNIDAD,I
41473,CREMA HIDRATANTE DE BARRERA CUTANEA 92 g   UNIDAD,UNIDAD,I
37592,ARANDELA PARA TORNILLO CANULADO 7.0 mm   UNIDAD,UNIDAD,I
28908,ESPIRAL PARA EMBOLIZACION ENDOVASCULAR 3 mm X 6 cm   UNIDAD,UNIDAD,I
10745,SET COLORANTE GRAM  1 L (4 FRASCOS) SET,SET,I
38925,PRUEBA RAPIDA DE ROTAVIRUS Y ADENOVIRUS  25 DET KIT,KIT,I
38427,APOSITO TRANSPARENTE CON BORDE REFORZADO 6 cm x 7 cm   UNIDAD,UNIDAD,I
28785,TUBO DE ASPIRACION TRANSPARENTE FLEXIBLE PARA BRONCOSCOPIA 7.1 mm X 6.1 m   UNIDAD,UNIDAD,I
22456,BARRA DE CONEXION TRANSVERSO DE TITANIO DE 5.5 mm DE DIAMETRO   UNIDAD,UNIDAD,I
29396,ALIMENTO DIETETICO NUTRICIONAL COMPLETO PARA POST DIALISIS  237 mL SOLUCION,SOLUCION,I
33374,KIT COMPLETO DESCARTABLE DE TUBOS CORRUGADOS Y ACCESORIOS NEONATAL PARA CPAP NASAL Nº 7.5   UNIDAD,UNIDAD,I
37749,MALLA DE TITANIO CILINDRICA DE REEMPLAZO DE CUERPO VERTEBRAL 22 mm X 30 mm   UNIDAD,UNIDAD,I
53622,PLACA RECTA ESTRECHA BLOQUEADA 11 AGUJEROS 4.5 / 5.0 mm   UNIDAD,UNIDAD,I
32982,PLACA PETRI DE PLASTICO DESCARTABLE 15 mm X 100 mm   UNIDAD,UNIDAD,I
37805,ELECTRODO ADHESIVO DESCARTABLE PARA ELECTROESTIMULADOR TENS X 4   UNIDAD,UNIDAD,I
38743,ENDOPROTESIS DE METAL AUTOEXPANDIBLE PARA VIA BILIAR SIN CUBIERTA DE SILICONA 10 mm x 6 cm   UNIDAD,UNIDAD,I
28601,APOSITO TRANSPARENTE CON GLUCONATO DE CLORHEXIDINA 8.5 cm X 11.5 cm   UNIDAD,UNIDAD,I
26367,SODIO CLORURO (0.9 % -CIRCUITO CERRADO ) 900 mg/100 mL (0.9 %) CIRCUITO CERRADO 500 mL INYECTABLE,INYECTABLE,M
4234,KETOPROFENO 100 mg/5 mL 5 mL INYECTABLE,INYECTABLE,M
27238,DOSAJE DE CLORO  1 DET KIT,KIT,I
52226,MICROALBUMINA EN ORINA POR INMUNOTURBIDIMETRIA x DETERMINACION   UNIDAD,UNIDAD,I
51291,PRUEBA CUANTITATIVA POR INMUNOFLUORESCENCIA SECA  PARA HORMONA LUTEINIZANTE (LH) X 25 DET   UNIDAD,UNIDAD,I
23085,"BOLSA DE POLIETILENO DE BIOSEGURIDAD PARA AUTOCLAVE DE 36"" X 24"" COLOR ROJO   UNIDAD",UNIDAD,I
43192,"ADAPTADOR DE PERFUSION, ESTERIL   UNIDAD",UNIDAD,I
33764,MASCARA CERRADA ELASTICA TALLA M   UNIDAD,UNIDAD,I
32595,APOSITO TRANSPARENTE CON GLUCONATO DE CLORHEXIDINA 7 cm X 8.5 cm   UNIDAD,UNIDAD,I
44073,MANDIL DESCARTABLE NO ESTERIL REFORZADO EN PECHO Y MANGAS  TALLA L UNIDAD,UNIDAD,I
22081,"MINIPLACA DE TITANIO ""L"" A LA DERECHA 5 AGUJEROS   UNIDAD",UNIDAD,I
42507,ACIDO FOLICO  DETERMINACION UNIDAD,UNIDAD,I
53305,ESPIRAL PARA EMBOLIZACION ENDOVASCULAR 24 mm X 57 cm	   UNIDAD,UNIDAD,I
10762,ANTIGLOBULINA HUMANA COOMBS POLIESPECIFICA  10 mL SOLUCION,SOLUCION,I
17053,SONDA VESICAL 3 VIAS DESCARTABLE (TIPO FOLEY) Nº 22   UNIDAD,UNIDAD,I
28545,LIMAS K SET DEL 15-40 (1ERA SERIE) DE 19 mm   UNIDAD,UNIDAD,I
51521,CLINDAMICINA CLORHIDRATO USP  1 kg UNIDAD,UNIDAD,I
28628,TROCAR PARA CIRUGIA LAPARASCOPICA DE 10 mm DESCARTABLE   UNIDAD,UNIDAD,I
49184,KIT PARA INYECTOR AUTOMATICO PARA TOMOGRAFIA X 2 PIEZAS   UNIDAD,UNIDAD,I
23362,OCLUSOR DE COMUNICACION INTERAURICULAR (CIA) Nº 24   UNIDAD,UNIDAD,I
31368,"AGUJA ESPINAL DESCARTABLE 27 G X 4 11/16""   UNIDAD",UNIDAD,I
33538,APOSITO DE COLAGENO Y GLICOSAMINOGLICANO 20 cm X 25 cm   UNIDAD,UNIDAD,I
30427,INJERTO VASCULAR RECTO LISO DE PTFE 3.5 mm X 10 cm   UNIDAD,UNIDAD,I
42095,TORNILLO DE COMPRESION SIN CABEZA CANULADO AUTOPERFORANTE ROSCA VARIABLE 4.5 mm X 4.7 mm X 45 mm  UNIDAD UNIDAD,UNIDAD,I
39931,CANULA INFANTIL PARA TERAPIA DE ALTO FLUJO   UNIDAD,UNIDAD,I
12786,ANTIGENO VDRL  250 DET KIT,KIT,I
53378,DOSAJE DE DIMERO X 50  50 DET UNIDAD,UNIDAD,I
39381,REACTIVO COMPLEMENTO C4  1 DET UNIDAD,UNIDAD,I
46340,TUBO PLASTICO PARA VELOCIDAD DE SEDIMENTACION GLOBULAR  CON CITRATO DE SODIO  2 mL UNIDAD,UNIDAD,I
20122,"SET DE ANESTESIA EPIDURAL CON AGUJA Nº 18 G X 3 1/2""   UNIDAD",UNIDAD,I
55350,TORNILLO DE BLOQUEO - 4.3 mm X 32 mm UNIDAD,UNIDAD,I
1391,CABERGOLINA 500 µg (0.5 mg)  TABLETA,TABLETA,M
47842,"VACUNA CONTRA COVID-19 (ARNm) nucleosidos modificados, PFIZER, HOSPIRA Inc.- Mc PHERSON -  EEUU(COMIRNATY) 30 ug/ 0.3 mL VIAL 0.45 mL x 6 DOSIS INYECTABLE",INYECTABLE,M
23855,SET DE FIJACION EXTERNA PARA FEMUR   UNIDAD,UNIDAD,I
1578,CARVEDILOL 25 mg  TABLETA,TABLETA,M
18622,ERLOTINIB (COMO CLORHIDRATO) 150 mg  TABLETA,TABLETA,M
37563,SONDA NASOGASTRICA DE SILICONA Nº 8   UNIDAD,UNIDAD,I
38550,PROTESIS TOTAL DE RODILLA CEMENTADA   UNIDAD,UNIDAD,I
32652,AMILASA CINETICA  1 DET UNIDAD,UNIDAD,I
20300,LAPATINIB 250 mg  TABLETA,TABLETA,M
41563,TORNILLO CORTICAL 2.5 mm X 18 mm   UNIDAD,UNIDAD,I
29716,INFUSOR PEQUEÑO VOLUMEN PARA 2 DIAS DESCARTABLE   UNIDAD,UNIDAD,I
390,ALOPURINOL 300 mg  TABLETA,TABLETA,M
29779,PLACA PARA OSTEOTOMIA PARA MESETA TIBIAL LATERAL DE 04 AGUJEROS   UNIDAD,UNIDAD,I
12668,TRANSAMINASA GLUTAMICA OXALACETICA (TGO) CINETICO X 100 DETERMINACIONES  100 DET KIT,KIT,I
53791,CANULA VENOSA FEMORAL PEDIATRICA 12 F   UNIDAD,UNIDAD,I
34914,PIPETA PASTEUR DESCARTABLE 3 mL   UNIDAD,UNIDAD,I
4129,IOPAMIDOL Equiv. 370 mg Iodo/mL 100 mL INYECTABLE,INYECTABLE,M
53323,KIT PCR EN TIEMPO REAL PARA DETECCION DE ADN MYCOBACTERIUM TUBERCULOSIS   UNIDAD,UNIDAD,I
23967,SUTURA DE POLIPROPILENO AZUL MONOFILAMENTO 5/0 C/DOBLE AGUJA 1/2 REDONDA 17 mm X 75 cm   UNIDAD,UNIDAD,I
26783,DISCO DE SENSIBILIDAD DE AMOXICILINA 30 ug 50 DISCOS UNIDAD,UNIDAD,I
38689,SONDA DE ALIMENTACION DE POLIURETANO 5 FR   UNIDAD,UNIDAD,I
50434,CANULA ARTERIAL PARA OXIGENACION POR MEMBRANA EXTRACORPOREA (ECMO) UN LUMEN 19 FR   UNIDAD,UNIDAD,I
23961,SUTURA ACIDO POLIGLACTIN 6/0 C/2A 1/4 CIRCULO ESPATULADA 8 mm X 45 cm   UNIDAD,UNIDAD,I
11486,MINIPLACA DE TITANIO 16 AGUJEROS   UNIDAD,UNIDAD,I
15324,CANULA ARTERIAL AORTICA N° 14   UNIDAD,UNIDAD,I
12217,SUTURA NAILON AZUL MONOFILAMENTO 2/0 C/A 3/8 CIRCULO CORTANTE 25 mm X 75 cm   UNIDAD,UNIDAD,I
43548,SUTURA SEDA NEGRA TRENZADA 1 C/A 1/2 CIRCULO REDONDA 26 mm X 75 cm   UNIDAD,UNIDAD,I
24121,SUTURA LINO MULTIEMPAQUE 2/0 S/A 8 HEBRAS X 70 cm   UNIDAD,UNIDAD,I
24102,SUTURA NAILON AZUL MONOFILAMENTO 6/0 C/A 3/8 CIRCULO CORTANTE 20 mm X 45 cm   UNIDAD,UNIDAD,I
25192,TUBO DE DRENAJE JACKSON PRATT N° 10 CON RESERVORIO X 150 mL   UNIDAD,UNIDAD,I
39682,PROTESIS TOTAL DE RODILLA ABISAGRADA   UNIDAD,UNIDAD,I
40042,TARJETA GRUPO SANGUINEO GLOBULAR ABD x 2 DETERMINACIONES   UNIDAD,UNIDAD,I
21417,CANULA PARA TRAQUEOSTOMIA Nº 7 CON BALON   UNIDAD,UNIDAD,I
42297,KIT DE CIRCUITO PARA SUMINISTRO DE OXIDO NITRICO DE VENTILADOR MECANICO 12 mm LINEA 1.8 m   UNIDAD,UNIDAD,I
5915,NITROPRUSIATO SODICO 50 mg 2 mL INYECTABLE,INYECTABLE,M
21433,DISCO DE SENSIBILIDAD DE ACIDO NALIDIXICO 30 ug 50 DISCOS UNIDAD,UNIDAD,I
34525,CATETER PARA ANGIOGRAFIA CEREBRAL CURVA HN1 5.0 FR X 100 cm   UNIDAD,UNIDAD,I
19347,VALGANCICLOVIR 450 mg  TABLETA,TABLETA,M
3107,EPOETINA ALFA (ERITROPOYETINA) 2000 UI/mL 1 mL INYECTABLE,INYECTABLE,M
41883,INDICADOR QUIMICO EXTERNO DE ESTERILIZACION A VAPOR 18 mm X 54 m  UNIDAD UNIDAD,UNIDAD,I
31319,FORMULA LACTEA PARA CRECIMIENTO  800 g UNIDAD,UNIDAD,I
45054,MANDILON DE TELA NO TEJIDA MANGA LARGA TALLA L DESCARTABLE   UNIDAD,UNIDAD,I
46084,CANULA DE HIDRODISECCION DE ACERO INOXIDABLE  Nº 27 UNIDAD,UNIDAD,I
20501,SONDA DE ASPIRACION ENDOTRAQUEAL CIRCUITO CERRADO Nº 12   UNIDAD,UNIDAD,I
16284,"TUBO DE DRENAJE PEN ROSE 1/4"" X 18""   UNIDAD",UNIDAD,I
30301,FERULA DE MIEMBRO INFERIOR ALMOHADILLA DE FREDJKA   UNIDAD,UNIDAD,I
42813,GRAPADORA QUIRURGICA CIRCULAR CURVA PARA CIRUGIA ABIERTA  26 mm UNIDAD,UNIDAD,I
15414,CATETER  PARA EMBOLECTOMIA N° 5   UNIDAD,UNIDAD,I
21823,SUTURA NAILON AZUL MONOFILAMENTO 4/0 C/A 3/8 CIRCULO CORTANTE 10 mm X 75 cm   UNIDAD,UNIDAD,I
26640,CEMENTO QUIRURGICO OSEO (POLVO + LIQUIDO)  40 g + 20 mL KIT,KIT,I
44779,DOSAJE DE VITAMINA B12  DET UNIDAD,UNIDAD,I
6271,TRETINOINA 10 mg  TABLETA,TABLETA,M
25423,DISCO DE SENSIBILIDAD DE ESTREPTOMICINA 10 ug 50 DISCOS UNIDAD,UNIDAD,I
19843,CLAVO KIRSCHNER 1.6 mm X 300 mm   UNIDAD,UNIDAD,I
24919,GASA ESTERIL 5 cm X 5 cm X 5 UNIDADES   UNIDAD,UNIDAD,I
47269,SACO CON CAPUCHA PARA TERMOREGULACION DE RECIEN NACIDO DE POLIETILENO CON VELCRO   UNIDAD,UNIDAD,I
11877,SONDA NASOGASTRICA N_x0015_ 6 F*   UNIDAD,UNIDAD,I
32541,TARJETA GRUPO SANGUINEO GLOBULAR ABD COOMBS DIRECTO  1 DET KIT,KIT,I
34592,ESPARADRAPO DE PLASTICO HIPOALERGENICO 25 cm X 9.14 m APROX. 5 CORTES   UNIDAD,UNIDAD,I
49451,JUEGO DE VALVAS VAGINALES DE SIMS  X 3 PIEZAS UNIDAD,UNIDAD,I
29406,GASA DOBLADA ESTERIL 5 cm X 5 cm X 16 CAPAS X 5 UNIDADES   UNIDAD,UNIDAD,I
18049,POTASIO FOSFATO DIBASICO + POTASIO FOSFATO MONOBASICO 139.4 mg + 54.4 mg 20 mL INYECTABLE,INYECTABLE,M
41503,PINZA CLIPADORA 11 mm X 230 cm   UNIDAD,UNIDAD,I
44804,GEL ANTICORROSIVO CON AGENTES TENSIOACTIVOS PARA TRANSPORTE DE INSTRUMENTAL X 650 mL   UNIDAD,UNIDAD,I
42323,KIT COMPLETO DESCARTABLE DE TUBOS CORRUGADOS Y ACCESORIOS NEONATAL PARA CPAP Nº 4   UNIDAD,UNIDAD,I
40462,AMFOTERICINA B (AMBL) 50 mg  INYECTABLE,INYECTABLE,M
26476,TORNILLO DE TITANIO AUTOPERFORANTE 1.5 mm X 6 mm   UNIDAD,UNIDAD,I
28454,SET CIRCUITO RESPIRATORIO JAKSON REES MODIFICADO   UNIDAD,UNIDAD,I
19107,SUTURA NAILON AZUL MONOFILAMENTO 2/0 C/A 1/2 CIRCULO REDONDA 30 mm X 75 cm   UNIDAD,UNIDAD,I
53972,PLACA BLOQUEADA PARA FEMUR DISTAL LADO DERECHO DE 16 AGUJEROS  X 4.5 mm UNIDAD,UNIDAD,I
38309,SUPLEMENTO NUTRICIONAL PROTEINA DE SUERO DE LECHE  440 g POLVO,POLVO,I
50298,"VACUNA CONTRA COVID-19(ARNm) nucleosido modificado(Tozinameran/Famtozinameran),BIONTECH MANUFACTURING GmbH,ALEMANIA 15 ug/15 ug X 0.3 mL (COMIRNATY) VIAL X 2.25 mL INYECTABLE",INYECTABLE,M
37380,MANDIL DESCARTABLE CON PROTECTOR DE PLASTICO EN MANGAS Y PECHO TALLA ESTANDAR   UNIDAD,UNIDAD,I
52777,CANULA ENDOLUMINAL (STENT) CORONARIA DE METAL MEDICADA  2.25 mm X 24 mm UNIDAD,UNIDAD,I
53990,PLACA DE BLOQUEO LCP DE TITANIO PARA FEMUR DISTAL DERECHO DE 15 AGUJEROS  X 5.0/ 4.5 mm UNIDAD,UNIDAD,I
49530,ANTISUERO ANTI SALMONELLA SOMATICO GRUPO C2   UNIDAD,UNIDAD,I
43036,KIT DE CIRCUITO PARA SUMINISTRO DE OXIDO NITRICO DE VENTILADOR MECANICO 22 mm LINEA 1.8 m   UNIDAD,UNIDAD,I
30438,MARAVIROC 300 mg  TABLETA,TABLETA,M
30066,CATETER PARA MARCAPASO TEMPORAL 5 FR X 110 cm	   UNIDAD,UNIDAD,I
52943,TORNILLO CORTICAL 2.3 mm X 14 mm   UNIDAD,UNIDAD,I
34836,SUTURA DE POLIESTER TRENZADO VERDE 2/0 C/DOBLE AGUJA C/ALMOHADILLA DE TEFLON 1/2 CIRCULO REDONDA 15 mm x 75 cm   UNIDAD,UNIDAD,I
16515,APOSITO DE GASA 20 cm X 15 cm   UNIDAD,UNIDAD,I
52080,PAPEL TOALLA HOJA SIMPLE BLANCO  300 m UNIDAD,UNIDAD,I
33815,GRUPO SANGUINEO FENOTIPO RH - KELL  1 DET KIT,KIT,I
30722,SET DE MATERIAL INTRODUCTOR DE CATETER FEMORAL 8 FR X 11 cm   UNIDAD,UNIDAD,I
29885,RECARGA PARA GRAPADORA QUIRURGICA LINEAL CORTANTE PARA CIRUGIA ABIERTA 80 mm X 3.8 mm   UNIDAD,UNIDAD,I
32102,GLICERINA P.A. 99.5% 1 L SOLUCION,SOLUCION,I
5692,RISPERIDONA 1 mg/ mL 30 mL SOLUCION,SOLUCION,M
25845,TUBO ENDOTRAQUEAL DESCARTABLE Nº 3.5 CON BALON   UNIDAD,UNIDAD,I
51431,PROTESIS REVERSA DE HOMBRO   UNIDAD,UNIDAD,I
22571,MASCARA LARINGEA TIPO SUPREME DESCARTABLE Nº 4   UNIDAD,UNIDAD,I
41302,TIPS CON FILTRO DE BAJA RETENCION 0.5 uL - 10 uL X 96 TIPS/RACK   UNIDAD,UNIDAD,I
31713,GRAPADORA DESCARTABLE DE PIEL   UNIDAD,UNIDAD,I
22222,"PELICULA RADIOGRAFICA SENSIBLE AL VERDE 8"" X 10""   UNIDAD",UNIDAD,I
29448,GUANTE PARA EXAMEN DESCARTABLE TALLA M   PAR,PAR,I
39049,SET DE CATETER DE DRENAJE MULTIPROPOSITO 8.5 FR x 25 cm   SET,SET,I
45317,REACTIVO PARA ELECTROLITOS SANGUINEOS X 1 DETERMINACION   UNIDAD,UNIDAD,I
33245,GUIA METALICA HIDROFILICA PUNTA CURVA 0.035 in X 1.45 m   UNIDAD,UNIDAD,I
40594,SET DE COPA DELINEADORA DE FORNICES VAGINALES DESCARTABLE DE 3.5 cm PARA ELECTROCIRUGIA   UNIDAD,UNIDAD,I
30791,PAÑAL DESCARTABLE TIPO TOALLA X 20   UNIDAD,UNIDAD,I
39051,SET DE CATETER DE DRENAJE MULTIPROPOSITO 12 FR x 25 cm   SET,SET,I
36647,CIRCUITO DE PRESION POSITIVA CONTINUA (CPAP) DE BURBUJA PARA LACTANTES CON CANULA NASAL 4.0 mm/3.0 mm   UNIDAD,UNIDAD,I
17449,TUBO ENDOBRONQUIAL DOBLE LUMEN IZQUIERDO N° 35   UNIDAD,UNIDAD,I
22506,TORNILLO ESPONJOSO 6.5 mm X 30 mm   UNIDAD,UNIDAD,I
23803,BRINZOLAMIDA + TIMOLOL (SUSPENSION OFTALMICA) 10 mg/mL + 5 mg/mL 5 mL SUSPENSION,SUSPENSION,M
35911,PROTESIS TOTAL DE RODILLA IZQUIERDA   UNIDAD,UNIDAD,I
45180,PLACA LCP DE 7 AGUJEROS X 3.9 mm PARA CUBITO DISTAL DERECHA   UNIDAD,UNIDAD,I
43354,BOLSA PARA VOMITOS DE POLIETILENO 16.5 cm x 30.5 cm APROX.   UNIDAD,UNIDAD,I
20195,SUTURA NAILON AZUL MONOFILAMENTO 4/0 C/A 3/8 CIRCULO CORTANTE 25 mm X 75 cm   UNIDAD,UNIDAD,I
39027,SONDA DE ALIMENTACION DE CLORURO DE POLIVINILO 6 FR   UNIDAD,UNIDAD,I
22082,"MINIPLACA DE TITANIO ""L"" A LA IZQUIERDA 5 AGUJEROS   UNIDAD",UNIDAD,I
41859,PINZA DE BIOPSIA ENDOBRONQUIAL FENESTRADA CON DIENTE (TIPO COCODRILO)  120 cm DE LONGITUD UNIDAD,UNIDAD,I
26767,DISCO DE SENSIBILIDAD DE DOXICICLINA 30 ug 50 DISCOS UNIDAD,UNIDAD,I
30716,MASCARA LARINGEA Nº 3   UNIDAD,UNIDAD,I
4808,MICOFENOLATO MOFETILO 250 mg  TABLETA,TABLETA,M
31281,DISCO DE SENSIBILIDAD DE CEFIXIMA 5 µg 50 DISCOS UNIDAD,UNIDAD,I
34811,TAPENTADOL 50 mg  TABLETA,TABLETA,M
31112,BOLSA COLECTORA DE ORINA X 750 mL CON ADAPTADOR PARA MUSLO   UNIDAD,UNIDAD,I
22991,SUTURA SEDA NEGRA TRENZADA MULTIEMPAQUE 1 S/A 8 HEBRAS X 50 cm   UNIDAD,UNIDAD,I
5431,PILOCARPINA CLORHIDRATO(SOLUCION OFTALMICA) 20 mg/mL 10 mL SOLUCION,SOLUCION,M
48100,"SET DE CONTROLES PARA DOSAJE DE INMUNOSUPRESORES NIVEL 1,2,3 Y 4 POR ESPECTOMETRIA DE MASAS (MS)  4 FRASCOS X 2 mL UNIDAD",UNIDAD,I
37421,SONDA NASOYEYUNAL 100% SILICONA CON LASTRE 14 FR   UNIDAD,UNIDAD,I
41935,DESINFECTANTE - DESINCRUSTANTE  1 gal UNIDAD,UNIDAD,I
30235,PROTESIS MIEMBRO INFERIOR ARRIBA DE RODILLA ENDOESQUELETICA SOCKET POLIPROPILENO CON CINTURON SILECIANO   UNIDAD,UNIDAD,I
48592,RESINA FOTOCURABLE B1 X 4 g   UNIDAD,UNIDAD,I
32271,TORNILLO DE BLOQUEO 3.5 mm X 12 mm   UNIDAD,UNIDAD,I
28907,SUTURA NAILON NEGRO MONOFILAMENTO 6/0 C/A 3/8 CIRCULO CORTANTE 13 mm X 45 cm   UNIDAD,UNIDAD,I
25756,INJERTO OSEO ESPONJOSO DE 1 CABEZA FEMORAL   UNIDAD,UNIDAD,I
54054,FRESA DE DIAMANTE - 5.0 mm X 70 mm UNIDAD,UNIDAD,I
24850,TORNILLO ESPONJOSO 4.0 mm X 20 mm   UNIDAD,UNIDAD,I
23249,CATETER VENOSO CENTRAL DOBLE LUMEN 3 FR X 6 cm   UNIDAD,UNIDAD,I
43764,PLACA LCP DE 08 AGUJEROS X 4.5 mm PARA FEMUR PROXIMAL   UNIDAD,UNIDAD,I
42458,CATETER DE IMPEDANCIA (6 CANALES) - PH (1 CANAL) PARA ADOLESCENTE 18 cm   UNIDAD,UNIDAD,I
23169,PROTESIS TOTAL DE CADERA CEMENTADA   UNIDAD,UNIDAD,I
33717,MANGA COMPLETA ELASTICA TALLA N° 8   UNIDAD,UNIDAD,I
25586,TUBO ENDOTRAQUEAL DESCARTABLE Nº 3.5 SIN CUF   UNIDAD,UNIDAD,I
49272,ANTICUERPO ANTI MYCOPLASMA PNEUMONAE IgM ELISA  X 96 DETERMINACIONES UNIDAD,UNIDAD,I
38693,SONDA DE ALIMENTACION DE POLIURETANO 4 FR   UNIDAD,UNIDAD,I
20862,ALAMBRE KIRSCHNER 1.6 mm X 250 mm   UNIDAD,UNIDAD,I
33362,CATETER PARA EMBOLECTOMIA TIPO FOGARTY Nº 2   UNIDAD,UNIDAD,I
23348,CANULA BINASAL PARA OXIGENO PEDIATRICA   UNIDAD,UNIDAD,I
53695,KIT DE ROPA DESCARTABLE PARA TOMA DE MUESTRA TALLA M X 3 PIEZAS   UNIDAD,UNIDAD,I
783,AMOXICILINA 125 mg/5 mL 60 mL SUSPENSION,SUSPENSION,M
34540,BOLSA COLECTORA DE ORINA X 900 mL CON ADAPTADOR PARA MUSLO   UNIDAD,UNIDAD,I
41605,PLACA LCP DE 10 AGUJEROS X 4.5 mm PARA FEMUR PROXIMAL   UNIDAD,UNIDAD,I
12569,TORNILLO CORTICAL 4.5 mm X 44 mm   UNIDAD,UNIDAD,I
33886,CANULA NASAL PARA SISTEMA CPAP DE BURBUJA N° 12   UNIDAD,UNIDAD,I
23788,ARANDELA PARA TORNILLO PARA HUESO ESPONJOSO 4.0 mm   UNIDAD,UNIDAD,I
28827,TORNILLO BICORTICAL DE TITANIO AUTORROSCANTE 2.0 mm  X 10 mm   UNIDAD,UNIDAD,I
19940,TIRA REACTIVA PARA ORINA DE 10 PARAMETROS  100 DET KIT,KIT,I
47224,MEDIO DE CULTIVO PARA LINFOCITOS X 100 mL   KIT,KIT,I
22974,SUTURA ACIDO POLIGLACTIN 2/0 C/A 1/2 CIRCULO REDONDA 26 mm X 70 cm   UNIDAD,UNIDAD,I
40040,ALARGADOR DE LAPIZ PARA ELECTROCAUTERIO DE 16 cm   UNIDAD,UNIDAD,I
24317,TORNILLO DE TITANIO 2.0 mm X 6 mm   UNIDAD,UNIDAD,I
44749,HEMOGRAMA AUTOMATIZADO DIFERENCIAL 5 ESTIRPES CON RETICULOCITOS  DET UNIDAD,UNIDAD,I
18074,VORICONAZOL 200 mg  TABLETA,TABLETA,M
23738,"AGUJA ESPINAL DESCARTABLE 27 G X 3 1/2""   UNIDAD",UNIDAD,I
40910,FIBRA OPTICA DE ENDOLASER 365 µm PUNTA PLANA   UNIDAD,UNIDAD,I
18782,LENTE INTRAOCULAR DIOPTRIA 20.5 CAMARA POSTERIOR NO PLEGABLE 3 PIEZAS   UNIDAD,UNIDAD,I
42481,ALCOHOL ETILICO (ETANOL) ABSOLUTO GRADO BIOLOGIA MOLECULAR  2.5 L SOLUCION,SOLUCION,I
42676,TRANSDUCTOR DE PRESION INVASIVA PARA MONITOR MULTIPARAMETRO NIHON KOHDEN   UNIDAD,UNIDAD,I
25844,SONDA DE ASPIRACION DE SECRECIONES CIRCUITO CERRADO Nº 10   UNIDAD,UNIDAD,I
46482,"MINIPLACA DE TITANIO ""L"" A LA DERECHA 5 AGUJEROS CON PUENTE   UNIDAD",UNIDAD,I
76,ACETILCISTEINA 600 mg  TABLETA,TABLETA,M
31547,TORNILLO CANULADO 4.0 mm X 18 mm   UNIDAD,UNIDAD,I
52121,TIRA REACTIVA PARA CREATINA Y ALBUMINA ORINA X 25   UNIDAD,UNIDAD,I
22191,HOJA DE LARINGOSCOPIO CURVA Nº 3   UNIDAD,UNIDAD,I
34748,JUEGO CUBETAS CRIBADAS DE ALUMINIO SUPERIOR E INFERIOR PARA PACIENTE EDENTULO TALLA M X 2 PIEZAS   UNIDAD,UNIDAD,I
40666,DISCO DE SENSIBILIDAD DE EDTA 750 µg x 50 DISCOS   UNIDAD,UNIDAD,I
22075,HIDROXIDO DE CALCIO  10 g POLVO,POLVO,I
38338,SET COMPLETO DE TUBOS CORRUGADOS Y ACCESORIOS ADULTO PARA EQUIPO DE ANESTESIA   SET,SET,I
1513,CAPECITABINA 500 mg  TABLETA,TABLETA,M
19543,AGAR BILIS ESCULINA  500 g UNIDAD,UNIDAD,I
38192,MASCARILLA DE PROTECCION PLEGABLE TIPO FFP3   UNIDAD,UNIDAD,I
20991,PLACA DCP RECTA LIVIANA ESTRECHA DE 7 AGUJEROS X 4.5 mm   UNIDAD,UNIDAD,I
50317,SUTURA SEDA NEGRA TRENZADA 6/0 C/DOBLE AGUJA ESPATULADA 3/8 DE 6.5 mm X 45 cm   UNIDAD,UNIDAD,I
32005,ARTICULACION DE RODILLA MODELO 3R-21   UNIDAD,UNIDAD,I
53356,PUNTERA (TIPS) ESTERIL UNIVERSAL 200 µL - 1000 µL  X 1000 UNIDAD,UNIDAD,I
25214,BOLSA DE NUTRICION PARENTERAL X 150 mL   UNIDAD,UNIDAD,I
42454,REACTIVO PARA HEPATITIS B ANTIGENO DE SUPERFICIE QUIMIOLUMINISCENCIA  UNIDAD UNIDAD,UNIDAD,I
19703,ACEITE IODADO DE ADORMIDERA 480 mg Iodo/mL 10 mL INYECTABLE,INYECTABLE,M
22953,"MASCARILLA FACIAL PARA VENTILACION MECANICA NO INVASIVA ""M""   UNIDAD",UNIDAD,I
21277,PUNZON TIPO ESPIGA UNIDIRECCIONAL DESCARTABLE DE ACCESO PARA SOLUCION INTRAVENOSA   UNIDAD,UNIDAD,I
15220,ANTIGENO TIFICO O  5 mL SOLUCION,SOLUCION,I
17303,SUTURA NAILON AZUL MONOFILAMENTO 1 C/A 1/2 CIRCULO REDONDA 40 mm X 75 cm   UNIDAD,UNIDAD,I
55265,PRUEBA RAPIDA CUALITATIVA PARA LA DETECCION DE FIBRONECTINA FETAL - - UNIDAD,UNIDAD,I
25263,ACIDO ACETICO GLACIAL P.A.  1 L UNIDAD,UNIDAD,I
34220,HEMOSTATICO TOPICO ABSORBIBLE DE CELULOSA OXIGENADA Y REGENERADA 10.2 cm X 20.3 cm   UNIDAD,UNIDAD,I
28923,TORNILLO ESPONJOSO 4.0 mm X 16 mm   UNIDAD,UNIDAD,I
27259,PROTEINA C REACTIVA ULTRASENSIBLE  1 DET KIT,KIT,I
27352,APOSITO TRANSPARENTE CON ALMOHADILLA 9 cm x 25 cm   UNIDAD,UNIDAD,I
22688,MITOMICINA 2 mg  INYECTABLE,INYECTABLE,M
52352,SUTURA NAILON AZUL MONOFILAMENTO 3/0 C/A 3/8 CIRCULO CORTANTE 40 mm X 75 cm   UNIDAD,UNIDAD,I
34428,ANTIGENO PROSTATICO ESPECIFICO (PSA) LIBRE  1 DET KIT,KIT,I
41837,TORNILLO DE COMPRESION AUTOPERFORANTE HCS 2.4 mm X 24 mm   UNIDAD,UNIDAD,I
11641,PLACA DCP RECTA LIVIANA (ESTRECHA) DE 8 AGUJEROS X 3.5 mm   UNIDAD,UNIDAD,I
10428,CANULA PARA TRAQUEOSTOMIA Nº 8   UNIDAD,UNIDAD,I
33102,ANTIGENO PROSTATICO ESPECIFICO (PSA) TOTAL  100 DET KIT,KIT,I
21342,SUTURA NAILON AZUL MONOFILAMENTO 3/0 C/A 1/2 CIRCULO CORTANTE 25 mm X 75 cm   UNIDAD,UNIDAD,I
32107,CANISTER DE PLASTICO  800 mL UNIDAD,UNIDAD,I
53058,DETERGENTE BIODEGRADABLE ALCALINO LIBRE DE FOSFATOS X 2.5 L   UNIDAD,UNIDAD,I
24519,DISCO DE SENSIBILIDAD DE CEFALEXINA 30 ug 50 DISCOS UNIDAD,UNIDAD,I
40694,AGUJA DE ACUPUNTURA DESCARTABLE 1 ?   UNIDAD,UNIDAD,I
21013,SOLUCION PARA DIALISIS PERITONEAL 2.5 % 2 L SOLUCION,SOLUCION,M
37784,PLACA ANGULADA 100º 4 AGUJEROS X 4.5 mm   UNIDAD,UNIDAD,I
29217,CIRCUITO DE PRESION POSITIVA CONTINUA (CPAP) NASAL Nº 3   UNIDAD,UNIDAD,I
18972,SUTURA NAILON AZUL MONOFILAMENTO 3/0 C/A 3/8 CIRCULO CORTANTE 15 mm X 75 cm   UNIDAD,UNIDAD,I
31432,PIE SACH IZQUIERDO UNISEX TALLA 26 COLOR BEIGE   UNIDAD,UNIDAD,I
38268,VACUNA ANTIVARICELA 1400 UFP 0.7 mL INYECTABLE,INYECTABLE,M
39932,CANULA NEONATAL PARA TERAPIA DE ALTO FLUJO   UNIDAD,UNIDAD,I
25198,SUTURA DE POLIDIOXANONA 4/0 C/A 1/2 CIRCULO REDONDA 15 mm X 70 cm   UNIDAD,UNIDAD,I
21472,CLAVO SCHANZ ROSCA CENTRAL 4.5 mm X 25 cm   UNIDAD,UNIDAD,I
45528,KIT CIRCUITO DE 1/4 in PARA SISTEMA DE OXIGENACION POR MEMBRANA EXTRACORPOREA (ECMO)   UNIDAD,UNIDAD,I
18519,TORNILLO ESPONJOSO 3.5 mm X 20 mm   UNIDAD,UNIDAD,I
28730,AGUJA SEMIAUTOMATICA PARA BIOPSIA 18 G X 15 cm X 20 mm   UNIDAD,UNIDAD,I
575,AMBROXOL 15 mg/5 mL 120 mL JARABE,JARABE,M
15846,CLAVO KUNTSCHER 9.0 mm X 21 cm   UNIDAD,UNIDAD,I
27608,SISTEMA DE PLACA DE BLOQUEO PARA CADERA PEDIATRICA DE 2.7 mm   UNIDAD,UNIDAD,I
16363,"ESPARADRAPO DE TELA 3"" X 10 yd X 4 CORTES   UNIDAD",UNIDAD,I
38322,EXTENSOR DE ELECTROBISTURI TIPO BOLA 13.5 cm   UNIDAD,UNIDAD,I
47875,PROTECTOR OCULAR DESCARTABLE PARA FOTOTERAPIA RECIEN NACIDO DE 26-32 cm   UNIDAD,UNIDAD,I
54232,LURASIDONA 40 mg - TABLETA,TABLETA,M
20088,TORNILLO CORTICAL 3.5 mm X 42 mm   UNIDAD,UNIDAD,I
46318,SOPORTE MOLDEABLE DE ALUMINIO PARA TERAPIA INTRAVENOSA 8 cm X 26 cm   UNIDAD,UNIDAD,I
10870,ELECTRODO DE BOLA LEEP DE 5 mm DE DIAMETRO X 12 cm   UNIDAD,UNIDAD,I
33310,SET DE MATERIAL DESCARTABLE PARA PROCEDIMIENTOS QUIRURGICOS PARA NEURONAVEGADOR X 4 PIEZAS   SET,SET,I
4387,LIDOCAINA CLORHIDRATO 20 mg/mL 1.8 mL INYECTABLE,INYECTABLE,M
28658,TORNILLO DE BLOQUEO 3.9 mm X 20 mm   UNIDAD,UNIDAD,I
28094,CRIOVIAL DE POLIPROPILENO NO ESTERIL X 3 mL CON TAPA ROSCA   UNIDAD,UNIDAD,I
29791,CANULA DE ASPIRACION SUB RETINAL 23 GA   UNIDAD,UNIDAD,I
22377,GRAPADORA QUIRURGICA LINEAL PARA CIRUGIA ABIERTA 60 mm   UNIDAD,UNIDAD,I
25547,SUTURA DE POLIPROPILENO AZUL MONOFILAMENTO 4/0 C/2A 1/2 CIRCULO REDONDA 15 mm X 70 cm   UNIDAD,UNIDAD,I
39892,PLACA LCP DE ANGULO VARIABLE DE 2.7/3.5 mm DE 8 AGUJEROS PARA OLECRANON IZQUIERDO DE ACERO   UNIDAD,UNIDAD,I
35599,KIT DE DETEC.MOLECULAR RAPIDA DE RESISTENCIA A RIFAMPICINA/ISONIACIDA P/M.TUBERCULOSIS  96 DET UNIDAD,UNIDAD,I
25356,TUBO DE DRENAJE JACKSON PRATT N° 10 CON RESERVORIO X 100 mL   UNIDAD,UNIDAD,I
54691,PINZA ROBOTICA FENESTRADA CON PUNTA ELEVADA CON ANGULO DE APERTURA DE MANDIBULA 60░ - X 32 mm X 327.7 mm UNIDAD,UNIDAD,I
5143,OLEATO DE MONOETANOLAMINA 50 mg/mL 2 mL INYECTABLE,INYECTABLE,M
35209,AGAR BASE SABOURAUD  500 g UNIDAD,UNIDAD,I
21495,INSULINA GLULISINA 100 UI/mL 3 mL INYECTABLE,INYECTABLE,M
23475,CATETER MULTIPROPOSITO CON PERFORACION 5 FR X 100 cm   UNIDAD,UNIDAD,I
55668,"ANTISUERO ANTI SALMONELLA O GRUPO A (2,12) - X 3 mL UNIDAD",UNIDAD,I
45031,INJERTO VASCULAR ANILLADO DE PTFE 7 mm X 70 cm   UNIDAD,UNIDAD,I
35601,NINTEDANIB 150 mg  TABLETA,TABLETA,M
32944,MICROCATETER 1.3 FR X 167 cm   UNIDAD,UNIDAD,I
19339,SILICONA FLUIDA (USO DENTAL)  140 mL UNIDAD,UNIDAD,I
3499,FENOXIMETILPENICILINA POTASICA 1000000 UI  TABLETA,TABLETA,M
37056,CANULA DE ASPIRACION MANUAL ENDOUTERINA DESCARTABLE 9 mm   UNIDAD,UNIDAD,I
30938,PLACA TERCIO DE CAÑA DE 10 AGUJEROS   UNIDAD,UNIDAD,I
19417,DARUNAVIR 300 mg  TABLETA,TABLETA,M
21894,RECARGA PARA GRAPADORA QUIRURGICA LINEAL CORTANTE ENDOSCOPICA 45 mm X 2.5 mm   UNIDAD,UNIDAD,I
23819,PLACA ANGULADA 95°  DCS 18 AGUJEROS   UNIDAD,UNIDAD,I
11373,"JERINGA DESCARTABLE 1 mL CON AGUJA 23 G X 1""   UNIDAD",UNIDAD,I
27525,TORNILLO DE TITANIO AUTOPERFORANTE 1.6 mm X 5 mm   UNIDAD,UNIDAD,I
4328,LAMIVUDINA 150 mg  TABLETA,TABLETA,M
25369,CONECTOR DE ALTA PRESION DESCARTABLE 8.8 FR X 120 cm   UNIDAD,UNIDAD,I
30970,BOTON PARA GASTROSTOMIA 20 FR X 2.0 cm DE LONGITUD   UNIDAD,UNIDAD,I
23963,SUTURA ACIDO POLIGLACTIN 0 C/A 1/2 CIRCULO REDONDA 36.4 mm X 70 cm   UNIDAD,UNIDAD,I
28196,CLIP DE TITANIO TALLA S X 6   UNIDAD,UNIDAD,I
38383,CATETER VENOSO CENTRAL DOBLE LUMEN 5.5 FR x 13 cm   UNIDAD,UNIDAD,I
39934,CIRCUITO PARA TERAPIA RESPIRATORIA DE ALTO FLUJO   UNIDAD,UNIDAD,I
39787,ASA LEEP 15 mm X 15 mm   UNIDAD,UNIDAD,I
5212,OXACILINA 500 mg  INYECTABLE,INYECTABLE,M
46362,AGAR CROMOGENICO PARA DETECCION DE BETALACTAMASAS DE ESPECTRO EXTENDIDO (ESBL) Y AMPC  500 g UNIDAD,UNIDAD,I
38199,CONO DE GUTAPERCHA SET Nº 15 DE 30 mm X 6   UNIDAD,UNIDAD,I
42512,CANULA ADULTO PARA TERAPIA DE ALTO FLUJO TALLA M   UNIDAD,UNIDAD,I
17400,TORNILLO CORTICAL 2.7 mm X 20 mm   UNIDAD,UNIDAD,I
25072,HEMOSTATICO TOPICO ABSORBIBLE DE CELULOSA OXIGENADA Y REGENERADA 10 X 20 cm   UNIDAD,UNIDAD,I
32023,"AGAR CRISTAL VIOLETA, ROJO NEUTRO, BILIS, LACTOSA (VRBL)  500 g UNIDAD",UNIDAD,I
23990,SUTURA POLIGLECAPRONE MONOFILAMENTO 1 C/A 1/2 REDONDA 36.4 mm X 70 cm   UNIDAD,UNIDAD,I
34368,CARDIODESFIBRILADOR IMPLANTABLE UNICAMERAL   UNIDAD,UNIDAD,I
37226,GRAPADORA QUIRURGICA CIRCULAR CORTANTE 31 mm   UNIDAD,UNIDAD,I
34589,PELICULA RADIOGRAFICA LASER 14 in X 17 in X 100	   UNIDAD,UNIDAD,I
1798,CICLOSPORINA 50 mg  TABLETA,TABLETA,M
26242,SET DE VERTEBROPLASTIA PERCUTANEA DESCARTABLE DE 20 mL   UNIDAD,UNIDAD,I
27848,CLAVO KIRSCHNER 1.0 mm X 28 cm   UNIDAD,UNIDAD,I
33129,SUERO ANTI A-1  5 mL SOLUCION,SOLUCION,I
39071,HEPATITIS A ANTICUERPO IgM  1 DET KIT,KIT,I
32995,TORNILLO DE TITANIO 2.4 mm X 14 mm   UNIDAD,UNIDAD,I
18901,PROPIPETA DE JEBE PARA PIPETA DE 10 mL CON TRES VALVULAS   UNIDAD,UNIDAD,I
22386,GASA PARAFINADA 10 cm X 7 cm   UNIDAD,UNIDAD,I
4763,METOTREXATO SODICO 500 mg 5 mL INYECTABLE,INYECTABLE,M
19823,SONDA ESOFAGICA SIMPLE DOPPLER DE GASTO CARDIACO   UNIDAD,UNIDAD,I
4373,LEVOSIMENDAN 2.5 mg/mL 5 mL INYECTABLE,INYECTABLE,M
19095,SUTURA ACIDO POLIGLICOLICO 2/0 C/A 1/2 CIRCULO REDONDA 20 mm X 70 cm   UNIDAD,UNIDAD,I
35202,CONO DE GUTAPERCHA SET DEL 15 -40 (1era SERIE) X 120   UNIDAD,UNIDAD,I
25261,SUTURA DE POLIPROPILENO AZUL MONOFILAMENTO 4/0 C/DOBLE AGUJA 1/2 CIRCULO REDONDA 26 mm X 90 cm   UNIDAD,UNIDAD,I
28966,APOSITO DE POLIURETANO CON PLATA IONICA 3 cm X 15 cm X 26 cm   UNIDAD,UNIDAD,I
72,ACETILCISTEINA 300 mg 3 mL INYECTABLE,INYECTABLE,M
35412,SET DE TUBULADURAS NEONATAL X 20 PIEZAS   UNIDAD,UNIDAD,I
45020,INDICADOR INTERNO DE ESTERILIZACION A PEROXIDO DE HIDROGENO   UNIDAD,UNIDAD,I
38763,PAPEL MILIMETRADO PARA ELECTROCARDIOGRAMA 210 mm x 20 m   UNIDAD,UNIDAD,I
45448,CANULA ABIERTA DE TORNILLO FENESTRADO 16G X 160 mm PARA SISTEMA DE COLUMNA VERTEBRAL   UNIDAD,UNIDAD,I
15331,CANULA ARTERIAL FEMORAL N° 14   UNIDAD,UNIDAD,I
37532,FRESA PARA CRANEOTOMO DE ACERO DE CORTE LATERAL ACANALADO 2.37 mm X 5 cm   UNIDAD,UNIDAD,I
48044,FORMULA MODULAR PROTEICA LIQUIDA X 900 mL   SOLUCION,SOLUCION,M
27599,CUCHILLETE DESCARTABLE DE INCISION PARA FACOEMULSIFICACION DE 2.75 mm   UNIDAD,UNIDAD,I
51267,CONO DE GUTAPERCHA SET DE 0.35 mm CON CONICIDAD 4% X 60 UNIDADES   UNIDAD,UNIDAD,I
22650,CITRATO DE MAGNESIO P.A.  250 g SOLUCION,SOLUCION,I
36882,RESINA FOTOCURABLE B2 X 4 g   UNIDAD,UNIDAD,I
23061,CANULA PARA TRAQUEOSTOMIA Nº 9 FENESTRADA	   UNIDAD,UNIDAD,I
37993,SUTURA LINO MULTIEMPAQUE 2/0 S/A 10 HEBRAS X 75 cm   UNIDAD,UNIDAD,I
36155,BOLSA DE POLIETILENO BILAMINADA FOTOPROTECTORA Y TERMOPROTECTORA 3 µm X 18 cm X 25 cm   UNIDAD,UNIDAD,I
52650,CLAMP DE BAKEY ATRAUMATICO ANGULADO  15 cm UNIDAD,UNIDAD,I
23091,JUEGO CIRCUITO CORRUGADO PEDIATRICO DESCARTABLE PARA VENTILADOR MECANICO   UNIDAD,UNIDAD,I
29879,BROCA 1.5 mm CON TOPE 44.5 mm/8 mm DE DOS ARISTAS DE CORTE   UNIDAD,UNIDAD,I
50994,RACK DE POLIPROPILENO RECTANGULAR CON 96 TIPS DE 10 µL a 100 µL   UNIDAD,UNIDAD,I
41927,SONDA DE ASPIRACION CONTINUA SILICONA Nº 8 FR   UNIDAD,UNIDAD,I
25354,TORNILLO DE BLOQUEO 3.5 mm X 18 mm   UNIDAD,UNIDAD,I
25834,LAMINA PORTA OBJETO 25 mm X 75 mm X 100   UNIDAD,UNIDAD,I
42624,PINZA GRASPER PARA LAPAROSCOPIA 5 mm X 33 cm   UNIDAD,UNIDAD,I
51899,ANTICUERPO MONOCLONAL PARA CITOQUERATINA 7 (OV-TL 12/30) X 7 mL   UNIDAD,UNIDAD,I
42778,LENTE INTRAOCULAR DIOPTRIA +6.0 A +30.0 CAMARA POSTERIOR PLEGABLE 3 PIEZAS   UNIDAD,UNIDAD,I
50974,ANTICUERPO MONOCLONAL PARA INMUNOHISTOQUIMICA CITOQUERATINA 20 X 1 mL   UNIDAD,UNIDAD,I
15242,ARANDELA PARA TORNILLO PARA HUESO ESPONJOSO 3.5 mm   UNIDAD,UNIDAD,I
45884,COBERTOR DE PLASTICO PARA JERINGA TRIPLE DE METAL   UNIDAD,UNIDAD,I
22429,TIRA REACTIVA PARA OXIDASA  50 DET KIT,KIT,I
37776,SUTURA SEDA NEGRA TRENZADA 2/0 C/A 3/8 CIRCULO CORTANTE 26 mm X 45 cm   UNIDAD,UNIDAD,I
18213,BETAMETASONA DIPROPIONATO 50 mg/100 g 20 g CREMA,CREMA,M
12568,TORNILLO CORTICAL 4.5 mm X 42 mm   UNIDAD,UNIDAD,I
35218,HISOPO PARA MONITOREO DE LIMPIEZA POR BIOLUMINISCENCIA (ATP)   UNIDAD,UNIDAD,I
33832,INJERTO VASCULAR BIFURCADO DE DACRON 7 mm X 14 mm X 40 cm   UNIDAD,UNIDAD,I
10071,AGAR SALMONELLA SHIGUELLA (SS)  500 g UNIDAD,UNIDAD,I
21856,SOLUCION PARA DIALISIS PERITONEAL 1.5 % 5 L SOLUCION,SOLUCION,M
19545,SUTURA SEDA NEGRA TRENZADA 3/0 S/A X 75 cm   UNIDAD,UNIDAD,I
16565,GUANTE DESCARTABLE PARA EXAMEN Nº 6 1/2 (PAR)   UNIDAD,UNIDAD,I
22610,RECARGA PARA GRAPADORA QUIRURGICA LINEAL CORTANTE PARA CIRUGIA ABIERTA 75 mm PARA TEJIDO GRUESO   UNIDAD,UNIDAD,I
31405,CANULA VENOSA ATRIO CAVA 36 FR Y 42 FR   UNIDAD,UNIDAD,I
3964,HIDROXICLOROQUINA SULFATO 400 mg (Equiv. 310 mg hidroxicloroqui  TABLETA,TABLETA,M
4688,METAMIZOL SODICO 500 mg/mL 10 mL SOLUCION,SOLUCION,M
12491,TERMOMETRO CLINICO RECTAL   UNIDAD,UNIDAD,I
50883,GUIA HIDROFILICA CURVA FLEXIBLE 0.035 in X 1.8 m   UNIDAD,UNIDAD,I
11764,RESINA FOTOCURABLE KIT (AC. GRABADOR +COMPONENTE)   KIT,KIT,I
24717,CLAVO KIRSCHNER 1.2 mm X 300 mm   UNIDAD,UNIDAD,I
22224,CATETER PARA DIALISIS PERITONEAL BLANDO RECTO 2 CUFF X 15 cm X 57.5 cm   UNIDAD,UNIDAD,I
42266,TROCAR METALICO 5 mm X 10 cm CON SISTEMA RETRACTIL REUSABLE   UNIDAD,UNIDAD,I
16826,PAÑAL CALZON DESCARTABLE PARA ADULTO TALLA MEDIANO   UNIDAD,UNIDAD,I
4125,IOPAMIDOL Equiv. 300 mg Iodo/mL 100 mL INYECTABLE,INYECTABLE,M
31488,CATETER VENOSO CENTRAL UN LUMEN DE LARGA PERMANENCIA 2.7 FR X 75 cm   UNIDAD,UNIDAD,I
33192,CATETER BALON PARA VALVULOPLASTIA PULMONAR 10 mm X 2 cm DE 5.5 FR X 70 cm   UNIDAD,UNIDAD,I
18512,PAPEL CREPADO 75 cm X 75 cm   UNIDAD,UNIDAD,I
24104,"CATETER ENDOVENOSO PERIFERICO Nº 20 X 1.16""   UNIDAD",UNIDAD,I
43427,ANTICUERPO ANTI DENGUE NS1 ELISA  96 DETERMINACIONES KIT,KIT,I
27864,TORNILLO CORTICAL 2.4  mm X 20 mm   UNIDAD,UNIDAD,I
31317,FORMULA POLIMERICA DE BAJA OSMOLARIDAD  1 L SOLUCION,SOLUCION,M
40257,CLAVO KIRSCHNER 1.2 mm X 150 mm DOBLE PUNTA   UNIDAD,UNIDAD,I
34993,CATETER GUIA CURVO 5 FR X 95 cm   UNIDAD,UNIDAD,I
30560,TORNILLO ESPONJOSO 6.5 mm ROSCA 32 mm X 45 mm   UNIDAD,UNIDAD,I
18469,MANGA DE POLIETILENO 35 cm X 60 m   UNIDAD,UNIDAD,I
30090,TORNILLO DE COMPRESION DHS/DCS DE 36 mm DE LONGITUD   UNIDAD,UNIDAD,I
22232,FLUTICASONA 27.5 µg/DOSIS 120 DOSIS AEROSOL,AEROSOL,M
49243,AUTOANTICUERPO ANTIMITOCONDRIAL (AMA) ANTIMUSCULO LISO ASMA INMUNOFLUORESCENCIA (IFI)  50 DETERMINACIONES UNIDAD,UNIDAD,I
4838,MILRINONA 10 mg/10 mL 10 mL INYECTABLE,INYECTABLE,M
36966,MACROGOL 3350 (POLIETILENGLICOL 3350) COMBINACIONES 105 g 110.10 g POLVO,POLVO,M
42535,DOSAJE DE MIOGLOBINA  DETERMINACIONES UNIDAD,UNIDAD,I
20358,JERINGA DESCARTABLE 60 mL CON CONECTOR LUER LOCK   UNIDAD,UNIDAD,I
40107,FORMALDEHIDO 10% X 1 L   UNIDAD,UNIDAD,I
5215,OXALIPLATINO 50 mg  INYECTABLE,INYECTABLE,M
27349,FRESA PARA CRANEOTOMO DE ACERO PARA DRILADO TIPO ROSEN DE 4 mm DE DIAMETRO X 40 mm   UNIDAD,UNIDAD,I
42268,TORNILLO DE BLOQUEO 3.5 mm X 52 mm   UNIDAD,UNIDAD,I
23558,SUTURA ACIDO POLIGLACTIN 3/0 C/A 1/2 CIRCULO REDONDA 30 mm X 70 cm   UNIDAD,UNIDAD,I
16031,COLECTOR DE SECRECION BRONQUIAL 70 mL CON TAPA GIRATORIA CON DOS SALIDAS   UNIDAD,UNIDAD,I
36444,CONTENEDOR DE POLIPROPILENO DE BIOSEGURIDAD DE 7.6 L   UNIDAD,UNIDAD,I
19092,SUTURA ACIDO POLIGLICOLICO 1 C/A 1/2 CIRCULO REDONDA 30 mm x 70 cm   UNIDAD,UNIDAD,I
24501,INMUNOGLOBULINA ANTITIMOCITICA ORIGEN CONEJO 5 mg/mL  INYECTABLE,INYECTABLE,M
43317,FRESA DE ACERO INOXIDABLE REDONDA 4.0 mm x 7 cm PARA HUESO TEMPORAL   UNIDAD,UNIDAD,I
42698,OSIMERTINIB 80MG  TABLETA,TABLETA,M
34499,CATETER IMPLANTABLE CON PUERTO DE SILICONA 5 FR X 60 cm X 8.7 mm   UNIDAD,UNIDAD,I
19321,METILFENIDATO 18 mg  TABLETA,TABLETA,M
17041,SONDA VESICAL TIPO FOLEY 2 VIAS DE SILICONA D/LARGA PERMANENCIA N° 20 F   UNIDAD,UNIDAD,I
21626,REACTIVO DE CREATININA KINASA CINETICA MIOCARDICA (MB)  1 DET UNIDAD,UNIDAD,I
42764,TIRA REACTIVA DE FLUORESCEINA SODICA 1mg  CAJA X 100 TIRAS UNIDAD,UNIDAD,I
15412,CATETER  PARA EMBOLECTOMIA N° 3   UNIDAD,UNIDAD,I
1972,CLOBETASOL PROPIONATO 50 mg/100 g 20 g CREMA,CREMA,M
29886,RECARGA PARA GRAPADORA QUIRURGICA LINEAL CORTANTE PARA CIRUGIA ABIERTA 80 mm X 4.8 mm   UNIDAD,UNIDAD,I
45477,BRAZALETE DESCARTABLE PEDIATRICO 1 LUMEN N° 5 PARA MONITOR MULTIPARAMETROS   UNIDAD,UNIDAD,I
30401,TUBO EN T PARA NEBULIZADOR   UNIDAD,UNIDAD,I
20695,CAL SODADA USP  18 Kg POLVO,POLVO,I
44399,ELECTRODO HOOK   UNIDAD,UNIDAD,I
15218,ANTIGENO PARATIFICO B  5 mL SOLUCION,SOLUCION,I
35952,ANILLO DE TENSION CAPSULAR DE POLIMETILMETACRILATO (PMMA) 13 mm   UNIDAD,UNIDAD,I
38188,ELECTRODO DE ASA LEEP DE 20 mm x 15 mm x 12 cm CON ALAMBRE DE TUNGSTENO   UNIDAD,UNIDAD,I
39303,FRASCO DE PLASTICO ESTERIL BOCA ANCHA x 100 mL CON TAPA   UNIDAD,UNIDAD,I
54901,TREPANO CORNEAL RECEPTOR DESCARTABLE - X 7.25 mm UNIDAD,UNIDAD,I
11058,FOSFATO MONOPOTASICO  1 kg SOLUCION,SOLUCION,I
33473,SUTURA NAILON NEGRO MONOFILAMENTO 8/0 C/DOBLE AGUJA 3/8 CIRCULO REDONDA 6.5 mm X 30 cm   UNIDAD,UNIDAD,I
42575,ANTICUERPO ANTI PEROXIDASA TIROIDEA (ANTI-TPO)   UNIDAD,UNIDAD,I
24285,CLAVO KIRSCHNER 2.5 mm X 30 cm   UNIDAD,UNIDAD,I
29171,PAZOPANIB 400 mg  TABLETA,TABLETA,M
54636,INJERTO VASCULAR RECTO LISO DE PTFE - 8 mm X 80 cm UNIDAD,UNIDAD,I
32764,VASELINA SOLIDA  15 kg UNIDAD,UNIDAD,I
25003,AGUA DESTILADA  1 L UNIDAD,UNIDAD,I
39239,ELECTRODO ESTIMULADOR DESCARTABLE BIPOLAR 90 mm CON CABLE 2.0 m PARA EQUIPO DE MONITOREO INTRAOPERATORIO   UNIDAD,UNIDAD,I
592,AMBROXOL 30 mg/5 mL 120 mL JARABE,JARABE,M
34328,TUBO ENDOTRAQUEAL ANILLADO Nº 6.5 CON BALON   UNIDAD,UNIDAD,I
12735,TUBO ENDOTRAQUEAL Nº 7.0 CON CUFF   UNIDAD,UNIDAD,I
33639,TORNILLO MALEOLAR 4.5 mm X 38 mm   UNIDAD,UNIDAD,I
12599,TORNILLO ESPONJOSO 4.0 mm X 22 mm   UNIDAD,UNIDAD,I
5933,SUCRALFATO 1 g/5 mL 180 mL SUSPENSION,SUSPENSION,M
396,ALPROSTADIL 500 µg/mL 1 mL INYECTABLE,INYECTABLE,M
20413,CLIP DE ANEURISMA CURVO 8 mm   UNIDAD,UNIDAD,I
18788,LENTE INTRAOCULAR DIOPTRIA 23.5 CAMARA POSTERIOR NO PLEGABLE 3 PIEZAS   UNIDAD,UNIDAD,I
29355,CATETER BALON PARA VALVULOPLASTIA PULMONAR 14 mm X 4 cm DE 7 FR X 100 cm   UNIDAD,UNIDAD,I
31850,BROCA 2.7 mm X 130 mm   UNIDAD,UNIDAD,I
28588,AGUJA KIRSCHNER CON DOBLE PUNTA TROCAR 1.40 mm x 152 mm   UNIDAD,UNIDAD,I
32632,MALLA DE POLIPROPILENO NO TEJIDA DE CONTACTO VISCERAL 14 cm X 15 cm X 15 cm   UNIDAD,UNIDAD,I
42678,CIRCUITO PARA TERAPIA RESPIRATORIA DE ALTO FLUJO PEDIATRICO   UNIDAD,UNIDAD,I
27010,APOSITO DE POLIURETANO HIDROFILICA 17 cm X 13 cm   UNIDAD,UNIDAD,I
36672,CONO DE GUTAPERCHA SET Nº 25 DE 30 mm X 6   UNIDAD,UNIDAD,I
22721,PRUEBA RAPIDA PARA DETECCION DE ANTIGENO NS1 DENGUE ELISA X 96 DETERMINACIONES  96 DET KIT,KIT,I
33373,KIT COMPLETO DESCARTABLE DE TUBOS CORRUGADOS Y ACCESORIOS NEONATAL PARA CPAP NASAL Nº 10.5   UNIDAD,UNIDAD,I
3575,FINASTERIDA 5 mg  TABLETA,TABLETA,M
49278,ANTICUERPO ANTI HERPES VIRUS 2 IgM ELISA  1 DETERMINACION UNIDAD,UNIDAD,I
40498,TIPS DESCARTABLE PARA MANIPULADOR UTERINO 6.7 mm x 10 cm   UNIDAD,UNIDAD,I
39526,SISTEMA DE RECONSTRUCCION DE LIGAMENTO CRUZADO ANTERIOR   UNIDAD,UNIDAD,I
21528,SONDA DE ASPIRACION SILICONA CONTINUA N° 12 F   UNIDAD,UNIDAD,I
33641,TORNILLO ESPONJOSO ROSCA PARCIAL 4.0 mm X 24 mm   UNIDAD,UNIDAD,I
44064,CUBO DE POLIESTIRENO PARA PROTECCION EN LOS PROCESOS DE INTUBACION/EXTUBACION   UNIDAD,UNIDAD,I
41741,ESPIRAL PARA EMBOLIZACION ENDOVASCULAR 20 mm X 60 cm   UNIDAD,UNIDAD,I
2634,DEXAMETASONA + TOBRAMICINA (SUSPENSION OFTALMICA) 1 mg + 3 mg/mL 5 mL SUSPENSION,SUSPENSION,M
29370,INDICADOR QUIMICO INTERNO DE ESTERILIZACION A VAPOR X 240   UNIDAD,UNIDAD,I
46039,ANTIGENO DENGUE NS1 ELISA  1 DET KIT,KIT,I
19888,TUBO DE GASTROSTOMIA BOTON DE BAJO PERFIL Y DE REEMPLAZO Nº 24 F X 2.3 mm   UNIDAD,UNIDAD,I
43220,CANASTILLA EXTRACTORA DE CALCULOS DORMIA 2.8 cm X 1.9 FR X 120 cm  2.8 cm X 1.9 FR X 120 c UNIDAD,UNIDAD,I
31572,COLESTEROL TOTAL ENZIMATICO  500 DET KIT,KIT,I
37994,PINZA DE BIOPSIA PARA BRONCOSCOPIA 1.8 mm X 1.20 m   UNIDAD,UNIDAD,I
38487,PASTA LASSAR  60 g PASTA,PASTA,M
40661,TREPANO CORNEAL BARRON DESCARTABLE 8.25 mm   UNIDAD,UNIDAD,I
3088,ENOXAPARINA SODICA 60 mg/0.6 mL 0.6 mL INYECTABLE,INYECTABLE,M
28147,DEXTROSA 5 g/100 mL (5 %) CIRCUITO CERRADO 100 mL INYECTABLE,INYECTABLE,M
54601,SISTEMA DE ANCLAJE DE TITANIO PARA RODILLA - X 5.0 mm UNIDAD,UNIDAD,I
37287,ALAMBRE QUIRURGICO 0.8 mm X 5 m   UNIDAD,UNIDAD,I
45521,CINTA ADHESIVA NEUROMUSCULAR DE COLOR 5 cm X 5 m   UNIDAD,UNIDAD,I
12776,VARILLA DE ALUMINIO DE USO TRAUMATOLOGIA 40 cm   UNIDAD,UNIDAD,I
46355,CATETER VENOSO CENTRAL DOBLE LUMEN  12 FR X 20 cm UNIDAD,UNIDAD,I
12677,TREPANO CORNEAL BARRON 9 mm DESCARTABLE   UNIDAD,UNIDAD,I
37969,SET DE FIJACION EXTERNA PARA HUMERO   SET,SET,I
15325,CANULA ARTERIAL AORTICA N° 16   UNIDAD,UNIDAD,I
21243,COLLARIN CERVICAL AJUSTABLE SEMI RIGIDO MEDIANO   UNIDAD,UNIDAD,I
1876,CITARABINA 500 mg  INYECTABLE,INYECTABLE,M
8171,SUERO ANTILACHESICO MONOVALENTE 30 mg/10 mL  INYECTABLE,INYECTABLE,M
30782,AGENTE PARA EMBOLIZACION LIQUIDO A BASE DE COPOLIMERO (2 X 1.0 mL)   UNIDAD,UNIDAD,I
26688,CATETER BALON PARA VALVULOPLASTIA PULMONAR 15 mm X 3 cm DE 7 FR X 100 cm   UNIDAD,UNIDAD,I
18970,SUTURA NAILON AZUL MONOFILAMENTO 1 C/A 1/2 CIRCULO REDONDA 35 mm X 75 cm   UNIDAD,UNIDAD,I
24616,PIPETA LINEAL TERMINAL GRADUADA DE VIDRIO CLASE A 1/10 X 5 mL   UNIDAD,UNIDAD,I
24153,ESPECULO GRAVES GRANDE   UNIDAD,UNIDAD,I
25609,SUTURA DE POLIDIOXANONA 5/0 C/A 1/2 CIRCULO REDONDA 17 mm X 70 cm   UNIDAD,UNIDAD,I
19512,FRASCO DE POLIETIRENO X 100 mL TAPA ROSCA PARA ORINA   UNIDAD,UNIDAD,I
42459,PLACA DE BLOQUEO 3.5 mm DE 4 AGUJEROS PARA TIBIA DISTAL ANTERIOR DERECHA   UNIDAD,UNIDAD,I
38796,TORNILLO DE COMPRESION SIN CABEZA CANULADO AUTOPERFORANTE ROSCA TOTAL 2.5 mm x 2.8 mm x 18 mm   UNIDAD,UNIDAD,I
42384,FILTRO ANTIBACTERIANO PARA PROTECCION DE PACIENTE  UNIDAD UNIDAD,UNIDAD,I
29887,HOJA SHAVER 4.0 mm   UNIDAD,UNIDAD,I
5231,OXICODONA (TABLETA LIBERACION MODIFICADA) 10 mg  TABLETA,TABLETA,M
46155,KIT PCR EN TIEMPO REAL PARA DETECCION MULTIPLE DE CHLAMYDIA TRACHOMATIS Y NEISSERIA GONORRHOEAE  10 DETERMINACIONES UNIDAD,UNIDAD,I
23129,PLACA 1/3 DE TUBO 5 AGUJEROS X 3.5 mm   UNIDAD,UNIDAD,I
35462,"TUBO DE POLIPROPILENO, FONDO CONICO GRADUADO X 50 mL CON TAPA   UNIDAD",UNIDAD,I
27257,HORMONA PROGESTERONA  1 DET KIT,KIT,I
20629,"VENDA DE ALGODON 4"" X 3 yd   UNIDAD",UNIDAD,I
30256,ARTICULACION DE RODILLA MODULAR ENDOESQUELETICA MONOCENTRICA DE PROTESIS MIEMBRO INFERIOR   UNIDAD,UNIDAD,I
44993,HORMONA DEHIDROEPIANDROSTENEDIONA - S   UNIDAD,UNIDAD,I
22195,SUTURA ACIDO POLIGLACTIN 4/0 C/A 3/8 CIRCULO CORTANTE 19 mm X 45 cm   UNIDAD,UNIDAD,I
20660,TORNILLO ESPONJOSO 4.0 mm X 12 mm   UNIDAD,UNIDAD,I
29202,JUEGO CIRCUITO CORRUGADO PEDIATRICO PARA EQUIPO DE ANESTESIA   UNIDAD,UNIDAD,I
21500,TORNILLO DE TITANIO MULTIAXIAL DE 3.5 mm X 10 mm   UNIDAD,UNIDAD,I
35237,PLACA DE BLOQUEO PARA TIBIA PROXIMAL IZQUIERDA DE 8 ORIFICIOS X 147 mm   UNIDAD,UNIDAD,I
22273,DISCO DE SENSIBILIDAD DE IMIPENEM 10 ug 50 DISCOS UNIDAD,UNIDAD,I
11902,SONDA RECTAL DESCARTABLE Nº 16   UNIDAD,UNIDAD,I
35411,SET DE TUBULADURAS INFANTIL X 20 PIEZAS   UNIDAD,UNIDAD,I
30378,CANULA PARA TRAQUEOSTOMIA N° 6.5   UNIDAD,UNIDAD,I
3622,FLUOROURACILO 50 mg/ mL 10 mL INYECTABLE,INYECTABLE,M
1581,CASPOFUNGINA 50 mg  INYECTABLE,INYECTABLE,M
54666,VIDEOBRONCOSCOPIO FLEXIBLE DESCARTABLE - X 5.8/2.8 mm UNIDAD,UNIDAD,I
52750,HILO MARCAPASO 25 mm X 60 mm   UNIDAD,UNIDAD,I
51058,AGUJA PARA BIOPSIA DE TEJIDO BLANDO CORTANTE DESCARTABLE 16 G X 15 cm  - UNIDAD,UNIDAD,I
642,AMINOACIDOS 15 % 500 mL INYECTABLE,INYECTABLE,M
36755,FRASCO DE POLIETILENO X 60 mL   UNIDAD,UNIDAD,I
30484,MASCARA LARINGEA DESCARTABLE Nº 2.5   UNIDAD,UNIDAD,I
49607,CATETER BALON PARA ANGIOPLASTIA TRANSLUMINAL PERCUTANEA 10 mm X 40 mm X 6 FR X 135 cm   UNIDAD,UNIDAD,I
1759,HIERRO POLIMALTOSA 50 mg/5 mL 100 mL JARABE,JARABE,M
33495,"MINIPLACA DE TITANIO ""L"" A LA DERECHA 4 ORIFICIOS SISTEMA 2.00 mm   UNIDAD",UNIDAD,I
23939,GRAPADORA QUIRURGICA LINEAL CORTANTE ENDOSCOPICA 45 mm   UNIDAD,UNIDAD,I
39066,CONECTOR PARA BOMBA DE INYECCION DE ALTA PRESION x 120 cm   UNIDAD,UNIDAD,I
28891,SUSTITUTO DE DURAMADRE 12 cm X 14 cm   UNIDAD,UNIDAD,I
26486,SUTURA DE POLIPROPILENO 5/0 C/A 1/2 CIRCULO REDONDA 17 mm X 75 cm   UNIDAD,UNIDAD,I
29484,CATETER PERCUTANEO CON INTRODUCTOR 2 FR 2 LUMEN X 30 cm   UNIDAD,UNIDAD,I
38984,ELECTRODO NEONATAL PARA MONITOR MULTIPARAMETRO   UNIDAD,UNIDAD,I
19979,CALDO TIOGLICOLATO  500 g SOLUCION,SOLUCION,I
38935,LUBRICANTE HIDROSOLUBLE PARA INSTRUMENTAL QUIRURGICO   UNIDAD,UNIDAD,I
48719,COTON CON CINTA RADIOPACA 12.5 mm X 37.5 mm  X 10 UNIDAD,UNIDAD,I
50391,PINZA MATHIEU 14 cm   UNIDAD,UNIDAD,I
32132,HORMONA PROLACTINA (PRL)  1 DET KIT,KIT,I
43158,VITAMINA B12 QUIMIOLUMINISCENCIA X 100 DETERMINACIONES   UNIDAD,UNIDAD,I
32576,TUBO PARA EXTRACCION DE SANGRE CON SISTEMA DE VACIO DE POLIPROPILENO 4 mL CON ACTIVADOR DE COAGULO X 100   UNIDAD,UNIDAD,I
21525,SISTEMA DE FIJACION POSTERIOR CABLE METALICO DE TITANIO PARA COLUMNA VERTEBRAL   UNIDAD,UNIDAD,I
15215,SUERO ANTI B  10 mL UNIDAD,UNIDAD,I
34085,"PINZA ELECTRODO COAGULACION HOOK PUNTA DE ""L"" MONOPOLAR 5 mm   UNIDAD",UNIDAD,I
40570,GRAPADORA QUIRURGICA LINEAL CORTANTE ENDOSCOPICA 160 mm   UNIDAD,UNIDAD,I
19955,TORNILLO ESPONJOSO 3.5 mm X 18 mm   UNIDAD,UNIDAD,I
37138,PLACA DE BLOQUEO PARA CALCANEO DERECHO DE 15 AGUJEROS 3.5 mm X 69 mm   UNIDAD,UNIDAD,I
25966,PLACA MALLA 0.4 mm X 100 mm X 100 mm   UNIDAD,UNIDAD,I
36953,ESTANDAR ESCALA MC FARLAND LATEX 0.5   KIT,KIT,I
11926,SONDA VESICAL (TIPO FOLEY) 2 VIAS DESCARTABLE N°20   UNIDAD,UNIDAD,I
45679,TUBO FLEXIBLE PARA MANOMETRO PARA MEDICION DE PRESION DE BALONES DE TUBOS DE TRAQUEOSTOMIA Y ENDOTRAQUEALES   UNIDAD,UNIDAD,I
43693,CATETER BALON PARA ANGIOPLASTIA TRANSLUMINAL PERCUTANEA 14mm X 40 mm DE 7 FR X 120 cm   UNIDAD,UNIDAD,I
10781,CUCHILLA PARA CRANEOTOMO   UNIDAD,UNIDAD,I
45833,ASA DE SIEMBRA DESCARTABLE ESTERIL  1 µL UNIDAD,UNIDAD,I
41453,SIERRA GIGLI 1.3 mm X 40 cm   UNIDAD,UNIDAD,I
24380,PLACA LCP PARA PERONE DISTAL MEDIAL IZQUIERDA X 09 AGUJEROS x LONGITUD 86 mm   UNIDAD,UNIDAD,I
26206,PRUEBA RAPIDA PARA HEPATITIS C  30 DET KIT,KIT,I
4421,LIDOCAINA CLORHIDRATO 2 g/100 g 30 mL GEL,GEL,M
12006,SUTURA CATGUT CROMICO 0 C/A 1/2 CIRCULO REDONDA 30 mm X 70 cm   UNIDAD,UNIDAD,I
30821,CABESTRILLO SIMPLE NIÑO   UNIDAD,UNIDAD,I
40171,AGUJA PARA BIOPSIA DE TEJIDO BLANDO CORTANTE DESCARTABLE 14 G x 10 cm   UNIDAD,UNIDAD,I
33279,AGAR BASE SALMONELLA SHIGUELLA (SS)  500 g UNIDAD,UNIDAD,I
24187,SONDA DE ASPIRACION DE SECRECIONES CIRCUITO CERRADO Nº 14 CON MDI   UNIDAD,UNIDAD,I
21440,DISCO DE SENSIBILIDAD DE CLINDAMICINA 15 ug 50 DISCOS UNIDAD,UNIDAD,I
36257,SUTURA ACIDO POLIGLACTIN 8/0 C/DOBLE AGUJA 3/8 CIRCULO ESPATULADA 6.4 mm X 45 cm   UNIDAD,UNIDAD,I
43870,KIT PARA DETECCION CUALITATIVA MOLECULAR DE SARS COV-2 (COVID 19) PARA PCR EN TIEMPO REAL  1 DET KIT,KIT,I
20204,TORNILLO CORTICAL 2.0 mm X 9.0 mm   UNIDAD,UNIDAD,I
41960,CANASTILLA EXTRACTORA DE CALCULOS 2.8 cm X 3 FR X 90 cm  UNIDAD UNIDAD,UNIDAD,I
39384,PLACA DE BLOQUEO 3.5 mm DE 12 AGUJEROS PARA TIBIA DISTAL IZQUIERDA   UNIDAD,UNIDAD,I
48659,SOLUCION DE BAJA FUERZA IONICA  X 10 mL SOLUCION,SOLUCION,I
22778,TUBO PARA EXTRACCION DE SANGRE CON SISTEMA DE VACIO DE POLIPROPILENO DE 3.5 mL CON CITRATO DE SODIO AL 3.2%   UNIDAD,UNIDAD,I
25892,FRASCO CULTIVO CELULAR DE POLIPROPILENO 25 cm2 CON TAPA CUELLO INCLINADO X 100   UNIDAD,UNIDAD,I
35082,JUEGO CIRCUITO CORRUGADO NEONATAL PARA EQUIPO DE ANESTESIA   UNIDAD,UNIDAD,I
43073,KIT RETRACTOR PARA CIRUGIA COLORECTAL 14.1 cm X 14.1 cm + ANILLO RETRACTOR CON GANCHO   KIT,KIT,I
12538,TORNILLO CORTICAL 3.5 mm X 16 mm   UNIDAD,UNIDAD,I
26035,HIDROGEL DESBRIDANTE AUTOLITICO  25 g UNIDAD,UNIDAD,I
51296,PRUEBA CUANTITATIVA POR INMUNOFLUORESCENCIA SECA  PARA DIMERO-D X 25 DETERMINACIONES   UNIDAD,UNIDAD,I
1580,CARVEDILOL 6.25 mg  TABLETA,TABLETA,M
24852,SISTEMA COLECTOR CON CAMARA AL VACIO 10 mm   UNIDAD,UNIDAD,I
24330,MALLA DE TITANIO CILINDRICA DE REEMPLAZO DE CUERPO VERTEBRAL 10 mm x 70 mm   UNIDAD,UNIDAD,I
33155,PLACA DE RECONSTRUCCION DE 5 AGUJEROS X 3.5 mm   UNIDAD,UNIDAD,I
42159,TORNILLO DE BLOQUEO 3.5 mm X 65 mm  UNIDAD UNIDAD,UNIDAD,I
38909,BALON DILATADOR DE ESOFAGO 10 mm - 11 mm - 12 mm DE 3 ETAPAS CON GUIA   UNIDAD,UNIDAD,I
32741,AGAR MAC CONKEY SORBITOL  500 g UNIDAD,UNIDAD,I
12571,TORNILLO CORTICAL 4.5 mm X 46 mm   UNIDAD,UNIDAD,I
28115,CLAVO ENDOMEDULAR DE TITANIO BLOQUEADO PARA FEMUR 11 mm X 36 cm   UNIDAD,UNIDAD,I
35808,ESPIRAL PARA EMBOLIZACION ENDOVASCULAR 6 mm X 15 cm   UNIDAD,UNIDAD,I
30562,ESPIRAL PARA EMBOLIZACION ENDOVASCULAR 5 mm X 15 cm   UNIDAD,UNIDAD,I
21608,FRASCO DE PLASTICO HUMIDIFICADOR DE OXIGENO ESTANDAR X 500 mL   UNIDAD,UNIDAD,I
20209,SUTURA NAILON NEGRO MONOFILAMENTO 10/0 C/DOBLE AGUJA ESPATULADA   UNIDAD,UNIDAD,I
38602,GUANTE PARA EXAMEN DESCARTABLE TALLA XS   UNIDAD,UNIDAD,I
24666,MALLA DE TITANIO 100 mm X 100 mm X 0.6 mm   UNIDAD,UNIDAD,I
11581,PIEDRA ARKANSAS ALTA VELOCIDAD REDONDA   UNIDAD,UNIDAD,I
28544,LIMAS K SET DEL 45-80 (2DA SERIE) DE 19 mm   UNIDAD,UNIDAD,I
21144,TUBULADURA DE SILICONA 8 mm X 12 mm X 25 m   UNIDAD,UNIDAD,I
36731,FILTRO PARA ADMINISTRACION DE CO2 PARA INSUFLADOR DE EQUIPO LAPAROSCOPICO   UNIDAD,UNIDAD,I
18784,LENTE INTRAOCULAR DIOPTRIA 21.5 CAMARA POSTERIOR NO PLEGABLE 3 PIEZAS   UNIDAD,UNIDAD,I
21870,N-ACETIL-L-CISTEINA  10 g UNIDAD,UNIDAD,I
29956,TUBO PARA EXTRACCION DE SANGRE CON SISTEMA DE VACIO DE POLIPROPILENO DE 1 mL CON CITRATO DE SODIO 3.2%   UNIDAD,UNIDAD,I
29238,TORNILLO DE BLOQUEO 3.5 mm X 36 mm   UNIDAD,UNIDAD,I
39548,SISTEMA DE FIJACION TRANSPEDICULAR DE TITANIO DORSO LUMBAR   UNIDAD,UNIDAD,I
32428,AGUJA KIRSCHNER 2.0 mm X 300 mm   UNIDAD,UNIDAD,I
28474,LIMAS SET PARA ENDODONCIA Nº 06 DE 21 mm   UNIDAD,UNIDAD,I
10681,CLAVO STEINMAN PUNTA REDONDA 2.8 mm X 230 mm   UNIDAD,UNIDAD,I
25164,INDICADOR BIOLOGICO DE ESTERILIZACION A VAPOR LECTURA RAPIDA   UNIDAD,UNIDAD,I
48598,TARJETA PARA LA VELOCIDAD DE SEDIMENTACION GLOBULAR (VSG)  X 1 DETERMINACION UNIDAD,UNIDAD,I
15329,CANULA ARTERIAL AORTICA  N° 22   UNIDAD,UNIDAD,I
29244,PLATAFORMA DE ACCESO TRANSANAL PARA CIRUGIA MINIMAMENTE INVASIVA   UNIDAD,UNIDAD,I
54581,CANULA ENDOLUMINAL (STENT) CORONARIA DE METAL MEDICADA - 2.75 mm X 22 mm UNIDAD,UNIDAD,I
6229,TOXINA BOTULINICA TIPO A 500 U  INYECTABLE,INYECTABLE,M
3687,FOSFOMICINA 3 g 3 g GRANULOS,GRANULOS,M
43091,DISCO DE SENSIBILIDAD DE ERTAPENEM 10µg  X 50 DISCOS UNIDAD,UNIDAD,I
30864,CATETER DECAPOLAR 6 FR X 110 cm   UNIDAD,UNIDAD,I
29600,BOLSA DE POLIPROPILENO DE BIOSEGURIDAD PARA AUTOCLAVE DE 14'' X 9'' X 100   UNIDAD,UNIDAD,I
32872,PUNCH PARA BIOPSIA DE PIEL Nº 3   UNIDAD,UNIDAD,I
39070,MATRIZ DERMICA ACELULAR PIEL DE ORIGEN HUMANA GLICEROLADA 4 CM X 4 CM   UNIDAD,UNIDAD,I
52756,FIJADOR EXTERNO CON PERNO CANULADO PARA TIBIA   UNIDAD,UNIDAD,I
33128,TIJERA COAGULANTE LAPAROSONICA CURVA 23 cm   UNIDAD,UNIDAD,I
35101,CATETER PERCUTANEO CON INTRODUCTOR 2 FR 1 LUMEN X 30 cm   UNIDAD,UNIDAD,I
5636,PROTAMINA SULFATO 10 mg/mL 5 mL INYECTABLE,INYECTABLE,M
25903,FRASCO DE PLASTICO BOCA ANCHA X 60 mL CON TAPA ROSCA   UNIDAD,UNIDAD,I
17402,TORNILLO CORTICAL 3.5 mm X 50 mm   UNIDAD,UNIDAD,I
40764,MICROCATETER ORIFICIO PROXIMAL 2.5 FR X ORIFICIO DISTAL 2.0 FR X 1.50 m   UNIDAD,UNIDAD,I
44017,CONCENTRADOR DE OXIGENO ADULTO   UNIDAD,UNIDAD,I
23957,SUTURA ACIDO POLIGLACTIN 2/0 C/A 1/2 CIRCULO REDONDA 36.4 mm X 70 cm   UNIDAD,UNIDAD,I
30262,ARTICULACION MODULAR MODELO 3R 17 CON BLOQUEO   UNIDAD,UNIDAD,I
43843,KIT PARA DIAGNOSTICO CUALITATIVO SARS-CoV-2 (INCLUYE CONSUMIBLE)   KIT,KIT,I
47766,INJERTO VASCULAR RECTO DE DACRON CORRUGADO  28 mm X 50 cm UNIDAD,UNIDAD,I
28022,CATETER URETERAL 6 FR X 70 cm   UNIDAD,UNIDAD,I
26650,SISTEMA DE DERIVACION VENTRICULAR EXTERNA PARA MEDIR PRESION INTRACRANEAL CIRCUITO CERRADO TIPO BECKER   UNIDAD,UNIDAD,I
28310,CATETER VENOSO CENTRAL UN LUMEN 14 G X 16 cm   UNIDAD,UNIDAD,I
44662,POTE DE PLASTICO CON TAPA Y CONTRATAPA X 30 g   UNIDAD,UNIDAD,I
19213,DIMERCAPROL 50 mg/mL 2 mL INYECTABLE,INYECTABLE,M
20803,APOSITO TRANSPARENTE ADHESIVO 4 cm X 4 cm   UNIDAD,UNIDAD,I
34776,CREATINA FOSFOQUINASA CPK-MB  1 DET KIT,KIT,I
28421,"GUIA HIDROFILICA PUNTA EN J 0.035"" X 260 cm   UNIDAD",UNIDAD,I
21125,MINITORNILLO DE TITANIO 2.0 X 11 mm (TORNILLO DE TITANIO)   UNIDAD,UNIDAD,I
47979,AGAR TRIPTICASA DE SOYA X 500 g   UNIDAD,UNIDAD,I
53151,ESPIRAL PARA EMBOLIZACION ENDOVASCULAR 16 mm X 36 cm   UNIDAD,UNIDAD,I
19478,SOLUCION PARA CARDIOPLEJIA Y PROTECCION DE MULTIPLES ORGANOS X 1 L   UNIDAD,UNIDAD,I
35692,N-BUTIL 2 CIANOCRILATO X 0.5 mL   UNIDAD,UNIDAD,I
41115,PINZA BACKHAUS 13 cm   UNIDAD,UNIDAD,I
42533,"PRUEBA COOMBS MONOESPECIFICO METODO GEL (IgG, C3d, Ctl)   UNIDAD",UNIDAD,I
26591,DISCO DE SENSIBILIDAD DE BACITRACINA 10 ug 50 DISCOS UNIDAD,UNIDAD,I
28423,CUCHILLA DE VITRECTOMIA CAMARA ANTERIOR PARA FACOEMULSIFICADOR CONSTELLATION   UNIDAD,UNIDAD,I
31895,PROTESIS TOTAL DE RODILLA DERECHA   UNIDAD,UNIDAD,I
23346,INDICADOR QUIMICO INTERNO DE ESTERILIZACION A GAS X 480   UNIDAD,UNIDAD,I
28967,APOSITO DE POLIURETANO VERDE CON SUCCION AL VACIO 2 cm X 26 cm X 39 cm   UNIDAD,UNIDAD,I
38110,SET INSTRUMENTAL QUIRURGICO PARA TRAUMATOLOGIA X 24 PIEZAS   SET,SET,I
10753,AZUL EOSINA METILENO (COLORANTE WRIGHT)  500 mL SOLUCION,SOLUCION,I
5647,QUETIAPINA 25 mg  TABLETA,TABLETA,M
27527,INSULINA ASPARTICA 100 UI/mL 3 mL INYECTABLE,INYECTABLE,M
23741,"GUIA TEFLONADA CURVA DESCARTABLE 0.035"" X 260 cm   UNIDAD",UNIDAD,I
43221,URETERORRENOSCOPIO  FLEXIBLE DESCARTABLE   UNIDAD,UNIDAD,I
54302,OCLUSOR VASCULAR II - 10 mm X 7 mm UNIDAD,UNIDAD,I
51323,PLACA LCP BICOLUMNAR DE ANGULO VARIABLE RADIO DISTAL 3 AGUJEROS X 2.4 mm IZQUIERDO   UNIDAD,UNIDAD,I
20285,COMPRESA DE GASA QUIRURGICA CON HILO RADIOPACO ESTERIL CON 5 CAPAS 30 cm X 30 cm   UNIDAD,UNIDAD,I
34421,CATETER VENOSO CENTRAL DOBLE LUMEN 3 FR X 10 cm   UNIDAD,UNIDAD,I
10976,"ESPARADRAPO DE TELA 2"" X 10 yd   UNIDAD",UNIDAD,I
23959,SUTURA ACIDO POLIGLACTIN 4/0 C/A 1/2 CIRCULO REDONDA 17 mm X 70 cm   UNIDAD,UNIDAD,I
11711,PLACA TERCIO DE CAÑA DE 4 AGUJEROS   UNIDAD,UNIDAD,I
32869,PUNCH PARA BIOPSIA DE PIEL Nº 4   UNIDAD,UNIDAD,I
29815,DESINFECTANTE GLUCONATO DE CLORHEXIDINA 4 % 1 L SOLUCION,SOLUCION,M
52209,GASA PARAFINADA 15 cm X 2 m   UNIDAD,UNIDAD,I
40616,TORNILLO ESPONJOSO ROSCA PARCIAL 4.0 mm x 40 mm   UNIDAD,UNIDAD,I
46230,AGUJA DE BLOQUEO NERVIOSO PERIFERICO DESCARTABLE  20G X 10 cm UNIDAD,UNIDAD,I
24773,BROCA DE 3.2 mm DE DIAMETRO X 130 mm   UNIDAD,UNIDAD,I
28116,CLAVO KIRSCHNER 1.5 mm X 22.5 cm   UNIDAD,UNIDAD,I
26479,VALVULA CARDIACA AORTICA BIOLOGICA Nº 23   UNIDAD,UNIDAD,I
21137,TORNILLO ESPONJOSO 3.5 mm X 12 mm   UNIDAD,UNIDAD,I
11923,SONDA VESICAL TIPO FOLEY 2 VIAS DESCARTABLE N° 14 CON BALON 5 mL   UNIDAD,UNIDAD,I
22557,RECARGA PARA GRAPADORA QUIRURGICA LINEAL CORTANTE ENDOSCOPICA PARA TEJIDO GRUESO 60 mm   UNIDAD,UNIDAD,I
33326,DISCO DE SENSIBILIDAD DE FOSFOMICINA 200 µg 50 DISCOS UNIDAD,UNIDAD,I
22282,MARCAPASO UNICAMERAL PERMANENTE PARA PACIENTE   UNIDAD,UNIDAD,I
26469,CLORURO DE ALUMINIO  100 g SOLUCION,SOLUCION,I
28965,CANISTER DE COPOLIESTER ESTERIL  1.10 L UNIDAD,UNIDAD,I
28904,SUTURA ACIDO POLIGLACTIN 2/0 C/A 1/2 CIRCULO REDONDA 26 mm X 75 cm   UNIDAD,UNIDAD,I
19822,SISTEMA DE DRENAJE DE MONITOREO PRESION INTRACRANEAL   UNIDAD,UNIDAD,I
20087,SONDA NASOGASTRICA DE SILICONA Nº 16   UNIDAD,UNIDAD,I
37406,HEPATITIS A IgM  1 DET KIT,KIT,I
28595,TORNILLO DE BLOQUEO 2.3 mm X 18 mm   UNIDAD,UNIDAD,I
18943,FILTRO PARA LEUCORREDUCCION PARA HEMATIES   UNIDAD,UNIDAD,I
31816,PUNTERA (TIPS) UNIVERSAL PARA PIPETA AUTOMATICA 5 uL - 200 uL   UNIDAD,UNIDAD,I
2486,VITAMINA B - COMPLEJO  120 mL JARABE,JARABE,M
29723,FOSFATO DE POTASIO MONOBASICO P.A. X 1 kg   SOLUCION,SOLUCION,I
45215,MASCARILLA FACIAL TEXTIL DE USO COMUNITARIO   UNIDAD,UNIDAD,I
51653,CATETER DE MAPEO ELECTROANATOMICO CARDIACO DE ALTA DENSIDAD 7 FR X 115 cm   UNIDAD,UNIDAD,I
39638,ARCO NITI RECTANGULARES INFERIORES N° 18   UNIDAD,UNIDAD,I
48532,"VACUNA CONTRA COVID-19(NUCLEOSIDO MODIF)(mRNA-1273)MODERNA,FAB.ROVI PHARMA INDUSTRIAL SERVICES S.A ESPAÑA(SPIKEVAX) 0.5 mL/DOSIS VIAL x 5 mL x 10 DOSIS INYECTABLE",INYECTABLE,M
20992,PLACA DCP RECTA LIVIANA (ESTRECHA) DE 09 AGUJEROS X 4.5 mm   UNIDAD,UNIDAD,I
25612,PLACA BICOLUMNAR DE ANGULO VARIABLE PARA RADIO DISTAL 4 AGUJEROS X 2.4 mm   UNIDAD,UNIDAD,I
35311,MALLA DE TITANIO 1.5 mm X 60 mm X 60 mm   UNIDAD,UNIDAD,I
43636,HIDROXIDO DE CALCIO FOTOCURABLE X 2 g   UNIDAD,UNIDAD,I
15214,SUERO ANTI A  10 mL UNIDAD,UNIDAD,I
21853,SOLUCION PARA DIALISIS PERITONEAL 1.5 % 2.5 L SOLUCION,SOLUCION,M
33649,TORNILLO ESPONJOSO ROSCA TOTAL 4.0 mm X 26 mm   UNIDAD,UNIDAD,I
5629,PROPOFOL 20 mg/mL (2 %) 50 mL INYECTABLE,INYECTABLE,M
42590,PROTESIS DE CADERA PARCIAL TIPO THOMPSON CUELLO CORTO CABEZA 51 mm LARGO TALLO 125 mm   UNIDAD,UNIDAD,I
22543,GRAPADORA QUIRURGICA LINEAL CORTANTE 75 mm   UNIDAD,UNIDAD,I
30094,AGAR CLED  500 g UNIDAD,UNIDAD,I
11552,"PELICULA RADIOGRAFICA DENTAL OCLUSAL 2"" X 3""   UNIDAD",UNIDAD,I
38520,PLACA DCP INTERNA FIJACION DE PLACAS - IPF DE 8 AGUJEROS x 3.5 mm   UNIDAD,UNIDAD,I
29164,LEVETIRACETAM 100 mg/mL 120 mL SOLUCION,SOLUCION,M
20454,MASCARA DE OXIGENO DESCARTABLE PARA NEBULIZACION LACTANTE   UNIDAD,UNIDAD,I
10559,CLAVO KIRSCHNER 1.2 mm X 15 cm   UNIDAD,UNIDAD,I
30717,MASCARA LARINGEA N° 1   UNIDAD,UNIDAD,I
21161,BOQUILLA PARA ESPIROMETRO ADULTO   UNIDAD,UNIDAD,I
44569,SOLUCION REMOVEDORA DE RNASA Y DNASA X 250 mL   UNIDAD,UNIDAD,I
16110,"CONECTOR RECTO CON LUER 3/8"" X 3/8""   UNIDAD",UNIDAD,I
27718,TUBO PARA EXTRACCION DE SANGRE CON SISTEMA DE VACIO DE POLIPROPILENO DE 2 mL CON CITRATO DE SODIO AL 3.2%	   UNIDAD,UNIDAD,I
37846,BOLSA DE POLIETILENO BILAMINADA FOTOPROTECTORA Y TERMOPROTECTORA 3 µm X 20 cm X 35 cm APROX.   UNIDAD,UNIDAD,I
6600,ACIDO ZOLEDRONICO 4 mg  INYECTABLE,INYECTABLE,M
22985,SUTURA DE POLIDIOXANONA 4/0 C/AGUJA 1/2 CIRCULO REDONDA 17 mm X 70 mm   UNIDAD,UNIDAD,I
41615,FRASCO DE POLIETILENO TRANSPARENTE X 120 mL CON TAPA  120 mL UNIDAD,UNIDAD,I
21493,TUBO PARA EXTRACCION DE SANGRE CON SISTEMA DE VACIO DE POLIPROPILENO DE 3 mL CON CITRATO DE SODIO AL 3.2%   UNIDAD,UNIDAD,I
40480,HEPATITIS B ANTICUERPO CONTRA ANTIGENO E AUTOMATIZADO  1 DET KIT,KIT,I
19845,TORNILLO DE TITANIO 2.0 mm X 7 mm   UNIDAD,UNIDAD,I
1348,BUDESONIDA + FORMOTEROL 160 µg + 4.5 µg/DOSIS 120 DOSIS AEROSOL,AEROSOL,M
28124,MICROPLACA DE TITANIO RECTA 20 ORIFICIOS SISTEMA 1.5 mm   UNIDAD,UNIDAD,I
4131,IOPAMIDOL Equiv. 370 mg Iodo/mL 50 mL INYECTABLE,INYECTABLE,M
44888,INDICADOR QUIMICO EXTERNO DE ESTERILIZACION A GAS   UNIDAD,UNIDAD,I
39039,KIT DE SUERO CONTROL DE CALIDAD EXTERNO PARA BIOQUIMICA GENERAL 5 mL x 12 FRASCOS   UNIDAD,UNIDAD,I
54130,IONOMERO DE VIDRIO FOTOCURABLE PARA BASE (PASTA) - 3 g + 2 JERINGA KIT,KIT,I
30223,PROTESIS ARRIBA DE CODO UNILATERAL DE PP S/ACCESORIO TERMINAL P/AMPUTADOS -COPLE FIJO   UNIDAD,UNIDAD,I
48057,TUBO EN T MONTGOMERY Nº 13   UNIDAD,UNIDAD,I
40595,SET DE COPA DELINEADORA DE FORNICES VAGINALES DESCARTABLE DE 4.0 cm PARA ELECTROCIRUGIA   UNIDAD,UNIDAD,I
38871,SOPORTE IMPREGNADO CON ALOE VERA 20 cm X 20 cm X 10   UNIDAD,UNIDAD,I
38913,TIPS CON FILTRO 100 uL - 1000 uL x 96   UNIDAD,UNIDAD,I
25419,SUTURA ACIDO POLIGLACTIN 4/0 C/A 3/8 CIRCULO CORTANTE 20 mm X 75 cm   UNIDAD,UNIDAD,I
3429,FENILEFRINA (SOLUCION OFTALMICA) 100 mg/mL 5 mL SOLUCION,SOLUCION,M
32118,VIH 1 - 2 P24 METODO QUIMIOLUMINISCENCIA  1 DET KIT,KIT,I
47297,ELECTRODO DE ASA LEEP DE 20 mm X 10 mm X 12 cm CON ALAMBRE DE TUNGSTENO   UNIDAD,UNIDAD,I
43876,CONFIRMACION DE Rh DEBIL  DETERMINACION UNIDAD,UNIDAD,I
49905,KIT PARA TIPIFICACION DE FENOTIPO AMPLIADO ERITROCITARIO  1 DETERMINACION KIT,KIT,I
55521,TORNILLO CORTICAL 1.5 mm X 9 mm - UNIDAD,UNIDAD,I
42289,PROTESIS BIPOLAR DE CADERA IZQUIERDA   UNIDAD,UNIDAD,I
20544,EQUIPO DE SUCCION DESCARTABLE A PRESION NEGATIVA Nº 16   UNIDAD,UNIDAD,I
4201,KETOCONAZOL 2 g/100 mL 100 mL CHAMPU,CHAMPU,M
6207,TOBRAMICINA(SOLUCION OFTALMICA) 3 mg/mL 5 mL SOLUCION,SOLUCION,M
38669,MANDIL QUIRURGICO ESTERIL DESCARTABLE TALLA M   UNIDAD,UNIDAD,I
23983,SUTURA NAILON NEGRO MONOFILAMENTO 10/0 C/DOBLE AGUJA 3/8 CIRCULO REDONDA 4.0 mm X 30 cm   UNIDAD,UNIDAD,I
22575,DOSAJE DIMERO D  1 DET KIT,KIT,I
3953,HIDROCORTISONA (COMO SUCCINATO SODICO) 250 mg  INYECTABLE,INYECTABLE,M
22269,TUBO EN T PARA TUBO ENDOTRAQUEAL   UNIDAD,UNIDAD,I
4762,METOTREXATO (COMO SAL SODICA) SIN PRESERVANTES 500 mg 20 mL INYECTABLE,INYECTABLE,M
55490,LIMA K N░ 25 DE 21 mm - X 6 UNIDAD,UNIDAD,I
12330,SUTURA SEDA NEGRA 3/0 C/A 3/8 CIRCULO CORTANTE 20 mm X 75 cm   UNIDAD,UNIDAD,I
38417,JERINGA DESCARTABLE 100 mL CON PUNTA CATETER   UNIDAD,UNIDAD,I
36540,FRASCO DE POLIPROPILENO CON TAPA ROSCA X 20 mL   UNIDAD,UNIDAD,I
28771,ESPARADRAPO HIPOALERGENICO DE PAPEL 2 in X 10 yd   UNIDAD,UNIDAD,I
54056,AGUJA PARA BIOPSIA DE MEDULA OSEA DESCARTABLE SIN LUXACION CON CAPTURADOR INTERNO - N░ 11 G X 10 cm UNIDAD,UNIDAD,I
50897,ESPONJA HEMOSTATICA DE COLAGENO 1.8 cm. X 3.6 cm   UNIDAD,UNIDAD,I
21012,SOLUCION PARA DIALISIS PERITONEAL 4.25 % 2 L SOLUCION,SOLUCION,M
25437,COLORANTE PARA PAPANICOLAU EA 36  1 L SOLUCION,SOLUCION,I
2432,SOLUCIONES PARA NUTRICION PARENTERAL  1 L INYECTABLE,INYECTABLE,M
5568,PRAZICUANTEL 150 mg  TABLETA,TABLETA,M
18624,IMATINIB (COMO MESILATO) 400 mg  TABLETA,TABLETA,M
23654,LIMAS K SET DEL 45-80(2DA SERIE) DE 28 mm   UNIDAD,UNIDAD,I
3614,FLUORESCEINA SODICA 100 mg/mL (10 %) 5 mL INYECTABLE,INYECTABLE,M
11997,SUTURA CATGUT  CROMICO 1 C/A 1/2 CIRCULO REDONDA 30 mm X 70 cm   UNIDAD,UNIDAD,I
20707,TUBO DE ASPIRACION TRANSPARENTE 5/16 X 7/16 X 2.5 m   UNIDAD,UNIDAD,I
24123,SUTURA LINO MULTIEMPAQUE 0 S/A 8 HEBRAS X 70 cm   UNIDAD,UNIDAD,I
12561,TORNILLO CORTICAL 4.5 mm X 28 mm   UNIDAD,UNIDAD,I
52720,CATETER ENDOVENOSO PERIFERICO 18 G X 1 ¼ in CON DISPOSITIVO DE BIOSEGURIDAD Y ALAS DE FIJACION   UNIDAD,UNIDAD,I
31667,MICROPIPETA VOLUMEN VARIABLE 20 µL - 200 µL   UNIDAD,UNIDAD,I
23228,BILIRRUBINA TOTAL Y FRACCIONADA  200 DET KIT,KIT,I
42496,SISTEMA DE PLACA TERCIO DE CAÑA DE 3.5 mm   UNIDAD,UNIDAD,I
39074,NUTRIENTE ESPECIALIZADO PARA PACIENTE HEMODIALIZADO  237 mL SOLUCION,SOLUCION,I
41861,AGUJA HUBER Nº 20 G X 19 mm   UNIDAD,UNIDAD,I
33640,TORNILLO ESPONJOSO ROSCA PARCIAL 4.0 mm X 22 mm   UNIDAD,UNIDAD,I
29188,SET DE MATERIAL DESCARTABLE PARA PROCEDIMIENTOS QUIRURGICOS CON ASPIRADOR ULTRASONICO   UNIDAD,UNIDAD,I
27612,TUBO DE ASPIRACION TRANSPARENTE 5/16 in X 7/16 in X 3.0 m   UNIDAD,UNIDAD,I
50117,LIMAS SET PARA ENDODONCIA PARA SISTEMA ROTATORIO DE 25 mm X 6   SET,SET,I
39788,ASA LEEP 15 mm X 20 mm   UNIDAD,UNIDAD,I
50463,CATETER DE ABLACION PARA MAPEO ELECTROANATOMICO SENSOR FUERZA CONTACTO IRRIGACION EXTERNA 8FR X 115cm CURVA 64 mm   UNIDAD,UNIDAD,I
30906,PINZA BIPOLAR 11 cm PUNTA RECTA 0.5 mm   UNIDAD,UNIDAD,I
28890,INTRODUCTOR 5 FR X 13 cm CON VALVULA ANTIREFLUJO   UNIDAD,UNIDAD,I
30233,CINTURON PELVICO SILECIANO DE ALGODON DE PROTESIS MIEMBRO INFERIOR   UNIDAD,UNIDAD,I
28172,SET DE MATERIAL MEDICO PARA DRENAJE BILIAR 10.2 FR X 25 cm   SET,SET,I
54662,CANULA VENOSA FEMORAL - 28 FR UNIDAD,UNIDAD,I
11397,TEST DE ANTIESTREPTOLISINA O POR LATEX  100 DET KIT,KIT,I
2666,DEXMEDETOMIDINA 100 ug/mL 2 mL INYECTABLE,INYECTABLE,M
36554,ANTICUERPO ANTI TRYPANOSOMA CRUZI (CHAGAS) IgG METODO QUIMIOLUMINISCENCIA  1 DET KIT,KIT,I
11766,RESINA FOTOCURABLE KIT (AC. GRABADOR + COMPONENTE) 1 JERINGA/5 L   UNIDAD,UNIDAD,I
4235,KETOPROFENO 100 mg  TABLETA,TABLETA,M
12585,TORNILLO DE TITANIO 2.0 mm X 9 mm   UNIDAD,UNIDAD,I
23442,SET DE FIJACION CERVICAL POSTERIOR PARA COLUMNA   UNIDAD,UNIDAD,I
25846,CLOFARABINA 1 mg/mL 20 mL INYECTABLE,INYECTABLE,M
25440,SUTURA DE ACERO INOXIDABLE MONOFILAMENTO 1 C/A 1/2 CIRCULO REDONDA 35 mm X 45 cm   UNIDAD,UNIDAD,I
47835,SISTEMA DE ANCLAJE DE POLIETERETERCETONA (PEEK) PARA HOMBRO 2.9 mm   UNIDAD,UNIDAD,I
10683,CLAVO STEINMAN PUNTA REDONDA 3.0 mm X 300 mm   UNIDAD,UNIDAD,I
39501,AGAR CROMOGÉNICO PARA ORINA 5 L   UNIDAD,UNIDAD,I
19106,SUTURA NAILON AZUL MONOFILAMENTO 2/0 C/A 1/2 CIRCULO REDONDA 25 mm X 75 cm	   UNIDAD,UNIDAD,I
42920,PROTECTOR OCULAR DESCARTABLE PARA FOTOTERAPIA RECIEN NACIDO DE 30-38 cm   UNIDAD,UNIDAD,I
34282,CHALECO MANGA LARGA ELASTICA TALLA N° 14   UNIDAD,UNIDAD,I
50982,ANTICUERPO E-CADHERINA X 1 mL   UNIDAD,UNIDAD,I
20139,PRUEBA RAPIDA PARA VIH 1-2  40 DET KIT,KIT,I
45326,SENSOR PARA ELECTROENCEFALOGRAMA   UNIDAD,UNIDAD,I
32853,TORNILLO DE TITANIO AUTORROSCANTE DE 2.0 mm X 6 mm   UNIDAD,UNIDAD,I
20844,SUTURA ACIDO POLIGLACTIN 3/0 C/A 1/2 CIRCULO REDONDA 26 mm x 70 cm   UNIDAD,UNIDAD,I
43518,VALVULA DE SISTEMA DE DERIVACION VENTRICULO PERITONEAL DE PRESION PROGRAMABLE PEDIATRICA   UNIDAD,UNIDAD,I
32311,MALLA REFUERZO ACETABULAR MULTIAGUJEROS 58 mm DE DIAMETRO EXTERNO   UNIDAD,UNIDAD,I
45885,COBERTOR DE PLASTICO PARA LAMPARA DE FOTOCURADO   UNIDAD,UNIDAD,I
53417,GUANTE PARA EXAMEN DESCARTABLE DE NITRILO SIN POLVO TALLA XS X 100   UNIDAD,UNIDAD,I
32004,POLVO PARA OSTOMIA X 1 oz   UNIDAD,UNIDAD,I
47368,GEL DE TRANSMISION PARA TERAPIA Y DIAGNOSTICO ULTRASONIDO  250 mL UNIDAD,UNIDAD,I
12537,TORNILLO CORTICAL 3.5 mm X 14 mm   UNIDAD,UNIDAD,I
29958,TUBO PARA EXTRACCION DE SANGRE CON SISTEMA DE VACIO DE POLIPROPILENO DE 0.5 mL CON ACTIVADOR DE COAGULO   UNIDAD,UNIDAD,I
26188,PROTESIS PARCIAL THOMPSON Nº 42   UNIDAD,UNIDAD,I
32434,FILTRO PARA HEMODIALISIS DE POLISULFONA 2.2 m2   UNIDAD,UNIDAD,I
19387,COLESTEROL TOTAL ENZIMATICO  400 DET KIT,KIT,I
47677,CEPILLO PROTEGIDO PARA CITOLOGIA BRONCOSCOPIA CON CERDAS DE 2.5 mm DE LARGO Y CANAL DE TRABAJO DE 1.20 m DE LONGITU   UNIDAD,UNIDAD,I
20203,MALLA DE TITANIO 100 mm X 100 mm   UNIDAD,UNIDAD,I
38656,GUIA PARA ANGIOPLASTIA 0.014 mm x 185 cm   UNIDAD,UNIDAD,I
16778,MASCARA DE ANESTESIA Nº 1   UNIDAD,UNIDAD,I
10748,COLORANTE GRAM  250 mL UNIDAD,UNIDAD,I
15232,APOSITO HIDROCOLOIDE 15 cm X 15 cm   UNIDAD,UNIDAD,I
34441,MASCARILLA DE ANESTESIA TRANSPARENTE Nº 1   UNIDAD,UNIDAD,I
26266,PLACA TERCIO CAÑA 9 AGUJEROS   UNIDAD,UNIDAD,I
6225,TOPIRAMATO 50 mg  TABLETA,TABLETA,M
39165,CATETER BALON DILATADOR DE ESOFAGO NEUMATICO 35 mm x 10 cm x 90 cm   UNIDAD,UNIDAD,I
28613,COLISTINA 150 mg/ 2mL  INYECTABLE,INYECTABLE,M
38200,HIALURONATO SODICO  (SOLUCION OFTALMICA) 30 mg/mL 0.85 mL SOLUCION,SOLUCION,M
36430,DOSAJE DE TIEMPO DE TROMBOPLASTINA  1 DET KIT,KIT,I
36991,FRESA QUIRURGICA ESFERICA PARA HUESO DE 1.5 mm   UNIDAD,UNIDAD,I
23171,PRUEBA PARA VIH ELISA 4ta GENERACION  96 DET KIT,KIT,I
38705,SONDA DE ALIMENTACION DE SILICONA 14 FR   UNIDAD,UNIDAD,I
39445,SET DE MATERIAL PARA CORRECCION DE INCONTINENCIA URINARIA X 3 PIEZAS   UNIDAD,UNIDAD,I
26796,RECARGA PARA GRAPADORA QUIRURGICA LINEAL CORTANTE ENDOSCOPICA 60 mm X 4.8 mm   UNIDAD,UNIDAD,I
24829,INJERTO VASCULAR RECTO LISO DE PTFE 3.5 mm X 15 cm   UNIDAD,UNIDAD,I
38591,CRIOVIAL DE POLIPROPILENO ESTERIL 2.0 mL x 500   UNIDAD,UNIDAD,I
27358,FRESA PARA CRANEOTOMO DE ACERO PARA DRILADO TIPO ROSEN DE 4 mm DE DIAMETRO X 70 mm   UNIDAD,UNIDAD,I
26697,TORNILLO DE BLOQUEO 5.0 mm X 50 mm   UNIDAD,UNIDAD,I
30665,PARCHE CARDIOVASCULAR DE PTFE 0.5 mm X 15.2 cm X 15.2 cm   UNIDAD,UNIDAD,I
28467,INJERTO OSEO ESPONJOSO 10 mL   UNIDAD,UNIDAD,I
33409,PANTALONETA PIERNA CORTA ELASTICA TALLA N° 2   UNIDAD,UNIDAD,I
34119,SISTEMA DE ASPIRACION DE SECRECIONES YANKAUER DESCARTABLE   UNIDAD,UNIDAD,I
20433,HOJA DE SIERRA RECIPROCANTE   UNIDAD,UNIDAD,I
47114,AGAR CROMOGENETICO CANDIDA PARA RECONSTRUIR  5 L UNIDAD,UNIDAD,I
22345,SUTURA ACIDO POLIGLICOLICO 6/0 C/A 3/8 CIRCULO CORTANTE 15 mm X 70 cm   UNIDAD,UNIDAD,I
34104,STENT METALICO NO CUBIERTO PARA ARTERIA AORTA Y PULMONAR DE 2.2 cm X 8 mm   UNIDAD,UNIDAD,I
10163,"AGUJA HIPODERMICA DESCARTABLE N° 27 G X 1/2""   UNIDAD",UNIDAD,I
52004,CIRCUITO PARA TERAPIA RESPIRATORIA DE ALTO FLUJO NEONATAL   UNIDAD,UNIDAD,I
40422,CLIP DE METAL CON ENVOLTURA DE POLIMERO (MARCADOR) POST BIOPSIA DE MAMA   UNIDAD,UNIDAD,I
31861,CATETER VENOSO CENTRAL DOBLE LUMEN 12 FR X 15 cm   UNIDAD,UNIDAD,I
30718,MASCARA LARINGEA Nº 5   UNIDAD,UNIDAD,I
71,ACETILCISTEINA 200 mg 1 g GRANULOS,GRANULOS,M
33201,"CATETER ENDOVENOSO PERIFERICO Nº 18 G X 1.16"" CON DISPOSITIVO DE BIOSEGURIDAD   UNIDAD",UNIDAD,I
35602,PLACA PETRI DE PLASTICO DESCARTABLE 15 mm X 90 mm   UNIDAD,UNIDAD,I
43357,GAS OXIDO DE ETILENO 100 % 170 g UNIDAD,UNIDAD,I
30841,PLACA DE TITANIO PARA REBORDE ORBITARIO 1.5 mm CURVA DE 8 ORIFICIOS   UNIDAD,UNIDAD,I
20874,SUTURA ACIDO POLIGLICOLICO 4/0 C/A 1/2 CIRCULO REDONDA 20 mm X 70 cm   UNIDAD,UNIDAD,I
35128,GASA DOBLADA CON HILO RADIOPACO ESTERIL 10 cm X 10 cm X 16 CAPAS X 5 UNIDADES   UNIDAD,UNIDAD,I
26198,VALVULA FONATORIA DE SILICONA PARA CANULA DE TRAQUEOSTOMIA FENESTRADA   UNIDAD,UNIDAD,I
42007,COLORANTE EOSINA Y (AMARILLENTA)  50 g UNIDAD,UNIDAD,I
3101,EPIRUBICINA 50 mg  INYECTABLE,INYECTABLE,M
30541,RECIPIENTE DE POLIMERO PARA RECOGER EXUDADO DE HERIDAS X 1.1 L   UNIDAD,UNIDAD,I
18272,COLORANTE VERDE DE MALAQUITA  25 g SOLUCION,SOLUCION,I
22297,LAMINA PORTA OBJETO 25.4 mm X 76.2 mm   UNIDAD,UNIDAD,I
20183,CALDO ROJO DE METILO SEGUN VOQUEL (MR - VP)  500 g SOLUCION,SOLUCION,I
24706,CLAVO SCHANZ 3.5 mm X 200 mm   UNIDAD,UNIDAD,I
39643,BRACKETS ROTH LIGHT CON GANCHOS EN CANINO x 20 PIEZAS   UNIDAD,UNIDAD,I
36673,DISOLVENTE PARA CONO DE GUTAPERCHA (OLEO DE NARANJA) X 10 mL   UNIDAD,UNIDAD,I
31134,TORNILLO ESPONJOSO 4.0 mm X 35 mm   UNIDAD,UNIDAD,I
5229,OXIBUTININA CLORHIDRATO 5 mg  TABLETA,TABLETA,M
40010,CATETER BALON NO COMPLACIENTE PARA ANGIOPLASTIA CORONARIA 3.0 mm x 12 mm   UNIDAD,UNIDAD,I
10573,CLAVO KIRSCHNER 2.0 mm X 15 cm   UNIDAD,UNIDAD,I
36724,ESPIRAL PARA EMBOLIZACION ENDOVASCULAR 6 mm X 26 cm   UNIDAD,UNIDAD,I
21990,ELECTRODO DESCARTABLE TIPO AGUJA 12 mm X 2.5 m PARA EQUIPO DE MONITOREO INTRAOPERATORIO   UNIDAD,UNIDAD,I
31933,"ARCO PREFORMADO DE NIQUEL, TITANIO (NITINOL) REDONDO SUPERIOR 0.016""   UNIDAD",UNIDAD,I
32585,PELICULA RADIOGRAFICA DENTAL NIÑO   UNIDAD,UNIDAD,I
26358,AMFOTERICINA B (AMBD) 50 mg  INYECTABLE,INYECTABLE,M
26898,SUTURA DE POLIDIOXANONA 3/0 C/A 1/2 CIRCULO REDONDA 20 mm X 70 cm   UNIDAD,UNIDAD,I
27237,DOSAJE DE SODIO  1 DET KIT,KIT,I
26813,KIT DE ROPA DESCARTABLE PARA CIRUGIA TALLA L X 12 PIEZAS   KIT,KIT,I
34445,"LUBRICANTE MINERAL PARA INSTRUMENTAL QUIRURGICO  3,785 L UNIDAD",UNIDAD,I
40618,FIBRA OPTICA SUMERGIBLE PARA FUENTE DE LUZ PARA EQUIPO DE LAPAROSCOPIA   UNIDAD,UNIDAD,I
25455,MASCARA LARINGEA DESCARTABLE Nº 1.5   UNIDAD,UNIDAD,I
47390,ANTI BRUCELLAS IgG ELISA  96 DETERMINACIONES KIT,KIT,I
47715,PLACA DE BLOQUEO PARA FIBULA DISTAL DE 11 AGUJEROS X 184 mm   UNIDAD,UNIDAD,I
42248,BARRERA PARA PIEL ADHESIVA 20 cm X 20 cm   UNIDAD,UNIDAD,I
23562,GLUCOMETRO PORTATIL   UNIDAD,UNIDAD,I
36934,SUTURA DE POLIESTER TRENZADO VERDE 2/0 C/DOBLE AGUJA 1/2 CIRCULO REDONDA 17 mm X 75 cm   UNIDAD,UNIDAD,I
6192,TIORIDAZINA CLORHIDRATO 100 mg  TABLETA,TABLETA,M
41102,CUCHILLA DESCARTABLE DE PERFIL ALTO PARA MICROTOMO DE ROTACION X 50   UNIDAD,UNIDAD,I
34786,ESPACIADOR TEMPORAL DE CADERA (CON ANTIBIOTICO)   UNIDAD,UNIDAD,I
29799,TORNILLO DE BLOQUEO 1.5 mm X 18 mm   UNIDAD,UNIDAD,I
38209,FRESA PARA CRANEOTOMO DE ACERO PARA CORTE ADULTO DE 2.2 mm X 16.0 mm   UNIDAD,UNIDAD,I
38074,ROTULA TUBO - CLAVO   UNIDAD,UNIDAD,I
36931,CITRATO TRISODICO DIHIDRATO GRADO ACS X 500 g   UNIDAD,UNIDAD,I
34362,CONO DE GUTAPERCHA SET PARA ENDODONCIA DEL 15-40 (1RA SERIE)   UNIDAD,UNIDAD,I
28219,APOSITO DE COLAGENO Y GLICOSAMINOGLICANO 10 cm X 12.5 cm   UNIDAD,UNIDAD,I
19687,CAPSULA DE GELATINA DURA PARA PRODUCTOS FARMACEUTICOS Nº 00   UNIDAD,UNIDAD,I
43917,MAMELUCO DESCARTABLE TALLA XXL   UNIDAD,UNIDAD,I
37933,INTRODUCTOR DE ENDOPROTESIS PARA VIA BILIAR 8.5 FR X 205 cm   UNIDAD,UNIDAD,I
20273,TORNILLO CORTICAL 1.5 mm X 6.0 mm   UNIDAD,UNIDAD,I
36645,CIRCUITO DE PRESION POSITIVA CONTINUA (CPAP) DE BURBUJA PARA LACTANTES CON CANULA NASAL 3.0 mm/2.0 mm   UNIDAD,UNIDAD,I
25887,PIPETA DE TRANSFERENCIA ESTERIL 3.0 mL X 1000   UNIDAD,UNIDAD,I
42950,FORMULA OLIGOMERICA HIPERPROTEICA HIPERCALORICA  X 1000 mL SUSPENSION,SUSPENSION,M
30399,TORNILLO ESPONJOSO 4.0 mm X 18 mm   UNIDAD,UNIDAD,I
26143,COMBINACIONES DE ELECTROLITOS ORALES  1 L SOLUCION,SOLUCION,M
28894,AGUJA PARA BIOPSIA DE MAMA DESCARTABLE 14 G X 10 cm   UNIDAD,UNIDAD,I
53410,SOLUCION PARA IRRIGACION DE HERIDAS ANTIMICROBIANAS NO ESTERIL  X 250 mL UNIDAD,UNIDAD,I
16766,MASCARA DE OXIGENO DESCARTABLE CON RESERVORIO PARA NEBULIZACION ADULTO   UNIDAD,UNIDAD,I
10732,CLORHEXIDINA GLUCONATO 4 g/100 mL (4 %) 1 gal SOLUCION,SOLUCION,M
12810,"VENDA ELASTICA ADHESIVA 3"" X 5 yd   UNIDAD",UNIDAD,I
44046,MASCARILLA DE TELA POLIESTER ANTIPELUSA   UNIDAD,UNIDAD,I
33397,MEDIA ELASTICA TALLA S   UNIDAD,UNIDAD,I
12401,SUTURA SEDA NEGRA TRENZADA 1 C/A 1/2 CIRCULO REDONDA 30 mm X 75 cm   UNIDAD,UNIDAD,I
12423,SUTURA SEDA NEGRA TRENZADA 4/0 C/A 3/8 CIRCULO CORTANTE 10 mm X 75 cm   UNIDAD,UNIDAD,I
24152,ESPECULO GRAVES CHICO   UNIDAD,UNIDAD,I
25807,REACTIVO KOVACS  100 mL UNIDAD,UNIDAD,I
39915,INYECTOR DE ESCLEROTERAPIA DE 0.7 mm X 230 cm CON AGUJA Nº 22 G X 5 mm PARA COLONOSCOPIO   UNIDAD,UNIDAD,I
50692,PROTESIS DE RESECCION MODULAR FEMORAL NO CEMENTADA CON ARTICULACION DE  RODILLA IZQUIERDA CON TIBIA PROXIMAL   UNIDAD,UNIDAD,I
43657,ESTILETE PARA INTUBACION 10 FR   UNIDAD,UNIDAD,I
31655,AGAR MUELLER HINTON II  500 g UNIDAD,UNIDAD,I
26369,PELICULA RADIOGRAFICA PERIAPICAL PARA ADULTO X 150   UNIDAD,UNIDAD,I
34326,TUBO ENDOTRAQUEAL ANILLADO Nº 5.5 CON CUFF   UNIDAD,UNIDAD,I
12567,TORNILLO CORTICAL 4.5 mm X 40 mm   UNIDAD,UNIDAD,I
38941,FUNDA DE SILICONA PARA PROTESIS DE MIEMBRO INFERIOR TRANSTIBIAL TALLA M   UNIDAD,UNIDAD,I
21278,COMPRESA DE GASA QUIRURGICA CON HILO RADIOPACO ESTERIL CON 5 CAPAS 15 cm X 50 cm   UNIDAD,UNIDAD,I
34852,SILICONA FLUIDA (USO DENTAL)  60 mL UNIDAD,UNIDAD,I
41544,EXTRACTO DE ALOE VERA USP X 1 kg   UNIDAD,UNIDAD,I
29637,FILTRO 0.2 µm L Nº Q739 X 5.5 cm DE DIAMETRO CON EXTREMO ENROSCABLE   UNIDAD,UNIDAD,I
35086,PROPILENGLICOL USP  1 L UNIDAD,UNIDAD,I
30951,CISPLATINO 50 mg  INYECTABLE,INYECTABLE,M
22604,SONDA NASOYEYUNAL 100% SILICONA CON LASTRE 10 FR   UNIDAD,UNIDAD,I
33269,SET DE INFUSION (LINEA DE EXTENSION Y JERINGA PERFUSORA 50 mL)   UNIDAD,UNIDAD,I
35264,CATETER VENOSO CENTRAL DOBLE LUMEN DE LARGA PERMANENCIA PARA HEMODIALISIS 14 FR X 55 cm   UNIDAD,UNIDAD,I
34398,SUTURA DE POLIDIOXANONA 7/0 C/DOBLE AGUJA 3/8 CIRCULO REDONDA 9.3 mm X 75 cm   UNIDAD,UNIDAD,I
39032,CATETER VENOSO CENTRAL DOBLE LUMEN DE LARGA PERMANENCIA PARA HEMODIALISIS 12.5 FR x 28 cm   UNIDAD,UNIDAD,I
31131,AGUJA KIRSCHNER 1.5 mm X 300 mm   UNIDAD,UNIDAD,I
30147,DILUYENTE PARA VACUNA ANTIRRABICA HUMANA CULTIVO CELULAR  1 DOSIS INYECTABLE,INYECTABLE,M
22853,"DIQUE DE GOMA LATEX PURO 6"" X 6"" X 36   UNIDAD",UNIDAD,I
34683,EMPAQUE TIPO TYVECK PARA ESTERILIZACION CON PEROXIDO DE HIDROGENO 15.0 cm X 100 m   UNIDAD,UNIDAD,I
37319,BALON DILATADOR DE EXPANSION RADIAL CONTROLADA DE 8 mm / 9 mm / 10 mm   UNIDAD,UNIDAD,I
22465,TUBO DE ASPIRACION NO CONDUCTIVO ESTERIL 7 mm X 3 mm X 1.8 m   UNIDAD,UNIDAD,I
41766,FIJADOR EXTERNO DE FEMUR   UNIDAD,UNIDAD,I
34261,RALTEGRAVIR 100 mg  TABLETA,TABLETA,M
33993,TIJERA COAGULANTE LAPAROSONICA CURVA 36 cm   UNIDAD,UNIDAD,I
29054,CALDO INFUSION CEREBRO CORAZON  500 g UNIDAD,UNIDAD,I
5214,OXALIPLATINO 100 mg  INYECTABLE,INYECTABLE,M
26502,PARCHE DE PERICARDIO BOVINO 7 cm X 7 cm   UNIDAD,UNIDAD,I
32673,HEMOGLOBINA METODO MANUAL  1 DET KIT,KIT,I
21242,COLLARIN CERVICAL AJUSTABLE BLANDO MEDIANO   UNIDAD,UNIDAD,I
10878,"HEPATITIS B ANTIGENO ""E"" (MET ELISA)  96 DET KIT",KIT,I
48250,RETRACTOR DE HERIDA DESCARTABLE FLEXIBLE 9 cm A 14 cm TALLA L   UNIDAD,UNIDAD,I
30527,CATETER DE DRENAJE MULTIPROPOSITO 12 FR X 25 cm   UNIDAD,UNIDAD,I
54732,SUTURA DE POLIGLICONATO 3/0 C/A 1/2 CIRCULO PUNTA CILINDRICA - 26 mm X 23 cm UNIDAD,UNIDAD,I
26495,TUBO DE ENSAYO DE VIDRIO CLASE A 20 mm X 150 mm CON TAPA ROSCA   UNIDAD,UNIDAD,I
24250,FILTRO ARTERIAL NEONATAL   UNIDAD,UNIDAD,I
51380,MEDIO DE TRANSPORTE AMIES CON ESCOBILLONES ESTERILES   UNIDAD,UNIDAD,I
43765,RIBOCICLIB 200 mg  TABLETA,TABLETA,M
3444,FENITOINA SODICA 125 mg/5 mL 120 mL SUSPENSION,SUSPENSION,M
10072,AGAR TIOSULFATO CITRATO BILIS SACAROSA (TCBS)  500 g UNIDAD,UNIDAD,I
30807,CLORHEXIDINA 120 mg/100 mL 500 mL SOLUCION,SOLUCION,M
44778,CLAVO CEFALO MEDULAR BLOQUEADO PARA FEMUR DE TITANIO 135° 10 mm X 360 mm UNIDAD,UNIDAD,I
21303,LAPIZ ELECTROCAUTERIO MONOPOLAR PUNTA DESCARTABLE   UNIDAD,UNIDAD,I
42620,CUCHILLA DE VITRECTOMIA CAMARA ANTERIOR PARA FACOEMULSIFICADOR CENTURION   UNIDAD,UNIDAD,I
53785,SUJETADOR DE TELA TIPO VELCRO DESCARTABLE PARA TUBO DE TRAQUEOSTOMIA PEDIATRICO N/A UNIDAD UNIDAD,UNIDAD,I
8170,SUERO ANTIBOTROPICO POLIVALENTE 40 mg/10 mL  INYECTABLE,INYECTABLE,M
38919,CANULA DE ASPIRACION YANKAUER 29 cm   UNIDAD,UNIDAD,I
12407,SUTURA SEDA NEGRA TRENZADA 2/0 C/A 1/2 CIRCULO REDONDA 25 mm X 75 cm   UNIDAD,UNIDAD,I
38872,SOPORTE IMPREGNADO CON MANZANILLA 20 cm X 20 cm X 10   UNIDAD,UNIDAD,I
50682,TUBO PARA EXTRACCION DE SANGRE CON SISTEMA DE VACIO DE POLIETILENO TEREFTALATO (PET) DE  4 mL CON GEL SEPARADOR Y A   UNIDAD,UNIDAD,I
23535,TORNILLO DE BLOQUEO 2.4 mm X 18 mm   UNIDAD,UNIDAD,I
16861,PEROXIDO DE HIDROGENO (AGUA OXIGENADA 10 V) 3 % 1 gal SOLUCION,SOLUCION,M
33951,TORNILLO DE TITANIO 1.5 mm X 0.5 mm   UNIDAD,UNIDAD,I
47343,VACUNA CONTRA COVID-19 (VIRUS INACTIVADO) BEIJING INSTITUTE OF BIOLOGICAL PRODUCTS Co Ltd (BIBP) CHINA BEIJING. 0.5 mL/DOSIS VIAL X 2.5 mL X 5 DOSIS INYECTABLE,INYECTABLE,M
28504,CIRCUITO COAXIAL DE ANESTESIA DESCARTABLE PEDIATRICO CON BOLSA Y FILTRO   UNIDAD,UNIDAD,I
24137,GASA ESTERIL 7.5 cm X 7.5 cm X 5 UNIDADES   UNIDAD,UNIDAD,I
23876,FILTRO DE GAS CON TUBO DE INSUFLACION DESCARTABLE PARA CIRUGIA LAPAROSCOPICA   UNIDAD,UNIDAD,I
19857,"CLIP VASCULAR DE TITANIO PARA DUCTUS ARTERIOSO ""M""   UNIDAD",UNIDAD,I
25172,BOLSA PARA NUTRICION ENTERAL X 1.5 L   UNIDAD,UNIDAD,I
41260,PAPEL MILIMETRADO PARA ELECTROCARDIOGRAMA 210 mm X 30 m   UNIDAD,UNIDAD,I
46014,"VACUNA CONTRA COVID-19 (ARNm) nucleosidos modificados, PFIZER MANUFACTURING BELGIUM NV, BELGICA(COMIRNARTY) 30 ug/ 0.3 mL VIAL 0.45 mL x 6 DOSIS INYECTABLE",INYECTABLE,M
35184,SONDA DE ASPIRACION DE SECRECIONES CIRCUITO CERRADO Nº 14   UNIDAD,UNIDAD,I
38908,MICROCATETER 1.5 FR x 1.65 m CON PUNTA DESPRENDIBLE   UNIDAD,UNIDAD,I
40581,ENDOPROTESIS DE AORTA TORAXICA PROXIMAL 32 mm x 200 mm   UNIDAD,UNIDAD,I
22522,PLACA DE TITANIO RECTA 20 ORIFICIOS SISTEMA 1.5 mm   UNIDAD,UNIDAD,I
51560,SUTURA NAILON NEGRO MONOFILAMENTO 6/0 C/A 1/2 CIRCULO CORTANTE 16 MM X 45 CM   UNIDAD,UNIDAD,I
22317,DISCO DE SENSIBILIDAD DE GENTAMICINA 120 µg 50 DISCOS UNIDAD,UNIDAD,I
25851,APOSITO HIDROFILICO CON NANOCRISTALES DE PLATA 10.8 cm X 10.8 cm   UNIDAD,UNIDAD,I
6427,VACUNA HAEMOPHILUS INFLUENZAE TIPO B (HIB)  1 DOSIS INYECTABLE,INYECTABLE,M
15322,CANULA ARTERIAL AORTICA N° 10   UNIDAD,UNIDAD,I
29688,ESPIRAL PARA EMBOLIZACION ENDOVASCULAR 5 mm X 5 cm   UNIDAD,UNIDAD,I
27887,PLACA LCP 3.5 mm DE 6 AGUJEROS X 85mm   UNIDAD,UNIDAD,I
5527,MULTIVITAMINICOS  2 mL INYECTABLE,INYECTABLE,M
31743,CALIBRADOR LIOFILIZADO BASADO EN SUERO HUMANO X 3 mL   UNIDAD,UNIDAD,I
36154,BOLSA DE POLIETILENO BILAMINADA FOTOPROTECTORA Y TERMOPROTECTORA 3 µm X 13 cm X 20 cm   UNIDAD,UNIDAD,I
27722,SUTURA DE POLIPROPILENO AZUL MONOFILAMENTO 4/0 C/DOBLE AGUJA 1/2 CIRCULO REDONDA 25 mm X 90 cm   UNIDAD,UNIDAD,I
18965,SET DE MONITOREO DE PRESION ARTERIAL CON DOMO   SET,SET,I
22305,PAPEL CREPADO 50 cm X 50 cm X 500 UNIDADES   UNIDAD,UNIDAD,I
22997,SONDA NASOYEYUNAL Nº 16   UNIDAD,UNIDAD,I
23556,SUTURA NAILON AZUL MONOFILAMENTO 6/0 C/A 1/2 CIRCULO CORTANTE 15 mm X 75 cm   UNIDAD,UNIDAD,I
25777,HEMOSTATICO ABSORBIBLE DE CELULOSA OXIGENADA Y REGENERADA DE TEJIDO FIBROSO 5.1 cm X 10.2 cm   UNIDAD,UNIDAD,I
23829,HIDROXIDO DE POTASIO EN LENTEJAS P.A.  1 Kg UNIDAD,UNIDAD,I
32913,CATETER VENOSO CENTRAL TRIPLE LUMEN 4 FR X 13 cm   UNIDAD,UNIDAD,I
22623,RECARGA PARA GRAPADORA QUIRURGICA LINEAL CORTANTE PARA CIRUGIA ABIERTA 75 mm   UNIDAD,UNIDAD,I
24316,TORNILLO DE TITANIO 2.0 mm X 8 mm   UNIDAD,UNIDAD,I
50963,ANTICUERPO MONOCLONAL PARA CD 138 (MI15) X 1 mL   UNIDAD,UNIDAD,I
36940,SET DE VITRECTOMIA VALVULADO PARA SEGMENTO POSTERIOR 25GA DE 7500 cpm   UNIDAD,UNIDAD,I
42310,TAPON NASAL ESTERIL   UNIDAD,UNIDAD,I
38328,PLACA LCP DE 7 AGUJEROS x 3.50 mm PARA CUBITO Y RADIO IZQUIERDA   UNIDAD,UNIDAD,I
50870,SUPLEMENTO NUTRICIONAL DIETETICO PARA PACIENTE DIABETICO  850 g UNIDAD,UNIDAD,M
16424,FILTRO ANTIBACTERIANO PARA ESPIROMETRO   UNIDAD,UNIDAD,I
25406,CATETER ARTERIAL UMBILICAL UN LUMEN 3.5 FR   UNIDAD,UNIDAD,I
49446,ANILLO PARA ANULOPLASTIA VALVULAR TRICUSPIDE 32 mm   UNIDAD,UNIDAD,I
44069,CUBETA DESCARTABLE PARA ANALIZADOR AUTOMATICO DE BIOQUIMICA  X 1000 UNIDAD,UNIDAD,I
20595,CAPSULA DE GELATINA DURA PARA PRODUCTOS FARMACEUTICOS Nº 2   UNIDAD,UNIDAD,I
5234,OXICODONA 5 mg  TABLETA,TABLETA,M
26787,VALVULA DE SISTEMA DE DERIVACION VENTRICULO PERITONEAL DE PRESION MEDIA INFANTE   UNIDAD,UNIDAD,I
34855,SISTEMA DE DERIVACION VENTRICULO PERITONEAL DE PRESION BAJA ADULTO   UNIDAD,UNIDAD,I
23126,MANGA DE POLIETILENO ESTERIL PARA LAPAROSCOPIA 18 cm X 2.5 m   UNIDAD,UNIDAD,I
40946,CLAVO INTRAMEDULAR TELESCOPADO EXTENSIBLE 4.0 mm x 330 mm   UNIDAD,UNIDAD,I
44087,ESPARADRAPO DE GASA SEMI-ELASTICO  15 cm X 10 m UNIDAD,UNIDAD,I
41987,FACTOR IX DE COAGULACION HUMANA 250 UI  INYECTABLE,INYECTABLE,M
52218,KIT DE MATERIAL MEDICO PARA GASTROSTOMIA ENDOSCOPICA PERCUTANEA 24 FR   UNIDAD,UNIDAD,I
31508,"MINIPLACA DE TITANIO FORMA ""Y"" 4 ORIFICIOS SISTEMA 2.0 mm   UNIDAD",UNIDAD,I
49625,ALFA BISABOLOL USP  100 g UNIDAD,UNIDAD,I
46756,PROTESIS DE RESECCION MODULAR DEL FEMUR PROXIMAL NO CEMENTADA   UNIDAD,UNIDAD,I
51766,OCLUSOR PERCUTANEO DE PERSISTENCIA DE DUCTUS ARTERIOSO DE 16 mm X 14 mm   UNIDAD,UNIDAD,I
53169,CONO DE PAPEL Nº 25 X 6   UNIDAD,UNIDAD,I
29582,PROTESIS TOTAL DE RODILLA   UNIDAD,UNIDAD,I
54768,PROTEINA EN LCR - 200 DETERMINACIONES UNIDAD,UNIDAD,I
33564,PROCESADOR DE SONIDO PARA IMPLANTE COCLEAR   KIT,KIT,I
26786,AGAR BASE UREA  500 g UNIDAD,UNIDAD,I
27624,ENDOPROTESIS PARA VIA BILIAR 10 FR X 12 cm   UNIDAD,UNIDAD,I
26483,SUTURA DE POLIPROPILENO AZUL MONOFILAMENTO 3/0 C/DOBLE AGUJA 1/2 CIRCULO REDONDA 25 mm X 90 cm   UNIDAD,UNIDAD,I
24201,COLORANTE AZUL DE METILENO  100 g SOLUCION,SOLUCION,I
31635,CABLE PARA ELECTRODO DE MARCAPASO EXTERNO TEMPORAL   UNIDAD,UNIDAD,I
49531,ANTISUERO ANTI SALMONELLA GRUPO D  X 3 mL UNIDAD,UNIDAD,I
38601,MEDIA DE COMPRESION MUSLO TALLA M   PAR,PAR,I
47957,PLACA DE BLOQUEO 3.5 mm DE 7 AGUJEROS PARA TIBIA DISTAL MEDIAL IZQUIERDA   UNIDAD,UNIDAD,I
36941,SET DE VITRECTOMIA VALVULADO PARA SEGMENTO POSTERIOR 23GA DE 7500 cpm   UNIDAD,UNIDAD,I
20302,"AGUJA PARA BIOPSIA DE MEDULA OSEA DESCARTABLE 11 G X 6""   UNIDAD",UNIDAD,I
42022,FILTRO HIDROFOBICO ANTIBACTERIANO PARA VENTILADOR MECANICO   UNIDAD,UNIDAD,I
44676,PACK DE VITRECTOMIA POSTERIOR COMPLETO 25 G PARA EQUIPO DE FACOEMULSIFICACION Y VITRECTOMIA   UNIDAD,UNIDAD,I
21194,JERINGA DESCARTABLE PARA INYECTOR 200 mL   UNIDAD,UNIDAD,I
38178,MALLA DE POLIPROPILENO NO TEJIDA DE CONTACTO VISCERAL 20 cm x 30 cm x 30 cm TIPO TONEL   UNIDAD,UNIDAD,I
12406,SUTURA SEDA NEGRA TRENZADA 2/0 C/A 1/2 CIRCULO REDONDA 20 mm X 75 cm   UNIDAD,UNIDAD,I
38940,FUNDA DE SILICONA PARA PROTESIS DE MIEMBRO INFERIOR TRANSTIBIAL TALLA S   UNIDAD,UNIDAD,I
26478,VALVULA CARDIACA AORTICA BIOLOGICA Nº 19   UNIDAD,UNIDAD,I
30186,BARRA DE CONEXION DE TITANIO COMPLETAMENTE DENTADA 19 cm   UNIDAD,UNIDAD,I
28283,CASQUILLO DE CIERRE PARA CLAVO ELASTICO DE TITANIO DE 3 mm - 4 mm   UNIDAD,UNIDAD,I
38280,FRESA REUSABLE PARA TREPANO NIÑO 9 mm/ 12 mm   UNIDAD,UNIDAD,I
21888,TUBO ENDOTRAQUEAL ANILLADO Nº 8 CON CUFF   UNIDAD,UNIDAD,I
38202,PLANTILLA ORTOPEDICA TALLA M   PAR,PAR,I
44456,JERINGA DESCARTABLE 20 mL CON CONECTOR LUER LOCK   UNIDAD,UNIDAD,I
55067,SENSOR DE ONDAS DE EEG BISPECTRAL PARA MONITOR DE ACTIVIDAD CEREBRAL - - UNIDAD,UNIDAD,I
28436,TORNILLO DE BLOQUEO 4.0 mm X 70 mm   UNIDAD,UNIDAD,I
28669,COLORANTE FUCSINA BASICA  25 g UNIDAD,UNIDAD,I
21072,SOLUCION PARA DIALISIS PERITONEAL 2.3 % 2 L SOLUCION,SOLUCION,M
22302,DISCO DE SENSIBILIDAD DE PIPERACILINA + TAZOBACTAM 100 ug + 10 ug 50 DISCOS UNIDAD,UNIDAD,I
22517,RECARGA PARA GRAPADORA QUIRURGICA LINEAL CORTANTE ENDOSCOPICA 60 mm X 3.5 mm   UNIDAD,UNIDAD,I
50912,SOLUCIONES PARA NUTRICION PARENTERAL PARCIAL CON AMINOACIDOS PARA INSUFICIENCIA HEPATICA 8% 2 L INYECTABLE,INYECTABLE,M
26638,CLAVO KIRSCHNER 1.6 mm X 150 mm   UNIDAD,UNIDAD,I
43018,ESCOBILLA DE NAILON P/LAVADO D/INSTRUMENTAL DOBLE CABEZA DE 2 mm-8 mm X 2.2 cm- 3.5 cm X 17.78 cm   UNIDAD,UNIDAD,I
25673,LENTE INTRAOCULAR DIOPTRIA 19.0 CAMARA POSTERIOR PLEGABLE 1 PIEZA   UNIDAD,UNIDAD,I
25151,CATETER TORAXICO RECTO Nº 10   UNIDAD,UNIDAD,I
38586,MASCARILLA PARA RESUCITADOR MANUAL LACTANTE   UNIDAD,UNIDAD,I
46567,"ELECTRODO DESCARTABLE TIPO AGUJA TRENZADO 27G  X 13 mm X 2,5 m PARA SISTEMA DE MONITOREO INTRAOPERATORIO   UNIDAD",UNIDAD,I
33853,PLACA DE TITANIO RECTA 12 ORIFICIOS SISTEMA 1.6 mm   UNIDAD,UNIDAD,I
42442,ISAVUCONAZOL 200 mg/ml	  INYECTABLE,INYECTABLE,M
15264,BOLSA CONDUCTIVA RESPIRATORIA X 2 L   UNIDAD,UNIDAD,I
25680,LENTE INTRAOCULAR DIOPTRIA 21.0 CAMARA POSTERIOR PLEGABLE 1 PIEZA   UNIDAD,UNIDAD,I
38065,CATETER BALON DILATADOR DE ESOFAGO COLON 12 mm - 13.5 mm - 15 mm DE DIAMETRO X 5.5 cm DE 7.5 FR X 240 cm   UNIDAD,UNIDAD,I
51149,CLAVO CEFALO MEDULAR BLOQUEADO PARA FEMUR DE TITANIO 135° X 10 mm X 240 mm   UNIDAD,UNIDAD,I
21404,SUTURA ACIDO POLIGLICOLICO 4/0 C/A 1/2 CIRCULO REDONDA 17 mm X 70 cm   UNIDAD,UNIDAD,I
54931,TORNILLO DE TITANIO CRANEAL AUTOPERFORANTE,UNIDAD,I
27623,ELTROMBOPAG 50 mg  TABLETA,TABLETA,M
36357,KIT PARA NEFROSTOMIA PERCUTANEA 8.5 FR   UNIDAD,UNIDAD,I
30365,BOTIN DE CUERO CON PUNTA DE ACERO PARA CABALLERO TALLA 39   UNIDAD,UNIDAD,I
41937,CAMISA DE ACCESO URETERAL DE 9.5-11.5 FR X 25 cm LONGITUD   UNIDAD,UNIDAD,I
39702,PROTESIS TOTAL DE RODILLA CEMENTADA IZQUIERDA   UNIDAD,UNIDAD,I
32170,ACIDO LACTICO P.A.  1 L SOLUCION,SOLUCION,I
54343,SUTURA ACIDO POLIGLICOLICO 6/0 C/DOBLE AGUJA 1/2 CIRCULO ESPATULADA - 8 mm X 45 cm UNIDAD,UNIDAD,I
33591,GUANTE DEDOS PARCIALMENTE CUBIERTOS ELASTICO TALLA N° 8   UNIDAD,UNIDAD,I
33030,ACIDO URSODESOXICOLICO 300 mg  TABLETA,TABLETA,M
41548,MALLA DE POLIPROPILENO NO TEJIDA DE CONTACTO VISCERAL 11 cm X 14 cm	   UNIDAD,UNIDAD,I
23653,PRUEBA RAPIDA PARA DIAGNOSTICO DE SIFILIS (RPR)  1 DET KIT,KIT,I
38699,AGAR MANITOL SALADO USP  500 g UNIDAD,UNIDAD,I
21375,GLUTAMATO DE SODIO P.A.  1 Kg SOLUCION,SOLUCION,I
40520,SUSTITUTO DE DURAMADRE BIOLOGICA SUTURABLE 10 cm x 12.5 cm   UNIDAD,UNIDAD,I
52298,SUTURA DE POLIDIOXANONA 4/0 C/A 1/2 CIRCULO REDONDA 17 mm X 70 cm   UNIDAD,UNIDAD,I
42699,PEMBROLIZUMAB 25 mg/1 mL 4 mL INYECTABLE,INYECTABLE,M
32321,CATETER PARA ANGIOGRAFIA CEREBRAL CON PUNTA MODELO VERT 5 FR X 100 cm   UNIDAD,UNIDAD,I
20543,EQUIPO DE SUCCION DESCARTABLE A PRESION NEGATIVA Nº 14   UNIDAD,UNIDAD,I
47389,ANTIGENO BRUCELLA ABORTUS CEPA 1119-3  0.5 mL UNIDAD,UNIDAD,I
26860,"RECARGA PARA GRAPADORA QUIRURGICA LINEAL CORTANTE (3 mm, 3.5 mm Y 4 mm) X 45 mm PARA LAPAROSCOPIA   UNIDAD",UNIDAD,I
34845,DOSAJE DE POTASIO  1 DET UNIDAD,UNIDAD,I
55008,BENRALIZUMAB,INYECTABLE,M
45533,"JERINGA DESCARTABLE 3 mL PARA GASES ARTERIALES Y ELECTROLITOS CON HEPARINA DE LITIO, CALCIO Y SEGURIDAD   UNIDAD",UNIDAD,I
36502,CANULA AORTICA Nº 20   UNIDAD,UNIDAD,I
28236,CATETER IMPLANTABLE CON PUERTO DE TITANIO 9 FR X 60 cm X 12 mm   UNIDAD,UNIDAD,I
19900,CANULA VENOSA ANGULADA Nº 16   UNIDAD,UNIDAD,I
27373,CUCHILLA CRESCENT DESCARTABLE DE 2.1 mm LAMINA DE INCISION X 11 cm DE LONGITUD   UNIDAD,UNIDAD,I
30575,DISCO DE SENSIBILIDAD DE FLUCONAZOL 25 µg 50 DISCOS UNIDAD,UNIDAD,I
27168,CALDO CASOY (TRYPTICSOY BROTH)  500 g UNIDAD,UNIDAD,I
34164,CATETER BALON PARA VALVULOPLASTIA PULMONAR 14 mm X 3 cm DE 7 FR X 100 cm   UNIDAD,UNIDAD,I
33559,"ESPARADRAPO IMPERMEABLE DE TELA 1"" X 10 yd   UNIDAD",UNIDAD,I
11713,PLACA TERCIO DE CAÑA DE 6 AGUJEROS   UNIDAD,UNIDAD,I
33625,CATETER ANGIOGRAFICO VERTEBRAL 5 FR X 100 cm   UNIDAD,UNIDAD,I
46700,CIRCUITO PARA TERAPIA RESPIRATORIA DE ALTO FLUJO ADULTO   UNIDAD,UNIDAD,I
28844,"RECARGA PARA GRAPADORA QUIRURGICA LINEAL CORTANTE (4 mm, 4.5 mm Y 5 mm) X 60mm PARA LAPAROSCOPIA   UNIDAD",UNIDAD,I
24207,TORNILLO DE BLOQUEO 2.7 mm X 22 mm   UNIDAD,UNIDAD,I
26116,TORNILLO DE BLOQUEO 3.5 mm X 34 mm   UNIDAD,UNIDAD,I
30594,SET DE CLAVO ELASTICO DE TITANIO PARA FEMUR X 4 PIEZAS   UNIDAD,UNIDAD,I
22280,EQUIPO DE IRRIGACION VESICAL SIMPLE DESCARTABLE   UNIDAD,UNIDAD,I
31762,ELECTRODO DE CARBONO DE 6 cm X 8 cm PARA EQUIPO DE ULTRASONIDO DE TERAPIA   UNIDAD,UNIDAD,I
29408,PLACA DCP RECTA PESADA (ANCHA) DE 06 AGUJEROS X 3.5 mm   UNIDAD,UNIDAD,I
32252,PROTECTOR CUTANEO HEXAMETILDISILOXANO+TERPOLIMERO ACRILATO+POLIFENILMETILSILOXANO X 1 mL   UNIDAD,UNIDAD,I
20792,TUBO CORRUGADO DESCARTABLE ADULTO PARA VENTILADOR MECANICO   UNIDAD,UNIDAD,I
38034,ALIMENTO DIETETICO NUTRICIONAL COMPLETO PARA INSUFICIENCIA RESPIRATORIA  237 mL UNIDAD,UNIDAD,I
17617,CLOFAZIMINA 50 mg  TABLETA,TABLETA,M
20362,"MASCARILLA NASAL PARA VENTILACION NO INVASIVO TAMAÑO ""L""   UNIDAD",UNIDAD,I
21750,CARBOMERO 200 mg/100 g 12 g GEL,GEL,M
28264,ELECTRODO ADHESIVO PARA NEUROESTIMULACION 5.0 cm X 5.0 cm CUADRADO  X 4 UNIDADES UNIDAD,UNIDAD,I
25709,RECIPIENTE PARA RECOGER EL EXUDADO DE HERIDAS X 400 mL   UNIDAD,UNIDAD,I
28727,SUTURA SEDA NEGRA TRENZADA 3/0 C/A 3/8 CIRCULO CORTANTE 20 mm X 70 cm   UNIDAD,UNIDAD,I
20888,SUTURA SEDA NEGRA TRENZADA 3/0 C/A 1/2 CIRCULO CORTANTE 25 mm X 75 cm   UNIDAD,UNIDAD,I
11255,HIDROXIDO DE CALCIO  13 g POLVO,POLVO,I
51592,SISTEMA DE ANCLAJE DE POLIETERETERCETONA (PEEK) PARA HOMBRO 4.75 mm   UNIDAD,UNIDAD,I
47288,KIT DE FLUORURO DIAMINO DE PLATA AL 38% X 1.5 mL + SOLUCION DE YODURO DE POTASIO X 3 mL   UNIDAD,UNIDAD,I
42681,LAMINA DE GEL DE SILICONA BLANDA 0.65 mm X 12 cm X 15 cm   UNIDAD,UNIDAD,I
34702,MARCADOR TUMORAL CA 125  100 DET KIT,KIT,I
36794,CARMELOSA (SOLUCION OFTALMICA) 5 mg/mL 0.5 mL SOLUCION,SOLUCION,M
12049,SUTURA CATGUT SIMPLE 0 C/A 1/2 CIRCULO REDONDA 35 mm X 70 cm   UNIDAD,UNIDAD,I
47262,AGUJA DE PUNCION PUNTA BISELADA 22 G X 5 cm PARA ECOENDOSCOPIA   UNIDAD,UNIDAD,I
22607,INFUSOR GRAN VOLUMEN PARA 5 DIAS DESCARTABLE   UNIDAD,UNIDAD,I
26949,CANULA PARA TRAQUEOSTOMIA Nº 7 FENESTRADA CON BALON   UNIDAD,UNIDAD,I
17014,SONDA DE ASPIRACION ENDOTRAQUEAL CIRCUITO CERRADO Nº 16   UNIDAD,UNIDAD,I
55326,PRUEBA DE COMPATIBILIDAD TECNICA EN GEL - X 6 DETERMINACIONES UNIDAD,UNIDAD,I
39935,EXPANSOR TISULAR SEMILUNAR x 150 mL   UNIDAD,UNIDAD,I
16777,MASCARA DE ANESTESIA Nº 3   UNIDAD,UNIDAD,I
30241,GARFIO DE ALUMINIO DE PROTESIS DE MIEMBRO SUPERIOR (10 A 18 AÑOS EDAD)   UNIDAD,UNIDAD,I
20876,SUTURA ACIDO POLIGLICOLICO 3/0 C/A 1/2 CIRCULO REDONDA 15 mm X 70 cm   UNIDAD,UNIDAD,I
18088,DOXORUBICINA CLORHIDRATO 10 mg  INYECTABLE,INYECTABLE,M
42324,PLACA LCP DE 10 AGUJEROS X 3.5 mm PARA RADIO DISTAL ADULTO   UNIDAD,UNIDAD,I
34354,CARDIODESFIBRILADOR IMPLANTABLE BICAMERAL   UNIDAD,UNIDAD,I
30243,GARFIO DE ACERO DE PROTESIS DE MIEMBRO SUPERIOR (ADULTO)   UNIDAD,UNIDAD,I
40063,SONDA DE ALIMENTACION DE CLORURO DE POLIVINILO 12 FR   UNIDAD,UNIDAD,I
26997,CORSÉ PARA TORAX EN QUILLA (PECTUS) PEDIATRICO AJUSTABLE   UNIDAD,UNIDAD,I
18783,LENTE INTRAOCULAR DIOPTRIA 21.0 CAMARA POSTERIOR NO PLEGABLE 3 PIEZAS   UNIDAD,UNIDAD,I
45429,FORMULA ELEMENTAL  PARCIALMENTE HIDROLIZADA CON GLUTAMINA  76 g UNIDAD,UNIDAD,M
18051,GEMCITABINA (COMO CLORHIDRATO) 1 g  INYECTABLE,INYECTABLE,M
25195,SUTURA DE POLIDIOXANONA 1 C/A 1/2 CIRCULO REDONDA 35 mm X 70 cm   UNIDAD,UNIDAD,I
40216,PINZA DE BIOPSIA PARA GASTROSCOPIA SIN AGUJA X 180 cm DE LONGITUD   UNIDAD,UNIDAD,I
55473,ESTILETE DE INTUBACION - 6 FR X 2.5 mm UNIDAD,UNIDAD,I
27540,KIT DE MATERIAL MEDICO PARA INYECTOR AUTOMATICO EN RESONANCIA MAGNETICA   KIT,KIT,I
36331,ACIDO KOJICO USP  1 g UNIDAD,UNIDAD,I
11309,IMPLANTE RETINAL SILICONA N° 40   UNIDAD,UNIDAD,I
17063,SONDA KEHR DESCARTABLE Nº 16   UNIDAD,UNIDAD,I
1502,CALCITRIOL 1 µg/mL 1 mL INYECTABLE,INYECTABLE,M
28735,CLAVO KIRSCHNER 2.0 mm X 225 mm   UNIDAD,UNIDAD,I
33312,PROTESIS DE RESECCION MODULAR DE FEMUR DISTAL ARTICULADO DERECHO   UNIDAD,UNIDAD,I
40744,CATETER BALON EXTRACTOR DE CALCULOS BILIARES TRIPLE LUMEN 16 mm 7 FR 200 cm   UNIDAD,UNIDAD,I
22320,DISCO DE SENSIBILIDAD DE KANAMICINA 30 ug 50 DISCOS UNIDAD,UNIDAD,I
46277,INTRODUCTOR VASCULAR 6 FR X 11 cm   UNIDAD,UNIDAD,I
38666,CANULA PARA TRAQUEOSTOMIA Nº 6.5 CON BALON   UNIDAD,UNIDAD,I
48676,SET DE MATERIAL INTRODUCTOR DE CATETER FEMORAL 7 FR X 10 cm   SET,SET,I
30343,FERULA DE MIEMBRO SUPERIOR OPONENTE DEL PULGAR CON EXTENSOR DE MUÑECA DE ORTHOPLAST ADULTO   UNIDAD,UNIDAD,I
28518,PROTESIS PARCIAL THOMPSON Nº 52   UNIDAD,UNIDAD,I
29133,GRAPADORA QUIRURGICA CIRCULAR CURVA PARA CIRUGIA ABIERTA 31 mm   UNIDAD,UNIDAD,I
19174,SUTURA NAILON AZUL MONOFILAMENTO 3/0 C/A 3/8 CIRCULO CORTANTE 25 mm X 75 cm   UNIDAD,UNIDAD,I
29820,TORNILLO DE TITANIO AUTOPERFORANTE 1.6 mm X 6 mm   UNIDAD,UNIDAD,I
17474,TUBO OROFARINGEO (TUBO DE MAYO) N° 7   UNIDAD,UNIDAD,I
37200,CATETER DE DRENAJE PERCUTANEO 8.5 FR X 40 cm 32 ORIFICIOS DISTALES   UNIDAD,UNIDAD,I
39634,ARCO NITI REDONDOS INFERIORES N° 16   UNIDAD,UNIDAD,I
30095,DIAZOXIDO 50 mg/mL 30 mL SUSPENSION,SUSPENSION,M
51012,AGUJA ESPINAL DESCARTABLE 23 G X 1 1/2 in   UNIDAD,UNIDAD,I
35227,CATETER DE CANASTILLA (DORMIA) PARA CANAL DE 5 FR   UNIDAD,UNIDAD,I
5528,MULTIVITAMINICOS  5 mL INYECTABLE,INYECTABLE,M
31989,LIMAS SET PARA ENDODONCIA Nº 10 DE 25 mm   UNIDAD,UNIDAD,I
55267,FORMULA POLIMERICA PARA NIÐOS MENORES DE 10 AÐOS	 - X 850 g UNIDAD,UNIDAD,I
33139,SET DE INTUBACION LACRIMAL CON 2 VARILLAS 305 mm X 0.012 mm   UNIDAD,UNIDAD,I
15415,CATETER  PARA EMBOLECTOMIA N° 6   UNIDAD,UNIDAD,I
32943,TROCAR PARA CIRUGIA LAPAROSCOPICA DE 12 mm DE DIAMETRO DESCARTABLE   UNIDAD,UNIDAD,I
40987,AGAR BASE COLUMBIA SANGRE X 500 g   UNIDAD,UNIDAD,I
32055,APOSITO HIDROFILICO CON NANOCRISTALES DE PLATA 10 cm X 10 cm   UNIDAD,UNIDAD,I
22100,SUTURA CATGUT CROMICO 5/0 C/A 3/8 CIRCULO CORTANTE 15 mm X 70 cm   UNIDAD,UNIDAD,I
10690,CLAVO STEINMAN PUNTA REDONDA 3.5 mm X 225 mm   UNIDAD,UNIDAD,I
29124,PIPETA DESCARTABLE ESTERIL 3 mL   UNIDAD,UNIDAD,I
26250,SUTURA DE POLIPROPILENO 6/0 C/A 3/8 CIRCULO CORTANTE 15 mm X 75 cm   UNIDAD,UNIDAD,I
29288,BROCA 1.5 mm CON TOPE 44.5 mm/12 mm DE DOS ARTISTAS DE CORTE   UNIDAD,UNIDAD,I
11640,PLACA DCP RECTA LIVIANA (ESTRECHA) DE 07 AGUJEROS X 3.5 mm   UNIDAD,UNIDAD,I
50096,SOLUCION CONCENTRADA PARA HEMODIALISIS ACIDA X 3.6 L   UNIDAD,UNIDAD,M
33693,CHALECO MANGA LARGA ELASTICA TALLA M   UNIDAD,UNIDAD,I
20369,LIDOCAINA (PARCHE) 5 g/100 g  PARCHE,PARCHE,M
35002,TORNILLO DE TITANIO PARA REDUCCION DE CIERRE 6.0 mm X 50 mm   UNIDAD,UNIDAD,I
22076,TUBO EN T MONTGOMERY Nº 12   UNIDAD,UNIDAD,I
18946,SUPLEMENTO NUTRICIONAL DIETETICO INFANTIL DE INICIO  400 g POLVO,POLVO,M
51722,CANULA ENDOLUMINAL (STENT) CORONARIA DE METAL MEDICADA 3.0 mm X 26 mm   UNIDAD,UNIDAD,I
22400,PROTESIS DE CADERA TOTAL NO CEMENTADA   UNIDAD,UNIDAD,I
17403,TORNILLO CORTICAL 3.5 mm X 44 mm   UNIDAD,UNIDAD,I
22272,DISCO DE SENSIBILIDAD DE CEFEPIME 30 ug 50 DISCOS UNIDAD,UNIDAD,I
33163,PAPEL CREPADO 30 cm X 30 cm (CORTADO)   UNIDAD,UNIDAD,I
52588,SUTURA CON PUAS UNIDIRECCIONAL MONOFILAMENTO VIOLETA 3/0 C/A 5/8 CIRCULO PUNTA CILINDRICA 27 mm X 15 cm   UNIDAD,UNIDAD,I
32898,IMPLANTE DE TENDON DE AQUILES CON CALCANEO   UNIDAD,UNIDAD,I
19482,"PELICULA RADIOGRAFICA SENSIBLE AL VERDE 10"" x 12"" x 100   UNIDAD",UNIDAD,I
46900,SISTEMA DE DRENAJE A SUCCION CONTINUA 15 FR   UNIDAD,UNIDAD,I
24658,TORNILLO MULTIAXIAL M8 CON TAPON DE SEGURIDAD   UNIDAD,UNIDAD,I
39281,PLACA DE TITANIO ORBITAL 10 AGUJEROS SISTEMA 1.5 mm   UNIDAD,UNIDAD,I
22489,BROCA DE 2.0 mm DE DIAMETRO X 150 mm   UNIDAD,UNIDAD,I
38687,SONDA DE ALIMENTACION DE  POLIURETANO 8 FR   UNIDAD,UNIDAD,I
35430,CLIP DE ANEURISMA SEMI CURVO 8.3 mm PERMANENTE   UNIDAD,UNIDAD,I
23272,FRESA PARA CRANEOTOMO DE ACERO PARA PERFORACION TIPO ESFERICA DE 5 mm   UNIDAD,UNIDAD,I
25310,PINZA DE BIOPSIA PARA COLONOSCOPIA CON AGUJA X 230 cm DE LONGITUD   UNIDAD,UNIDAD,I
20261,MANGA MIXTA PAPEL Y PLASTICO PARA ESTERILIZACION SIN FUELLE 25 cm X 200 m   UNIDAD,UNIDAD,I
20264,MINIPLACA DE TITANIO RECTA 4 ORIFICIOS X 1.5 mm   UNIDAD,UNIDAD,I
44788,CONTENEDOR DE POLIPROPILENO DE BIOSEGURIDAD DE 11.4 L   UNIDAD,UNIDAD,I
36028,TORNILLO DE BLOQUEO DE TITANIO AUTORROSCANTE 2.4 mm X 22 mm   UNIDAD,UNIDAD,I
29719,APOSITO DE POLIURETANO NEGRO CON SUCCION AL VACIO 10 cm X 7.5 cm X 3.3 cm   UNIDAD,UNIDAD,I
36748,TUBO DE PLASTICO TRANSPARENTE INCOLORO 13 mm X 100 mm   UNIDAD,UNIDAD,I
39276,KIT DE CATETER DE TROMBOASPIRACION (ASPIRACION DE TROMBO) 6 FR x 132 cm + TUBO DE ASPIRACION   UNIDAD,UNIDAD,I
50827,DOSAJE DE TACROLIMUS  DETERMINACION UNIDAD,UNIDAD,I
49525,ANTICUERPO ANTITIROIDEO ANTIPEROXIDASA METODO AUTOMATIZADO.   UNIDAD,UNIDAD,I
44403,ANTICUERPO ANTI DENGUE IgG ELISA INDIRECTA  96 DETERMINACIONES KIT,KIT,I
39941,SENSOR DE FLUJO PARA VENTILADOR MECANICO DRAGUER   UNIDAD,UNIDAD,I
31460,BANDA PELVICA PARA ADULTO   UNIDAD,UNIDAD,I
40969,CATETER ARTERIAL UMBILICAL UN LUMEN 2.5 FR   UNIDAD,UNIDAD,I
18790,LENTE INTRAOCULAR DIOPTRIA 24.5 CAMARA POSTERIOR NO PLEGABLE 3 PIEZAS   UNIDAD,UNIDAD,I
39511,CAMPO QUIRURGICO ESTERIL 50 cm x 50 cm   UNIDAD,UNIDAD,I
45675,CLAVO INTRAMEDULAR DE TITANIO BLOQUEADO PARA FEMUR 11 mm X 34 cm   UNIDAD,UNIDAD,I
4850,MITOMICINA 2 mg 2 mL INYECTABLE,INYECTABLE,M
29676,TELA NO TEJIDA PARA ESTERILIZACION 1.20 m X 1.20 m X 250 PLIEGOS   UNIDAD,UNIDAD,I
17582,MULTIBACILAR ADULTO (BLISTER)   TABLETA,TABLETA,M
42871,TOALLA DESCARTABLE PARA LIMPIEZA 65 cm X 1.30 m  UNIDAD UNIDAD,UNIDAD,I
36800,MANGA DE POLIETILENO PARA ESTERILIZACION SIN FUELLE 40 cm X 60 m   UNIDAD,UNIDAD,I
10993,ESPECULO VAGINAL DE PLASTICO DESCARTABLE TALLA M   UNIDAD,UNIDAD,I
12488,TENSIOMETRO ANEROIDE PARA ADULTO   UNIDAD,UNIDAD,I
29241,CANULA ENDOLUMINAL (STENT) CORONARIA DE METAL MEDICADA 3.0 mm X 29 mm   UNIDAD,UNIDAD,I
21091,"AGUJA ESPINAL DESCARTABLE 20 G X 3 1/2""   UNIDAD",UNIDAD,I
1866,CISPLATINO 1 mg/mL 10 mL INYECTABLE,INYECTABLE,M
20079,CLAVO SCHANZ ROSCA DISTAL 2.5 mm X 250 mm   UNIDAD,UNIDAD,I
25650,MALLA DE TITANIO CILINDRICA DE REEMPLAZO DE CUERPO VERTEBRAL 12 mm X 30 mm   UNIDAD,UNIDAD,I
18429,SUTURA ACIDO POLIGLICOLICO 4/0 C/A 1/2 CIRCULO REDONDA 25 mm X 70 cm   UNIDAD,UNIDAD,I
29397,TUBO ENDOTRAQUEAL CON LUMEN DE SUCCION INTEGRADO EN EL AREA SUBGLOTICA Nº 8.5   UNIDAD,UNIDAD,I
38879,ALIMENTO DIETETICO NUTRICIONAL FIBRA  336 g UNIDAD,UNIDAD,I
20296,FULVESTRANT 250 mg 5 mL INYECTABLE,INYECTABLE,M
30715,MASCARA LARINGEA Nº 2   UNIDAD,UNIDAD,I
15350,CANULA PARA TRAQUEOSTOMIA Nº 3 CON CAMISA   UNIDAD,UNIDAD,I
38670,ELECTRODO NEUTRO 85 cm2 CON ANILLO EQUIPOTENCIAL 23 cm2 CON CABLE DE CONEXION 4 m   UNIDAD,UNIDAD,I
42749,TUBO DE GASTROSTOMIA DE BOTON DE BAJO PERFIL Y DE REEMPLAZO N° 20 X 1.5 cm  UNIDAD UNIDAD,UNIDAD,I
39453,BOTON PARA GASTROSTOMIA 14 FR x 1.5 cm DE LONGITUD   UNIDAD,UNIDAD,I
26249,TORNILLO ESPONJOSO 4.0 mm X 50 mm   UNIDAD,UNIDAD,I
45318,PLACA DE RETORNO INDIFERENTE DESCARTABLE PARA ELECTROCIRUGIA NEONATAL   UNIDAD,UNIDAD,I
19659,RECARGA DE GRAPADOR ENDOSCOPICO VASCULAR   UNIDAD,UNIDAD,I
31770,KIT DE ROPA DESCARTABLE PARA CIRUGIA X 14 PIEZAS   KIT,KIT,I
49529,SUERO CONTROL PATOLOGICO (20 FRASCOS X 5 mL)   UNIDAD,UNIDAD,I
40828,CONECTOR AXIAL DE UNION BARRA A BARRA DE 5.5 mm   UNIDAD,UNIDAD,I
42301,INTRODUCTOR DE ACCESO TRANSCEPTAL 8 FR X 62 cm   UNIDAD,UNIDAD,I
26005,DISCO DE SENSIBILIDAD DE AZITROMICINA 15 ug 50 DISCOS UNIDAD,UNIDAD,I
4346,LEFLUNOMIDA 20 mg  TABLETA,TABLETA,M
39637,ARCO NITI RECTANGULARES SUPERIORES N° 16   UNIDAD,UNIDAD,I
41587,TORNILLO DE BLOQUEO AUTORROSCANTE 2.7 mm X 14 mm  UND UNIDAD,UNIDAD,I
19858,HIPROMELOSA (SOLUCION OFTALMICA) 10 mg/mL 15 mL SOLUCION,SOLUCION,M
26766,DISCO DE SENSIBILIDAD DE DICLOXACILINA 1 ug 50 DISCOS UNIDAD,UNIDAD,I
30421,FERULA DE MIEMBRO INFERIOR EXTENSOR DE RODILLA SEMIRRIGIDO NIÑO MAYOR DE 2 AÑOS   UNIDAD,UNIDAD,I
34325,TUBO ENDOTRAQUEAL ANILLADO Nº 5.0 CON BALON   UNIDAD,UNIDAD,I
23712,TUBO ENDOTRAQUEAL DESCARTABLE Nº 2.5 CON BALON   UNIDAD,UNIDAD,I
44175,ALAMBRE QUIRURGICO 1.0 mm X 10 m   UNIDAD,UNIDAD,I
19054,SUTURA CATGUT CROMICO 2/0 C/A 3/8 CIRCULO CORTANTE 30 mm x 70 cm   UNIDAD,UNIDAD,I
37910,SUTURA ACIDO POLIGLACTIN 3/0 C/A 1/2 CIRCULO CORTANTE 20 mm X 70 cm   UNIDAD,UNIDAD,I
37119,TIJERA COAGULANTE ULTRASONICA CURVA DE 36 cm SELLADORA DE VASOS 7 mm   UNIDAD,UNIDAD,I
20147,PLACA DE RETORNO INDIFERENTE ADULTO   UNIDAD,UNIDAD,I
24761,COPA DE GOMA PARA PROFILAXIS   UNIDAD,UNIDAD,I
54160,CONO DE GUTAPERCHA SET DE 0.25 mm CON CONICIDAD 4%  X 120 UNIDADES UNIDAD,UNIDAD,I
33642,TORNILLO ESPONJOSO ROSCA PARCIAL 4.0 mm X 26 mm   UNIDAD,UNIDAD,I
36918,SABANA DESCARTABLE   UNIDAD,UNIDAD,I
45779,"CARBOHIDRATOS, PROTEINAS, MINERALES Y VITAMINAS, EN ASOCIACION  131 g POLVO",POLVO,M
50027,CALDO MULLER HINTON  X 500 g UNIDAD,UNIDAD,I
43898,SULFATO DE HIDROXICLOROQUINA 200 mg (Equiv. 155 mg Hidroxicloroqui  TABLETA,TABLETA,M
38954,PROTESIS TOTAL DE CADERA NO CEMENTADA CON CON INSERTO ALTO ENTRECRUZADO Y CABEZA FEMORAL DE CERAMICA   UNIDAD,UNIDAD,I
42760,PLACA LCP DE ANGULO VARIABLE DE 2.7/3.5 mm DE 8 AGUJEROS PARA OLECRANON IZQUIERDO DE TITANIO   UNIDAD,UNIDAD,I
35405,CANULA VENOSA ANGULADA Nº 28   UNIDAD,UNIDAD,I
34125,PLACA LCP DE 07 AGUJEROS X 2.7 mm/3.5 mm PARA HUMERO DORSO LATERAL   UNIDAD,UNIDAD,I
12562,TORNILLO CORTICAL 4.5 mm X 30 mm   UNIDAD,UNIDAD,I
40399,NITROFURAL 200 mg/100 g 35 g UNGÜENTO,UNGUENTO,M
46911,OCRELIZUMAB 30 mg/ml 10 ML INYECTABLE,INYECTABLE,M
40596,TUBO NASOFARINGEO DESCARTABLE Nº 2.5   UNIDAD,UNIDAD,I
37305,SET DE CLAVO INTRAMEDULAR DE TITANIO BLOQUEADO PARA FEMUR X 6 PIEZAS   UNIDAD,UNIDAD,I
36896,EDTA (ACIDO ETILEN DIAMINOTETRA ACETICO)  20 mL UNIDAD,UNIDAD,I
33054,INTRODUCTOR PUNTA ACODADA PARA TUBO ENDOTRAQUEAL 15 FR X 70 cm ADULTO   UNIDAD,UNIDAD,I
37754,PLACA LCP DE 6 AGUJEROS X 3.5 mm X 112 mm PARA PERONE (FIBULA) DISTAL   UNIDAD,UNIDAD,I
37408,HORMONA CORTISOL AUTOMATIZADA  1 DET KIT,KIT,I
53691,CABOZANTINIB 60 mg  TABLETA,TABLETA,M
24515,CARBOPLATINO 150 mg  INYECTABLE,INYECTABLE,M
20823,CANULA PARA TRAQUEOSTOMIA Nº 5.5 CON CAMISA   UNIDAD,UNIDAD,I
28635,PLACA CRANEAL 1.5 mm RECTA CON ESPACIO CENTRAL 4 AGUJEROS   UNIDAD,UNIDAD,I
37766,JERINGA DESCARTABLE DE VALVULA DOBLE 60 mL PARA ASPIRACION MANUAL ENDOUTERINA   UNIDAD,UNIDAD,I
42366,TORNILLO ESPONJOSO ROSCA PARCIAL 4.0 mm X 35 mm   UNIDAD,UNIDAD,I
24922,TUBO DE ASPIRACION NO CONDUCTIVO ESTERIL 3 mm X 7 mm X 3.1 m   UNIDAD,UNIDAD,I
22864,CONO DE PAPEL SET 45-80 (2da SERIE) X 200   UNIDAD,UNIDAD,I
17447,TUBO ENDOBRONQUIAL DOBLE LUMEN DERECHO N° 37   UNIDAD,UNIDAD,I
18387,INMOBILIZADOR DE HOMBRO LARGO   UNIDAD,UNIDAD,I
15800,CLAVO KUNTSCHER 10 mm X 34 cm   UNIDAD,UNIDAD,I
21312,SUTURA ACIDO POLIGLICOLICO 2/0 C/A 1/2 CIRCULO REDONDA 40 mm X 70 cm   UNIDAD,UNIDAD,I
45871,CANULA PARA TRAQUEOSTOMIA SIN BALON  N° 5.0 UNIDAD,UNIDAD,I
43100,ACRILICO AUTOCURABLE MONOMERO RAPIDO  X 200 mL UNIDAD,UNIDAD,I
31769,KIT DE ROPA DESCARTABLE PARA CESAREA   KIT,KIT,I
28719,PAPEL MILIMETRADO PARA ELECTROCARDIOGRAMA 50 mm X 30 m   UNIDAD,UNIDAD,I
50432,SUSTITUTO SINTETICO OSEO DE HIDROXIPATITA Y FOSFATO TRICALCICO TIPO CUÑA DE 20 mm X 15 mm X 14 mm   UNIDAD,UNIDAD,I
43895,MASCARILLA DE PROTECCION RESPIRATORIA TIPO FFP2   UNIDAD,UNIDAD,I
44225,GASA EXPANSIVA PARA MICROINJERTOS MEEK 42 mm x 42 mm X 10 UNI   UNIDAD,UNIDAD,I
49274,SOLERA DE LINO PLASTIFICADO 1.00 m X 1.50 m   UNIDAD,UNIDAD,I
12412,SUTURA SEDA NEGRA TRENZADA 3/0 C/A 1/2 CIRCULO CORTANTE 15 mm X 75 cm   UNIDAD,UNIDAD,I
42460,PLACA DE BLOQUEO PARA FIBULA DISTAL DE 4 AGUJEROS X 85 mm   UNIDAD,UNIDAD,I
23510,MANGA DE POLIETILENO ESTERIL PARA LAPAROSCOPIA 20 cm X 2 m   UNIDAD,UNIDAD,I
22615,SONDA NASOGASTRICA DE SILICONA Nº 12 X 125 cm   UNIDAD,UNIDAD,I
15038,"AGUJA DE ACUPUNTURA 1 1/2""   UNIDAD",UNIDAD,I
55271,DESINFECTANTE PEROXIDO DE HIDROGENO 6.6 % - X 1 L UNIDAD,UNIDAD,I
36688,TORNILLO DE BLOQUEO DE TITANIO AUTORROSCANTE 3.5 mm X 18 mm   UNIDAD,UNIDAD,I
43210,PINZA BIPOLAR TIPO ROBIN PARA CIRUGIA LAPAROSCOPICA DE 5 mm DE DIAMETRO X 34 cm   UNIDAD,UNIDAD,I
39131,CONECTOR DE ALTA PRESION 8.8 FR x 120 cm PARA BOMBA INYECTORA CON CATETER   UNIDAD,UNIDAD,I
39584,APLICADOR DE GLUCONATO DE CLORHEXIDINA AL 2% + ALCOHOL ISOPROPILICO AL 70% x 6 mL   UNIDAD,UNIDAD,I
40548,CATETER IMPLANTABLE DE SILICONA CON PUNTA VALVULADA DE 8 FR x 45 cm   UNIDAD,UNIDAD,I
36324,PROTESIS VASCULAR AORTICA ASCENDENTE 26 mm x 100 mm CON VALVULA CARDIACA AORTICA MECANICA N° 23   UNIDAD,UNIDAD,I
29740,COMPRESA GASA QUIRURGICA RADIOPACA ESTERIL 48 cm X 48 cm   UNIDAD,UNIDAD,I
25943,ANTIGENO FEBRIL BRUCELLA  5 mL KIT,KIT,I
23065,TORNILLO DE BLOQUEO 3.5 mm X 40 mm   UNIDAD,UNIDAD,I
42906,TALCO DE USO QUIRURGICO  X 4 g UNIDAD,UNIDAD,I
27792,CONTENEDOR DE PLASTICO DE BIOSEGURIDAD PORTATIL DE 11.4 L   UNIDAD,UNIDAD,I
786,AMOXICILINA 250 mg/5 mL 120 mL SUSPENSION,SUSPENSION,M
17406,TORNILLO CORTICAL 3.5 mm X 10 mm   UNIDAD,UNIDAD,I
29349,APOSITO GEL HIDRATANTE CON ACIDO BORICO Y ALGINATO DE SODIO  85 g UNIDAD,UNIDAD,I
43506,PELICULA RADIOGRAFICA LASER EN SECO PARA MAMOGRAFIA 8 in X 10 in   UNIDAD,UNIDAD,I
30881,ANTIGENO CARCINOEMBRIONARIO (CEA) X 1 DETERMINACION   KIT,KIT,I
24943,FIJADOR DE MALLA PARA HERNIA DE 5 mm   UNIDAD,UNIDAD,I
12598,TORNILLO PARA HUESO ESPONJOSO 4.0 mm X 20 mm   UNIDAD,UNIDAD,I
26678,MASCARA DE OXIGENO DESCARTABLE PARA NEBULIZACION ADULTO CON NIPLE   UNIDAD,UNIDAD,I
20480,PIEDRA ARKANSAS ALTA VELOCIDAD FISURA   UNIDAD,UNIDAD,I
21146,TUBULADURA DE SILICONA 7 mm X 12 mm X 25 m   UNIDAD,UNIDAD,I
31664,HORMONA TIROIDEA ESTIMULANTE (TSH)  1 DET KIT,KIT,I
22110,PAÑAL DESCARTABLE TIPO CALZON PARA PREMATUROS HASTA 2.2 Kg   UNIDAD,UNIDAD,I
946,AZITROMICINA 250 mg  TABLETA,TABLETA,M
27950,SET DE PLACAS Y ACCESORIOS PARA OSTEOSINTESIS DE HUMERO DISTAL MEDIAL CON SISTEMA PARA TORNILLOS DE BLOQUEO   UNIDAD,UNIDAD,I
38476,APOSITO HIDROCELULAR DE POLIURETANO ADHESIVO ESTERIL DE 3 CAPAS 22 cm x 22 cm   UNIDAD,UNIDAD,I
46763,VACUNA CONTRA COVID-19 (VIRUS INACTIVADO) BEIJING INSTITUTE OF BIOLOGICAL PRODUCTS Co Ltd (BIBP) CHINA BEIJING 0.5 mL/DOSIS VIAL X 1mL X 2 DOSIS INYECTABLE,INYECTABLE,M
30883,PAPEL MILIMETRADO PARA MONITOR FETAL 90 mm X 152 mm X 150 HOJAS   UNIDAD,UNIDAD,I
25363,TORNILLO DE ACERO PARA FIJACION INTERMAXILAR DE 12.0 mm X 2.0 mm   UNIDAD,UNIDAD,I
34111,TORNILLO DE TITANIO 2.0 mm X 0.7 mm   UNIDAD,UNIDAD,I
30526,"AGUJA PARA JERINGA DE INSULINA TIPO LAPICERO Nº 31 G X 3/16""   UNIDAD",UNIDAD,I
27928,SUTURA DE ACERO INOXIDABLE MONOFILAMENTO 3 C/A 1/2 CIRCULO REDONDA 40 mm X 45 cm   UNIDAD,UNIDAD,I
18028,CANULA PARA TRAQUEOSTOMIA Nº 3.5 CON CAMISA   UNIDAD,UNIDAD,I
48457,AGUJA DE ASPIRACION DE MEDULA OSEA DESCARTABLE Nº 15 G X70 mm   UNIDAD,UNIDAD,I
44174,ALAMBRE QUIRURGICO 0.8 mm X 10 m   UNIDAD,UNIDAD,I
26261,CAUCHO PARA RESINAS Y AMALGAMA C/A FORMA DE PIMPOLLO   UNIDAD,UNIDAD,I
42853,TOXOPLASMA GONDII Ig G  AUTOMATIZADO  X 1 DETERMINACION UNIDAD,UNIDAD,I
37890,LIDOCAINA CLORHIDRATO 10 g/ 100 mL 115 mL AEROSOL,AEROSOL,M
42573,HORMONA TIROXINA (T4) TOTAL  DETERMINACIONES UNIDAD,UNIDAD,I
33989,CLIP DE POLIMERO PARA CIRUGIA TAMAÑO L   UNIDAD,UNIDAD,I
29717,INFUSOR PEQUEÑO VOLUMEN PARA 7 DIAS DESCARTABLE   UNIDAD,UNIDAD,I
823,AMPICILINA + SULBACTAM 1 g + 500 mg 100 mL INYECTABLE,INYECTABLE,M
51210,HORMONA TESTOSTERONA LIBRE   UNIDAD,UNIDAD,I
26600,MINI PUNZON PARA MEZCLAS INTRAVENOSAS CON FILTRO DE PARTICULAS Y VALVULA ANTIGOTEO   UNIDAD,UNIDAD,I
30335,FERULA DE MIEMBRO SUPERIOR INTERDIGITALES CORTOS DE ORTHOPLAST   UNIDAD,UNIDAD,I
25071,INTRODUCTOR RADIAL CON CUBIERTA HIDROFILICA 6 FR X 11 cm   UNIDAD,UNIDAD,I
20773,SUTURA DE POLIPROPILENO 4/0 2C/A 1/2 CIRCULO REDONDA 25 mm x 75 cm   UNIDAD,UNIDAD,I
37921,HOJA DE SIERRA 25.5 mm X 9.5 mm X 0.4 mm PARA SIERRA SAGITAL   UNIDAD,UNIDAD,I
54814,TAPETE DESCONTAMINANTE DE POLIETILENO PARA PISO - 45 cm  X 1.15 m APROX. UNIDAD,UNIDAD,I
22024,PAPEL CREPADO 75 cm X 75 cm X 250 UNIDADES   UNIDAD,UNIDAD,I
28001,CLAVO KIRSCHNER 1.5 mm x 300 mm   UNIDAD,UNIDAD,I
44153,ADAPTADOR REUSABLE PARA CAPNOGRAFO VIA AEREA ADULTO   UNIDAD,UNIDAD,I
38540,ESPIRAL PARA EMBOLIZACION ENDOVASCULAR 8 mm x 37 cm   UNIDAD,UNIDAD,I
25222,MANGA MIXTA PAPEL Y PLASTICO PARA ESTERILIZACION CON FUELLE DE 5 cm X 20 cm X 100 m   UNIDAD,UNIDAD,I
23385,CATETER PARA ANGIOGRAFIA CEREBRAL TIPO HEAD HUNTER 5 FR X 100 cm   UNIDAD,UNIDAD,I
31754,MINIPLACA DE TITANIO L A LA DERECHA 6 ORIFICIOS SISTEMA 1.6 mm   UNIDAD,UNIDAD,I
48544,PASADOR DE GIGLI 35 cm   UNIDAD,UNIDAD,I
33650,TORNILLO ESPONJOSO ROSCA TOTAL 4.0 mm X 34 mm   UNIDAD,UNIDAD,I
35793,CANULA PARA TRAQUEOSTOMIA Nº 7 FENESTRADA CON BALON EXTRA LARGA   UNIDAD,UNIDAD,I
31566,ASA DE SIEMBRA DESCARTABLE 1 uL   UNIDAD,UNIDAD,I
28924,CLAVO KIRSCHNER 2.0 mm X 280 mm   UNIDAD,UNIDAD,I
43205,PINZA DE AGARRE Y TRACCION TIPO CLINCH 5 mm X 33 cm   UNIDAD,UNIDAD,I
36553,ANTICUERPO ANTI HTLV I-II METODO QUIMIOLUMINISCENCIA  1 DET KIT,KIT,I
43303,ANTICUERPO PARA INMUNOHISTOQUIMICA RECEPTOR DE ESTROGENOS  12 mL UNIDAD,UNIDAD,I
6046,TEMOZOLOMIDA 100 mg  TABLETA,TABLETA,M
52317,FRESA PARA CRANEOTOMO DE ACERO PARA DRILADO DIAMANTADA DE 2.3 mm DE DIAMETRO X 70 mm   UNIDAD,UNIDAD,I
46776,FILTRO DIALIZADOR DE BAJO FLUJO DE MEMBRANA SINTETICA 0.2 m2   UNIDAD,UNIDAD,I
48926,BOLSA DE POLIETILENO 2 µm X 38 in X 50 in APROX. COLOR NEGRO   UNIDAD,UNIDAD,I
20321,CANULA PARA TRAQUEOSTOMIA Nº 4 X 44 mm   UNIDAD,UNIDAD,I
38592,COLECTOR DE SECRECION BRONQUIAL-SPECIMEN-TRAP 80 mL   UNIDAD,UNIDAD,I
24746,SUTURA DE POLIESTER TRENZADO VERDE 2/0 C/2A 1/2 CIRCULO REDONDA 15 mm X 75 cm   UNIDAD,UNIDAD,I
16641,JERINGA ASEPTO DESCARTABLE 50 mL   UNIDAD,UNIDAD,I
20074,TORNILLO CORTICAL 3.5 mm X 48 mm   UNIDAD,UNIDAD,I
44475,TIPS ESTERIL CON FILTRO 20 uL - 200 uL X 96   UNIDAD,UNIDAD,I
29146,"KIT PARA TRATAMIENTO DE HERIDAS (ESPONJA, LAMINA Y DISCO CON TUBO) GRANDE   UNIDAD",UNIDAD,I
19443,BUPRENORFINA 35 ug/h  (20 mg COMO BASE)  PARCHE,PARCHE,M
23174,PLACA DE RECONSTRUCCION RECTA DE 10 AGUJEROS X 3.5 mm   UNIDAD,UNIDAD,I
31298,MASCARA DE OXIGENO PARA ADULTO   UNIDAD,UNIDAD,I
48175,SUTURA DE POLIESTER TRENZADO VERDE 4/0 C/DOBLE AGUJA 1/2 CIRCULO REDONDA 15 mm X 75 cm   UNIDAD,UNIDAD,I
21865,ROCIVERINA 10 mg/mL 2 mL INYECTABLE,INYECTABLE,M
39710,PLACA TUBO DHS DE 3 AGUJEROS   UNIDAD,UNIDAD,I
34192,JABON GERMICIDA LIQUIDO CON TRICLOSAN  800 mL UNIDAD,UNIDAD,I
41690,LANCETA DESCARTABLE NO RETRACTIL 28 G X 200   UNIDAD,UNIDAD,I
28016,CATETER BALON PARA VALVULOPLASTIA PULMONAR 16 mm X 4 cm DE 7 FR X 100 cm   UNIDAD,UNIDAD,I
24195,FILTRO PARA HEMODIALISIS DE POLISULFONA 1.9 m2   UNIDAD,UNIDAD,I
12737,TUBO ENDOTRAQUEAL Nº 8.0 CON CUFF   UNIDAD,UNIDAD,I
41608,FRASCO DE POLIETILENO COLOR AMBAR X 500 mL CON TAPA ROSCA   UNIDAD,UNIDAD,I
25732,PLACA DE COMPRESION Y BLOQUEO PARA PEQUEÑOS FRAGMENTOS DE LCP DE 12 AGUJEROS X 3.5 mm   UNIDAD,UNIDAD,I
36847,PLACA LC-DCP ESTRECHA 9 AGUJEROS 4.5 mm   UNIDAD,UNIDAD,I
45255,TIPS ESTERIL CON FILTRO 100 uL - 1000 uL (MAXIMA RECUPERACION) X 96 UNI/RACK   UNIDAD,UNIDAD,I
37330,CAMPO QUIRURGICO ESTERIL DESCARTABLE 50 cm X 70 cm   UNIDAD,UNIDAD,I
25488,EXTENSOR DE ELECTROBISTURI TIPO CUCHILLA 15 cm   UNIDAD,UNIDAD,I
31193,PROTECTOR OCULAR DE PLASTICO DESCARTABLE TRANSPARENTE ADULTO X 100   UNIDAD,UNIDAD,I
32973,CATETER BALON NO COMPLACIENTE PARA ANGIOPLASTIA CORONARIA 4.0 mm X 12 mm   UNIDAD,UNIDAD,I
38532,AGUJA PARA BIOPSIA DE HUESO DESCARTABLE 11 G x 4 in CON PALANCA DE CORTE INTERNO   UNIDAD,UNIDAD,I
19850,EXTENSION PARA EQUIPO DE VENOCLISIS DOBLE LUMEN NEONATAL   UNIDAD,UNIDAD,I
21298,CONECTOR BIFURCADO CON ADAPTADOR EN Y PEDIATRICO   UNIDAD,UNIDAD,I
40160,INTRODUCTOR FEMORAL CON CUBIERTA HIDROFILICA 6 FR X 11 cm   UNIDAD,UNIDAD,I
33303,ANTIGENO DE SUPERFICIE CUANTITATIVO HEPATITIS B X 100 DETERMINACIONES   KIT,KIT,I
4293,LACTULOSA 3.33 g/5 mL 240 mL SOLUCION,SOLUCION,M
20314,CISATRACURIO BESILATO 10 mg 5 mL INYECTABLE,INYECTABLE,M
29681,MANGA MIXTA PARA ESTERILIZAR CON VAPOR Y/O OXIDO DE ETILENO CON FUELLE 20 cm   UNIDAD,UNIDAD,I
31328,BOLSA DE POLIETILENO DE 30 cm X 20 cm COLOR AMARILLO   UNIDAD,UNIDAD,I
53094,RISDIPLAM 0.75 mg/mL 80 mL SOLUCION,SOLUCION,M
29682,ESPARADRAPO HIPOALERGENICO DE TELA 30 cm X 9.1 m APROX. 5 CORTES   UNIDAD,UNIDAD,I
37054,CANULA DE ASPIRACION MANUAL ENDOUTERINA DESCARTABLE 7 mm   UNIDAD,UNIDAD,I
35785,BROCA 4.3 mm DE DIAMETRO X 120 mm   UNIDAD,UNIDAD,I
30422,CORSE SEMIRIGIDO DORSO LUMBAR   UNIDAD,UNIDAD,I
24190,CRIOVIAL DE PLASTICO 2.0 mL CON TAPA ROSCA   UNIDAD,UNIDAD,I
26858,"RECARGA PARA GRAPADORA QUIRURGICA LINEAL CORTANTE (2 mm, 2.5 mm Y 3 mm) X 45 mm PARA LAPAROSCOPIA   UNIDAD",UNIDAD,I
4146,IRBESARTAN 150 mg  TABLETA,TABLETA,M
55443,KIT COMPLETO DESCARTABLE DE TUBOS CORRUGADOS Y ACCESORIOS PARA CPAP NASAL - N░ 12 UNIDAD,UNIDAD,I
33682,CONECTOR DE TITANIO TRANSVERSAL 30 mm PARA BARRA DE FIJACION RECTA 5.5 mm   UNIDAD,UNIDAD,I
38621,CAJA INTERSOMATICA LUMBAR 8 mm x 17 mm x 22 mm   UNIDAD,UNIDAD,I
30801,MASCARILLA DESCARTABLE TIPO N-95  X 20 UNIDAD,UNIDAD,I
30714,MASCARA LARINGEA Nº 4   UNIDAD,UNIDAD,I
23426,"CATETER ENDOVENOSO PERIFERICO Nº 20 G X 1"" CON ADAPTADOR EN Y   UNIDAD",UNIDAD,I
20082,SONDA VESICAL 2 VIAS DESCARTABLE Nº 6   UNIDAD,UNIDAD,I
23469,TOCILIZUMAB 20 mg/mL 20 mL INYECTABLE,INYECTABLE,M
25150,FACTOR IX CONCENTRADO HUMANO 500 UI  INYECTABLE,INYECTABLE,M
30625,"GUIA HIDROFILICA RECTA FLEXIBLE DESCARTABLE 0.035"" X 2.6 m   UNIDAD",UNIDAD,I
29340,OVEROL IMPERMEABLE DESCARTABLE CON CAPUCHA Y BOTAS TALLA XL   UNIDAD,UNIDAD,I
48730,BRAZALETE DE IDENTIFICACION ADULTO PARA IMPRESORA TERMICA DE PULSERAS CON CIERRE ADHESIVO   UNIDAD,UNIDAD,I
36758,"ESPARADRAPO HIPOALERGENICO DE PLASTICO 2 "" X 10 Yd X 6 CORTES   UNIDAD",UNIDAD,I
41762,CLAVO SCHANZ 5.0 mm X 150 mm  5.0 mm X 150 mm UNIDAD,UNIDAD,I
29602,CINTA INDICADORA DE ESTTERILACION A VAPOR   UNIDAD,UNIDAD,I
36538,ACETATO DE PLOMO P.A.  500 g UNIDAD,UNIDAD,I
51692,CATETER ENDOVENOSO PERIFERICO DE SISTEMA CERRADO N° 24 G x 1 3/4 in CON DISPOSITIVO DE SEGURIDAD Y ADAPTADOR EN Y   UNIDAD,UNIDAD,I
32891,TUBO ENDOTRAQUEAL ANILLADO Nº 7.5 CON BALON   UNIDAD,UNIDAD,I
43364,TORNILLO DE BLOQUEO AUTORROSCANTE  3.5 mm X 22 mm UNIDAD,UNIDAD,I
42195,BROCA DE 1.8 mm DE DIAMETRO X 60 mm   UNIDAD,UNIDAD,I
39762,CLIP DE ANEURISMA SEMICURVO 6.5 mm PERMANENTE   UNIDAD,UNIDAD,I
47590,TROCAR PARA CIRUGIA LAPAROSCOPICA DE 15 mm DE DIAMETRO DESCARTABLE   UNIDAD,UNIDAD,I
19227,SUTURA ACIDO POLIGLICOLICO 3/0 C/A 3/8 CIRCULO CORTANTE  20 mm x 70 cm   UNIDAD,UNIDAD,I
19840,BOLSA DE COLOSTOMIA PEDIATRICO   UNIDAD,UNIDAD,I
52437,CUCHILLA PARA PERFORADOR CRANEAL 9/12 mm   UNIDAD,UNIDAD,I
12547,TORNILLO CORTICAL 3.5 mm X 34 mm   UNIDAD,UNIDAD,I
32990,TORNILLO ESPONJOSO ROSCA TOTAL 4.0 mm X 18 mm   UNIDAD,UNIDAD,I
30587,PAPEL TOALLA INTERFOLIADO DE 24 cm X 23.5 cm X 200 HOJAS   UNIDAD,UNIDAD,I
40075,PINZA TIPO CANASTILLA FLEXIBLE EN ESPIRAL CON 4 MONOFILAMENTOS 1.2 mm X 115 cm   UNIDAD,UNIDAD,I
19963,TORNILLO ESPONJOSO 3.5 mm X 22 mm   UNIDAD,UNIDAD,I
20489,SUTURA ACIDO POLIGLICOLICO 1 C/A 1/2 CIRCULO REDONDA 25 mm X 70 cm   UNIDAD,UNIDAD,I
37204,SONDA DE ASPIRACION DE SECRECIONES CIRCUITO CERRADO Nº 6   UNIDAD,UNIDAD,I
33045,ARANDELA PARA TORNILLO CANULADO 4.0 mm   UNIDAD,UNIDAD,I
33582,"MICROGUIA 0.016"" X 180 cm   UNIDAD",UNIDAD,I
25142,INTEGRADOR DE ESTERILIZACION PARA CALOR HUMEDO X 100   UNIDAD,UNIDAD,I
49948,CONO DE GUTAPERCHA SET Nº 25 DE 28 mm X 6   SET,SET,I
34042,INJERTO VASCULAR DE PTFE 4 mm X 50 cm   UNIDAD,UNIDAD,I
36301,PLACA LCP DE 12 AGUJEROS X 3.5 mm/4.0 mm PARA TIBIA DISTAL MEDIAL DERECHA   UNIDAD,UNIDAD,I
18330,SONDA DE ASPIRACION DE SECRECIONES DE SILICONA PARA LARGA PERMANENCIA Nº 8 F   UNIDAD,UNIDAD,I
53412,SOLUCION PARA IRRIGACION DE HERIDAS ANTIMICROBIANAS ESTERIL  X 12 mL UNIDAD,UNIDAD,I
34268,VALVULA CARDIACA MITRAL BIOLOGICA Nº 29   UNIDAD,UNIDAD,I
6188,TIOPENTAL SODICO 1 g  INYECTABLE,INYECTABLE,M
11907,SONDA RECTAL N° 26 F   UNIDAD,UNIDAD,I
15216,HEPATITIS B ANTIGENO DE SUPERFICIE (MET ELISA)  96 DET KIT,KIT,I
30368,"CATETER ENDOVENOSO PERIFERICO Nº 18 G X 1 1/4"" CON DISPOSITIVO DE BIOSEGURIDAD   UNIDAD",UNIDAD,I
22990,SUTURA DE POLIPROPILENO AZUL MONOFILAMENTO 4/0 C/2A 1/2 CIRCULO REDONDA 22 mm X 75 cm   UNIDAD,UNIDAD,I
30589,AGUJA PARA BIOPSIA DE MAMA DESCARTABLE 14 G X 10 cm DE 2 PROFUNDIDADES   UNIDAD,UNIDAD,I
26403,CUCHILLA CRESCENT DESCARTABLE DE 2.0 mm LAMINA DE INCISION X 11 cm de LONGITUD   UNIDAD,UNIDAD,I
3113,EPOETINA ALFA (ERITROPOYETINA) 4000 UI/mL 1 mL INYECTABLE,INYECTABLE,M
29896,CIRCUITO DE PRESION POSITIVA CONTINUA (CPAP) NASAL N° 15   UNIDAD,UNIDAD,I
44287,IMPLANTE ORBITAL DE BIOCERAMICA Nº 14   UNIDAD,UNIDAD,I
36387,SUTURA SEDA NEGRA TRENZADA MULTIEMPAQUE 1 S/A 10 HEBRAS X 75 cm   UNIDAD,UNIDAD,I
27952,FRESA PARA CRANEOTOMO DE ACERO PARA DESBASTE TIPO REDONDA DE  10 CANALES X10 mm   UNIDAD,UNIDAD,I
43143,CONECTOR DE TITANIO PARALELO 20 mm PARA BARRA DE DIAMETRO 3.5 mm   UNIDAD,UNIDAD,I
30228,PROTESIS PLANTILLA C/RELLENO DE DEDOS DEL MIEMBRO INFERIOR ADAPTADO A AMPUTACION LIZFRANK (ADULTO)   UNIDAD,UNIDAD,I
22860,CONO DE PAPEL SET 15-40 (1era SERIE) X 180   UNIDAD,UNIDAD,I
24955,KIT DE JERINGA INSUFLADORA X 5 PIEZAS   KIT,KIT,I
11917,SONDA VESICAL 3 VIAS DESCARTABLE (TIPO FOLEY) Nº 18   UNIDAD,UNIDAD,I
33762,MASCARA CERRADA ELASTICA TALLA N°16   UNIDAD,UNIDAD,I
34324,TUBO ENDOTRAQUEAL ANILLADO Nº 4.0 CON BALON   UNIDAD,UNIDAD,I
55356,MEDIO DE PREPARACION PARA ESPERMIOS - X 100 mL UNIDAD,UNIDAD,I
43060,PIEZA DE MANO DE HIDROCIRUGIA PARA DESBRIDAMIENTO DE HERIDAS Y TEJIDOS 45º X 14 mm   UNIDAD,UNIDAD,I
17079,SONDA VESICAL TIPO NELATON N° 06   UNIDAD,UNIDAD,I
38161,LUBRICANTE DE SILICONA PARA JERINGA DE ASPIRACION MANUAL ENDOUTERINA (AMEU)  15 mL UNIDAD,UNIDAD,I
29172,JERINGA DESCARTABLE 8 mL BAJA RESISTENCIA   UNIDAD,UNIDAD,I
44348,ALCOHOL ETILICO (ETANOL) 70 % 120 mL GEL,GEL,M
32116,HEPATITIS B ANTI CORE METODO QUIMIOLUMINISCENCIA  1 DET KIT,KIT,I
36546,CAJA CONSERVADORA DE TEMPERATURA - COOLER X 8 L   UNIDAD,UNIDAD,I
37724,PIEDRA MONTADA PARA DESGASTAR ACRILICO FORMA TRONCO CONICA GRANDE   UNIDAD,UNIDAD,I
41836,CAMPO FENESTRADO DESCARTABLE ADHESIVO 1.20 m X 1.50 m   UNIDAD,UNIDAD,I
41651,SISTEMA DE PLACA DE RECONSTRUCCION DE 3.5 mm   UNIDAD,UNIDAD,I
34874,SUTURA DE POLIESTER TRENZADO VERDE 2/0 C/DOBLE AGUJA C/ALMOHADILLA DE TEFLON 1/2 CIRCULO REDONDA 25 mm x 75 cm   UNIDAD,UNIDAD,I
40912,CATETER ANGIOGRAFICO VERTEBRAL 4 FR X 100 cm   UNIDAD,UNIDAD,I
5928,SOMATROPINA 36 UI 1 mL INYECTABLE,INYECTABLE,M
11998,SUTURA CATGUT  CROMICO 2 C/A 1/2 CIRCULO REDONDA 15 mm X 70 cm   UNIDAD,UNIDAD,I
22680,DASATINIB 50 mg  TABLETA,TABLETA,M
26492,KIT DE VESTUARIO PARA AREA BLANCA DE PREPARACION DE BOLSAS DE NUTRICION PARENTERAL TALLA M X 3 PIEZAS   KIT,KIT,I
15247,VARILLA DE ALUMINIO 20 cm   UNIDAD,UNIDAD,I
10883,HEPATITIS B ANTICUERPO ANTI CORE IgM ELISA  96 DET KIT,KIT,I
32269,CHAQUETA DESCARTABLE TALLA L   UNIDAD,UNIDAD,I
28309,INJERTO VASCULAR BIFURCADO DE DACRON 8 mm X 16 mm X 45 cm   UNIDAD,UNIDAD,I
54778,SISTEMA PARA CIRUGIA INVASIVA LAPAROSCOPICA - UNIDAD UNIDAD,,I
25707,PUNTERA (TIPS) AZUL 200 uL - 1000 uL PARA PIPETA AUTOMATICA X 500 UNIDADES   UNIDAD,UNIDAD,I
15330,CANULA ARTERIAL AORTICA N° 24   UNIDAD,UNIDAD,I
43105,MANDILON DESCARTABLE   UNIDAD,UNIDAD,I
28838,REDUCTOR DE TROCAR 10 mm   UNIDAD,UNIDAD,I
20917,CAMPO QUIRURGICO CON FENESTRA DESCARTABLE 30 cm X 30 cm   UNIDAD,UNIDAD,I
40755,PAÑO ABSORBENTE DE TELA NO TEJIDA 30 cm x 38 cm x 50 UNIDADES DESECHABLE   UNIDAD,UNIDAD,I
10579,CLAVO KIRSCHNER 2.5 mm X 28 cm   UNIDAD,UNIDAD,I
27600,AGUJA KIRSCHNER 1.2 mm DE DIAMETRO X 300 mm DE LARGO   UNIDAD,UNIDAD,I
33242,PLACA DE RECONSTRUCCION DE 8 AGUJEROS X 3.5 mm   UNIDAD,UNIDAD,I
32122,SET DE LINEA ARTERIAL PARA MONITOREO INVASIVO ADULTO   UNIDAD,UNIDAD,I
44789,DEPOSITO DE POLIPROPILENO PARA DESCARTE DE MATERIAL PUNZOCORTANTE X 1 L   UNIDAD,UNIDAD,I
36233,PROTECTOR DE PVC ESTERIL PARA PINZA MOSQUITO X 5 PARES   UNIDAD,UNIDAD,I
44787,DEPOSITO DE POLIPROPILENO PARA DESCARTE DE MATERIAL PUNZOCORTANTE X 22.7 L   UNIDAD,UNIDAD,I
37448,CANULA PARA TRAQUEOSTOMIA Nº 5 FENESTRADA   UNIDAD,UNIDAD,I
4557,MAGNESIO SULFATO 200 mg/mL 20 mL INYECTABLE,INYECTABLE,M
17494,TUBO ENDOTRAQUEAL CON GLOBO N° 8.5 F   UNIDAD,UNIDAD,I
33576,BILIRRUBINA TOTAL Y FRACCIONADA  250 DET KIT,KIT,I
42109,BRAZALETE DESCARTAB. PRESION ARTERIAL NO INVASIVA NEONATAL 7.1 cm - 13.1 cm P/MONITOR MULTIPARAMETRO   UNIDAD,UNIDAD,I
34594,"MICROGUIA 0.007"" X 200 cm   UNIDAD",UNIDAD,I
47210,PLACA PARA RECUENTO DE AEROBIOS X 100  100 UND UNIDAD,UNIDAD,I
33441,GUANTE DEDOS PARCIALMENTE CUBIERTOS ELASTICO TALLA N° 6   UNIDAD,UNIDAD,I
35686,SUCEDANEO DE LECHE MATERNA PARA PREMATUROS 24 Kcal/onz  59 mL SOLUCION,SOLUCION,I
34402,CONO DE GUTAPERCHA SET Nº 20 DE 30 mm X 6   UNIDAD,UNIDAD,I
38573,SUTURA NAILON NEGRO MONOFILAMENTO 5/0 C/A 1/2 CIRCULO CORTANTE 16 mm x 45 cm   UNIDAD,UNIDAD,I
53033,COLORANTE OXIDO ROJO DE MERCURIO X 100 g   UNIDAD,UNIDAD,I
43922,CONECTOR EN Y 1/5 in X 1/5 in X 1/5 in   UNIDAD,UNIDAD,I
37896,APOSITO TRANSPARENTE CON BORDE REFORZADO 10 cm X 12 cm   UNIDAD,UNIDAD,I
40225,SET DE CATETER PERCUTANEO CON INTRODUCTOR PELABLE 1.9 FR X 20 cm   SET,SET,I
42024,TEST DE ANTIGENO CA 15-3 METODO AUTOMATIZADO  1 DET KIT,KIT,I
33852,KIT ELISA CONFIRMATORIO PARA HEPATITIS B ANTIGENO DE SUPERFICIE (HBsAg)  96 DET KIT,KIT,I
10280,ANTISUERO ANTI E. COLI ENTEROINVASIVA B POLIVALENTE  3 mL SOLUCION,SOLUCION,I
24376,COLESTEROL LDL DIRECTO  100 DET KIT,KIT,I
1793,CICLOSPORINA 100 mg/mL 50 mL SOLUCION,SOLUCION,M
21619,AMILASA CINETICA AUTOMATIZADA  1 DET UNIDAD,UNIDAD,I
27754,DPD EN POLVO PARA CLORO LIBRE EN MUESTRAS DE 10 mL X 100 TEST   UNIDAD,UNIDAD,I
39359,TUBO DE DRENAJE TIPO BLAKE Nº 19 CON RESERVORIO x 100 mL   UNIDAD,UNIDAD,I
22867,FORMALDEHIDO P.A. 37% 1 L SOLUCION,SOLUCION,I
41436,FRESA PARA CRANEOTOMO DE ACERO PARA PERFORACION AUTOPARE T/ REDONDA DE 14 mm FRESA EXT X 11 mm INTER   UNIDAD,UNIDAD,I
22421,ELECTRODO DE ASA LEEP DE 10 mm X 20 mm X 12 cm CON ALAMBRE DE TUNGSTENO   UNIDAD,UNIDAD,I
33407,PANTALONETA COMPLETA ELASTICA TALLA S   UNIDAD,UNIDAD,I
20644,MALLA DE POLIPROPILENO 30 cm X 1.5 cm   UNIDAD,UNIDAD,I
24075,ESPARADRAPO ANTIALERGICO PLASTIFICADO 2.5 cm X 9.1 m   UNIDAD,UNIDAD,I
37843,PRUEBA RAPIDA PARA CHLAMYDIA  25 DET KIT,KIT,I
38314,BOLSA DE ASPIRACION DE SECRECIONES CON VALVULA Y FILTRO ANTIBACTERIANO 1 L   UNIDAD,UNIDAD,I
27236,SUERO ANTI D  10 mL UNIDAD,UNIDAD,I
11908,SONDA RECTAL N° 28 F   UNIDAD,UNIDAD,I
19804,AGUJA PARA BIOPSIA RENAL DESCARTABLE 16 G X 15 cm   UNIDAD,UNIDAD,I
25079,TORNILLO DE BLOQUEO 2.4 mm X 10 mm   UNIDAD,UNIDAD,I
28235,CATETER VENOSO CENTRAL TRIPLE LUMEN 5.5 FR X 13 cm   UNIDAD,UNIDAD,I
25978,CATETER BALON EXTRACTOR DE CALCULOS BILIARES TRIPLE LUMEN 7 FR X 200 cm   UNIDAD   UNIDAD,UNIDAD,I
47727,AGAR R-2A X  500 g UNIDAD,UNIDAD,I
25946,CATETER CORONARIO TIPO JUDKINS DERECHO 4 FR X 100 cm   UNIDAD,UNIDAD,I
41989,MALLA DE TITANIO 1.3 mm X 10 mm X 10 mm   UNIDAD,UNIDAD,I
25582,TUBO ENDOTRAQUEAL DESCARTABLE Nº 9.0 CON CUFF   UNIDAD,UNIDAD,I
25459,CETUXIMAB 5 mg/mL 20 mL INYECTABLE,INYECTABLE,M
6187,TIOGUANINA 40 mg  TABLETA,TABLETA,M
36771,ACIDO SALICILICO USP  1 Kg UNIDAD,UNIDAD,I
47235,CATETER VENOSO CENTRAL DE INSERCION PERIFERICA DOBLE LUMEN 4.5 FR X 60 cm   UNIDAD,UNIDAD,I
18378,PREGABALINA 75 mg  TABLETA,TABLETA,M
38198,PLACA DE BLOQUEO DE 5 AGUJEROS X 2.4 mm PARA RADIO DISTAL DERECHA   UNIDAD,UNIDAD,I
22984,SUTURA DE POLIDIOXANONA 4/0 C/A 1/2 CIRCULO REDONDA 26 mm X 70 cm   UNIDAD,UNIDAD,I
41006,APOSITO DE PIEL DE CERDO LIOFILIZADO 8 cm X 15 cm   UNIDAD,UNIDAD,I
49642,ACETONITRILO GRADO LC-MS  4 L UNIDAD,UNIDAD,I
25197,MARCAPASO DEFINITIVO CON PROTECCION PARA RESONANCIA MAGNETICA   UNIDAD,UNIDAD,I
32062,"GUIA HIDROFILICA CURVA 0.035"" X 260 cm   UNIDAD",UNIDAD,I
49633,ANTICUERPO Y ANTIGENO NUCLEARES EXTRAIBLES (ENA) INMUNOBLOT   UNIDAD,UNIDAD,I
33074,BROCA 3.2 mm X 220 mm   UNIDAD,UNIDAD,I
22366,OCLUSOR DE COMUNICACION INTERAURICULAR (CIA) Nº 20   UNIDAD,UNIDAD,I
40699,SET TERMINAL ULTRASONICO DE 23 kHZ PARA ASPIRADOR ULTRASONICO   UNIDAD,UNIDAD,I
40366,CK TOTAL AUTOMATIZADA CINETICA  1 DET KIT,KIT,I
31518,TUBO TRAQUEAL EN T 12 mm EXTRA LARGO   UNIDAD,UNIDAD,I
29846,INDICADOR QUIMICO INTERNO DE ESTERILIZACION A PEROXIDO DE HIDROGENO  250 UNIDAD,UNIDAD,I
35305,LAPIZ DEMOGRAFICO COLOR ROJO   UNIDAD,UNIDAD,I
10438,CAPSULA DE GELATINA DURA PARA PRODUCTOS FARMACEUTICOS Nº 0   UNIDAD,UNIDAD,I
40314,"KIT DE ROPA PARA CIRUJANO (GORRO, MASCARA, BOTA, CHAQUETA Y PANTALON)   UNIDAD",UNIDAD,I
23056,HEPATITIS C ELISA  96 DET KIT,KIT,I
54533,HORMONA PARATIROIDEA METODO AUTOMATIZADO - X DET UNIDAD,UNIDAD,I
36310,CLAVO KIRSCHNER 2.0 mm X 225 mm DOBLE PUNTA   UNIDAD,UNIDAD,I
22006,CATETER PARA DIALISIS PERITONEAL BLANDO RECTO 2 CUFF X 15 cm X 37 cm   UNIDAD,UNIDAD,I
25474,SISTEMA DE DRENAJE TORAXICO DESCARTABLE DOBLE   UNIDAD,UNIDAD,I
50327,ELECTRODO DE RESECCION BIPOLAR TIPO BOTON 24 FR PARA RESECTOSCOPIO   UNIDAD,UNIDAD,I
44250,MANDIL DESCARTABLE NO ESTERIL  TALLA XL UNIDAD,UNIDAD,I
37541,MANDIL DESCARTABLE ESTERIL TALLA L   UNIDAD,UNIDAD,I
38426,PROTESIS DE CADERA NO CEMENTADA POR FIJACION PROXIMAL   UNIDAD,UNIDAD,I
39236,ELECTRODO DESCARTABLE TIPO AGUJA DE 14 mm x 1.5m A 2.00 m PARA EQUIPO DE MONITOREO INTRAOPERATORIO   UNIDAD,UNIDAD,I
24297,PLACA DE RECONSTRUCCION MANDIBULAR DE 20 AGUJEROS X 2.0 mm   UNIDAD,UNIDAD,I
5285,PARACETAMOL 100 mg/mL 15 mL SOLUCION,SOLUCION,M
46703,CANULA PARA TRAQUEOSTOMIA Nº 8 CON VALVULA FONIATRICA   UNIDAD,UNIDAD,I
29804,DESINFECTANTE PARA SUPERFICIES ALTAS  750 mL SOLUCION,SOLUCION,I
33231,CATETER CORONARIO TIPO JUDKINS IZQUIERDO 5 FR X 100 cm   UNIDAD,UNIDAD,I
33360,TORNILLO ESPONJOSO 4.0 mm ROSCA DISTAL 16 mm X 30 mm   UNIDAD,UNIDAD,I
25818,KIT DE AFERESIS PARA RECOLECCION DE CELULAS PROGENITORAS DE BAJO VOLUMEN   KIT,KIT,I
24363,CLAVO STEINMAN 3.0 mm X 240 mm   UNIDAD,UNIDAD,I
27640,MASCARA LARINGEA DESCARTABLE Nº 5   UNIDAD,UNIDAD,I
40629,CATETER BALON DILATADOR DE ESOFAGO COLON 6 mm - 7 mm - 8 mm DE DIAMETRO x 5.5 cm DE 7 FR 230 cm   UNIDAD,UNIDAD,I
49179,"ARCO PREFORMADO DE NIQUEL, TITANIO (NITINOL) RECTAN. INFERIOR TIPO KITINEX 0.016 in X 0.022 in X 27º   UNIDAD",UNIDAD,I
25146,IVERMECTINA 3 mg  TABLETA,TABLETA,M
46288,DISPOSITIVO DE CIERRE VASCULAR  6FR UNIDAD,UNIDAD,I
40625,PASTA ABRASIVA PARA ELECTROCARDIOGRAMA Y ELECTROENCEFALOGRAMA X 114 g   UNIDAD,UNIDAD,I
23059,TROCAR TORAXICO FLEXIBLE DE 15 mm DE DIAMETRO DESCARTABLE   UNIDAD,UNIDAD,I
23264,MANGA MIXTA PAPEL Y PLASTICO PARA ESTERILIZACION CON FUELLE DE 5 cm X 15 cm X 100 m   UNIDAD,UNIDAD,I
22805,SUTURA NAILON NEGRO MONOFILAMENTO 9/0 C/DOBLE AGUJA 3/8 CIRCULO ESPATULADA 6.4 mm X 38 cm   UNIDAD,UNIDAD,I
12010,SUTURA CATGUT CROMICO 1 C/A 1/2 CIRCULO REDONDA 35 mm X 70 cm   UNIDAD,UNIDAD,I
17774,ACICLOVIR 200 mg/5 mL 125 mL SUSPENSION,SUSPENSION,M
32185,SONDA VESICAL 2 VIAS DE SILICONA DE LARGA PERMANENCIA Nº 16   UNIDAD,UNIDAD,I
6448,VALPROATO SODICO 200 mg/mL 40 mL SOLUCION,SOLUCION,M
26433,DEXTROSA 5 g/100 mL (5 %) CIRCUITO CERRADO 250 mL INYECTABLE,INYECTABLE,M
15327,CANULA ARTERIAL AORTICA N° 20   UNIDAD,UNIDAD,I
11286,HOJA PARA EQUIPO SHAVER Nº 4.5 mm   UNIDAD,UNIDAD,I
19035,SUTURA SEDA NEGRA TRENZADA MULTIEMPAQUE 2/0 S/A 8 mm X 50 cm   UNIDAD,UNIDAD,I
35402,PLACA LCP DE 10 ORIFICIOS X 130 mm PARA TIBIA DISTAL MEDIAL DERECHA   UNIDAD,UNIDAD,I
22442,VASO DAPPEN DE VIDRIO 3 cm DE DIAMETRO X 3 cm DE ALTO   UNIDAD,UNIDAD,I
19966,TORNILLO ESPONJOSO 3.5 mm X 28 mm   UNIDAD,UNIDAD,I
34251,FRASCO DE POLIPROPILENO CON TAPA ROSCA X 100 mL   UNIDAD,UNIDAD,I
47756,HIPROMELOSA (SOLUCION INTRAOCULAR) 20 mg/ml 2 mL INYECTABLE,INYECTABLE,I
20013,ANTISUERO ANTI SHIGELLA BOYDII POLIVALENTE C - 3  3 mL INYECTABLE,INYECTABLE,I
43655,ESTILETE PARA INTUBACION 14 FR   UNIDAD,UNIDAD,I
43271,MICROPINZA PARA DELAMINACION DE MEMBRANA 25 G   UNIDAD,UNIDAD,I
30914,SET DE MATERIAL INTRODUCTOR DE MICRO PUNCION 4 FR X 3 PIEZAS   UNIDAD,UNIDAD,I
20848,ACIDO ACETICO GLACIAL Q.P.  1 L SOLUCION,SOLUCION,I
38752,SISTEMA PARA IDENTIFICACION + ANTIBIOGRAMA DE BACTERIAS GRAM NEGATIVAS SISTEMICOS x 20 DETERMINACIONES   UNIDAD,UNIDAD,I
36986,PINZA DE BIOPSIA PARA ENDOSCOPIA BAJA X 230 cm DE LONGITUD   UNIDAD,UNIDAD,I
42636,TIRA CONTROL INTERNO PARA ESTERILIZACION A VAPOR X 100  X 100 UNIDAD,UNIDAD,I
19679,SONDA TRANSPILORICA CON MANDRIL Y LASTRE Nº 10 F   UNIDAD,UNIDAD,I
38695,BARRA DE TITANIO 5.5 mm x 250 mm PARA COLUMNA VERTEBRAL   UNIDAD,UNIDAD,I
25689,LENTE INTRAOCULAR DIOPTRIA 23.0 CAMARA POSTERIOR PLEGABLE 1 PIEZA   UNIDAD,UNIDAD,I
42247,SISTEMA DE TERAPIA DE PRESION NEGATIVA DE UN SOLO USO 12 cm X 21 cm   UNIDAD,UNIDAD,I
36134,PLACA LCP DE 7 ORIFICIOS 2.7 mm/3.5 mm PARA HUMERO DISTAL DORSO LATERAL DERECHA   UNIDAD,UNIDAD,I
28566,CLIP DE ANEURISMA SEMICURVO 5 mm   UNIDAD,UNIDAD,I
12025,SUTURA CATGUT CROMICO 3/0 C/A 1/2 CIRCULO REDONDA 35 mm X 70 cm   UNIDAD,UNIDAD,I
39472,CATETER BALON DILATADOR DE VIAS BILIARES 6 mm x 4 cm COMPATIBLE CON GUIA 0.035 ?   UNIDAD,UNIDAD,I
37386,"AGUJA PARA JERINGA DE INSULINA TIPO LAPICERO Nº 32 G X 5/32""   UNIDAD",UNIDAD,I
12007,SUTURA CATGUT CROMICO 0 C/A 1/2 CIRCULO REDONDA 35 mm X 70 cm   UNIDAD,UNIDAD,I
54292,INTRODUCTOR FEMORAL CON CUBIERTA HIDROFILICA - 10 FR X 23 cm UNIDAD,UNIDAD,I
5082,NITROFURAL 200 mg/100 g 35 g CREMA,CREMA,M
41385,MASCARA LARINGEA DESCARTABLE CON ACCESO GASTRICO + INTUBACION N° 2.5   UNIDAD,UNIDAD,I
42921,PROTECTOR OCULAR DESCARTABLE PARA FOTOTERAPIA RECIEN NACIDO DE 24-33 cm   UNIDAD,UNIDAD,I
21116,MANGA MIXTA PAPEL Y PLASTICO PARA ESTERILIZACION SIN FUELLE 5 cm X 200 m   UNIDAD,UNIDAD,I
46027,CATETER PARA MARCAPASO TEMPORAL  4 FR X 110 cm UNIDAD,UNIDAD,I
29996,APOSITO HIDROCOLOIDE GRUESO 20 cm X 20 cm   UNIDAD,UNIDAD,I
5652,QUININA SULFATO DIHIDRATO 300 mg  TABLETA,TABLETA,M
35203,CONO DE GUTAPERCHA SET DEL 45 -80 (2da SERIE) X 120   UNIDAD,UNIDAD,I
22795,CLAVO KIRSCHNER 1.6 mm X 28 cm   UNIDAD,UNIDAD,I
23238,AGUJA DE VERESS PARA LAPAROSCOPIA DE 120 mm DE  LONGITUD   UNIDAD,UNIDAD,I
2031,CLORANFENICOL (COMO SUCCINATO SODICO) 1 g  INYECTABLE,INYECTABLE,M
48715,ANTICUERPO ANTI HERPES VIRUS 2 IGG ELISA  1 DETERMINACION UNIDAD,UNIDAD,I
35784,BROCA DE 3.2 mm DE DIAMETRO X 300 mm   UNIDAD,UNIDAD,I
22779,PAÑAL DESCARTABLE TIPO CALZON PARA RECIEN NACIDO   UNIDAD,UNIDAD,I
30546,ESPESANTE DE ALIMENTO (aprox. 227 g)  227 g POLVO,POLVO,I
53185,AGUJA DE BLOQUEO NERVIOSO PERIFERICO DESCARTABLE 22 G X 10 cm   UNIDAD,UNIDAD,I
23806,KIT DESCARTABLE DE 01 JERINGA 200 mL + 01 JERINGA 50 mL + CONECTOR EN T DE BAJA PRESION + TUBO DE LLENADO PARA TOMOG   KIT,KIT,I
32695,FRESA PARA CRANEOTOMO DE ACERO PARA PERFORACION TIPO ESFERICA DE 2.3 mm   UNIDAD,UNIDAD,I
18368,CANULA PARA TRAQUEOSTOMIA Nº 3.5 X 34 mm   UNIDAD,UNIDAD,I
4674,METADONA 10 mg  TABLETA,TABLETA,M
49750,MEMBRANA REGENERADORA POROSA ESTERILIZADA  20 cm x 15 cm UNIDAD,UNIDAD,I
26975,TORNILLO DE BLOQUEO 5.0 mm x 22 mm   UNIDAD,UNIDAD,I
46248,PROTOTIPO BIOMEDICO CRANEO EXTENDIDO EFECTO REAL   UNIDAD,UNIDAD,I
25765,"KIT PARA TRATAMIENTO DE HERIDAS (ESPONJA, LAMINA Y DISCO CON TUBO) PEQUEÑO   KIT",KIT,I
12023,SUTURA CATGUT CROMICO 3/0 C/A 1/2 CIRCULO REDONDA 25 mm X 70 cm   UNIDAD,UNIDAD,I
28231,TORNILLO DE BLOQUEO 5.0 mm X 20 mm   UNIDAD,UNIDAD,I
30431,ANILLO DE ANULOPLASTIA PARA VALVULA MITRAL Nº 30   UNIDAD,UNIDAD,I
25230,SISTEMA DE DERIVACION VENTRICULO PERITONEAL PRESION BAJA NEONATAL   UNIDAD,UNIDAD,I
42753,CLAVO SCHANZ 4.0 mm X 125 mm   UNIDAD,UNIDAD,I
23527,PLACA DE RECONSTRUCCION DE 06 AGUJEROS X 3.5 mm   UNIDAD,UNIDAD,I
34041,MARCAPASO DEFINITIVO UNICAMERAL   UNIDAD,UNIDAD,I
29691,CLAVO INTRAMEDULAR BLOQUEADO PARA FEMUR DIAMETRO 09 mm   UNIDAD,UNIDAD,I
35719,KIT COMPLETO DESCARTABLE DE TUBOS CORRUGADOS Y ACCESORIOS NEONATAL PARA OXIGENOTERAPIA   UNIDAD,UNIDAD,I
52041,ALIMENTO NUTRICIONAL HIPERPROTEICA CON CALOSTRO DE BOVINO X 850 g   UNIDAD,UNIDAD,I
27588,SUTURA DE POLIPROPILENO AZUL MONOFILAMENTO 6/0 C/2A 3/8 CICULO REDONDA 13 mm X 75 cm   UNIDAD,UNIDAD,I
22396,DISCO DE SENSIBILIDAD DE CEFOTAXIMA + ACIDO CLAVULAMICO 30 ug + 10 ug 50 DISCOS UNIDAD,UNIDAD,I
42304,PLACA DE BLOQUEO LCP 7 AGUJEROS X 3.5 mm PARA CLAVICULA   UNIDAD,UNIDAD,I
30294,SOPORTE METALICO LARGO CON APOYO ISQUIATICO (POLIPROPILENO) CON PINZAS PLANAS PARA ADULTO   UNIDAD,UNIDAD,I
50398,"KIT DE DETECCION DE RESISTENCIA A ISONIAZIDA, FLUOROQUINOLONAS, DROGAS DE 2DA LINEA Y ETIONAMIDA PARA MYCOBACTERIUM  X 10 DETERMINACIONES UNIDAD",UNIDAD,I
34618,ESPARADRAPO HIPOALERGENICO DE TELA 5 cm X 9.1 m   UNIDAD,UNIDAD,I
46196,CATETER DE SOPORTE RADIOPACO 0.018 in 4 FR X 150 cm   UNIDAD,UNIDAD,I
20477,EVEROLIMUS 0.75 mg  TABLETA,TABLETA,M
33594,GUANTE DEDOS PARCIALMENTE CUBIERTOS ELASTICO TALLA N° 14   UNIDAD,UNIDAD,I
30328,CABESTRILLO CON MANGUITO ROTADOR - PLACA Y ARNES EN 8   UNIDAD,UNIDAD,I
54092,SET DE CATETER VENOSO PERIFERICO DE LINEA MEDIA CON PROLONGADOR Y GUIA FLEXIBLE - 4FR UNIDAD,UNIDAD,I
26604,HOJA DE SIERRA 13 mm X 6.4/2.9 X 0.60 mm PARA SIERRA RECIPROCA   UNIDAD,UNIDAD,I
11679,PLACA L RECTA MINIFRAGMENTO IZQUIERDO   UNIDAD,UNIDAD,I
33772,DISTRACTOR EXTRAORAL 31 mm   UNIDAD,UNIDAD,I
25602,CLAVO INTRAMEDULAR BLOQUEADO PARA HUMERO DIAMETRO 08 mm   UNIDAD,UNIDAD,I
24305,SUTURA NAILON AZUL MONOFILAMENTO 4/0 C/A 1/2 CIRCULO CORTANTE 30 mm X 75 cm   UNIDAD,UNIDAD,I
33361,TORNILLO ESPONJOSO 4.0 mm ROSCA DISTAL 16 mm X 40 mm   UNIDAD,UNIDAD,I
37535,ALIMENTO NUTRICIONAL COMPLETO Y BALANCEADO PARA ADULTOS  850 g UNIDAD,UNIDAD,I
55469,PINZA DE BIOPSIA PARA COLONOSCOPIA SIN AGUJA DESCARTABLE DE LONGITUD - 240 cm UNIDAD,UNIDAD,I
31514,CANULA PARA TRAQUEOSTOMIA N° 7 EXTRA LARGA CON ANILLO DE SUJECION MOVIL CON BALON   UNIDAD,UNIDAD,I
36416,ANTICUERPO MONOCLONAL CD 3 X 6 mL   UNIDAD,UNIDAD,I
53694,CAMPO QUIRURGICO ESTERIL DESCARTABLE 50 cm X 1.00 m   UNIDAD,UNIDAD,I
55357,MEDIO GRADIENTE DE DENSIDAD - X 100 mL UNIDAD,UNIDAD,I
30000,ALAMBRE QUIRURGICO 0.18 mm   UNIDAD,UNIDAD,I
8153,RETINOL(COMO PALMITATO) 200000 UI  TABLETA,TABLETA,M
44271,MAGNESIO COLORIMETRICO  100 DET UNIDAD,UNIDAD,I
33895,FILTRO DIFUSOR DE AIRE DESCARTABLE PARA CRANEOTOMO MIDAS REXLL   UNIDAD,UNIDAD,I
31513,GANCHO SUJETADOR PARA CAMPO DE USO ODONTOLOGICO   UNIDAD,UNIDAD,I
35356,SOLUCION PRESERVANTE PARA CORNEA CON EUSOL-C  20 mL UNIDAD,UNIDAD,I
22126,ALGINATO (USO DENTAL)  450 g SOLUCION,SOLUCION,I
45920,SONDA PARA ENDOSCOPIA DE COAGULACION DE GAS ARGON DE 2.3mm X 2.2m CON HAZ FRONTAL   UNIDAD,UNIDAD,I
29975,SISTEMA DE DERIVACION VENTRICULO PERITONEAL PRESION MEDIA ADULTO   UNIDAD,UNIDAD,I
44375,KIT TROCARES DESCARTABLES PARA CIRUGIA LAPAROSCOPICA X 8 PIEZAS   UNIDAD,UNIDAD,I
34927,EMPAGLIFLOZINA 25 mg  TABLETA,TABLETA,M
31735,TUBO PARA EXTRACCION DE SANGRE CON SISTEMA DE VACIO DE POLIPROPILENO DE 1 mL CON GEL SEPARADOR   UNIDAD,UNIDAD,I
17768,TACROLIMUS 1 mg  TABLETA,TABLETA,M
32338,EMPAQUE TIPO TYVECK PARA ESTERILIZACION CON PEROXIDO DE HIDROGENO 7.5 cm X 100 m   UNIDAD,UNIDAD,I
35465,BOLSA DE REANIMACION DE OXIGENO PARA RESUCITADOR MANUAL PEDIATRICO   UNIDAD,UNIDAD,I
40338,REACTIVO PARA GASES ELECTROLITOS Y METABOLITOS SANGUINEOS ARTERIALES X 500 DETERMINACIONES   UNIDAD,UNIDAD,I
30346,"NTP 399.047:1977 CINTURONES, CORREAS Y ARNESES DE SEGURIDAD   UNIDAD",UNIDAD,I
36380,CLAVO ENDOMEDULAR DE ACERO QUIRURGICO PARA FEMUR 12 mm X 38 cm   UNIDAD,UNIDAD,I
19031,SUTURA ACIDO POLIGLICOLICO 0 C/A 1/2 CIRCULO REDONDA 40 mm X 70 cm   UNIDAD,UNIDAD,I
37314,JERINGA DESCARTABLE 100 mL PARA BOMBA INYECTORA DE CONTRASTE   UNIDAD,UNIDAD,I
45262,TORNILLO CORTICAL 2.4 mm X 26 mm   UNIDAD,UNIDAD,I
22303,DISCO DE SENSIBILIDAD DE TETRACICLINA 30 µg 50 DISCOS UNIDAD,UNIDAD,I
41850,ESPARADRAPO DE GASA SEMI-ELASTICO  10 cm X 10 m UNIDAD,UNIDAD,I
32331,FILTRO ANTIBACTERIAL VIRAL+INTERCAMBIADOR DE CALOR HUMEDAD PEDIATRICO PARA CIRCUITO CORRUGADO   UNIDAD,UNIDAD,I
45123,PORTA AGUJA PARA SUTURA 11 cm   UNIDAD,UNIDAD,I
16770,MASCARA DE OXIGENO TIPO VENTURI EMPAQUE INDIVIDUAL DESCARTABLE   UNIDAD,UNIDAD,I
33133,CONECTOR DE POLICLORURO DE VINILO (PVC) EN FORMA DE PUNZON DESCARTABLE PARA FRASCO O BOLSA DE NUTRICION ENTERAL   UNIDAD,UNIDAD,I
25102,HEPATITIS B ANTIGENO DE SUPERFICIE ELISA  1 DET KIT,KIT,I
26104,RETRACTOR DE HERIDAS RIGIDO EXTRA GRANDE PARA INCISIONES DE 11 A 17 cm   UNIDAD,UNIDAD,I
11920,SONDA VESICAL TIPO FOLEY 2 VIAS DESCARTABLE N° 10   UNIDAD,UNIDAD,I
53747,OPTICA 30º 4 mm X 30 cm PARA TORRE DE EQUIPO DE LAPAROSCOPIA	   UNIDAD,UNIDAD,I
52655,CEPILLO DE LIMPIEZA DOBLE CABEZA EXTREMOS OPUESTOS PARA CERDAS DE NAILON  17.5 cm DE LONGITUD UNIDAD,UNIDAD,I
49039,FORMULA ENTERAL POLIMERICA PEDIATRICA  220 mL UNIDAD,UNIDAD,I
26995,CRIOVIAL DE POLIPROPILENO ESTERIL GRADUADO 2.0 mL CON TAPA   UNIDAD,UNIDAD,I
44105,CAMPO QUIRURGICO ESTERIL DESCARTABLE 90 cm X 90 cm   UNIDAD,UNIDAD,I
42331,SISTEMA DE DRENAJE A SUCCION CONTINUA 21 FR   UNIDAD,UNIDAD,I
31512,SOLUCION PARA DIALISIS PERITONEAL 4.25 % 6 L SOLUCION,SOLUCION,M
37856,FORMULA LACTEA DE CONTINUACION X 375 g   UNIDAD,UNIDAD,I
29511,SET DE MATERIAL INTRODUCTOR DE CATETER FEMORAL 5 FR X 10 cm   UNIDAD,UNIDAD,I
25248,KIT DE ROPA DESCARTABLE PARA CIRUGIA X 3 PIEZAS   KIT,KIT,I
32645,MANGA MIXTA PAPEL Y PLASTICO PARA ESTERILIZACION SIN FUELLE 50 cm X 200 m   UNIDAD,UNIDAD,I
28456,PUNTA DE ASPIRACION CORTA RACTA 1.9 mm PARA ASPIRADOR ULTRASONICO   UNIDAD,UNIDAD,I
38411,ANTIGENO PROSTATICO ESPECIFICO (PSA) LIBRE METODO AUTOMATIZADO   UNIDAD,UNIDAD,I
40487,SONDA RECTAL DESCARTABLE Nº 18   UNIDAD,UNIDAD,I
23861,"AGUJA FISTULA ARTERIAL VENOSA N° 17 G X 1""   UNIDAD",UNIDAD,I
52938,TORNILLO DE BLOQUEO 2.7 mm X 14 mm   UNIDAD,UNIDAD,I
11502,OXIGENADOR CON MEMBRANA   UNIDAD,UNIDAD,I
12028,SUTURA CATGUT CROMICO 4/0 C/A 1/2 CIRCULO REDONDA 25 mm X 70 cm   UNIDAD,UNIDAD,I
17574,"JERINGA DESCARTABLE 1 mL CON AGUJA 22 G X 1 1/4""   UNIDAD",UNIDAD,I
19717,"CATETER ENDOVENOSO PERIFERICO Nº 20 x 1 1/4"" CON CLIP DE SEGURIDAD AUTOMATICO   UNIDAD",UNIDAD,I
28313,FENOL EN CRISTALES P.A.  500 g UNIDAD,UNIDAD,I
23538,TORNILLO ESPONJOSO ROSCA TOTAL 4.0 mm X 40 mm   UNIDAD,UNIDAD,I
38835,MICROCATETER 2.4 FR x 1.50 m   UNIDAD,UNIDAD,I
35283,SOLUCION TAMPON (BUFFER) pH 7.00  500 mL UNIDAD,UNIDAD,I
18940,COMPRESA DE GASA QUIRURGICA 48 cm X 48 cm   UNIDAD,UNIDAD,I
22155,SUTURA ACIDO POLIGLACTIN 6/0 C/A 1/2 CIRCULO CORTANTE 16 mm X 45 cm   UNIDAD,UNIDAD,I
51686,TORNILLO DE ACERO AUTOPERFORANTE DE 1.5 MM X 4 MM   UNIDAD,UNIDAD,I
6230,TRAMADOL 100 mg 2 mL INYECTABLE,INYECTABLE,M
22420,ELECTRODO DE ASA LEEP DE 10 mm X 10 mm X 12 cm CON ALAMBRE DE TUNGSTENO   UNIDAD,UNIDAD,I
31900,CATETER URETERAL PUNTA ABIERTA 6 FR X 70 cm   UNIDAD,UNIDAD,I
43902,CHAQUETA DESCARTABLE TALLA XL   UNIDAD,UNIDAD,I
29363,BOLSA DE OXIGENO X 2 L PARA EQUIPO DE ANESTESIA   UNIDAD,UNIDAD,I
40471,GUIA METALICA HIDROFILICA PUNTA RECTA 0.035 ? x 4.50 m   UNIDAD,UNIDAD,I
32136,SET DE CLAVO ENDOMEDULAR DE ACERO QUIRURGICO BLOQUEADO PARA TIBIA X 3 PIEZAS   UNIDAD,UNIDAD,I
55388,FORMULA NUTRICIONAL CON BAJO CONTENIDO LIPIDICO Y ALTO CONTENIDO EN TRIGLICERIDOS DE CADENA MEDIA - X 500 g POLVO,POLVO,M
33237,CATETER PERCUTANEO PARA EXTRACCION DE CUERPO EXTRAÑO DE LAZO DE 20 mm   UNIDAD,UNIDAD,I
34454,CAMPO FENESTRADO DESCARTABLE ESTERIL ADHESIVO 1.20 m X 1.40 m   UNIDAD,UNIDAD,I
35375,BLEFAROSTATO BARRAQUER PARA NEONATO   UNIDAD,UNIDAD,I
11366,JERINGA DESCARTABLE 60 mL SIN AGUJA   UNIDAD,UNIDAD,I
34080,"TUBO DE POLIPROPILENO, FONDO CONICO X 50 mL   UNIDAD",UNIDAD,I
12428,SUTURA SEDA NEGRA TRENZADA 5/0 C/A 3/8 CIRCULO CORTANTE 15 mm X 75 cm   UNIDAD,UNIDAD,I
51206,TAPON DESINFECTANTE PARA CONECTORES LIBRES DE AGUJA   UNIDAD,UNIDAD,I
21022,TORNILLO CORTICAL 1.5 mm X 8 mm   UNIDAD,UNIDAD,I
25484,PLACA 1/3 DE TUBO DE 04 AGUJEROS X 4.5 mm   UNIDAD,UNIDAD,I
34550,KIT DE ANTICUERPO TCR ALFHA-BETA PARA SEPARACION CELULAR MAGNETICA X 7 UNIDADES   KIT,KIT,I
20661,TORNILLO ESPONJOSO 6.5 mm X 16 mm   UNIDAD,UNIDAD,I
53528,FIBRA OPTICA DE ENDOLASER 550 µm PUNTA PLANA   UNIDAD,UNIDAD,I
36579,SACAROSA P.A.  1 Kg UNIDAD,UNIDAD,I
32333,STENT PARA COARTACION DE AORTA 8 mm X 3.9 cm   UNIDAD,UNIDAD,I
48017,PELICULA RADIOGRAFICA DIGITAL  10 in X 12 in X 100 UNIDAD,UNIDAD,I
19876,"JERINGA DESCARTABLE DE INSULINA 1 mL CON AGUJA 29 G X 1/2""   UNIDAD",UNIDAD,I
12380,SUTURA SEDA NEGRA TRENZADA 5/0 C/A 3/8 CIRCULO CORTANTE 20 mm X 45 cm   UNIDAD,UNIDAD,I
37928,CEPILLO PARA CITOLOGIA DE 2.7 mm X 2.5 mm DE DIAMETRO CON 200 cm DE LONGITUD DE VAINA   UNIDAD,UNIDAD,I
19105,SUTURA NAILON AZUL MONOFILAMENTO 2 C/A 1/2 CIRCULO REDONDA 30 mm X 75 cm	   UNIDAD,UNIDAD,I
20146,OXIGENADOR DE MEMBRANA CON RESERVORIO CARDIOTOMIA PEDIATRICO   UNIDAD,UNIDAD,I
43555,PROTECTOR CODO - TALON ABIERTO PARA PREVENCION DE ULCERAS DE PRESION 43 cm X 23 cm   UNIDAD,UNIDAD,I
32336,CLORURO DE SODIO P.A.  500 g SOLUCION,SOLUCION,I
38468,TORNILLO DE TITANIO PARA FIJACION INTERMAXILAR DE 12.0 mm x 2.0 mm   UNIDAD,UNIDAD,I
23265,MANGA MIXTA PAPEL Y PLASTICO PARA ESTERILIZACION CON FUELLE DE 6.5 cm  X 25 cm X 100 m   UNIDAD,UNIDAD,I
1144,BETAHISTINA 16 mg  TABLETA,TABLETA,M
49984,PUNTERA (TIPS) CON FILTRO 0.5 µL - 10 µL  X 1000 UNIDAD,UNIDAD,I
29702,PAÑAL DESCARTABLE TIPO CALZON PARA NIÑO TALLA M   UNIDAD,UNIDAD,I
26066,PECTINA + CARBOXIMETILCELULOSA SODICO 0.1 g + 3.4 g/100 g 30 g GEL,GEL,I
24333,CONECTOR TRIFURCADO CON ADAPTADOR EN Y NEONATO   UNIDAD,UNIDAD,I
29902,HOJA DE SIERRA 46/31 mm X 10 mm X 0.4/0.3 mm PARA SIERRA OSCILANTE CON ANCLAJE   UNIDAD,UNIDAD,I
46635,ACETILCISTEINA 600 mg 2 gr GRANULOS,GRANULOS,M
3791,DEXTROSA 5 g/100 mL (5 %) 250 mL INYECTABLE,INYECTABLE,M
53578,AGUJA KIRSCHNER 1.5 mm X 150 mm   UNIDAD,UNIDAD,I
35440,TUBO NASOFARINGEO DESCARTABLE Nº 4   UNIDAD,UNIDAD,I
35697,ESPIRAL PARA EMBOLIZACION ENDOVASCULAR 9 mm X 20 cm   UNIDAD,UNIDAD,I
25314,ACEITE DE HIPOGLOS + OXIDO DE ZINC 10 g + 15 g/100 g 100 g UNGÜENTO,UNGUENTO,M
20518,SUTURA ACIDO POLIGLACTIN 3/0 C/A 1/2 CIRCULO REDONDA 22 mm x 70 cm   UNIDAD,UNIDAD,I
26521,VALVULA CARDIACA AORTICA MECANICA N° 23   UNIDAD,UNIDAD,I
26577,AGUJA MINIACAMPANDA 45º ABS KELMAN 0.9 mm   UNIDAD,UNIDAD,I
23596,SUTURA ACIDO POLIGLICOLICO 1 C/A 1/2 CIRCULO REDONDA 35 mm X 100 cm   UNIDAD,UNIDAD,I
20083,SONDA VESICAL 2 VIAS 100% SILICONADA Nº 8   UNIDAD,UNIDAD,I
32675,TUBO CAPILAR PARA HEMATOCRITO CON HEPARINA   UNIDAD,UNIDAD,I
38956,FRESA QUIRURGICA CORTANTE PARA OIDO 6.0 mm x 70 mm   UNIDAD,UNIDAD,I
34167,FILTRO PARA EQUIPO DE DIALISIS FRESENIUS   UNIDAD,UNIDAD,I
19325,BARRA DE ALUMINIO DE USO TRAUMATOLOGIA 40 cm   UNIDAD,UNIDAD,I
33296,SUSTITUTO DE DURAMADRE 6 cm X 6 cm   UNIDAD,UNIDAD,I
24594,CEMENTO DE IONOMERO DE VIDRIO AUTOPOLIMERIZABLE (POLVO-LIQUIDO)  10 g/15 mL KIT,KIT,I
50649,ADAPTADOR PARA BOLSA MUSLERA TALLA M   UNIDAD,UNIDAD,I
38479,SET DE CLAVO INTRAMEDULAR DE TITANIO BLOQUEADO PARA FEMUR x 4 PIEZAS   UNIDAD,UNIDAD,I
38285,SOPORTE TERMOPLASTICO ORTETICO TOBILLO PIE (OTP) DINAMICO BILATERAL   UNIDAD,UNIDAD,I
43925,GUANTE PARA EXAMEN DESCARTABLE DE NITRILO SIN POLVO TALLA M CAÑA LARGA   UNIDAD,UNIDAD,I
45776,ANTICUERPO ANTI ADN NATIVO INMUNOFLUORESCENCIA (IFA)  DETERMINACION UNIDAD,UNIDAD,I
42926,TORNILLO PEDICULAR MULTIAXIAL DE TITANIO  4.00 mm X 20 mm UNIDAD,UNIDAD,I
43600,ENDOPROTESIS (STENT) BRONQUIAL - TAPON X 6 mm   UNIDAD,UNIDAD,I
45868,CANULA PARA TRAQUEOSTOMIA SIN BALON  N° 3.5 UNIDAD,UNIDAD,I
10303,ARANDELA PARA TORNILLO CORTICAL 3.5 mm   UNIDAD,UNIDAD,I
38136,MEDIO DE MONTAJE PARA MICROSCOPIA X 500 mL   UNIDAD,UNIDAD,I
41252,CANASTILLA EXTRACTORA DE CALCULOS 1.6 cm X 3 FR X 120 cm   UNIDAD,UNIDAD,I
31793,KIT DE 1 JERINGA INSUFLADORA 60 mL ALTA PRESION + ROTADOR   KIT,KIT,I
30691,TORNILLO CANULADO 6.5 mm X 70 mm   UNIDAD,UNIDAD,I
17086,SONDA VESICAL TIPO NELATON N° 20   UNIDAD,UNIDAD,I
36899,TRANSAMINASA GLUTAMICA OXALACETICA (TGO)  AUTOMATIZADO CINETICO  1 DET KIT,KIT,I
37470,LIGADURA PARA TRATAMIENTO DE HEMORROIDES ESTANDAR   UNIDAD,UNIDAD,I
22373,BOLSA PARA NUTRICION PARENTERAL X 2 L   UNIDAD,UNIDAD,I
47669,INJERTO DE TEJIDO OSEO ESPONJOSO CHIPS  5 mL UNIDAD,UNIDAD,I
27847,TORNILLO CORTICAL 4.5 mm X 66 mm   UNIDAD,UNIDAD,I
29494,POTASIO CITRATO (equivalente a 10 mEq de ión potasio) (TABLETA DE LIBERACION MODIFICADA) 1080 mg  TABLETA,TABLETA,M
43082,CONO DE GUTAPERCHA SET N° 35 DE 30 mm X 6   UNIDAD,UNIDAD,I
41913,SISTEMA DE ANCLAJE DE TITANIO PARA TENDON DE AQUILES 2.5 mm   UNIDAD,UNIDAD,I
30995,TUBO DE DRENAJE TORAXICO Nº 28   UNIDAD,UNIDAD,I
44160,IVERMECTINA USP X 1 g   UNIDAD,UNIDAD,I
32237,CLIP DE TITANIO M X 6   UNIDAD,UNIDAD,I
30968,TUBO CAPILAR PARA MICRO HEMATOCRITO CON HEPARINA   UNIDAD,UNIDAD,I
49990,SUTURA SEDA NEGRA TRENZADA 7/0 C/DOBLE AGUJA ESPATULADA 3/8 DE 6.5 mm X 45 cm   UNIDAD,UNIDAD,I
27243,HORMONA TRIYODOTIRONINA (T3) TOTAL - AUTOMATIZADO  1 DET KIT,KIT,I
22360,MASCARILLA DESCARTABLE PARA USO QUIRURGICO   UNIDAD,UNIDAD,I
35143,GANCHO DE TITANIO TIPO AXON CORTO IZQUIERDO   UNIDAD,UNIDAD,I
21530,DREN TIPO JACKSO-PRATT C/RESERVORIO N° 7 F   UNIDAD,UNIDAD,I
45795,"KIT DE TINCION SOL. HEMATOXILINA GILL 3, REACTIVO DE SCHIFF, SOL. AC. PERYODICO 30 DETERMINACIONES 30 DETERMINACIONES KIT",KIT,I
27516,PLACA DCP RECTA LIVIANA (ESTRECHA) DE 04 AGUJEROS X 3.5 mm   UNIDAD,UNIDAD,I
39586,APLICADOR DE GLUCONATO DE CLORHEXIDINA AL 2% + ALCOHOL ISOPROPILICO AL 70% x 26 mL   UNIDAD,UNIDAD,I
38154,DOSAJE DE TIEMPO DE TROMBINA  100 DET KIT,KIT,I
48815,ANILLO PARA ANULOPLASTIA VALVULAR TRICUSPIDE 30 mm   UNIDAD,UNIDAD,I
52707,TREHALOSA + HIALURONATO DE SODIO 3% + 0.15% SOL OFT 10 mL   UNIDAD,UNIDAD,I
21498,CLIP HEMOSTATICO DE TITANIO TALLA MEDIUM/LARGE   UNIDAD,UNIDAD,I
15416,CATETER  PARA EMBOLECTOMIA N° 7   UNIDAD,UNIDAD,I
15231,APOSITO HIDROCOLOIDE 10 cm X 10 cm   UNIDAD,UNIDAD,I
11357,"JERINGA DESCARTABLE 1 mL CON AGUJA 27 G X 1/2""   UNIDAD",UNIDAD,I
32709,BOTADOR RECTO ACANALADO 4 mm   UNIDAD,UNIDAD,I
12699,TUBO OROFARINGEO (TUBO DE MAYO) N° 0   UNIDAD,UNIDAD,I
22300,DISCO DE SENSIBILIDAD DE OXACILINA 1 µg 50 DISCOS UNIDAD,UNIDAD,I
3399,FACTOR VIII DE COAGULACION HUMANA 500 UI  INYECTABLE,INYECTABLE,M
27294,"AGUJA PARA BIOPSIA DE MEDULA OSEA DESCARTABLE 8 G X 4""   UNIDAD",UNIDAD,I
38022,CUÑA DE TANTALO PARA REFORZAMIENTO DE ACETABULAR CON TORNILLOS   UNIDAD,UNIDAD,I
43780,TIJERA COAGULANTE CON TRANSDUCTOR ULTRASONICO INTEGRADO PARA VASOS DE 7 mm Y VASTAGO DE 20 cm   UNIDAD,UNIDAD,I
36128,CANULA ENDOLUMINAL (STENT) CORONARIA DE METAL MEDICADA 4.0 mm X 24 mm	   UNIDAD,UNIDAD,I
51033,SONDA VESICAL 3 VIAS DESCARTABLE Nº 22 CON BALON 30 mL   UNIDAD,UNIDAD,I
50688,CITRATO DE SODIO P.A.  1 kg UNIDAD,UNIDAD,I
35360,TORNIQUETE DE LATEX LIBRE X 25   UNIDAD,UNIDAD,I
32101,GADOBUTROL 604.72 mg/mL 7.5 mL INYECTABLE,INYECTABLE,M
21258,TORNILLO ESPONJOSO 4.0 mm X 55 mm   UNIDAD,UNIDAD,I
12579,TORNILLO CORTICAL 4.5 mm X 60 mm   UNIDAD,UNIDAD,I
30234,PROTESIS MIEMBRO INFERIOR ARRIBA DE RODILLA ENDOESQUELETICA SOCKET RESINA CON CINTURON SILECIANO   UNIDAD,UNIDAD,I
40364,CANASTILLA EXTRACTORA DE CALCULOS DE VIA BILIAR 60 mm x 200 cm   UNIDAD,UNIDAD,I
23128,PLACA 1/3 DE TUBO 6 AGUJEROS X 3.5 mm   UNIDAD,UNIDAD,I
50364,"SET COMBINADO DE VITRECTOMIA POSTERIOR Y FACOEMULSIFICACION 23GA, 25 GA   UNIDAD",UNIDAD,I
29578,PLACA DE BLOQUEO PARA TIBIA DISTAL DERECHA DE 05 ORIFICIOS X 3.5 mm   UNIDAD,UNIDAD,I
54902,TREPANO CORNEAL RECEPTOR DESCARTABLE - X 7.50 mm UNIDAD,UNIDAD,I
43959,CATETER ARTERIAL RADIAL Nº 20 G 3 FR X 8 cm   UNIDAD,UNIDAD,I
53634,MALLA PLANA LIGERA DE POLIPROPILENO 15 cm X 15 cm   UNIDAD,UNIDAD,I
30367,BROCA 3.5 mm X 130 mm   UNIDAD,UNIDAD,I
17012,SONDA DE ASPIRACION CON CONTROL DE FLUJO DESCARTABLE Nº 12   UNIDAD,UNIDAD,I
50662,ASA DE SIEMBRA DE NICRON DE 3 mm DE DIAMETRO   UNIDAD,UNIDAD,I
20322,CANULA PARA TRAQUEOSTOMIA N° 4.5 X 48 mm   UNIDAD,UNIDAD,I
46695,ACIDO ASCORBICO Q.P.  500 G UNIDAD,UNIDAD,I
18326,BOLSA DE NUTRICION PARENTERAL 250 mL   UNIDAD,UNIDAD,I
53373,LECTINA ANTI-A1   UNIDAD,UNIDAD,I
29626,BROCA DE 1.2 mm DE DIAMETRO X 100 mm   UNIDAD,UNIDAD,I
39610,KIT DE ROPA DESCARTABLE PARA PARTO X 9 PIEZAS   KIT,KIT,I
30411,IMPLANTE ORBITAL DE BIOCERAMICA Nº 18   UNIDAD,UNIDAD,I
27474,TORNILLO DE TITANIO AUTORROSCANTE 1.5 mm x 6 mm   UNIDAD,UNIDAD,I
39914,INYECTOR DE ESCLEROTERAPIA DE 0.7 mm X 180 cm CON AGUJA Nº 22 G X 5 mm PARA GASTROSCOPIO   UNIDAD,UNIDAD,I
50633,ESPARADRAPO HIPOALERGENICO DE TELA 7.5 cm x 9.1 m aprox. X 4 cortes   UNIDAD,UNIDAD,I
11859,SONDA DE SUCCION CON CONTROL DE FLUJO Nº 10   UNIDAD,UNIDAD,I
27334,ASA DE POLIPECTOMIA MICRO OVALADA DE 13 mm X 240 cm   UNIDAD,UNIDAD,I
34411,PLACA DE BLOQUEO DE HUMERO PROXIMAL 10 AGUJEROS X 3.5 mm   UNIDAD,UNIDAD,I
18978,TORNILLO DE TITANIO 2.0 mm X 4 mm   UNIDAD,UNIDAD,I
12492,TEST BOWIE & DICK   UNIDAD,UNIDAD,I
20437,ALBUMINA HUMANA (MACROAGREGADO) 2 mg  INYECTABLE,INYECTABLE,M
27806,"GUIA HIDROFILICA CURVA 0.035"" X 150 cm   UNIDAD",UNIDAD,I
39755,PLACA NEUTRA PARA ELECTROCAUTERIO   UNIDAD,UNIDAD,I
28377,PUNTA DESCARTABLE DE RADIOFRECUENCIA 90º X 15 cm   UNIDAD,UNIDAD,I
25330,CATETER GUIA PARA ANGIOPLASTIA JR 6 FR 4.0 ASA   UNIDAD,UNIDAD,I
35289,CATETER CORONARIO TIPO JUDKINS DERECHO 5 FR X 100 cm ASA Nº 4   UNIDAD,UNIDAD,I
20169,SONDA NASOGASTRICA DE SILICONA Nº 9   UNIDAD,UNIDAD,I
18388,SET DE FIJACION EXTERNA PARA PELVIS   UNIDAD,UNIDAD,I
41826,SONDA PARA LITOTRIPTOR ELECTROHIDRAULICO 1.9 FR X 375 cm  UNIDAD UNIDAD,UNIDAD,I
19229,SUTURA NAILON AZUL MONOFILAMENTO 2/0 C/A 1/2 CIRCULO REDONDA 20 mm X 75 cm   UNIDAD,UNIDAD,I
23051,CATETER VENOSO CENTRAL DOBLE LUMEN 4 FR X 13 cm   UNIDAD,UNIDAD,I
52383,CATETER BALON PARA DILATACION DE COARTACION AORTICA 12 mm X 5 cm DE 8 FR X 110 cm   UNIDAD,UNIDAD,I
20282,"AGUJA DE ASPIRACION DE MEDULA OSEA Nº 15 G X 4""   UNIDAD",UNIDAD,I
1336,BROMURO DE OTILONIO 40 mg  TABLETA,TABLETA,M
30219,FILTRO ANTIBACTERIANO PARA VENTILADOR MECANICO   UNIDAD,UNIDAD,I
27719,SUTURA ACIDO POLIGLACTIN 3/0 C/A 1/2 CIRCULO REDONDA 25 mm x 70 cm   UNIDAD,UNIDAD,I
50822,TUBO PARA OSMOMETRO ADVANCED INSTRUMENTS INC COD. REF..202825   UNIDAD,UNIDAD,I
1346,BROMURO DE VECURONIO 4 mg/mL 1 mL INYECTABLE,INYECTABLE,M
54222,SUERO ANTI D MONOCLONAL PARA IgM e IgG  X 10mL UNIDAD,UNIDAD,I
39758,FILTRO BIDIRECCIONAL ANTIVIRUS ANTIBACTERIAL   UNIDAD,UNIDAD,I
23836,MARCAPASO BICAMERAL PERMANENTE PARA PACIENTE   UNIDAD,UNIDAD,I
43730,CATETER BALON PARA ANGIOPLASTIA PERIFERICA 3 mm X 150 mm DE 4 FR X 150 cm   UNIDAD,UNIDAD,I
28505,HEMOSTATICO TOPICO ABSORBIBLE DE CELULOSA OXIGENADA Y REGENERADA 10 cm X 20.3 cm   UNIDAD,UNIDAD,I
43321,TUBO DE GASTROSTOMIA DE BOTON DE BAJO PERFIL Y DE REEMPLAZO 18 FR x 1.5 cm   UNIDAD,UNIDAD,I
20191,AGAR INFUSION CEREBRO CORAZON (BHI)  500 g UNIDAD,UNIDAD,I
36347,HORMONA TIROIDEA ESTIMULANTE (TSH) NEONATAL  1 DET KIT,KIT,I
33651,TORNILLO ESPONJOSO ROSCA TOTAL 4.0 mm X 38 mm   UNIDAD,UNIDAD,I
42490,CATETER VENOSO CENTRAL TRIPLE LUMEN 5.5 FR X 8 cm   UNIDAD,UNIDAD,I
50606,CATETER URETERAL DOBLE J 5 FR X 16 CM   UNIDAD,UNIDAD,I
47719,TAPON DE EXTRACCION DE TEJIDO ENDOSCOPICO DIAMETRO INTERNO 12.6 mm DIAMETRO EXTERNO 15 mm   UNIDAD,UNIDAD,I
43781,TIJERA COAGULANTE CON TRANSDUCTOR ULTRASONICO INTEGRADO PARA VASOS DE 7 mm Y VASTAGO DE 36 cm   UNIDAD,UNIDAD,I
30525,CATETER DE DRENAJE PERCUTANEO 12 FR   UNIDAD,UNIDAD,I
11861,SONDA DE SUCCION (aspiracion) Nº 14   UNIDAD,UNIDAD,I
47457,PLACA DE BLOQUEO DE HUMERO PROXIMAL DERECHA 7 AGUJEROS X 3.5 mm   UNIDAD,UNIDAD,I
43979,JABON DE TOCADOR LIQUIDO DE GLICERINA X 1 L   UNIDAD,UNIDAD,I
25671,LENTE INTRAOCULAR DIOPTRIA 19.5 CAMARA POSTERIOR PLEGABLE 1 PIEZA   UNIDAD,UNIDAD,I
42751,CONECTOR DE TITANIO TRANSVERSAL REGULABLE PARA BARRA DE DIAMETRO 3.5 mm  UNIDAD UNIDAD,UNIDAD,I
31450,FRASCO PARA MUESTRA DE HECES CON TAPA   UNIDAD,UNIDAD,I
26998,CATETER PARA ANGIOGRAFIA CEREBRAL TIPO SIMMONS 5 FR X 100 cm   UNIDAD,UNIDAD,I
34469,INTRODUCTOR RADIAL CON CUBIERTA HIDROFILICA 5 FR X 11 cm   UNIDAD,UNIDAD,I
30199,SENSOR DE GLUCOSA   UNIDAD,UNIDAD,I
30773,KIT RPR SIFILIS CON CONTROLES (POSITIVO Y NEGATIVO)  500 DET KIT,KIT,I
21834,SISTEMA DE FIJACION DE OSTEOSINTESIS CRANEAL   UNIDAD,UNIDAD,I
38541,ESPIRAL PARA EMBOLIZACION ENDOVASCULAR 6 mm x 18 cm   UNIDAD,UNIDAD,I
30849,LINEA PARA BOMBA INFUSORA RADIOPACA CON CONECTOR   UNIDAD,UNIDAD,I
31050,LAMINILLA CUBRE OBJETO 22 mm X 60 mm X 100   UNIDAD,UNIDAD,I
45091,PROTESIS VALVULAR AORTICA EXPANDIBLE TRANSCATETER TRANSFEMORAL 23 mm   UNIDAD,UNIDAD,I
37355,INDICADOR QUIMICO EXTERNO DE ESTERILIZACION PARA AUTOCLAVE 18 mm X 50 m   UNIDAD,UNIDAD,I
53966,ANTICARDIOLIPINA IGG ELISA  X DET UNIDAD,UNIDAD,I
52498,SISTEMA PARA IDENTIFICACION + ANTIBIOGRAMA DE ESTREPTOCOCOS  DET UNIDAD,UNIDAD,I
54804,CATETER VENOSO CENTRAL DOBLE LUMEN DE LARGA PERMANENCIA PARA HEMODIALISIS - 14.5 FR X 24 cm UNIDAD,UNIDAD,I
29753,"JERINGA DESCARTABLE 1 mL CON AGUJA 25 G X 5/8"" AUTORETRACTIL   UNIDAD",UNIDAD,I
43617,INJERTO VASCULAR VALVADO HETEROLOGO PULMONAR 17 mm   UNIDAD,UNIDAD,I
34158,CANULA ENDOLUMINAL (STENT) CORONARIA DE METAL MEDICADA 3.0 mm X 12 mm   UNIDAD,UNIDAD,I
40093,PROTESIS VALVULAR AORTICA TRANSCATETER BALON EXPANDIBLE TRANSFEMORAL 26 mm   UNIDAD,UNIDAD,I
25852,BROCA DE 2.5 mm DE DIAMETRO X 110 mm   UNIDAD,UNIDAD,I
48121,PRUEBA RAPIDA PARA MALARIA  DETERMINACION UNIDAD,UNIDAD,I
23704,COLORANTE VERDE DE MALAQUITA  50 g SOLUCION,SOLUCION,I
30953,APOSITO DE POLIURETANO CON MIEL DE ABEJA GRADO MEDICO 10 cm X 10 cm   UNIDAD,UNIDAD,I
43458,ALCOHOL ETILICO (ETANOL) 90º 1 L UNIDAD,UNIDAD,I
11233,COLORANTE HEMATOXILINA X 25 g  25 g UNIDAD,UNIDAD,I
44187,FRASCO GOTERO DE VIDRIO AMBAR X 10 mL CON TAPA   UNIDAD,UNIDAD,I
22548,AGUJA HUBER Nº 20 G X 25 mm   UNIDAD,UNIDAD,I
32155,BICARBONATO DE SODIO USP  1 Kg POLVO,POLVO,I
41312,SANGRE DE CARNERO  50 mL UNIDAD,UNIDAD,I
27544,CATETER DE DRENAJE TORAXICO 24 FR + TROCAR   UNIDAD,UNIDAD,I
23161,SUTURA ACIDO POLIGLICOLICO 5/0 C/A 3/8 CIRCULO CORTANTE 15 mm X 70 cm   UNIDAD,UNIDAD,I
49361,TUBO DE PACIENTE 250 cm CON 2 VALVULAS ANTIREFLUJO DESCARTABLE PARA INYECTOR DE CONTRASTE   UNIDAD,UNIDAD,I
15353,CANULA PARA TRAQUEOSTOMIA Nº 6 CON CAMISA   UNIDAD,UNIDAD,I
18073,VORICONAZOL 200 mg  INYECTABLE,INYECTABLE,M
28040,REACTIVO DE TRIGLICERIDOS ENZIMATICO  300 DET KIT,KIT,I
25749,INJERTO OSEO DE TIRA ILIACA TRICORTICAL 10 mm X 20 mm X 27 mm   UNIDAD,UNIDAD,I
40313,SABANA DESCARTABLE 1/2 PLAZA   UNIDAD,UNIDAD,I
25051,TUBO DE ENSAYO DE VIDRIO 12 mm X 75 mm   UNIDAD,UNIDAD,I
30973,AGUJA PARA BIOPSIA DE TEJIDO BLANDO CORTANTE DESCARTABLE 18 G X 25 cm   UNIDAD,UNIDAD,I
10065,AGAR MICOBIOTIC  500 g SOLUCION,SOLUCION,I
28764,MAGNESIO CARBONATO+MAGNESIO CLORURO HEXAHIDRATADO+ ZINC OXIDO 0.124 g + 1.860 g  + 0.016g 2 g POLVO,POLVO,M
22119,FRESA DE DIAMANTE DE ALTA VELOCIDAD TRONCO CONICA MEDIANA   UNIDAD,UNIDAD,I
38686,SONDA DE ALIMENTACION DE POLIURETANO 10 FR   UNIDAD,UNIDAD,I
10386,BRAZALETE DE IDENTIFICACION PARA RECIEN NACIDO (BLANCO)   UNIDAD,UNIDAD,I
38071,CLAVO SCHANZ PUNTA ROSCA 4.0 mm X 250 mm   UNIDAD,UNIDAD,I
40905,BOLSA DE POLIETILENO 2 µm X 58 cm X 72 cm APROX. COLOR NEGRO   UNIDAD,UNIDAD,I
29352,CLAVO KUNTSCHER 7.0 mm X 22 cm   UNIDAD,UNIDAD,I
29947,IOHEXOL 755 mg/mL (Equiv. 350 mg Iodo/mL) 100 mL INYECTABLE,INYECTABLE,M
32507,PAÑAL DESCARTABLE TIPO CALZON PARA RECIEN NACIDO - PREMATURO X 30   UNIDAD,UNIDAD,I
32650,BIBERON DE PLASTICO X 5 fl oz   UNIDAD,UNIDAD,I
37097,BARRA LATERAL ARTICULADA PARA ADULTO   UNIDAD,UNIDAD,I
32490,CANULA DE IRRIGACION/ASPIRACION PARA LAPAROSCOPIA 10 mm X 33 cm   UNIDAD,UNIDAD,I
36768,CLORHEXIDINA GLUCONATO 0.05 g/100 mL 500 mL CON DISPENSADOR GEL,GEL,I
21711,AMINOACIDOS 7 % 500 mL INYECTABLE,INYECTABLE,M
27955,ASA DE POLIPECTOMIA OVALADA DE COLON 25 mm X 230 cm   UNIDAD,UNIDAD,I
20564,SUTURA SEDA NEGRA TRENZADA 3/0 C/A 1/2 CIRCULO CORTANTE 20 mm X 75 cm   UNIDAD,UNIDAD,I
37343,BROCA DE 2.0 mm DE DIAMETRO X 127 mm   UNIDAD,UNIDAD,I
52005,FORMULA DE NUTRICION ENTERAL COMPLETA BALANCEADA SIN LACTOSA  850 g UNIDAD,UNIDAD,I
47830,PAPEL LENTE PARA MICROSCOPIO 101.6 mm X 152.4 mm  50 HOJAS UNIDAD,UNIDAD,I
18977,TORNILLO DE TITANIO 2.0 mm X 3 mm   UNIDAD,UNIDAD,I
36992,FRESA QUIRURGICA TIPO LINDERMAN   UNIDAD,UNIDAD,I
55335,DOSAJE DE TIEMPO DE TROMBOPLASTINA PARCIAL - X 500 DETERMINACIONES UNIDAD,UNIDAD,I
36960,ENCAJE DE POLIPROPILENO DE SOCKET DEBAJO DE RODILLA PARA PROTESIS   UNIDAD,UNIDAD,I
38496,SET DE CLAVO INTRAMEDULAR DE TITANIO BLOQUEADO PARA TIBIA x  5 PIEZAS   UNIDAD,UNIDAD,I
18789,LENTE INTRAOCULAR DIOPTRIA 24.0 CAMARA POSTERIOR NO PLEGABLE 3 PIEZAS   UNIDAD,UNIDAD,I
36333,FRASCO DE PLASTICO BOCA ANCHA X 500 mL CON TAPA	   UNIDAD,UNIDAD,I
49412,MANIPULADOR UTERINO DESCARTABLE 38 mm   UNIDAD,UNIDAD,I
44049,LAMINA CON CARGA PARA INMUNOHISTOQUIMICA  X 100 UNIDAD,UNIDAD,I
37944,PUNTA DE CONTROL BABCOCK X 10 mm   UNIDAD,UNIDAD,I
42349,"FLUDESOXIGLUCOSA 18F (18F-FDG) 3000 MBq/mL (81,08 mCi/mL)  INYECTABLE",INYECTABLE,M
38356,ALIMENTO NUTRICIONAL COMPLETO Y BALANCEADO PARA ADULTOS MAYORES  850 g UNIDAD,UNIDAD,I
12038,SUTURA CATGUT CROMICO 2 C/A 1/2 CIRCULO REDONDA 40 mm X 70 cm   UNIDAD,UNIDAD,I
48895,FLEBOEXTRACTOR CON OLIVAS RECAMBIABLES DESCARTABLES   UNIDAD,UNIDAD,I
26523,MALLA DE TITANIO 100 mm X 100 mm X 0.4 mm   UNIDAD,UNIDAD,I
36298,CATETER CORONARIO TIPO JUDKINS IZQUIERDO 4 FR X 70 cm   UNIDAD,UNIDAD,I
36965,MANDILON DESCARTABLE TALLA XL   UNIDAD,UNIDAD,I
41923,KIT DE REACTIVOS PARA GASES Y ELECTROLITOS EN SANGRE ARTERIAL  300 DETERMINACIONES KIT,KIT,I
42969,TUTOR DE USO TRAUMATOLOGICO ILIZAROV  UNIDAD UNIDAD,UNIDAD,I
49560,INJERTO VASCULAR RECTO DE DACRON CORRUGADO  26 mm X 60 cm UNIDAD,UNIDAD,I
38986,CANULA PARA TRAQUEOSTOMIA Nº 8 CON BALON Y CAMISA   UNIDAD,UNIDAD,I
40932,TORNILLO CANULADO 6.0 mm x 50 mm   UNIDAD,UNIDAD,I
32978,OCLUSOR PERCUTANEO PARA DEFECTO SEPTAL INTERAURICULAR Nº 024   UNIDAD,UNIDAD,I
29468,"CATETER ENDOVENOSO PERIFERICO Nº 24 G X 3 1/4"" CON DISPOSITIVO DE BIOSEGURIDAD   UNIDAD",UNIDAD,I
25083,CANULA VENOSA ANGULADA Nº 22   UNIDAD,UNIDAD,I
22151,PLACA NEUTRA DESCARTABLE PARA ELECTROBISTURI ADULTO   UNIDAD,UNIDAD,I
37050,CANULA DE ASPIRACION MANUAL ENDOUTERINA DESCARTABLE 12 mm   UNIDAD,UNIDAD,I
53311,SUCEDANEO DE LA LECHE MATERNA CON HIERRO POLVO  375 g UNIDAD,UNIDAD,I
25524,APOSITO TRANSPARENTE CON ALMOHADILLA 10 cm X 25 cm X 20   UNIDAD,UNIDAD,I
32629,CAPUCHON DE SILICONA CON ACCESORIOS PARA PUNTA DE EQUIPO FACO SET   UNIDAD,UNIDAD,I
30614,DRENAJE PLANO 100 mm X 7 mm   UNIDAD,UNIDAD,I
39757,FILTRO HIGROSCOPICO PARA VENTILADOR MECANICO   UNIDAD,UNIDAD,I
39823,CANULA ENDOLUMINAL (STENT) CORONARIA DE METAL MEDICADA 2.75 mm x 32 mm   UNIDAD,UNIDAD,I
31768,CITRATO DE POTASIO USP  1 Kg SOLUCION,SOLUCION,I
30962,DENOSUMAB 120 mg/1.7 mL (70 mg/mL) 1.7 mL INYECTABLE,INYECTABLE,M
53608,DISPOSITIVO DE FIJACION DE MALLA ABSORBIBLE ESTERIL   UNIDAD,UNIDAD,I
39028,SONDA DE ALIMENTACION DE CLORURO DE POLIVINILO 8 FR   UNIDAD,UNIDAD,I
26439,TRANSDUCTOR DE PRESION INVASIVA PARA MONITOR MULTIPARAMETRO PHILIPS   UNIDAD,UNIDAD,I
3175,ERITROMICINA 200 mg/5 mL 60 mL SUSPENSION,SUSPENSION,M
39630,AZUL DE BROMOTIMOL P.A. X 5 g   UNIDAD,UNIDAD,I
1559,CARBOPLATINO 10 mg/mL 15 mL INYECTABLE,INYECTABLE,M
35270,CATETER CORONARIO TIPO JUDKINS DERECHO 6 FR X 100 cm ASA Nº 3.5   UNIDAD,UNIDAD,I
39567,TROCAR TORAXICO RIGIDO DE 6 mm DE DIAMETRO DESCARTABLE   UNIDAD,UNIDAD,I
34891,HISOPO DE ALGINATO DE CALCIO CON MANGO DE METAL X 50 UNIDADES   UNIDAD,UNIDAD,I
28419,TORNILLO DE TITANIO PARA FIJACION INTERMAXILAR DE 8.0 mm X 2.0 mm   UNIDAD,UNIDAD,I
17448,TUBO ENDOBRONQUIAL DOBLE LUMEN IZQUIERDO N° 28   UNIDAD,UNIDAD,I
15391,CANULA VENOSA PARA CIRCULACION EXTRACORPOREA RECTA N° 32 F   UNIDAD,UNIDAD,I
29744,DOSAJE DE TIEMPO DE TROMBINA  1 DET KIT,KIT,I
33977,MEDIO PARA HEMOCULTIVO AEROBICO ADULTO AUTOMATIZADO EN FRASCO   UNIDAD,UNIDAD,I
54321,DISECTOR INALAMBRICO ULTRASONICO DE MANDIBULA CURVA DESCARTABLE - 5 mm X 22 cm UNIDAD,UNIDAD,I
30451,ACIDOS GRASOS HIPEROXIGENADOS  30 mL SOLUCION,SOLUCION,I
30861,CAMPO FENESTRADO DESCARTABLE ESTERIL ADHESIVO 50 cm X 50 cm   UNIDAD,UNIDAD,I
33800,TUBO PARA EXTRACCION DE SANGRE CON SISTEMA DE VACIO DE POLIPROPILENO DE 2 mL CON EDTA DIPOTASICO   UNIDAD,UNIDAD,I
31548,TORNILLO CANULADO 4.0 mm X 34 mm   UNIDAD,UNIDAD,I
22952,"MASCARILLA FACIAL PARA VENTILACION MECANICA NO INVASIVA ""S""   UNIDAD",UNIDAD,I
27558,TUBO ENDOTRAQUEAL DESCARTABLE Nº 7.0 SIN BALON   UNIDAD,UNIDAD,I
22447,FERULA DE MIEMBRO INFERIOR ARNES DE SEGURIDAD   UNIDAD,UNIDAD,I
42940,MEZCLA DE 2 COMPONENTES 800 PPM NO (OXIDO NITRICO) BALANCE NITROGENO  M3 UNIDAD,UNIDAD,I
37041,STENT METALICO NO CUBIERTO PARA ARTERIA AORTA Y PULMONAR DE 3.4 cm X 8 mm   UNIDAD,UNIDAD,I
39729,CAMPO QUIRURGICO ESTERIL 75 cm x 75 cm   UNIDAD,UNIDAD,I
38945,FUNDA DE SILICONA PARA PROTESIS DE MIEMBRO INFERIOR TRANSFEMORAL TALLA S   UNIDAD,UNIDAD,I
34327,TUBO ENDOTRAQUEAL ANILLADO Nº 6.0 CON BALON   UNIDAD,UNIDAD,I
34561,SUTURA NAILON AZUL MONOFILAMENTO 4/0 C/A 1/2 CIRCULO CORTANTE 35 mm X 75 cm   UNIDAD,UNIDAD,I
39731,KIT DESCARTABLE PARA REPARACION MENISCAL   UNIDAD,UNIDAD,I
50932,DISCO DE SENSIBILIDAD DE LEVOFLOXACINO 100 µg X 50 UNIDAD,UNIDAD,I
36669,CATETER PARA ANGIOGRAFIA CEREBRAL HEAD HUNTER 5 FR X 100 cm   UNIDAD,UNIDAD,I
29718,RECIPIENTE DE POLIMERO PARA RECOGER EXUDADO DE HERIDAS X 300 mL   UNIDAD,UNIDAD,I
27947,TIPS AMARILLO 200 uL X 1000   UNIDAD,UNIDAD,I
54256,IODURO SODICO (I-131) 200 mCi - TABLETA,TABLETA,M
31945,PLACA LCP DE 13 AGUJEROS X 4.5/5.0 mm PARA FEMUR DISTAL ADULTO   UNIDAD,UNIDAD,I
43674,CANULA ARTERIAL FEMORAL PEDIATRICA DE 14 FR   UNIDAD,UNIDAD,I
23066,TORNILLO DE BLOQUEO 3.5 mm x 26 mm   UNIDAD,UNIDAD,I
54314,APOSITO DE MATRIZ SINTETICA (POLIURETANO) BIOABSORBIBLE - 10 cm X 20 cm UNIDAD,UNIDAD,I
55309,MEDIO DE CULTIVO PARA FECUNDACION IN VITRO - X 50 mL UNIDAD,UNIDAD,I
23305,MASCARILLA DE BIOSEGURIDAD DESCARTABLE (N-95) X 20   UNIDAD,UNIDAD,I
22560,SONDA VESICAL 2 VIAS DE SILICONA DE LARGA PERMANENCIA N°10   UNIDAD,UNIDAD,I
32022,TRIGLICERIDOS ENZIMATICO  200 DET KIT,KIT,I
53763,ANTICUERPO MONOCLONAL TCR GAMMA/DELTA CON FICOERITRINA-CIANINA7  X 0.5 mL UNIDAD,UNIDAD,I
54954,HIPROMELOSA (SOLUCION VISCOELASTICA INTRAOCULAR),UNIDAD,I
26391,INJERTO OSEO ESPONJOSO 15 mL   UNIDAD,UNIDAD,I
42391,CATETER VENOSO CENTRAL DOBLE LUMEN DE LARGA PERMANENCIA PARA HEMODIALISIS 15 FR X 23 cm  UNI UNIDAD,UNIDAD,I
41534,LAPIZ DE ENDODIATERMIA 25 G   UNIDAD,UNIDAD,I
46197,CLIP DESCARTABLE DE USO PARA EL SISTEMA DE NAVEGACION CRANEAL   UNIDAD,UNIDAD,I
20259,MANGA MIXTA PAPEL Y PLASTICO PARA ESTERILIZACION SIN FUELLE 12.5 cm X 200 m   UNIDAD,UNIDAD,I
43157,HORMONA TRIYODOTIRONINA (T3) TOTAL  100 DET UNIDAD,UNIDAD,I
11715,PLACA TERCIO DE CAÑA DE 8 AGUJEROS   UNIDAD,UNIDAD,I
26847,PLACA ANGULADA DHS 135° 8 AGUJEROS   UNIDAD,UNIDAD,I
50654,PAÑO CLINICO ABSORBENTE  130 cm X 65 cm X 50 UNIDAD,UNIDAD,I
44172,PINZA BIPOLAR TIPO MARYLAND PARA CIRUGIA LAPAROSCOPICA DE 5 mm DE DIAMETRO X 37 cm   UNIDAD,UNIDAD,I
24598,CURETA PARA DENTINA BIACTIVA GRANDE   UNIDAD,UNIDAD,I
27388,SUSTITUTO DE DURAMADRE 5 cm X 5 cm   UNIDAD,UNIDAD,I
19454,LEVETIRACETAM 100 mg/mL 300 mL SOLUCION,SOLUCION,M
42922,PLACA DCP RECTA LIVIANA (ESTRECHA) DE 16 AGUJEROS X 3.5 mm   UNIDAD,UNIDAD,I
24148,LAPIZ PARA ELECTROBISTURI ADULTO   UNIDAD,UNIDAD,I
23018,ANTISUERO ANTI SHIGUELLA BOYDII TIPO 1  3 mL INYECTABLE,INYECTABLE,I
28398,SIROLIMUS 1 mg  TABLETA,TABLETA,M
42609,BROCA DE TITANIO 1.6 mm DE DIAMETRO X 60 mm  UNI UNIDAD,UNIDAD,I
27258,BETA 2 MICROGLOBULINA  1 DET KIT,KIT,I
37512,TORNILLO LCP PARA S.T.A.R. AUTORROSCANTE 3.5 mm X 45 mm   UNIDAD,UNIDAD,I
19432,ESPATULA DE ACERO INOXIDABLE PARA CERA   UNIDAD,UNIDAD,I
29439,CONECTOR DE TITANIO TIPO CASQUILLO PEDIATRICO TAMAÑO S   UNIDAD,UNIDAD,I
41621,CLAVO SCHANZ 2.5 mm X 100 mm   UNIDAD,UNIDAD,I
54239,PALIPERIDONA 150 mg 1.5 mL INYECTABLE,INYECTABLE,M
28266,FORMULA POLIMERICA PARA NEFROPATIA  237 mL SOLUCION,SOLUCION,M
32310,PLACA BLOQUEADA PARA FEMUR DISTAL 12 AGUJEROS X 4.5 mm   UNIDAD,UNIDAD,I
50971,ANTICUERPO MONOCLONAL PARA RECEPTOR DE PROGESTERONA X 1 mL   UNIDAD,UNIDAD,I
16814,NIPLE DE PLASTICO PARA NEBULIZADOR   UNIDAD,UNIDAD,I
28160,BAJALENGUA DE MADERA PEDIATRICA x 100   UNIDAD,UNIDAD,I
25497,SISTEMA DE DRENAJE TORAXICO DESCARTABLE 3 CAMARA   UNIDAD,UNIDAD,I
24243,PARTICULA PARA EMBOLIZACION PVA TERAPEUTICA VASCULAR 300 µm  1 mL UNIDAD,UNIDAD,I
31716,SOLUCIONES PARA NUTRICION PARENTERAL PEDIATRICO  1 L INYECTABLE,INYECTABLE,M
40344,BROCA 2.8 mm X 165 mm   UNIDAD,UNIDAD,I
21921,KIT DE COLORACION DE ZIEHL NEELSEN (FUCSINA BASICA FENICADA + ALCOHOL ACIDO + AZUL DE METILENO) 500 mL X 3 FRASCOS   UNIDAD,UNIDAD,I
4386,LEVOTIROXINA SODICA 75 µg (0.075 mg)  TABLETA,TABLETA,M
54510,SUTURA DE POLIDIOXANONA 3/0 C/A 1/2 CIRCULO REDONDA - 15 mm X 70 cm UNIDAD,UNIDAD,I
49616,CANULA ENDOLUMINAL (STENT) CORONARIA DE METAL MEDICADA  2.5 mm X 19 mm UNIDAD,UNIDAD,I
46687,PAPEL TOALLA DOBLE HOJA BLANCO  200 m UNIDAD,UNIDAD,I
34078,PLACA DE BLOQUEO DE HUMERO PROXIMAL 5 AGUJEROS X 3.5 mm   UNIDAD,UNIDAD,I
41020,KIT DE COLORACION ROJO DE CONGO X 50 DETERMINACIONES   UNIDAD,UNIDAD,I
43830,MOLDE PARA DENTADURA SUPERIOR DE ALUMINIO   UNIDAD,UNIDAD,I
22786,IMPLANTE ORBITAL HIDROXIAPATITA N° 18   UNIDAD,UNIDAD,I
37348,KIT DE ROPA DESCARTABLE PARA CIRUGIA X 15 PIEZAS   UNIDAD,UNIDAD,I
20143,PAPEL CREPADO 40 cm X 40 cm   UNIDAD,UNIDAD,I
39753,PUNTERA AZUL PARA PIPETA AUTOMATICA 100 uL -1000 uL x 1000   UNIDAD,UNIDAD,I
28238,SISTEMA DE ANCLAJE DE TITANIO PARA HOMBRO 5.0 mm   UNIDAD,UNIDAD,I
26045,ANTIGENO PROSTATICO ESPECIFICO (PSA) TOTAL  1 DET KIT,KIT,I
53020,FIBRA OPTICA DE ENDOLASER 272 µM PUNTA PLANA   UNIDAD,UNIDAD,I
25084,SONDA VESICAL 2 VIAS 100% SILICONADA Nº 6   UNIDAD,UNIDAD,I
29104,FRESA DE DIAMANTE DE ALTA VELOCIDAD GRANO FINO FISURA MEDIANA   UNIDAD,UNIDAD,I
48315,CEMENTO SIN EUGENOL PARA OBTURACION TEMPORAL X 38 g   UNIDAD,UNIDAD,I
48294,ANTICUERPO MONOCLONAL PARA Bcl-2 ONCOPROTEINA (124)  X 1 mL UNIDAD,UNIDAD,I
42934,SOLUCIONES PARA NUTRICION PARENTERAL  1904 mL INYECTABLE,INYECTABLE,M
21914,"TUBO DE CONEXION ""J"" DESCARTABLE P/BOMBA DE INYECTOR AUTOMATICO DE TOMOGRAFO ESPIRAL MULTICORTE   UNIDAD",UNIDAD,I
33741,SOPORTE DE MENTON Y CUELLO ELASTICO TALLA N° 14   UNIDAD,UNIDAD,I
50663,CLORHEXIDINA GLUCONATO (ESPUMA) 4 g/100 mL SOL. CIRCUITO CERRADO CON DISPOSITIVO PARA DISPENSADOR AUTOMATICO X 1 L  1 L UNIDAD,UNIDAD,I
32352,CLAVO STEINMAN CON ROSCA CENTRAL 3.5 mm X 250 mm   UNIDAD,UNIDAD,I
36744,COMPRESOR DE AIRE PARA APLICADOR HEMOSTATICO   UNIDAD,UNIDAD,I
12636,TORNILLO PARA HUESO ESPONJOSO 6.5 mm X ROSCA 32 mm X 70 mm   UNIDAD,UNIDAD,I
30662,GLUCOSA ANHIDRA USP X 75 g   UNIDAD,UNIDAD,I
38787,RANOLAZINA (TABLETA DE LIBERACION MODIFICADA) 500 mg  TABLETA,TABLETA,M
40855,ESPÉCULO VAGINAL TIPO BREISKY 13 cm X 35 mm   UNIDAD,UNIDAD,I
40697,FILTRO HUMIDIFICADOR PARA VENTILADOR MECANICO ADULTO   UNIDAD,UNIDAD,I
54551,ANTIGENO CA 15-3 - X 1 DET KIT,KIT,I
40972,GUIA METALICA HIDROFILICA PUNTA CURVA 0.035? X 1.50 m   UNIDAD,UNIDAD,I
54793,ALIMENTO NUTRICIONAL COMPLETO Y BALANCEADO PARA NIÐOS - 850 g UNIDAD,UNIDAD,I
51101,CATETER BALON DILATADOR DE ESOFAGO COLON 8 mm - 9 mm - 10 mm DE DIAMETRO X 5.5 cm DE 7.4 FR X 240 cm   UNIDAD,UNIDAD,I
18934,CANULA PARA TRAQUEOSTOMIA Nº 8 FENESTRADA   UNIDAD,UNIDAD,I
47605,GUANTE RESISTENTE A AGENTES QUIMIOTERAPEUTICOS DE RIESGO INTERMEDIO DESCARTABLE DE NITRILO SIN POLVO  TALLA L UNIDAD,UNIDAD,I
10369,BOLSA DE NUTRICION PARENTERAL 1 L   UNIDAD,UNIDAD,I
5345,PATENTE AZUL V 2.5 g/100 mL 2 mL INYECTABLE,INYECTABLE,M
18777,LENTE INTRAOCULAR DIOPTRIA 18.0 CAMARA POSTERIOR NO PLEGABLE 3 PIEZAS   UNIDAD,UNIDAD,I
44770,TUBO DE ASPIRACION TRANSPARENTE 9/32 in X 3.0 m   UNIDAD,UNIDAD,I
48117,CRIOVIAL DE PLASTICO 1.0 mL X 100   UNIDAD,UNIDAD,I
38668,SISTEMA DE ACCESO PARA CIRUGIA LAPAROSCOPICA 12 mm   UNIDAD,UNIDAD,I
40033,BROCA DE 11 mm x 7 mm DE DIAMETRO x 75 mm PARA PERFORACION CRANEAL PEDIATRICO   UNIDAD,UNIDAD,I
45666,FERULA DE ALUMINIO PARA MUÑECA DERECHA TALLA XL   UNIDAD,UNIDAD,I
25918,"GUIA TEFLONADA CURVA DESCARTABLE 0.035"" X 150 cm   UNIDAD",UNIDAD,I
12556,TORNILLO CORTICAL 4.5 mm X 18 mm   UNIDAD,UNIDAD,I
19460,SENSOR DE SATURACION DE OXIGENO NEONATAL PARA EQUIPO DE ANESTESIA   UNIDAD,UNIDAD,I
40809,TUBO DE ENSAYO DE VIDRIO BOROSILICATO 16 mm X 150 mm CON TAPA ROSCA DE BAQUELITA   UNIDAD,UNIDAD,I
36279,DISPOSITIVO DE COMPRESION RADIAL NO OCLUSIVA 24 cm   UNIDAD,UNIDAD,I
41662,INJERTO VASCULAR DE PTFE 13 mm X 35 cm   UNIDAD,UNIDAD,I
32845,PLACA LCP DE 10 AGUJEROS 4.5/5.0 mm PARA TIBIA PROXIMAL IZQUIERDA   UNIDAD,UNIDAD,I
44705,MICROTIJERA PARA VITRECTOMIA CORTE HORIZONTAL   UNIDAD,UNIDAD,I
22275,DISCO DE SENSIBILIDAD DE ESTREPTOMICINA 30 ug 50 DISCOS UNIDAD,UNIDAD,I
40191,SUCEDANEO DE LA LECHE MATERNA CON HIERRO  400 g POLVO,POLVO,I
37508,ELECTRODO CARDIACO PARA ADULTO   UNIDAD,UNIDAD,I
42240,LENTE INTRAOCULAR DIOPTRIA +6 A +34 CAMARA POSTERIOR TRIFOCAL PLEGABLE  EMPAQUE POR UNIDAD UNIDAD,UNIDAD,I
32355,CLAVO SCHANZ 4.5 mm X 250 mm   UNIDAD,UNIDAD,I
22783,MOXIFLOXACINO + DEXAMETASONA (SOLUCION OFTALMICA) 5 mg + 1 mg/mL 5 mL SOLUCION,SOLUCION,M
43475,CEPILLO DE LIMPIEZA 5 mm DE DIAMETRO X 1.8 mm DE LONGITUD CON MANGO DE 230 cm PARA COLONOSCOPIO   UNIDAD,UNIDAD,I
28564,CANASTILLA CILINDRICA PARA REEMPLAZO DE CUERPO VERTEBRAL   UNIDAD,UNIDAD,I
25988,CATETER VENOSO CENTRAL UN LUMEN DE LARGA PERMANENCIA 4.2 FR X 75 cm   UNIDAD,UNIDAD,I
26801,MATRAZ ERLENMEYER DE VIDRIO GRADUADO X 500 mL   UNIDAD,UNIDAD,I
19818,EQUIPO PARA BOMBA DE INFUSION RADIOPACA CON CASETERA Y CONECTOR   UNIDAD,UNIDAD,I
24125,RETRACTOR DE HERIDAS RIGIDO DESCARTABLE TALLA L   UNIDAD,UNIDAD,I
24647,CUCHILLA CRANEAL CORTANTE LATERAL NEUMATICA PEDIATRICA PARA CRANEOMETRO MIDAS REX LEGEND GOLD   UNIDAD,UNIDAD,I
40242,CATETER BALON PARA ANGIOPLASTIA PERIFERICA 5 FR x 20 mm x 135 cm   UNIDAD,UNIDAD,I
54435,ANTICUERPO ANTIMUSCULO LISO (ASMA) INMUNOFLUORESCENCIA (IFA) - X 50 DETERMINACIONES UNIDAD,UNIDAD,I
51874,ACRILICO POLVO DE CURADO RAPIDO TRANSPARENTE X 454 g (1 lb)   UNIDAD,UNIDAD,I
41235,CIRCUITO DE PRESION POSITIVA CONTINUA NASAL DE BURBUJAS CON MASCARILLA TALLA S  UNIDAD UNIDAD,UNIDAD,I
48986,ANTICUERPO MONOCLONAL PARA PANCITOQUERATINA (AE1-AE3)  12 mL UNIDAD,UNIDAD,I
27514,AGUJA GUIA 1.25 mm X 150 mm   UNIDAD,UNIDAD,I
25550,REACTIVO DE PROTEINAS TOTALES Y ALBUMINA  100 DET KIT,KIT,I
21951,BARRA DE TITANIO 5 mm X 300 mm PARA COLUMNA VERTEBRAL PEDIATRICO   UNIDAD,UNIDAD,I
25789,RECARGA PARA GRAPADORA QUIRURGICA LINEAL CORTANTE ENDOSCOPICA 2.5 mm X 30 mm   UNIDAD,UNIDAD,I
49626,HIDROCORTISONA USP  1 kg UNIDAD,UNIDAD,I
47433,DISCO DE SENSIBILIDAD DE NITROFURANTOINA 300 µg  100 DISCOS UNIDAD,UNIDAD,I
34166,TERMOMETRO DIGITAL FRONTAL   UNIDAD,UNIDAD,I
19899,BROCA 2.5 mm X 100 mm   UNIDAD,UNIDAD,I
53726,SUSTITUTO MATRIZ DERMICO ALOPLASTICO CON ACIDO POLILACTICO PARA CIERRE DE HERIDAS 18 cm X 18 cm   UNIDAD,UNIDAD,I
36925,KIT DE SUPLEMENTO DE CRECIMIENTO PARA DIAGNOSTICO RAPIDO DE TUBERCULOSIS  100 DET UNIDAD,UNIDAD,I
31656,ANTICUERPO MONOCLONAL CD 7 CON ALLOFICOCIANINA X 0.5 mL   UNIDAD,UNIDAD,I
6234,TRAMADOL CLORHIDRATO 100 mg/mL 10 mL SOLUCION,SOLUCION,M
18518,TORNILLO DE TITANIO 1.5 mm X 4 mm   UNIDAD,UNIDAD,I
26434,SODIO CLORURO (0.9 % -CIRCUITO CERRADO ) 900 mg/100 mL (0.9 %) CIRCUITO CERRADO 100 mL INYECTABLE,INYECTABLE,M
45045,OCLUSOR PERCUTANEO PARA DEFECTO SEPTAL MULTIFUNCIONAL 7 mm X 5 mm   UNIDAD,UNIDAD,I
30240,GARFIO DE ALUMINIO DE PROTESIS DE MIEMBRO SUPERIOR (ADULTO)   UNIDAD,UNIDAD,I
26560,CANASTILLA EXTRACTORA DE DORMIA NORMAL 3 cm X 6 cm 	   UNIDAD,UNIDAD,I
40781,MEDIA DE COMPRESION MUSLO TALLA XL   UNIDAD,UNIDAD,I
39424,BALON DILATADOR DE EXPANSION RADIAL CONTROLADA DE 15 mm / 16.5 mm / 18 mm   UNIDAD,UNIDAD,I
39486,TORNILLO CANULADO 2.4 mm x 26 mm   UNIDAD,UNIDAD,I
44667,PUNTA DESCARTABLE DE RADIOFRECUENCIA BIPOLAR  0° - 45° x 5 mm   UNIDAD,UNIDAD,I
12572,TORNILLO CORTICAL 4.5 mm X 48 mm   UNIDAD,UNIDAD,I
25418,CATETER PERCUTANEO CON INTRODUCTOR 3 FR X 60 cm   UNIDAD,UNIDAD,I
29250,FRESA DE DIAMANTE DE ALTA VELOCIDAD REDONDA Nº 10   UNIDAD,UNIDAD,I
22717,DISTRACTOR MANDIBULAR MONOAXIAL DERECHO   UNIDAD,UNIDAD,I
33354,PELICULA RADIOGRAFICA PERIAPICAL PARA NIÑO x 100   UNIDAD,UNIDAD,I
48141,ANTICUERPO MONOCLONAL CD 56 PARA INMUNOHISTOQUIMICA X 1 mL   UNIDAD,UNIDAD,I
33386,TOBILLERA ELASTICA N° 12   UNIDAD,UNIDAD,I
26844,PROBENECID 500 mg  TABLETA,TABLETA,M
47566,PLACA LCP DE 7 AGUJEROS X 3.5 mm PARA CLAVICULA DISTAL IZQUIERDA   UNIDAD,UNIDAD,I
48934,CATETER HIDROFILICO PARA CATETERISMO INTERMITENTE  N°8 UNIDAD,UNIDAD,I
4597,MEDROXIPROGESTERONA ACETATO 5 mg  TABLETA,TABLETA,M
20043,CONECTOR BIFURCADO CON ADAPTADOR EN Y ADULTO   UNIDAD,UNIDAD,I
38729,CAPSULA DE GELATINA DURA PARA PRODUCTOS FARMACEUTICOS Nº 000   UNIDAD,UNIDAD,I
26931,ESPACIADOR TEMPORAL PARA PROTESIS DE RODILLA   UNIDAD,UNIDAD,I
52081,FORMULA LACTEA PARCIALMENTE HIDROLIZADA REDUCIDA EN LACTOSA  375 g UNIDAD,UNIDAD,I
40492,PLACA DE TITANIO ORBITAL DERECHA 6 AGUJEROS SISTEMA 1.5 mm   UNIDAD,UNIDAD,I
17594,SUPLEMENTO NUTRICIONAL DIETETICO PEDIATRICO  400 g POLVO,POLVO,M
44212,FILTRO PARA RESPIRADOR DE PROTECCION CONTRA PARTICULAS  PAR UNIDAD,UNIDAD,I
46037,METILENDIFOSFONATO  DE SODIO (MDP) 10 mg  UNIDAD,INYECTABLE,I
8081,GLICERINA  30 mL SOLUCION,SOLUCION,I
29836,KIT COMPLETO DESCARTABLE DE TUBOS CORRUGADOS Y ACCESORIOS NEONATAL PARA CPAP Nº 0   UNIDAD,UNIDAD,I
45066,KIT IONOMERO DE VIDRIO AUTOCURADO PARA CEMENTAR CORONA (POLVO - LIQUIDO 30 g - 12 mL APROX.)   KIT,KIT,I
25849,IMPLANTE PARA GLAUCOMA VALVULADO ADULTO   UNIDAD,UNIDAD,I
42654,TORNILLO CORTICAL DE TITANIO AUTORROSCANTE 2.4 mm X 16 mm   UNIDAD,UNIDAD,I
29573,CLIP PARA ENDOSCOPIA CATETER DE 235 cm   UNIDAD,UNIDAD,I
51817,SISTEMA PARA IDENTIFICACION + ANTIBIOGRAMA DE ESTREPTOCOCOS X 20 DETERMINACIONES   UNIDAD,UNIDAD,I
28880,TACROLIMUS 5 mg/mL  INYECTABLE,INYECTABLE,M
46082,TAMBOR DE ACERO INOXIDABLE CON TAPA  7.0 cm X 7.5 cm UNIDAD,UNIDAD,I
35313,AISLANTE PARA ACRILICO  120 mL UNIDAD,UNIDAD,I
25688,LENTE INTRAOCULAR DIOPTRIA 22.5 CAMARA POSTERIOR PLEGABLE 1 PIEZA   UNIDAD,UNIDAD,I
32952,"SET DE REACTIVOS PARA ANALIZADOR DE GASES ARTERIALES, ELECTROLITOS Y METABOLITOS  1 DET UNIDAD",UNIDAD,I
53774,INJERTO VASCULAR ANILLADO DE PTFE 10 mm X 50 cm   UNIDAD,UNIDAD,I
28337,SET DE CORRUGADOS ADULTO PARA VENTILADOR VOLUMETRICO   UNIDAD,UNIDAD,I
54420,CONO DE GUTAPERCHA SET DE 0.25 mm CON CONICIDAD 6% - X 60 UNIDADES UNIDAD,UNIDAD,I
26265,TORNILLO DE BLOQUEO 2.4 mm X 16 mm   UNIDAD,UNIDAD,I
33512,MAGNESIO AUTOMATIZADO  1 DET UNIDAD,UNIDAD,I
10395,BROCA 3.5 mm   UNIDAD,UNIDAD,I
32571,PLACA ANGULADA PARA OSTEOTOMIA DE CADERA DE 3.5 mm PEDIATRICA BLOQUEADA DE 110º 19 mm X 73 mm   UNIDAD,UNIDAD,I
23122,PROTECTOR CUTANEO HEXAMETILDISILOXANO+TERPOLIMERO ACRILATO+POLIFENILMETILSILOXAN  28 mL AEROSOL,AEROSOL,I
40807,CATETER DOBLE LUMEN PARA CISTOMETRIA Nº 6   UNIDAD,UNIDAD,I
43266,REACTIVO PARA DETERMINACION DEL ANTIGENO D DEBIL   UNIDAD,UNIDAD,I
43620,ELEVADOR Y MANIPULADOR UTERINO 30 mm DESCARTABLE   UNIDAD,UNIDAD,I
24507,PERNO DE BLOQUEO 3.9 mm DIAMETRO AUTORROSCANTE LONGITUD 52 mm   UNIDAD,UNIDAD,I
21813,PRUEBA RAPIDA DE HORMONA GONADOTROPINA CORIONICA (HCG)  25 DET KIT,KIT,I
48935,ACIDO ORTOFOSFORICO GEL (ACIDO GRABADOR DE ESMALTE) 37 % X 14 g UNIDAD,UNIDAD,I
18169,SUTURA SEDA NEGRA TRENZADA 2/0 C/A 3/8 CIRCULO CORTANTE 25 mm X 45 cm   UNIDAD,UNIDAD,I
34635,EMPAQUE TIPO TYVECK PARA ESTERILIZACION CON PEROXIDO DE HIDROGENO 40 cm X 100 m   UNIDAD,UNIDAD,I
21713,DEXAMETASONA 2 mg/5 mL 120 mL SOLUCION,SOLUCION,M
12658,TORNILLO MALEOLAR 4.5mm X 30mm   UNIDAD,UNIDAD,I
42244,APOSITO DE ESPUMA HIDROFILICA (POLIURETANO) ADHESIVO ESTERIL 10 cm X 10 cm   UNIDAD,UNIDAD,I
16262,DIALIZADOR CON FIBRA HUECA 1.8 M2   UNIDAD,UNIDAD,I
18062,MOXIFLOXACINO (SOLUCION OFTALMICA) 5 mg/mL 5 mL SOLUCION,SOLUCION,M
22685,LENALIDOMIDA 10 mg  TABLETA,TABLETA,M
30835,AUDIFONO DIGITAL PROGRAMABLE DE 60 - 70 dB   UNIDAD,UNIDAD,I
49229,GUANTE QUIRURGICO ESTERIL DESCARTABLE DE LATEX SIN POLVO Nº 7   PAR,PAR,I
5131,OCTREOTIDA 200 ug/mL 5 mL INYECTABLE,INYECTABLE,M
25287,SISTEMA DE DRENAJE TORAXICO DESCARTABLE 1 SOLA CAMARA   UNIDAD,UNIDAD,I
40798,VALVULA PARA TROCAR DE 10 mm   UNIDAD,UNIDAD,I
28774,CUCHILLETE CRESCENT 2.00 mm   UNIDAD,UNIDAD,I
30291,SOPORTE METALICO CORTO CON PINZAS PLANAS/REDONDAS PARA ADULTO   UNIDAD,UNIDAD,I
22590,TUERCA PARA TORNILLO CON CABEZA ESFERICA PARA SISTEMA UNIVERSAL DE COLUMNA (USS)   UNIDAD,UNIDAD,I
30140,KIT DE ROPA DESCARTABLE PARA CIRUGIA TALLA XL X 2 PIEZAS   KIT,KIT,I
21482,SUGAMMADEX 100 mg/mL 2 ml INYECTABLE,INYECTABLE,M
26421,AGUJA PARA BIOPSIA DE MEDULA OSEA DESCARTABLE 11 G X 10 cm   UNIDAD,UNIDAD,I
30519,OMALIZUMAB 150 mg  INYECTABLE,INYECTABLE,M
18963,PLACA DE SOPORTE EN L DE 05 AGUJEROS   UNIDAD,UNIDAD,I
18148,PIZETA DE PLASTICO 500 mL   UNIDAD,UNIDAD,I
18932,CAMPO QUIRURGICO ANTIMICROBIANO 35 cm X 35 cm   UNIDAD,UNIDAD,I
35254,CATETER CORONARIO TIPO JUDKINS IZQUIERDO 5 FR X 100 cm ASA Nº 3.5   UNIDAD,UNIDAD,I
45866,PINZA CON PUNTA DE CONTROL GRASPER BABCOCK  35.3 mm UNIDAD,UNIDAD,I
33289,SUTURA DE POLIPROPILENO AZUL MONOFILAMENTO 5/0 C/DOBLE AGUJA 3/8 CIRCULO REDONDA 13 mm X 75 cm   UNIDAD,UNIDAD,I
19455,SISTEMA DOBLE DE DRENAJE TORAXICO DESCARTABLE 3 CAMARA CON VALVULA   UNIDAD,UNIDAD,I
44894,TORNILLO ESPONJOSO ROSCA PARCIAL 4.0 mm X 50 mm   UNIDAD,UNIDAD,I
38287,TORNILLO DE SENO DEL TARSO   UNIDAD,UNIDAD,I
36898,CATETER VENOSO CENTRAL DOBLE LUMEN 11.5 FR X 15 cm CURVADO   UNIDAD,UNIDAD,I
36015,BROCA 2.7 mm X 150 mm   UNIDAD,UNIDAD,I
25210,TUBO ENDOTRAQUEAL DESCARTABLE Nº 5.0 SIN BALON   UNIDAD,UNIDAD,I
5520,POLIGELINA 3.5 g/100 mL (3.5 %) 500 mL INYECTABLE,INYECTABLE,M
2176,CLORHEXIDINA 2 g/100 mL 1 L SOLUCION,SOLUCION,M
21736,ALCOHOL YODADO 1 g/100 mL 120 mL SOLUCION,SOLUCION,M
26240,BROCA DE 3.2 mm DE DIAMETRO X 175 mm   UNIDAD,UNIDAD,I
31529,"BARRA DE HARRINGTON 7""   UNIDAD",UNIDAD,I
6485,VERAPAMILO CLORHIDRATO 80 mg  TABLETA,TABLETA,M
39933,CANULA PEDIATRICA PARA TERAPIA DE ALTO FLUJO   UNIDAD,UNIDAD,I
24320,SUTURA ACIDO POLIGLACTIN 3/0 C/A 3/8 CIRCULO CORTANTE 20 mm x 70 cm   UNIDAD,UNIDAD,I
20593,TRANSAMINASA GLUTAMICA OXALACETICA (TGO) CINETICA  1 DET KIT,KIT,I
31673,TEST DE ANTIGENO CA 15-3  1 DET KIT,KIT,I
26731,TORNILLO DE BLOQUEO 2.3 mm X 14 mm   UNIDAD,UNIDAD,I
45126,CALDO TETRATIONATO X 500 g   UNIDAD,UNIDAD,I
46565,SISTEMA DE  ELECTRODOS DE RADIOFRECUENCIA 90° CON CONTROL MANUAL Y SUCCION PARA CIRUGIA ARTROSCOPICA   UNIDAD,UNIDAD,I
41604,TORNILLO DE BLOQUEO 3.5 mm X 42 mm   KIT,UNIDAD,I
32423,HOJA DESCARTABLE PARA DERMATOMO DE AIRE   UNIDAD,UNIDAD,I
30475,PAPEL FILTRO ABSORBENTE 45 cm X 45 cm   UNIDAD,UNIDAD,I
42754,FORMULA ENTERAL POLIMERICA ADULTO  X 850 g UNIDAD,UNIDAD,I
27907,MASCARA LARINGEA DESCARTABLE Nº 3   UNIDAD,UNIDAD,I
25664,"ANTIESTREPTOLISINA ""O""  1 DET UNIDAD",UNIDAD,I
10437,TUBO CAPILAR PARA HEMATOCRITO SIN HEPARINA   UNIDAD,UNIDAD,I
11672,PLACA DE TITANIO DE 4 ORIFICIOS   UNIDAD,UNIDAD,I
132,ACICLOVIR (COMO SAL SODICA) 250 mg 10 mL INYECTABLE,INYECTABLE,M
26366,DEXTROSA 5 g/100 mL (5 %) CIRCUITO CERRADO 1 L INYECTABLE,INYECTABLE,M
27550,PUNTA DESCARTABLE DE RADIOFRECUENCIA BIPOLAR 45º X 3.5 mm   UNIDAD,UNIDAD,I
33730,CHALECO MANGA LARGA ELASTICA TALLA N° 2   UNIDAD,UNIDAD,I
19354,FILTRO ARTERIAL PARA CIRCULACION EXTRACORPOREA   UNIDAD,UNIDAD,I
22486,BROCA DE 3.2 mm DE DIAMETRO X 150 mm   UNIDAD,UNIDAD,I
26393,TORNILLO DE EMERGENCIA 1.8 mm X 6 mm   UNIDAD,UNIDAD,I
25010,SUTURA DE POLIPROPILENO MONOFILAMENTO 4/0 C/2A 1/2 CIRCULO REDONDA 20 mm X 75 cm   UNIDAD,UNIDAD,I
23715,COLORANTE FUCSINA BASICA  100 g UNIDAD,UNIDAD,I
44270,"ANTIGENOS FEBRILES PARATIFICO (A,B) TIFICO (H,O) Y BRUCELLAS  5 FRASCOS X 10 mL UNIDAD",UNIDAD,I
21377,LANCETA RETRACTIL DESCARTABLE ADULTO   UNIDAD,UNIDAD,I
41261,CABLE DE ACERO - CERCLAJE C/PINZA CON CLAVIJA o 1.7 mm   UNIDAD,UNIDAD,I
24926,"ESPONJA NEUROQUIRURGICA 1"" X 1"" X 10   UNIDAD",UNIDAD,I
40178,MASCARA LARINGEA DESCARTABLE CON ACCESO GASTRICO + INTUBACION N° 2   UNIDAD,UNIDAD,I
10106,"AGUJA DE PUNCION LUMBAR 20 G X 3 1/2""   UNIDAD",UNIDAD,I
33146,"GUIA METALICA RIGIDA CURVA 0.035"" X 2.60 m   UNIDAD",UNIDAD,I
29727,"MICROGUIA 0.008"" X 200 cm   UNIDAD",UNIDAD,I
36822,PAPEL FILTRO CURSO LENTO DE 45 cm X 45 cm   UNIDAD,UNIDAD,I
52646,GUIA HIDROFILICA CURVA FLEXIBLE DESCARTABLE  0.014 in X 1.80 m UNIDAD,UNIDAD,I
44997,CLAVO KIRSCHNER 1.6 mm X 300 mm DOBLE PUNTA   UNIDAD,UNIDAD,I
55065,PLACA DE RECONSTRUCCION ANGULADA LADO IZQUIERDO EN L DE 5 X 19 AGUJEROS SISTEMA - 2.4 mm UNIDAD,UNIDAD,I
34716,BROCA DE 2.0 mm DE DIAMETRO X 100 mm   UNIDAD,UNIDAD,I
45416,CONO DE GUTAPERCHA SET DEL 45-80 (2da SERIE) DE 25 mm   UNIDAD,UNIDAD,I
20505,LINEA DE INFUSION CON CASETERA PARA BOMBA DE INFUSION   UNIDAD,UNIDAD,I
38405,HORMONA TRIYODOTIRONINA (T3) TOTAL  DET KIT,KIT,I
54226,ACIDO ACETICO 5% X 20 mL UNIDAD,UNIDAD,I
22527,TUBO DE GASTROSTOMIA DE BOTON DE BAJO PERFIL Y DE REEMPLAZO Nº 20 X 1.0 mm   UNIDAD,UNIDAD,I
22511,MALLA DE TITANIO 120 mm X 120 mm   UNIDAD,UNIDAD,I
10175,ALAMBRE PARA CERCLAJE 1.5 mm X 10 m   UNIDAD,UNIDAD,I
22501,TORNILLO CORTICAL 2.0 mm X 10 mm   UNIDAD,UNIDAD,I
23832,ESPARADRAPO HIPOALERGICO DE PLASTICO 2.5 cm X 0.9 m   UNIDAD,UNIDAD,I
4250,KETOROLACO 60 mg 2 mL INYECTABLE,INYECTABLE,M
54147,FILTRO ANTIBACTERIAL INSPIRATORIO PARA VENTILADOR VOLUMETRICO  - UNIDAD,UNIDAD,I
54399,ANTICUERPO MONOCLONAL PARA CD 20 - X 12 mL UNIDAD,UNIDAD,I
19901,CANULA VENOSA ANGULADA Nº 18   UNIDAD,UNIDAD,I
20045,CONECTOR TRIFURCADO CON ADAPTADOR EN Y PARA PEDIATRIA   UNIDAD,UNIDAD,I
28496,PLACA ANGULADA 90º 4 AGUJEROS X 3.5 mm   UNIDAD,UNIDAD,I
24411,MALLA DE TITANIO 80 mm X 180 mm X 0.6 mm   UNIDAD,UNIDAD,I
40113,CATETER VENOSO CENTRAL UN LUMEN DE LARGA PERMANENCIA 6.6 FR X 90 cm   UNIDAD,UNIDAD,I
46374,CALIBRADOR PARA LIPIDOS  X 3 mL UNIDAD,UNIDAD,I
26762,DISCO DE SENSIBILIDAD DE CEFRADINA 30 ug 50 DISCOS UNIDAD,UNIDAD,I
12036,SUTURA CATGUT CROMICO 2/0 C/DOBLE AGUJA 1/2 CIRCULO REDONDA 40 mm X 150 cm   UNIDAD,UNIDAD,I
25050,BUSULFANO 6 mg/mL 10 mL INYECTABLE,INYECTABLE,M
31973,APOSITO DE POLIURETANO CON ANTIMICROBIANO 20 cm X 20 cm   UNIDAD,UNIDAD,I
33080,ALAMBRE DE LIGADURA PARA ORTODONCIA 16 mm X 1 m   UNIDAD,UNIDAD,I
12634,TORNILLO ESPONJOSO 6.5 mm X ROSCA 32 mm X 60 mm   UNIDAD,UNIDAD,I
45670,SUTURA DE ACERO INOXIDABLE MONOFILAMENTO 5 C/A 1/2 CIRCULO REDONDA 48 mm X 45 cm   UNIDAD,UNIDAD,I
30084,CANULA ENDOLUMINAL (STENT) CORONARIA DE METAL MEDICADA 3.5 mm X 18 mm   UNIDAD,UNIDAD,I
50328,ELECTRODO DE RESECCION BIPOLAR TIPO LAZO 24 FR PARA RESECTOSCOPIO   UNIDAD,UNIDAD,I
41792,SET DE CATETER DE DRENAJE SUPRAPUBICO 12 FR X 35 cm   UNIDAD,UNIDAD,I
24323,TORNILLO CANULADO 4.5 mm x 50 mm   UNIDAD,UNIDAD,I
21859,SOLUCION PARA HEMODIALISIS CON BICARBONATO  4 L SOLUCION,SOLUCION,M
53549,KIT DE ABLACION POR RADIOFRECUENCIA PARA RIZOTOMIA FACETARIA X 3 PIEZAS   UNIDAD,UNIDAD,I
21117,MANGA MIXTA PAPEL Y PLASTICO PARA ESTERILIZACION SIN FUELLE 10 cm X 200 m   UNIDAD,UNIDAD,I
33044,TORNILLO DE BLOQUEO DE ACERO AUTORROSCANTE 5 mm X 32 mm   UNIDAD,UNIDAD,I
38521,TUBO DE ASPIRACION TRANSPARENTE 7 mm x 3.1 m   UNIDAD,UNIDAD,I
51578,SOLUCION PARA HEMODIALISIS ACIDA SOL  3.6 L SOLUCION,SOLUCION,M
54470,SISTEMA DE TORNILLO CANULADO DE TITANIO DE DOBLE COMPRESION CON AGUJA KIRSCHNER - 1.7 mm X 13 mm UNIDAD,UNIDAD,I
36171,PAPEL FILTRO ABSORBENTE 50 cm X 50 cm   UNIDAD,UNIDAD,I
53699,VENDA DE ALGODON LAMINADO PARA YESO 6 in X 3 in   UNIDAD,UNIDAD,I
40731,ALFA FETO PROTEINA AUTOMATIZADA  1 DET KIT,KIT,I
26531,GUANTE QUIRURGICO ESTERIL DESCARTABLE ANTIVIRICO N° 6 1/2   PAR,PAR,I
30352,GASA QUIRURGICA RADIOPACA ESTERIL 10 cm X 10 cm X 5   UNIDAD,UNIDAD,I
25343,PINZA PARA EXTRACCION DE CUERPO EXTRAÑO MANDIBULA DE COCODRILO 180 cm   UNIDAD,UNIDAD,I
6284,TRIAMCINOLONA ACETONIDO 40 mg/mL 1 mL INYECTABLE,INYECTABLE,M
37531,KIT DE ROPA DESCARTABLE PARA CIRUGIA TALLA M X 12 PIEZAS   UNIDAD,UNIDAD,I
54573,"ANTISUERO ANTI SALMONELLA ""O"" GRUPO E1 (3,10) - X 3 mL UNIDAD",UNIDAD,I
38642,FORMULA NUTRICIONAL ISOTONICA LIQUIDA CON PROTEINAS X 1 L   SOLUCION,SOLUCION,I
24732,"TUBO DE DRENAJE PEN ROSE 1"" X 17""   UNIDAD",UNIDAD,I
53654,AGUJA KIRSCHNER 1.2 mm X 150 mm   UNIDAD,UNIDAD,I
36356,TUBO PARA EXTRACCION DE SANGRE CON SISTEMA DE VACIO DE POLIPROPILENO DE 3 mL CON EDTA X 100   UNIDAD,UNIDAD,I
49280,KIT DE CONSUMIBLES PARA ANALIZADOR AUTOMATICO DE GASES   UNIDAD,UNIDAD,I
28845,GRAPADORA QUIRURGICA ENDOSCOPICA DE TRIPLE GRAPA 30 mm - 45 cm - 60 mm   UNIDAD,UNIDAD,I
50427,DETERGENTE ENZIMATICO CON 3 ENZIMAS  1 L UNIDAD,UNIDAD,I
27194,CATETER BALON PARA VALVULOPLASTIA PULMONAR 10 mm x 3 cm DE 5 FR X 90 cm   UNIDAD,UNIDAD,I
46285,ENDOPROTESIS DE AORTA TORAXICA PROXIMAL/DISTAL CON CUBIERTA  40 mm x 40 mm X 230 mm UNIDAD,UNIDAD,I
48459,PLACA PARA RECUENTO DE STAPHYLOCOCCUS AUREUS  50 UNIDAD,UNIDAD,I
27177,CANULA ARTERIAL FEMORAL N° 16   UNIDAD,UNIDAD,I
15041,"AGUJA DE ACUPUNTURA DESCARTABLE 2""   UNIDAD",UNIDAD,I
22351,"AGUJA PARA JERINGA DE INSULINA TIPO LAPICERO Nº 31 G X 5/16""   UNIDAD",UNIDAD,I
32047,INMUNOGLOBULINA E AUTOMATIZADO  1 DET KIT,KIT,I
10057,CALDO SELENITO  500 g SOLUCION,SOLUCION,I
22028,AGUJA GUIA 1.1 mm X 150 mm   UNIDAD,UNIDAD,I
42345,PLACA DE BLOQUEO 3.5 mm DE 8 AGUJEROS PARA TIBIA DISTAL MEDIAL IZQUIERDA   UNIDAD,UNIDAD,I
41438,KIT DE AFERESIS PARA DOBLE COLECTA DE HEMATIES   UNIDAD,UNIDAD,I
41798,MICROCATETER 2.6 FR X 1.50 m   UNIDAD,UNIDAD,I
39666,CIRCUITO CORRUGADO NEONATAL DESCARTABLE PARA VENTILADOR MECANICO DRAGUER   UNIDAD,UNIDAD,I
11749,REACTIVO BENEDICT  1 L SOLUCION,SOLUCION,I
23746,PLACA ANGULADA DCS 95º 14 AGUJEROS   UNIDAD,UNIDAD,I
53023,CIRCUITO RESPIRATORIO PEDIATRICO 15 mm X 180 cm   UNIDAD,UNIDAD,I
51013,AGUJA ESPINAL DESCARTABLE 25 G X 1 1/2 in   UNIDAD,UNIDAD,I
34136,CATETER BALON PARA VALVULOPLASTIA PULMONAR 12 mm X 4 cm DE 6 FR X 90 cm   UNIDAD,UNIDAD,I
4093,INSULINA LISPRO 100 UI/mL 10 mL INYECTABLE,INYECTABLE,M
19195,SUTURA DE POLIPROPILENO AZUL MONOFILAMENTO 8/0 C/DOBLE AGUJA 3/8 CIRCULO REDONDA 6.5 mm X 45 cm   UNIDAD,UNIDAD,I
32421,SUTURA DE ACERO INOXIDABLE MONOFILAMENTO 2 C/A 1/2 CIRCULO REDONDA 40 mm X 45 cm   UNIDAD,UNIDAD,I
32660,GUIA DE BIOPSIA PARA AGUJA TIPO TRUCUT DE EQUIPO PARA MAMOGRAFIA   UNIDAD,UNIDAD,I
1417,CALAMINA + ZINC OXIDO 5 g + 5 g/100 g 60 g CREMA,CREMA,M
46589,MANTA ABSORBENTE ANTIBACTERIAL DE POLIPROPILENO  45.72 CM X 1.02 CM APRO UNIDAD,UNIDAD,I
44065,OVEROL IMPERMEABLE DESCARTABLE CON CAPUCHA TALLA M   UNIDAD,UNIDAD,I
38610,PROTEINA EN ORINA  1 DET KIT,KIT,I
35249,APOSITO HIDROPOLIMERO 15.0 cm X 15.0 cm CON CONCENTRADO DE PLATA 0.1%   UNIDAD,UNIDAD,I
18975,TORNILLO DE EMERGENCIA 2.3 mm X 5 mm   UNIDAD,UNIDAD,I
46339,TUBO PARA EXTRACCION DE SANGRE CON SISTEMA DE VACIO DE POLIPROPILENO CON EDTA + FLUORURO DE SODIO  2 mL UNIDAD,UNIDAD,I
36914,ELECTRODO DE DISCO PARA ELECTROMIOGRAFIA   UNIDAD,UNIDAD,I
34037,TUBO PARA EXTRACCION DE SANGRE CON SISTEMA DE VACIO DE POLIPROPILENO 7 mL CON GEL SEPARADOR   UNIDAD,UNIDAD,I
42494,PLACA DE BLOQUEO DE 7 AGUJEROS 2.7/3.5 mm PARA HUMERO DISTAL DORSO LATERAL DERECHA   UNIDAD,UNIDAD,I
38791,ESPIRAL PARA EMBOLIZACION ENDOVASCULAR 1.5 mm x 2 cm   UNIDAD,UNIDAD,I
26869,BAJALENGUA DE MADERA PEDIATRICO X 500 UNIDADES   UNIDAD,UNIDAD,I
30295,SOPORTE METALICO LARGO MONOTUTOR CON PINZAS PLANAS PARA ADULTO   UNIDAD,UNIDAD,I
20301,AGUA BIDESTILADA  1 L SOLUCION,SOLUCION,I
30277,SOPORTE TERMOPLASTICO OTPRC CON HEMIBANDA PELVICA SIN APOYO ISQUIATICO PARA ADULTO   UNIDAD,UNIDAD,I
11799,EQUIPO DE AUTOTRANSFUSION SANGUINEA DESCARTABLE   UNIDAD,UNIDAD,I
34159,TORNILLO DE BLOQUEO 3.5 mm X 28 mm   UNIDAD,UNIDAD,I
27444,INMOVILIZADOR DE CABEZA   UNIDAD,UNIDAD,I
49863,PLACA LCP RECTA 10 AGUJEROS X 3.5 mm   UNIDAD,UNIDAD,I
28451,CHAQUETA Y PANTALON DESCARTABLE TALLA XL   UNIDAD,UNIDAD,I
52994,AGUJA DE ASPIRACION DE MEDULA OSEA DESCARTABLE Nº 18 G X 40 mm   UNIDAD,UNIDAD,I
27299,"AGUJA FISTULA ARTERIAL VENOSA Nº 16 G x 3.18 cm (1 1/4"")   UNIDAD",UNIDAD,I
22806,DORZOLAMIDA +  BRIMONIDINA +  TIMOLOL  (SOLUCION OFTALMICA) 20 mg + 2 mg + 5 mg/mL 5 mL SOLUCION,SOLUCION,M
24223,TORNILLO CORTICAL 2.4 mm X 14 mm   UNIDAD,UNIDAD,I
54990,PROTESIS VALVULAR PULMONAR PERCUTANEA EXPANDIBLE CON BALON,UNIDAD,I
32656,LENTE INTRAOCULAR CAMARA POSTERIOR PLEGABLE 3 PIEZAS DIOPTRIA + 10.0 A + 30.0 DIOPTER	   UNIDAD,UNIDAD,I
26909,SUTURA DE POLIDIOXANONA 1 C/A 1/2 CIRCULO REDONDA 40 mm X 70 cm   UNIDAD,UNIDAD,I
31897,SET DE DILATADORES RENALES DE AMPLATZ X 15 PIEZAS   UNIDAD,UNIDAD,I
21138,TORNILLO ESPONJOSO 6.5 mm X 70 mm   UNIDAD,UNIDAD,I
42738,PLACA DE BLOQUEO DE 8 AGUJEROS 2.7/3.5 mm PARA HUMERO DISTAL MEDIAL DERECHA   UNIDAD,UNIDAD,I
19265,SUTURA CATGUT CROMICO 2/0 C/A 1/2 CIRCULO REDONDA 30 mm X 100 cm   UNIDAD,UNIDAD,I
29130,GASA  ESTERIL 10 cm X 10 cm X 16 PLIEGUES x 5 UNIDADES   UNIDAD,UNIDAD,I
30508,"AGAR SIM (AZUFRE, INDOL, MOVILIDAD) MEDIUM  500 g UNIDAD",UNIDAD,I
47816,PROTESIS TOTAL DE CADERA CON COPA DE MOVILIDAD DUAL NO CEMENTADA   UNIDAD,UNIDAD,I
42885,CLAVO CEFALO MEDULAR BLOQUEADO PARA FEMUR DE TITANIO 135° 11 mm X 230 mm UNIDAD,UNIDAD,I
18791,LENTE INTRAOCULAR DIOPTRIA 25.0 CAMARA POSTERIOR NO PLEGABLE 3 PIEZAS   UNIDAD,UNIDAD,I
24611,PIPETA LINEAL TERMINAL GRADUADA DE VIDRIO CLASE A 1/10 X 10 mL   UNIDAD,UNIDAD,I
23280,DISTRACTOR MANDIBULAR MONOAXIAL IZQUIERDO   UNIDAD,UNIDAD,I
33613,MUÑEQUERA CON FIJACION A DEDO PULGAR ELASTICA TALLA N° 12   UNIDAD,UNIDAD,I
53455,FORMULA LACTEA PARA CRECIMIENTO  X 350 g UNIDAD,UNIDAD,I
26232,AGUJA KIRSCHNER 2.0 mm DE DIAMETRO X 150 mm DE LARGO   UNIDAD,UNIDAD,I
12555,TORNILLO CORTICAL 4.5 mm X 16 mm   UNIDAD,UNIDAD,I
53307,ESPIRAL PARA EMBOLIZACION ENDOVASCULAR 11 mm X 35 cm	   UNIDAD,UNIDAD,I
32538,COLLARIN CERVICAL DESCARTABLE PARA ADULTO   UNIDAD,UNIDAD,I
51914,MARCADOR METALICO DE MAMA RECUBIERTO DE CARBON PIROLITICO DE 14 ga X 117.7 mm   UNIDAD,UNIDAD,I
47885,FORMULA POLIMERICA NORMOCALORICO NORMOPROTEICO PARA NIÑOS DE 1 A 12 AÑOS  500 mL SUSPENSION,SUSPENSION,M
39627,DESINFECTANTE PEROXIDO DE HIDROGENO 6.1% CON IONES DE PLATA  1 L UNIDAD,UNIDAD,I
47503,FRASCO DE VIDRIO AMBAR BOCA ANCHA X 60 mL CON TAPA Y CONTRATAPA   UNIDAD,UNIDAD,I
34994,CAL SODADA USP  4.5 Kg POLVO,POLVO,I
43819,MANGA DE POLIETILENO ESTERIL PARA LAPAROSCOPIA 15 cm X 3.0 m   UNIDAD,UNIDAD,I
45024,OVEROL IMPERMEABLE DESCARTABLE CON CAPUCHA TALLA S   UNIDAD,UNIDAD,I
50967,ANTICUERPO MONOCLONAL PARA CDX2 (CDX2-88) X 1 mL   UNIDAD,UNIDAD,I
30192,FORMULA POLIMERICA DE ABSORCION LENTA PARA PACIENTE DIABETICO  400 g POLVO,POLVO,I
51941,SUTURA DE POLIESTER MULTIFILAMENTO 2/0 C/DOBLE AGUJA C/ALMOHADILLA DE TEFLON 1/2 CIRCULO REDONDA 25 mm X 90 cm   UNIDAD,UNIDAD,I
36258,CANULA PARA TRAQUEOSTOMIA N° 4.5 X 42 mm   UNIDAD,UNIDAD,I
12560,TORNILLO CORTICAL 4.5 mm X 26 mm   UNIDAD,UNIDAD,I
33472,SUTURA NAILON NEGRO MONOFILAMENTO 9/0 C/DOBLE AGUJA 3/8 CIRCULO REDONDA 5.0 mm X 30 cm   UNIDAD,UNIDAD,I
38684,SONDA DE ALIMENTACION DE POLIURETANO 12 FR   UNIDAD,UNIDAD,I
18701,SONDA NASOYEYUNAL Nº 14   UNIDAD,UNIDAD,I
36077,APOSITO DE ESPUMA (POLIURETANO) CON PLATA IONICA 1.2 % CON HIDROFIBRA (CARBOXIMETILCELULOSA SODICA) 9 cm X 25 cm   UNIDAD,UNIDAD,I
24130,FORMULA POLIMERICA SIN LACTOSA PEDIATRICA  900 g POLVO,POLVO,I
27089,CATETER BALON PARA ANGIOPLASTIA CORONARIA 2.0 mm X 20 mm   UNIDAD,UNIDAD,I
25980,BARRA DE TITANIO 6 mm X 250 mm PARA COLUMNA VERTEBRAL   UNIDAD,UNIDAD,I
39706,DELAMANID 50 mg  TABLETA,TABLETA,M
28528,CATETER TORAXICO RECTO Nº 14   UNIDAD,UNIDAD,I
46718,SONDA DE GASTROSTOMIA DE SILICONA CON BALON ESTERIL GROSOR 14 FR   UNIDAD,UNIDAD,I
42577,CONTENEDOR DE POLIPROPILENO DE BIOSEGURIDAD DE 4.8 L   UNIDAD,UNIDAD,I
44983,CATETER VENOSO CENTRAL DOBLE LUMEN PARA HEMODIALISIS 8 FR X 12.5 cm   UNIDAD,UNIDAD,I
50694,KIT DE PCR EN TIEMPO REAL PARA DETECCION DE LOS 4 SEROTIPOS DE DENGUE   UNIDAD,UNIDAD,I
43365,TUBO DE GASTROSTOMIA DE BOTON DE BAJO PERFIL Y DE REEMPLAZO Nº 14 x 0.8 cm   UNIDAD,UNIDAD,I
5173,OTRAS COMBINACIONES DE VITAMINAS  2 mL INYECTABLE,INYECTABLE,M
50640,FIBRA LASER DESCARTABLE 365 µm PARA LITOTRIPTOR   UNIDAD,UNIDAD,I
53842,CATETER IMPLANTABLE INTRAPERITONEAL 16 FR X 62 cm N/A - UNIDAD,UNIDAD,I
40656,STENT AUTOEXPANDIBLE TOTALMENTE RECUBIERTO 8 mm X 80 mm X 1.30 m   UNIDAD,UNIDAD,I
51189,"VACUNA CONTRA COVID-19(mRNA-1273)nucleosido modificado,(elasomeran/davesomeran)MODERNA,FAB.CATALENT INDIANA.LLC-EEU 50 ug/50 ug X mL (SPIKEVAX) VIAL X 2.5 mL INYECTABLE",INYECTABLE,M
43614,SUTURA DE POLIPROPILENO AZUL MONOFILAMENTO 2/0 1/2 CIRCULO REDONDA 25 mm X 75 cm   UNIDAD,UNIDAD,I
44425,SUTURA SEDA NEGRA TRENZADA MULTIEMPAQUE 0 S/A 8 mm X 70 cm   UNIDAD,UNIDAD,I
19427,HIPROMELOSA 20 mg/mL 1.5 mL SOLUCION,SOLUCION,M
38341,PACK DE PROCEDIMIENTOS DE CIRUGIA PARA CATARATA   UNIDAD,UNIDAD,I
36381,CLAVO ENDOMEDULAR DE ACERO QUIRURGICO PARA TIBIA 9 mm X 30 cm   UNIDAD,UNIDAD,I
35685,ADENOSINA DEAMINASA ENZIMATICO  1 DET KIT,KIT,I
38892,CATETER PARA CISTOMETRIA DOBLE LUMEN 7 FR x 52 cm   UNIDAD,UNIDAD,I
52721,CATETER ENDOVENOSO PERIFERICO 20 G X 1 ¼ in CON DISPOSITIVO DE BIOSEGURIDAD Y ALAS DE FIJACION   UNIDAD,UNIDAD,I
34696,TUBO DE GASTROSTOMIA DE BOTON DE BAJO PERFIL Y DE REEMPLAZO Nº 12 X 8 mm   UNIDAD,UNIDAD,I
47625,ARTICULACION DE RODILLA MODULAR MONOCENTRICA CON TRABA DE ACERO   UNIDAD,UNIDAD,I
25526,APOSITO TRANSPARENTE CON ALMOHADILLA 8.5 cm X 9.5 cm X 20   UNIDAD,UNIDAD,I
42072,ESPARADRAPO HIPOALERGÉNICO DE PLASTICO 1 in X 10 yd  12 CORTES UNIDAD,UNIDAD,I
19903,CANULA VENOSA RECTA Nº 18   UNIDAD,UNIDAD,I
32988,"GUIA HIDROFILICA CURVA 0.035"" X 180 cm   UNIDAD",UNIDAD,I
48347,ANTICUERPO MONOCLONAL Ki67 PARA INMUNOHISTOQUIMICA  X 1 mL UNIDAD,UNIDAD,I
50779,SET DE CATETER VENOSO PERIFERICO DE LINEA MEDIA CON PROLONGADOR Y GUIA FLEXIBLE 3FR   UNIDAD,UNIDAD,I
33177,PRUEBA RAPIDA PARA MALARIA  25 DET KIT,KIT,I
23650,MICROCATETER 1.5 FR X 165 cm   UNIDAD,UNIDAD,I
37827,JABON DE TOCADOR LIQUIDO X 400 mL   UNIDAD,UNIDAD,I
29393,APOSITO HIDROFILICO CON NANOCRISTALES DE PLATA 17 cm X 19 cm   UNIDAD,UNIDAD,I
33101,ANTIGENO PROSTATICO ESPECIFICO (PSA) LIBRE  100 DET KIT,KIT,I
50973,ANTICUERPO MONOCLONAL PARA INMUNOHISTOQUIMICA CITOQUERATINA 7 X 1 mL   UNIDAD,UNIDAD,I
42508,CIANOCOBALAMINA (VITAMINA B12) QUIMIOLUMINISCENCIA  DETERMINACION UNIDAD,UNIDAD,I
19913,CONECTOR EN ESPIGA PARA SOLUCIONES ENDOVENOSAS   UNIDAD,UNIDAD,I
55349,CEMENTO QUIRURGICO DENTAL LIBRE DE EUGENOL (90 g BASE + 90 mL CATALIZADOR) - - KIT,KIT,I
39642,ARCO NITI REDONDOS INFERIORES N° 18   UNIDAD,UNIDAD,I
49266,PUNTERA (TIPS) PARA PIPETA AUTOMATICA 1 - 5 mL BLANCO   UNIDAD,UNIDAD,I
22949,CANULA PARA TRAQUEOSTOMIA Nº 8 CON BALON   UNIDAD,UNIDAD,I
37363,MACROGOL 400 (POLIETILENGLICOL 400) + PROPILENGLICOL (SOLUCION OFTALMICA)		 4 mg + 3 mg/1 mL 0.4 mL SOLUCION,SOLUCION,M
38472,PLACA LCP RECTA 7 AGUJEROS x 4.5 mm   UNIDAD,UNIDAD,I
47699,LINEA DE MUESTRA DESCARTABLE CO2 DE 2.5 m X 7 ft PARA CAPNOGRAFO   UNIDAD,UNIDAD,I
42851,PROCALCITONINA QUIMIOLUMINISCENCIA (PCT)  1 DETERMINACION UNIDAD,UNIDAD,I
24977,CAMPO QUIRURGICO ADHESIVO CON YODOFORO 45 cm X 56 cm   UNIDAD,UNIDAD,I
32008,CATETER URETERAL PUNTA ABIERTA 5 FR X 70 cm   UNIDAD,UNIDAD,I
34735,PINZA BIPOLAR PARA CIRUGIA ABIERTA SELLADO DE VASOS 10 mm DE DIAMETRO X 37 cm   UNIDAD,UNIDAD,I
38514,OXIDO DE ZINC USP 1KG   UNIDAD,UNIDAD,I
16049,COLLARIN CERVICAL ORTOPEDICO MEDIANO   UNIDAD,UNIDAD,I
29007,RECARGA PARA GRAPADORA QUIRURGICA LINEAL NO CORTANTE DE 60 mm X  4.8 mm   UNIDAD,UNIDAD,I
53119,HOJA DE SIERRA 25.4 mm X 9.4 mm X 0.5 mm PARA SIERRA SAGITAL   UNIDAD,UNIDAD,I
34444,GEL ABRASIVO PARA LIMPIEZA EN ELECTROFISIOLOGIA X 114 g   UNIDAD,UNIDAD,I
38758,PLACA LCP DE 8 AGUJEROS x 3.50 mm BLOQUEADA PARA CUBITO   UNIDAD,UNIDAD,I
38706,SONDA DE ALIMENTACION DE SILICONA 10 FR   UNIDAD,UNIDAD,I
15175,AGUJA MONOPOLAR DESCARTABLE PARA EMG 37 mm DE LARGO   UNIDAD,UNIDAD,I
44922,TRIETANOLAMINA USP X 1 kg   UNIDAD,UNIDAD,I
10812,DISCO DE SENSIBILIDAD DE AMIKACINA 10 µg 50 DISCOS UNIDAD,UNIDAD,I
24747,TUBO DE GASTROSTOMIA DE BOTON DE BAJO PERFIL Y DE REEMPLAZO Nº 18 X 1.0 mm   UNIDAD,UNIDAD,I
26210,REACTIVO DE TRIGLICERIDOS ENZIMATICO  400 DET KIT,KIT,I
24236,SUTURA NAILON NEGRO MONOFILAMENTO 4/0 C/A 3/8 CIRCULO CORTANTE 15 mm X 75 cm   UNIDAD,UNIDAD,I
25854,KIT DE AFERESIS PARA RECOLECCION DE CELULAS PROGENITORAS POR FLUJO CONTINUO   KIT,KIT,I
38994,TORNILLO PEDICULAR POLIAXIAL DE TITANIO 4.50 mm x 35 mm   UNIDAD,UNIDAD,I
33273,MASCARA DE ANESTESIA TRANSPARENTE CON BORDE INFLABLE N° 1   UNIDAD,UNIDAD,I
638,AMINOACIDOS 10 % 250 mL INYECTABLE,INYECTABLE,M
34917,CAJA INTERSOMATICA CERVICAL 6 mm X 13 mm X 14 mm   UNIDAD,UNIDAD,I
1451,CALCIO CARBONATO 500 mg (Equiv. a 500 mg de Calcio)  TABLETA,TABLETA,M
33737,SOPORTE DE MENTON Y CUELLO ELASTICO TALLA N° 6   UNIDAD,UNIDAD,I
36152,BOLSA DE COLOSTOMIA 60 mm   UNIDAD,UNIDAD,I
54393,MAGNESIO ESTEARATO P.A. X 100 g - X 100 g UNIDAD,UNIDAD,I
30610,CATETER BALON DILATADOR DE ESOFAGO 18 mm - 19 mm - 20 mm DE DIAMETRO X 5.5 cm X 180 cm   UNIDAD,UNIDAD,I
26872,CATETER PERCUTANEO CON INTRODUCTOR PELABLE 1.9 FR X 30 cm   UNIDAD,UNIDAD,I
20450,SUTURA ACIDO POLIGLICOLICO 0 C/A 1/2 CIRCULO REDONDA 30 mm X 70 cm   UNIDAD,UNIDAD,I
37418,SUTURA DE POLIDIOXANONA 5/0 C/A 1/2 CIRCULO REDONDA 26 mm X 70 cm   UNIDAD,UNIDAD,I
37351,CANULA ENDOLUMINAL (STENT) CORONARIA DE METAL 4.0 mm X 18 mm   UNIDAD,UNIDAD,I
38408,HERPES VIRUS 1 IgG ELISA  DET KIT,KIT,I
33225,SUERO ANTILONOMICO 350 µg/mL 10 mL INYECTABLE,INYECTABLE,M
27320,CATETER PARA ANGIOGRAFIA CORONARIA PIGTAIL 5 FR X 110 cm   UNIDAD,UNIDAD,I
24406,PLACA 1/4 DE TUBO 6 AGUJEROS X 49 mm   UNIDAD,UNIDAD,I
19569,CLAVO DE TITANIO INTRAMEDULAR ELASTICO 2.0 mm   UNIDAD,UNIDAD,I
30886,SUTURA DE POLIPROPILENO AZUL MONOFILAMENTO 4/0 C/DOBLE AGUJA 1/2 CIRCULO REDONDA 22 mm X 90 cm   UNIDAD,UNIDAD,I
28297,TUBO DE PLASTICO TIPO FALCON FONDO CONICO 50 mL CON TAPA ROSCA   UNIDAD,UNIDAD,I
11807,SET DE TUBULADURA PARA CIRCULACION EXTRACORPOREA   UNIDAD,UNIDAD,I
24295,SUTURA ACIDO POLIGLACTIN 0 C/A 1/2 CIRCULO REDONDA 35 mm X 70 cm   UNIDAD,UNIDAD,I
23035,GRAPA PARA PIEL   UNIDAD,UNIDAD,I
53826,CANULA VENOSA FEMORAL PEDIATRICA N/A 21 FRá UNIDAD,UNIDAD,I
26862,SISTEMA DE PLACA DE BLOQUEO DE 30 AGUJEROS PARA HUESO DE REBORDE ALVEOLAR   UNIDAD,UNIDAD,I
26489,FILTRO DE NUTRICION PARENTERAL 0.22 um PARA SISTEMA BINARIO DESCARTABLE   UNIDAD,UNIDAD,I
1733,CETIRIZINA 5 mg/5 mL 60 mL JARABE,JARABE,M
24335,CANULA DE ASPIRACION YANKAUER 25 cm   UNIDAD,UNIDAD,I
24052,TORNILLO CORTICAL 2.7 mm X 16 mm   UNIDAD,UNIDAD,I
23563,LIMAS K SET DEL 15-40 (1ERA SERIE) DE 28 mm   UNIDAD,UNIDAD,I
32605,"BOLSA DE POLIETILENO 20"" X 29"" X 2 µm  CIENTO UNIDAD",UNIDAD,I
40933,SISTEMA DE FIJACION ACROMIO CLAVICULAR CON BOTON DE METAL   UNIDAD,UNIDAD,I
35141,TUBO DE ASPIRACION TRANSPARENTE 7 mm X 1.8 m   UNIDAD,UNIDAD,I
27957,ASA DE POLIPECTOMIA OVALADA DE COLON 15 mm X 230 cm   UNIDAD,UNIDAD,I
20679,GLUCOSA ANHIDRA X 500 g   UNIDAD,UNIDAD,I
48916,APOSITO DE ESPUMA (POLIURETANO) CON ZIRCONIO-PLATA DE  17.5 cm X 17.5 cm   UNIDAD,UNIDAD,I
21936,TUBO ENDOBRONQUIAL DOBLE LUMEN IZQUIERDO N° 26   UNIDAD,UNIDAD,I
36964,SOCKETE DE POLIPROPILENO PARA AMPUTADOS ARRIBA DE RODILLA   UNIDAD,UNIDAD,I
30903,BROCA 3.2 mm X 200 mm   UNIDAD,UNIDAD,I
32489,TORNILLO DE BLOQUEO 5.0 mm X 80 mm   UNIDAD,UNIDAD,I
46243,PELICULA RADIOGRAFICA DIGITAL 10 in X 12 in X 125   UNIDAD,UNIDAD,I
20647,PLACA RECONSTRUCCION MANDIBULAR 20 AGUJEROS X 2.4 mm   UNIDAD,UNIDAD,I
18224,CITRATO DE MAGNESIO  500 g SOLUCION,SOLUCION,I
49786,VASELINA LIQUIDA  X 250 mL SOLUCION,SOLUCION,I
29777,GRAPADORA QUIRURGICA CIRCULAR CORTANTE 28 mm   UNIDAD,UNIDAD,I
33862,BOLSA DE REANIMACION DE OXIGENO PARA RESUCITADOR MANUAL NEONATAL   UNIDAD,UNIDAD,I
22161,MALLA DE TITANIO CILINDRICA DE REEMPLAZO DE CUERPO VERTEBRAL 15 mm x 32 mm   UNIDAD,UNIDAD,I
25754,TORNILLO ESPONJOSO ROSCA TOTAL 4.0 mm X 16 mm   UNIDAD,UNIDAD,I
41442,FRESA PARA CRANEOTOMO DE ACERO PARA PERFORACION Y DESBASTE TIPO REDONDA DE 5.0 mm x 7 cm   UNIDAD,UNIDAD,I
43384,SUTURA DE POLIESTER TRENZADO VERDE 2/0 C/DOBLE AGUJA C/ALMOHADILLA DE TEFLON 1/2 CIRCULO REDONDA 20 mm X 90 cm   UNIDAD,UNIDAD,I
41803,CAMPO QUIRURGICO DESCARTABLE 60 cm X 90 cm   UNIDAD,UNIDAD,I
4981,NAPROXENO 250 mg  TABLETA,TABLETA,M
3810,GONADOTROFINA CORIONICA 5000 UI  INYECTABLE,INYECTABLE,M
33075,DISCO DE SENSIBILIDAD DE TOBRAMICINA 10 µg 50 DISCOS UNIDAD,UNIDAD,I
28295,CINTA MATRIZ METALICA X 3 m   UNIDAD,UNIDAD,I
30304,SEPARADOR HALLUX-VALGUS NOCTURNO   UNIDAD,UNIDAD,I
21306,HOJA DE SIERRA 20 mm X 6.4/2.9 X 0.60 mm PARA SIERRA RECIPROCA   UNIDAD,UNIDAD,I
18691,SUTURA NAILON AZUL MONOFILAMENTO 1 C/A 3/8 CIRCULO CORTANTE 25 mm X 75 cm   UNIDAD,UNIDAD,I
46469,PROTECTOR ESTERIL DEL MANGO ELECTRICO DE LA GRAPADORA QUIRURGICA LINEAL CORTANTE ENDOSCOPICA   UNIDAD,UNIDAD,I
19057,SUTURA CATGUT CROMICO 4/0 C/A 3/8 CIRCULO CORTANTE 20 mm x 70 cm   UNIDAD,UNIDAD,I
54251,IODURO SODICO (I-131) 1 mCi - TABLETA,TABLETA,M
22372,SONDA DE DRENAJE REDONDO DE SILICONA 19 FR SIN CONECTOR CON TROCAR   UNIDAD,UNIDAD,I
51408,CANULA PEDIATRICA PARA TERAPIA DE ALTO FLUJO TALLA S  DET UNIDAD,UNIDAD,I
48135,ANTICUERPO MONOCLONAL ANTI VIRUS HERPES TIPO 8 HHV (13B10)  6 mL UNIDAD,UNIDAD,I
31147,TORNILLO TRANSPEDICULAR MULTIAXIAL DE TITANIO   UNIDAD,UNIDAD,I
50983,ANTICUERPO MONOCLONAL CD45 INMUNOHISTOQUIMICA X 1 mL   UNIDAD,UNIDAD,I
30314,EXTENSOR DE RODILLA SEMIRIGIDO NIÑOS MENOR DE 02 AÑOS   UNIDAD,UNIDAD,I
28897,SEVELAMERO 800 mg  TABLETA,TABLETA,M
30608,PINZA BIPOLAR TIPO LIGASURE PARA CIRUGIA LAPAROSCOPICA DE 5 mm DE DIAMETRO X 37 cm   UNIDAD,UNIDAD,I
25439,CONTENEDOR DE PLASTICO DE BIOSEGURIDAD PORTATIL DE 2 L   UNIDAD,UNIDAD,I
51774,OCLUSOR DE COMUNICACION INTERVENTRICULAR 8 mm + SISTEMA DE LIBERACION   UNIDAD,UNIDAD,I
37932,INTRODUCTOR DE ENDOPROTESIS PARA VIA BILIAR 10 FR X 205 cm   UNIDAD,UNIDAD,I
12811,"VENDA ELASTICA ADHESIVA 4"" X 5 yd   UNIDAD",UNIDAD,I
49925,FIBRINOGENO HUMANO 1g  INYECTABLE,INYECTABLE,M
21855,SOLUCION PARA DIALISIS PERITONEAL 2.5 % 2.5 L SOLUCION,SOLUCION,M
12421,SUTURA SEDA NEGRA TRENZADA 4/0 C/A 1/2 CIRCULO REDONDA 35 mm X 75 cm   UNIDAD,UNIDAD,I
30719,MASCARA LARINGEA Nº 1½   UNIDAD,UNIDAD,I
32711,TUBO DE GASTROSTOMIA DE BOTON DE BAJO PERFIL Y DE REEMPLAZO Nº 14 X 1.2 cm   UNIDAD,UNIDAD,I
21564,TOPIRAMATO 100 mg  TABLETA,TABLETA,M
46914,HORMONA TRIYODOTIRONINA (T3) LIBRE (METODO QUIMIOLUMINISCENCIA)  100 DET KIT,KIT,I
24110,LINEA DE BOMBA DE INFUSION LIBRE DE DEHP PARA CITOSTATICOS   UNIDAD,UNIDAD,I
15286,BRAZALETE DE IDENTIFICACION PEDIATRICO   UNIDAD,UNIDAD,I
49287,CITRATO DE SODIO DIHIDRATADO P.A.  X 500 g UNIDAD,UNIDAD,I
31105,CLIP DE ANEURISMA RECTO 9 mm   UNIDAD,UNIDAD,I
44545,MANDILON DE TELA NO TEJIDA MANGA LARGA TALLA M DESCARTABLE   UNIDAD,UNIDAD,I
38853,"SACUBITRILO / VALSARTAN 24 mg/ 26 mg (24,3 mg/25,7 mg)  TABLETA",TABLETA,M
29451,STENT METALICO CORONARIO DE 4.0 mm X 20 mm   UNIDAD,UNIDAD,I
26046,MEDIO DE MONTAJE PARA CITOLOGIA  500 mL UNIDAD,UNIDAD,I
33699,CHALECO MANGA CORTA ELASTICA TALLA N° 12   UNIDAD,UNIDAD,I
26794,SODIO ACETATO 272.2 mg/mL 20 mL INYECTABLE,INYECTABLE,M
27126,TORNILLO DE BLOQUEO 3.5 mm X 32 mm   UNIDAD,UNIDAD,I
25241,CEMENTO ACRILICO (POLVO + LIQUIDO)  225 g/240 mL KIT,KIT,I
30303,TWISTER METALICO   UNIDAD,UNIDAD,I
29441,SUTURA DE POLIPROPILENO AZUL MONOFILAMENTO 4/0 C/DOBLE AGUJA 1/2 CIRCULO REDONDA 17 mm X 75 cm   UNIDAD,UNIDAD,I
24602,RESINA FOTOCURABLE X 4 g COLOR A-1   KIT,KIT,I
33170,TORNILLO DE BLOQUEO 3.5 mm X 45 mm   UNIDAD,UNIDAD,I
19991,ANTICUERPO ANTI DENGUE IgG (MET ELISA)  96 DET KIT,KIT,I
30293,SOPORTE METALICO LARGO CON APOYO ISQUIATICO METALICO CON PINZAS PLANAS PARA ADULTO   UNIDAD,UNIDAD,I
27908,HIALURONATO SODICO 30mg/mL 1 mL INYECTABLE,INYECTABLE,M
52857,ALIMENTO DIETETICO NUTRICIONAL PARA PACIENTE DIABETICO X 850 g   UNIDAD,UNIDAD,I
17045,SONDA VESICAL TIPO FOLEY 3 VIAS N° 16 F   UNIDAD,UNIDAD,I
24205,TORNILLO CORTICAL 2.7 mm x 12 mm   UNIDAD,UNIDAD,I
26904,SUTURA DE POLIPROPILENO AZUL MONOFILAMENTO 3/0 C/DOBLE AGUJA 1/2 CIRCULO REDONDA 15 mm X 75 cm   UNIDAD,UNIDAD,I
22943,CONECTOR TRIFURCADO CON ADAPTADOR EN Y PARA ADULTO   UNIDAD,UNIDAD,I
24224,TORNILLO DE BLOQUEO 4.0 mm X 36 mm   UNIDAD,UNIDAD,I
19188,PLACA DCP PEQUEÑOS FRAGMENTOS DE 8 AGUJEROS X 3.5 mm   UNIDAD,UNIDAD,I
30364,BOTIN DE CUERO CON PUNTA DE ACERO PARA CABALLERO TALLA 36   UNIDAD,UNIDAD,I
22250,"AGUJA CARPULE DENTAL DESCARTABLE Nº 27 G X 5/8""   UNIDAD",UNIDAD,I
39721,TORNILLO DE BLOQUEO 3.9 mm x 40 mm   UNIDAD,UNIDAD,I
24939,SET DE FIJACION EXTERNA PARA ANTEBRAZO   UNIDAD,UNIDAD,I
23908,ACIDO ACETICO GLACIAL P.A.  2.5 L UNIDAD,UNIDAD,I
20414,CLIP DE ANEURISMA CURVO 9 mm   UNIDAD,UNIDAD,I
26395,ESTILETE DE INTUBACION 14 FR X 5 mm   UNIDAD,UNIDAD,I
22000,PLACA DE RECONSTRUCCION RECTA 5 AGUJEROS 3.5 mm   UNIDAD,UNIDAD,I
41294,CATETER DE ACCESO E INTRODUCTOR PARA LITOTRIPTOR ELECTROHIDRAULICO UNIDAD  UNIDAD UNIDAD,UNIDAD,I
26864,MANGA MIXTA PAPEL Y PLASTICO PARA ESTERILIZACION CON FUELLE DE 10 cm X 5 cm X 100 m   UNIDAD,UNIDAD,I
26983,GUIA PARA ANGIOPLASTIA 0.014 mm x 180 cm   UNIDAD,UNIDAD,I
23011,DEXKETOPROFENO 25 mg  TABLETA,TABLETA,M
22492,BROCA 4.5 mm X 150 mm   UNIDAD,UNIDAD,I
45543,SOLUCIONES PARA NUTRICION PARENTERAL  1.970 L INYECTABLE,INYECTABLE,M
22980,SUTURA ACIDO POLIGLACTIN 4/0 C/A 1/2 CIRCULO REDONDA 26 mm X 70 cm   UNIDAD,UNIDAD,I
29379,PROTESIS IVS SEGURO VERTEBRAL INTERNO PARA COLUMNA   UNIDAD,UNIDAD,I
51990,MALLA CRANEAL DE TITANIO PREFORMADA   UNIDAD,UNIDAD,I
25594,ESPIRAL PARA EMBOLIZACION ENDOVASCULAR 10 mm X 30 cm   UNIDAD,UNIDAD,I
40690,FRASCO DE VIDRIO x 10 mL   UNIDAD,UNIDAD,I
20806,BARRA DE ALUMINIO 20 mm   UNIDAD,UNIDAD,I
45440,APOSITO DE MEMBRANA BIOCELULOSA BACTERIANA PARA EPITELIZACION 7.5 cm X 10 cm   UNIDAD,UNIDAD,I
28655,SONDA DE ASPIRACION CONTINUA SILICONA Nº 10 FR   UNIDAD,UNIDAD,I
37436,CATETER BALON PARA DILATACION DE COARTACION AORTICA 16 mm X 4 cm DE 9 FR X 100 cm   UNIDAD,UNIDAD,I
10561,CLAVO KIRSCHNER 1.4 mm X 20 cm   UNIDAD,UNIDAD,I
32733,GUIA METALICA HIDROFILICA PUNTA RECTA 0.035 in X 4.60 m   UNIDAD,UNIDAD,I
32838,SABANA DESCARTABLE ESTERIL 2.00 m X 1.50 m   UNIDAD,UNIDAD,I
27841,MICROCATETER 1.2 FR X 1.65 m   UNIDAD,UNIDAD,I
27845,CATETER PERCUTANEO CON INTRODUCTOR 3 FR X 30 cm   UNIDAD,UNIDAD,I
46166,CATETER BALON PARA ANGIOPLASTIA PERIFERICA 2.0 mm X 120 mm DE 4 FR X 150 cm   UNIDAD,UNIDAD,I
54250,IODURO SODICO (I-131) 5 mCi - TABLETA,TABLETA,M
12734,TUBO ENDOTRAQUEAL Nº 6.5 CON CUFF   UNIDAD,UNIDAD,I
44203,METILFENIDATO CLORHIDRATO (TABLETA LIBERACION MODIFICADA) 18 mg  TABLETA,TABLETA,M
45673,ESPONJA HEMOSTATICA DE CELULOSA 10.2 cm X 20.3 cm   UNIDAD,UNIDAD,I
4350,LEUPRORELINA ACETATO 3.75 mg  INYECTABLE,INYECTABLE,M
29810,EMPAQUE TIPO TYVECK PARA ESTERILIZACION CON PEROXIDO DE HIDROGENO 15.0 cm X 70 m   UNIDAD,UNIDAD,I
20751,MALLA DE TITANIO 150 mm X 150 mm   UNIDAD,UNIDAD,I
30273,SOPORTE TERMOPLASTICO ORTETICO-TOBILLO-PIE (OTP) POSTURAL PARA ADULTO   UNIDAD,UNIDAD,I
36440,SISTEMA DE DERIVACION VENTRICULO PERITONEAL PRESION MEDIA PEDIATRICA AUTOREGULABLE   UNIDAD,UNIDAD,I
37713,MANGA MIXTA PAPEL Y PLASTICO PARA ESTERILIZACION SIN FUELLE 38 cm X 200 m   UNIDAD,UNIDAD,I
55076,LENTE INTRAOCULAR DIOPTRIA +10.0 A +30.0 DE VISION EXTENDIDA CILINDRICA CON CAMARA POSTERIOR PLEGABLE - X 1 PIEZA UNIDAD,UNIDAD,I
40414,ESPONJA DE GASA QUIRURGICA RADIOPACA ESTERIL 7.5 cm x 7.5 cm x 10   UNIDAD,UNIDAD,I
51343,KIT PARA DETECCION DE ANTIGENO E DE HEPATITIS B  X 100 DETERMINACIONES UNIDAD,UNIDAD,I
31165,YODO POVIDONA 8.5 g/100 mL 1 L SOLUCION,SOLUCION,M
12667,TORNIQUETE NEUMATICO   UNIDAD,UNIDAD,I
31783,LENTE INTRAOCULAR DIOPTRIA 26.5 CAMARA POSTERIOR PLEGABLE 1 PIEZA   UNIDAD,UNIDAD,I
25454,MASCARA LARINGEA DESCARTABLE Nº 1.0   UNIDAD,UNIDAD,I
28212,MICROPLACA DE TITANIO EN DOBLE Y 6 AGUJEROS SISTEMA 0.6 mm TAMAÑO MEDIANO   UNIDAD,UNIDAD,I
40729,CUCHILLA DESCARTABLE DE PERFIL ALTO PARA MICROTOMO   UNIDAD,UNIDAD,I
24659,ORTESIS PARA PIE FLEXIBLE   UNIDAD,UNIDAD,I
12783,FRASCO DE PLASTICO CHICO PARA MUESTRA DE HECES   UNIDAD,UNIDAD,I
24762,MALLA DE TITANIO 150 mm X 200 mm   UNIDAD,UNIDAD,I
36242,CLIP DE ANEURISMA SEMICURVO 10.2 mm PERMANENTE   UNIDAD,UNIDAD,I
38680,LEVONORGESTREL 750 µg BLISTER X 2 TABLETA,TABLETA,M
43287,ERITROMICINA ESTEARATO USP  X 100 g UNIDAD,UNIDAD,I
28364,DEFERASIROX 500 mg  TABLETA,TABLETA,M
34386,JERINGA PEDIATRICA PARA GASES ARTERIALES Y ELECTROLITOS   UNIDAD,UNIDAD,I
46727,GAS NITROGENO EXTRA PURO (UHP)  M3 GAS,GAS,M
26317,KIT DE MATERIAL MEDICO PARA LIGAR VARICES ESOFAGICAS (6 LIGADURAS)   KIT,KIT,I
16433,FILTRO PARA SOLUCIONES INTRAVENOSAS (NUTRICION PARENTERAL)   UNIDAD,UNIDAD,I
20257,"INTRODUCTOR 6 FR CON GUIA RECTA 0.021""   UNIDAD",UNIDAD,I
35409,CATETER DE DRENAJE TORAXICO 20 FR   UNIDAD,UNIDAD,I
42330,CLAVO SCHANZ 5.0 mm X 225 mm   UNIDAD,UNIDAD,I
24736,PLACA DE TITANIO PARA REBORDE ORBITARIO 1.5 mm CURVA DE 10 ORIFICIOS   UNIDAD,UNIDAD,I
16015,CLIP MAMARIA 9.0 mm   UNIDAD,UNIDAD,I
20145,OXIGENADOR DE MEMBRANA CON RESERVORIO CARDIOTOMIA NEONATAL   UNIDAD,UNIDAD,I
42047,ARBUTINA USP  1 g UNIDAD,UNIDAD,I
35541,SUTURA DE POLIDIOXANONA 4/0 C/A 1/2 CIRCULO REDONDA 25 mm X 70 cm   UNIDAD,UNIDAD,I
47319,SABANILLA DE PAPEL PARA CAMILLA (DESCARTABLE) DE 50 cm X 100 m   UNIDAD,UNIDAD,I
31493,TORNILLO CANULADO 3.5 mm X 45 mm   UNIDAD,UNIDAD,I
25424,DISCO DE SENSIBILIDAD DE ESTREPTOMICINA 300 ug 50 DISCOS UNIDAD,UNIDAD,I
36142,KIT DE APOSITOS ABDOMINAL PARA SISTEMA DE CURACION DE HERIDAS POR PRESION NEGATIVA X 10 PIEZAS   UNIDAD,UNIDAD,I
53693,DESINFECTANTE AMONIO CUATERNARIO CONCENTRADO  X 4 L UNIDAD,UNIDAD,I
52766,SET DE CATETER DE DRENAJE MULTIPROPOSITO  8 FR X 35 cm UNIDAD,UNIDAD,I
46792,CANULA ENDOLUMINAL (STENT) CORONARIA DE METAL MEDICADA  3.0 mm X 19 mm UNIDAD,UNIDAD,I
25028,MINI PLACA REABSORBIBLE PARA NEUROCIRUGIA   UNIDAD,UNIDAD,I
21486,CATETER PERCUTANEO CON INTRODUCTOR 2 FR X 30 cm   UNIDAD,UNIDAD,I
37399,SUTURA DE POLIESTER TRENZADO BLANCO 5/0 C/DOBLE AGUJA 1/4 CIRCULO ESPATULADA 8 mm X 45 cm   UNIDAD,UNIDAD,I
28183,AGUJA PARA BIOPSIA DE TEJIDO BLANDO CORTANTE DESCARTABLE 18 G X 15 cm   UNIDAD,UNIDAD,I
35414,MICROPLACA DE POLIESTIRENO 96 POCILLOS FONDO EN U X 25 CON TAPA   UNIDAD,UNIDAD,I
54266,COTON CON CINTA RADIOPACA  25 mm X 75 mm UNIDAD,UNIDAD,I
50119,APOSITO ABSORBENTE ESTERIL 7 cm X 9 cm   UNIDAD,UNIDAD,I
32986,CATETER ANGIOGRAFICO TIPO DOBLE J 5 FR X 100 cm   UNIDAD,UNIDAD,I
50914,SOLUCIONES PARA NUTRICION PARENTERAL CON AMINOACIDOS 15% 2 L INYECTABLE,INYECTABLE,M
41126,AGUJA DE PUNCION 5 mm X 33 cm PARA LAPAROSCOPIA   UNIDAD,UNIDAD,I
34606,HEMOSTATICO TOPICO ABSORBIBLE DE CELULOSA OXIGENADA Y REGENERADA 5.1 cm X 7.6 cm   UNIDAD,UNIDAD,I
50965,ANTICUERPO MONOCLONAL PARA CD 5 (CD/5/54/F6) X 1 mL   UNIDAD,UNIDAD,I
31584,SULFATO DE ALUMINIO Y POTASIO DODECAHIDRATADO P.A.  1 Kg UNIDAD,UNIDAD,I
36766,FRASCO DE PLASTICO CON TAPA Y CONTRATAPA X 120 mL   UNIDAD,UNIDAD,I
32970,TORNILLO ESPONJOSO ROSCA TOTAL 4.0 mm X 14 mm   UNIDAD,UNIDAD,I
31408,CLAVO INTRAMEDULAR BLOQUEADO PARA FEMUR DIAMETRO 10 mm   UNIDAD,UNIDAD,I
38339,GASA FRACCIONADA ESTERIL 7.5 cm x 7.5 cm DE 16 PLIEGUES x 10   UNIDAD,UNIDAD,I
47371,DISPOSITIVO DE CIERRE VASCULAR 8 FR   UNIDAD,UNIDAD,I
28478,CATETER URETERAL DOBLE J 4.7 FR X 26 cm   UNIDAD,UNIDAD,I
43203,SET FIJACION EXTERNA PARA HUESOS PEQUEÑOS CON DISTRACCION DE 52 mm X 2 PIEZAS   UNIDAD,UNIDAD,I
12546,TORNILLO CORTICAL 3.5 mm X 32 mm   UNIDAD,UNIDAD,I
51347,FILTRO ARTERIAL NEONATAL Y PEDIATRICO   UNIDAD,UNIDAD,I
30871,CATETER DE ABLACION CON IRRIGACION EXTERNA CON DEFLEXION 7 FR X 115 cm   UNIDAD,UNIDAD,I
51243,DOSAJE DE VITAMINA D  DETERMINACION UNIDAD,UNIDAD,I
50689,FOSFATO DISODICO  500 g UNIDAD,UNIDAD,I
50610,ALMOHADILLA GEL DE POLIMERO 20.5 cm X 7.5 cm X 7.5 cm FORMA HERRADURA   UNIDAD,UNIDAD,I
37533,BROCA PARA CRANEOTOMO TIPO HELICOIDAL DE 1.5 mm DE DIAMETRO X 120 mm   UNIDAD,UNIDAD,I
23974,"GUIA HIDROFILICA PUNTA CURVA FLEXIBLE 0.035"" X 2.6 m   UNIDAD",UNIDAD,I
24522,TORNILLO DE CIERRE PARA CLAVO TIBIAL SOLIDO (UTN) X 9.0 mm   UNIDAD,UNIDAD,I
33770,TRAMPA DE MUESTRAS DE TEJIDOS PARA ASPIRADOR ULTRASONICO   UNIDAD,UNIDAD,I
51227,SOLUCION PARA HEMODIALISIS CON BICARBONATO  4.9 L SOLUCION,SOLUCION,M
54001,NITROFURAL 200 mg/100 g 500 g POMADA,POMADA,M
21392,JERINGA DE 3 mL C/AGUJA 23 G PARA DETERMINAR GASES ARTERIALES Y ELECTROLITOS EN SANGRE   UNIDAD,UNIDAD,I
26491,KIT DE VESTUARIO PARA AREA BLANCA DE PREPARACION DE BOLSAS DE NUTRICION PARENTERAL TALLA S X 3 PIEZAS   KIT,KIT,I
38253,EMPAQUE TIPO TYVECK PARA ESTERILIZACION POR PLASMA 50 cm   UNIDAD,UNIDAD,I
46098,MASCARILLA DESCARTABLE TIPO CONICO   UNIDAD,UNIDAD,I
23972,OCLUSOR PERCUTANEO DE DUCTUS ARTERIOSO DE 8 mm X 6 mm   UNIDAD,UNIDAD,I
54683,OBTURADOR QUIRURGICO SIN CUHILLA PARA CANULA DE SISTEMA DE CIRUGIA ROBOTICA DESCARTABLE - X 8 mm UNIDAD,UNIDAD,I
12415,SUTURA SEDA NEGRA TRENZADA 3/0 C/A 1/2 CIRCULO REDONDA 30 mm X 75 cm   UNIDAD,UNIDAD,I
11664,PLACA DCP PEQUEÑOS FRAGMENTOS DE 12 AGUJEROS X 3.5 mm   UNIDAD,UNIDAD,I
21197,TUBO DE ASPIRACION TRANSPARENTE 5/16 X 7/16 X 2 m   UNIDAD,UNIDAD,I
23019,ANTISUERO ANTI SHIGUELLA BOYDII TIPO 2  3 mL INYECTABLE,INYECTABLE,I
25968,TUBO ENDOTRAQUEAL DESCARTABLE Nº 2.0 SIN BALON   UNIDAD,UNIDAD,I
32078,ASA DE POLIPECTOMIA 27 K X 2.3 cm DE DIAMETRO LAZO 10 mm DIAMETRO ALAMBRE 0.47 mm TAMAÑO CANAL 2.8 mm   UNIDAD,UNIDAD,I
32540,TORNILLO DE BLOQUEO 4.9 mm x 42 mm   UNIDAD,UNIDAD,I
36504,CATETER ANGIOGRAFICO TIPO J 5 FR X 100 cm   UNIDAD,UNIDAD,I
54452,ESFINTEROTOMO CON ASA DE CORTE 25 mm TRIPLE LUMEN DESCARTABLE - 4.8 FR X 200 cm UNIDAD,UNIDAD,I
38700,AGAR UREA DE CHRISTENSEN CON ADITIVO  500 g UNIDAD,UNIDAD,I
27784,SUTURA SEDA NEGRA TRENZADA 0 C/A 3/8 CIRCULO CORTANTE 30 mm X 75 cm   UNIDAD,UNIDAD,I
35171,CATETER BALON PARA VALVULOPLASTIA AORTICA 18 mm X 4 cm X 10 FR X 100 cm   UNIDAD,UNIDAD,I
32192,CATETER VENOSO CENTRAL DOBLE LUMEN DE LARGA PERMANENCIA PARA HEMODIALISIS 14.5 FR X 23 cm   UNIDAD,UNIDAD,I
28177,SET DE MATERIAL MEDICO PARA DRENAJE BILIAR 8.5 FR X 25 cm   SET,SET,I
33055,INTRODUCTOR PUNTA RECTA PARA TUBO ENDOTRAQUEAL 15 FR X 70 cm ADULTO   UNIDAD,UNIDAD,I
37052,CANULA DE ASPIRACION MANUAL ENDOUTERINA DESCARTABLE 5 mm   UNIDAD,UNIDAD,I
25538,CANULA DE DRENAJE DESCARTABLE DE HOMBRO 6 mm X 75 mm   UNIDAD,UNIDAD,I
26159,SULFATO DE MAGNESIO HEPTAHIDRATADO P.A.  500 g UNIDAD,UNIDAD,I
33068,DISCO DE SENSIBILIDAD DE AMIKACINA 30 µg 100 DISCOS UNIDAD,UNIDAD,I
19465,YODO POVIDONA 7.5 g/100 mL 60 mL SOLUCION,SOLUCION,M
43642,KIT DE MONITOREO HEMODINAMICO CATETER ADULTO 5 FR X 20 cm   UNIDAD,UNIDAD,I
29512,CATETER MULTIPROPOSITO VERTEBRAL 5 FR X 100 cm   UNIDAD,UNIDAD,I
29801,CATETER BALON PARA ANGIOPLASTIA CORONARIA 2.5 mm X 15 mm   UNIDAD,UNIDAD,I
38594,LABETALOL 5 mg/ mL 20 mL INYECTABLE,INYECTABLE,M
51583,FILTRO ANTIBACTERIANO PARA VENTILADOR MECANICO PEDIATRICO   UNIDAD,UNIDAD,I
19905,CANULA VENOSA RECTA Nº 22   UNIDAD,UNIDAD,I
39613,CATETER BALON PARA VALVULOPLASTIA PULMONAR 10 mm x 3 cm DE 7 FR x 100 cm   UNIDAD,UNIDAD,I
1286,BRIMONIDINA(SOLUCION OFTALMICA) 2 mg/mL 5 mL SOLUCION,SOLUCION,M
36867,PLACA ANATOMICA PARA OSTEOTOMIA DE FEMUR DISTAL LATERAL PARA TORNILLO DE BLOQUEO X 4 AGUJEROS   UNIDAD,UNIDAD,I
42839,PLACA DE BLOQUEO PARA CALCANEO DERECHO DE 13 AGUJEROS 3.5 mm X 60 mm   UNIDAD,UNIDAD,I
35709,BURETA DE ACETATO DE CELULOSA PARA NUTRICION PARENTERAL DE 150 mL   UNIDAD,UNIDAD,I
12396,SUTURA SEDA NEGRA TRENZADA 0 C/A 1/2 CIRCULO REDONDA 25 mm X 75 cm   UNIDAD,UNIDAD,I
31051,CUCHILLA DESCARTABLE DE PERFIL ALTO PARA MICROTOMO X 50   UNIDAD,UNIDAD,I
54212,CUBIERTA PROTECTORA DESCARTABLE ESTERIL PARA TRANSDUCTOR  3.5 cm X 20 cm UNIDAD,UNIDAD,I
31642,ELECTRODO TIPO AGUJA PARA ELECTROBISTURI 2.4 mm X 4.7 cm   UNIDAD,UNIDAD,I
37826,PARCHE DE PERICARDIO MODELO BOVINO 9 cm X 11 cm   UNIDAD,UNIDAD,I
35545,ANTIGENO CARCINOEMBRIONARIO (CEA) METODO AUTOMATIZADO  1 DET KIT,KIT,I
36409,INJERTO VASCULAR DE PTFE 6 mm X 70 cm   UNIDAD,UNIDAD,I
52644,PRUEBA RAPIDA PARA DETECCION CUALITATIVA DE ANTIGENO DE SARS-COV-2/ INFLUENZA A y B  X DET UNIDAD,UNIDAD,I
12540,TORNILLO CORTICAL 3.5 mm X 20 mm   UNIDAD,UNIDAD,I
31168,BOTON PARA GASTROSTOMIA 20 FR X 2.5 cm DE LONGITUD   UNIDAD,UNIDAD,I
26773,TIPS AZUL 100 uL - 1000 uL X 500   UNIDAD,UNIDAD,I
33094,FORMULA NUTRICIONAL ISOTONICA LIQUIDA COMPLETA BALANCEADA  1 L SOLUCION,SOLUCION,I
32217,PIE ARTICULADO SIMPLE DE PROTESIS DE MIEMBRO INFERIOR   UNIDAD,UNIDAD,I
45112,RECARGA PARA GRAPADORA QUIRURGICA LINEAL CORTANTE ENDOSCOPICA 45 mm X 5.0 mm   UNIDAD,UNIDAD,I
25022,PORTA FRESAS METALICO   UNIDAD,UNIDAD,I
25468,CANULA DE ASPIRACION YANKAUER 27 cm   UNIDAD,UNIDAD,I
34178,CANULA PARA TRAQUEOSTOMIA N° 8 EXTRA LARGA CON ANILLO DE SUJECION MOVIL CON BALON   UNIDAD,UNIDAD,I
25686,LENTE INTRAOCULAR DIOPTRIA 18.0 CAMARA POSTERIOR PLEGABLE 1 PIEZA   UNIDAD,UNIDAD,I
25101,ANTICUERPO ANTI TRYPANOSOMA CRUZI (CHAGAS) TOTAL  1 DET KIT,KIT,I
30874,INTRODUCTOR VASCULAR 5 FR X 13 cm   UNIDAD,UNIDAD,I
31632,TORNILLO CORTICAL 2.0 mm X 16 mm   UNIDAD,UNIDAD,I
31913,CANULA VENOSA ATRIO CAVA 32 FR Y 40 FR   UNIDAD,UNIDAD,I
28991,PLACA DE RETORNO INDIFERENTE ADULTO DESCARTABLE PARA ELECTROBISTURI   UNIDAD,UNIDAD,I
12578,TORNILLO CORTICAL 4.5 mm X 58 mm   UNIDAD,UNIDAD,I
45904,FTA ABSORBIDO  DETERMINACION UNIDAD,UNIDAD,I
23417,TOCILIZUMAB 20 mg/mL 4 mL INYECTABLE,INYECTABLE,M
40430,MICROCATETER 1.5 FR x 1.65 m   UNIDAD,UNIDAD,I
51208,INTRODUCTOR VASCULAR 12 FR X 85 cm   UNIDAD,UNIDAD,I
22593,GANCHO PEDICULAR PARA COLUMNA VERTEBRAL PEDIATRICO   UNIDAD,UNIDAD,I
26780,LAMINA CUBRE CAMARA NEUBAUER 20 mm X 26 mm X 10   UNIDAD,UNIDAD,I
40448,CATETER DE TROMBOASPIRACION (ASPIRACION DE TROMBO) 6 FR x 132 cm   UNIDAD,UNIDAD,I
32083,MASCARILLA DESCARTABLE CON NEBULIZADOR PARA ADULTO   UNIDAD,UNIDAD,I
47381,FILTRO PARA HUMIFICADOR DE EQUIPO PARA TERAPIA DE ALTO FLUJO   UNIDAD,UNIDAD,I
34516,ANILLO DE METAL PARA REFUERZO ACETABULAR 41 mm DE DIAMETRO INTERNO   UNIDAD,UNIDAD,I
45763,SET COLORANTE GRAM DE 500 mL  (5 FRASCOS) UNIDAD,UNIDAD,I
10075,AGAR XLD (XILOSA LISINA DESOXICOLATO)  500 g UNIDAD,UNIDAD,I
31831,"GUIA TEFLONADA RECTA 0.035"" X 260 cm   UNIDAD",UNIDAD,I
23689,CUCHILLETE DE INCISION PARA FACO ESTANDAR ANGULADO DE 15°   UNIDAD,UNIDAD,I
20475,HIDROCORTISONA 20 mg  TABLETA,TABLETA,M
33896,INJERTO VASCULAR DE PTFE 4 mm X 10 cm	   UNIDAD,UNIDAD,I
38768,CAPSULA DE GELATINA N° 3   UNIDAD,UNIDAD,I
38538,ESPIRAL PARA EMBOLIZACION ENDOVASCULAR 5 mm x 22 cm   UNIDAD,UNIDAD,I
26121,TORNILLO CORTICAL AUTORROSCANTE 2 mm X 18 mm   UNIDAD,UNIDAD,I
33399,PANTALONETA COMPLETA ELASTICA TALLA N° 2   UNIDAD,UNIDAD,I
39988,INJERTO OSEO DESMINERALIZADO 10 cc   UNIDAD,UNIDAD,I
39565,GRAPADORA QUIRURGICA LINEAL NO CORTANTE PARA CIRUGIA ABIERTA 60 mm x 4.8 mm   UNIDAD,UNIDAD,I
41087,SABANA DESCARTABLE ESTERIL 2.50 m X 1.50 m   UNIDAD,UNIDAD,I
40474,TORNILLO DE COMPRESION SIN CABEZA CANULADO AUTOPERFORANTE ROSCA TOTAL 4.0 mm x 4.1 mm x 34 mm   UNIDAD,UNIDAD,I
38629,CATETER VENOSO CENTRAL CIRCUITO CERRADO CON CONECTOR DE SEGURIDAD LIBRE DE AGUJA TRIPLE LUMEN 4 FR x 13 cm   UNIDAD,UNIDAD,I
28066,SUTURA NAILON NEGRO MONOFILAMENTO 10/0 C/A 3/8 CIRCULO REDONDA 4 mm X 15 cm   UNIDAD,UNIDAD,I
41495,FRESA PARA IMPLANTE DENTAL DE 4 mm DE DIAMETRO   UNIDAD,UNIDAD,I
26450,TALCO USP  1 Kg UNIDAD,UNIDAD,I
31663,FERRITINA  1 DET UNIDAD,UNIDAD,I
39967,CATETER BALON EXTRACTOR DE CALCULOS BILIARES TRIPLE LUMEN 9 mm - 12 mm x 200 cm   UNIDAD,UNIDAD,I
38023,"AGUJA DENTAL BISELADA 31 G X 1/2 ""   UNIDAD",UNIDAD,I
42814,VIDEOENDOSCOPIO DESCARTABLE 3.8/1.2 mm DE UN SOLO USO  UNIDAD UNIDAD,UNIDAD,I
46244,PELICULA RADIOGRAFICA DIGITAL 8 in X 10 in X 125   UNIDAD,UNIDAD,I
19413,HIDRATO DE CLORAL  1 kg SOLUCION,SOLUCION,I
49920,ELECTRODO AGUJA MONOPOLAR PARA RADIOFRECUENCIA 7 cm X 18 G AGUJA CON PUNTA ACTIVA 5 mm   UNIDAD,UNIDAD,I
51245,CEPILLO DE LIMPIEZA DE ENTRADA DE CANAL DE GASTROSCOPIO   UNIDAD,UNIDAD,I
25667,CANULA VENOSA RECTA Nº 28   UNIDAD,UNIDAD,I
28910,ESPIRAL PARA EMBOLIZACION ENDOVASCULAR 4 mm X 12 cm   UNIDAD,UNIDAD,I
25015,MASCARA DE ANESTESIA DESCARTABLE Nº 1   UNIDAD,UNIDAD,I
48099,SET DE CALIBRADORES MULTINIVEL PARA DOSAJE DE INMUNOSUPRESORES POR ESPECTOMETRIA DE MASAS (MS)  7 FRASCOS X 2 mL UNIDAD,UNIDAD,I
55669,ANTISUERO ANTI SALMONELLA SOMATICO D - X 3 mL UNIDAD,UNIDAD,I
44534,CATETER VENOSO CENTRAL DE INSERCION PERIFERICA DOBLE LUMEN 2.6 FR X 60 cm   UNIDAD,UNIDAD,I
45592,CONECTOR DE TITANIO TRANSVERSAL 45 mm PARA BARRA DE FIJACION RECTA 5.5 mm   UNIDAD,UNIDAD,I
6595,ZINC SULFATO 8.8 mg/mL 10 mL INYECTABLE,INYECTABLE,M
21832,HIALURONATO SODICO  (SOLUCION OFTALMICA) 4 mg/mL 10 mL SOLUCION,SOLUCION,M
41549,SUTURA DE POLIÉSTER TRENZADO VERDE 2/0 C/DOBLE AGUJA C/ALMOHADILLA DE TEFLON 1/2 CIRCULO REDONDA 25 mm X 90 cm   UNIDAD,UNIDAD,I
34202,"JERINGA DESCARTABLE 20 mL CON AGUJA 21 G X 1""   UNIDAD",UNIDAD,I
25990,TORNILLO DE BLOQUEO 2.3  mm X 12 mm   UNIDAD,UNIDAD,I
50416,MASCARA FACIAL ADULTO Nº 4 SILICONADA   UNIDAD,UNIDAD,I
48374,CATETER VENOSO CENTRAL DE INSERCION PERIFERICA DOBLE LUMEN 4 FR X 40 cm   UNIDAD,UNIDAD,I
25657,BROCA DE 2.2 mm DE DIAMETRO X 70 mm PARA PERFORACION CRANEAL   UNIDAD,UNIDAD,I
33158,TORNILLO DE BLOQUEO DE ACERO AUTORROSCANTE 3.5 mm X 10 mm   UNIDAD,UNIDAD,I
42798,BOLSA DE POLIETILENO CON CIERRE HERMETICO 2 µm X 4 in X 4 in APROX.  UNIDAD,UNIDAD,I
21635,TRIGLICERIDOS ENZIMATICO  1 DET KIT,KIT,I
28550,AGUJA DE ASPIRACION DE MEDULA OSEA DESCARTABLE Nº 15 G X 40 mm   UNIDAD,UNIDAD,I
27308,TUBO PARA EXTRACCION DE SANGRE CON SISTEMA DE VACIO DE POLIETILENO TEREFTALATO (PET) 6 mL CON EDTA TRIPOTASICO   UNIDAD,UNIDAD,I
24964,PLACA DE RECONSTRUCCION RECTA DE TITANIO DE 14 AGUJEROS 2.4 mm DE DIAMETRO   UNIDAD,UNIDAD,I
31237,SISTEMA CERRADO DE DRENAJE POST QUIRURGICO DESCARTABLE 400 mL X 4.8 mm   UNIDAD,UNIDAD,I
22979,SUTURA ACIDO POLIGLACTIN 4/0 C/A 3/8 CIRCULO CORTANTE 19 mm X 70 cm   UNIDAD,UNIDAD,I
43589,PLACA LCP DE 12 AGUJEROS X 5.0 mm PARA FEMUR DISTAL DERECHA   UNIDAD,UNIDAD,I
37120,APOSITO HIDROFILICO CON NANOCRISTALES DE PLATA 10 cm X 20 cm   UNIDAD,UNIDAD,I
23777,PREDNISOLONA (SOLUCION OFTALMICA) 10 mg/ mL 5 mL SOLUCION,SOLUCION,M
50001,BOLSA DE COLOSTOMIA 70 mm   UNIDAD,UNIDAD,I
49881,ALAMBRE PARA CERCLAJE DIAMETRO 1.5 mm X 1 m   UNIDAD,UNIDAD,I
27635,TORNILLO CORTICAL DE TITANIO AUTORROSCANTE 1.3 mm X 5 mm   UNIDAD,UNIDAD,I
44750,SISTEMA PARA IDENTIFICACION DE LEVADURAS   UNIDAD,UNIDAD,I
20249,CAL SODADA USP  1 Kg POLVO,POLVO,I
28742,CATETER BALON DILATADOR DE ESOFAGO NEUMATICO 30 mm X 10 cm X 90 cm   UNIDAD,UNIDAD,I
24938,SET DE FIJACION EXTERNA PARA BRAZO   UNIDAD,UNIDAD,I
22086,SUTURA NAILON AZUL MONOFILAMENTO 6/0 C/A 3/8 CIRCULO CORTANTE 20 mm X 75 cm   UNIDAD,UNIDAD,I
6006,SULFASALAZINA 500 mg  TABLETA,TABLETA,M
21141,TORNILLO ESPONJOSO 6.5 mm X 60 mm   UNIDAD,UNIDAD,I
35416,PLACA BLOQUEADA LC DCP ANCHA 4.5 mm DE 14 ORIFICIOS X 130 mm   UNIDAD,UNIDAD,I
10556,CLAVO KIRSCHNER 1.0 mm X 15 cm   UNIDAD,UNIDAD,I
32680,INTRODUCTOR VASCULAR 6 FR X 12 cm   UNIDAD,UNIDAD,I
23628,SUTURA ACIDO POLIGLACTIN 2/0 C/A 3/8 CIRCULO CORTANTE 30 mm X 70 cm   UNIDAD,UNIDAD,I
27906,CLAVO SCHANZ 5.0 mm X 175 mm   UNIDAD,UNIDAD,I
22701,SOLUCION BUFFER PH 4.01  500 mL UNIDAD,UNIDAD,I
51711,INDICADOR BIOLOGICO DE ESTERILIZACION PARA AUTOCLAVE  2 mL X 100 UNIDAD,UNIDAD,I
46678,PLACA LCP DE 10 AGUJEROS 2.7/3.5 mm PARA HUMERO DISTAL LATERAL DERECHA   UNIDAD,UNIDAD,I
26166,"AGUJA PARA EXTRACCION DE SANGRE AL VACIO 21 G X 1 1/2"" X 100   UNIDAD",UNIDAD,I
24941,CATETER ARTERIAL UMBILICAL DOBLE LUMEN 5 FR   UNIDAD,UNIDAD,I
39482,FERRITINA  100 DET KIT,KIT,I
41285,CAJA INTERSOMATICA CERVICAL 5 mm X 11 mm X 14 mm   UNIDAD,UNIDAD,I
38379,CATETER VENOSO CENTRAL TEMPORAL RECTO 12 FR  x 16 cm DE ALTO FLUJO   UNIDAD,UNIDAD,I
24105,CANULA PARA TRAQUEOSTOMIA Nº 6 FENESTRADA CON BALON   UNIDAD,UNIDAD,I
49148,SUTURA DE POLIDIOXANONA 5/0 C/DOBLE AGUJA 3/8 CIRCULO REDONDA 13 mm X 75 cm   UNIDAD,UNIDAD,I
35365,CLAVO KIRSCHNER 2.0 mm X 220 mm   UNIDAD,UNIDAD,I
22503,TORNILLO ACETABULAR 6.5 mm X 20 mm   UNIDAD,UNIDAD,I
27727,PLACA MALLA PARA BASE ORBITARIA 0.2 mm x 50 mm x 50 mm   UNIDAD,UNIDAD,I
53550,SISTEMA PARA TRANSFERENCIA DE AUTOINJERTOS OSTEOCONDRALES   UNIDAD,UNIDAD,I
41216,AGUJA DE ASPIRACION DE MEDULA OSEA DESCARTABLE Nº 16 G X 40 mm   UNIDAD,UNIDAD,I
17483,TUBO ENDOTRAQUEAL SIN GLOBO N° 4.5 F   UNIDAD,UNIDAD,I
46583,CEPILLO QUIRURGICO CON ESPONJA DE POLIURETANO IMPREGNADA CON GLUCONATO DE CLORHEXIDINA 4%   UNIDAD,UNIDAD,I
38232,HEPATITIS B ANTI-ANTIGENO AUSTRALIANO (ANTI S) ELISA  96 DET KIT,KIT,I
662,AMINOFILINA 25 mg/mL 10 mL INYECTABLE,INYECTABLE,M
40760,SISTEMA DE PLACA LCP 4.5 mm RECTA PARA TIBIA DIAFISIARIA 9 AGUJEROS   UNIDAD,UNIDAD,I
39982,CATETER DE TROMBOASPIRACION (ASPIRACION DE TROMBO) 4.7 FR X 153 cm   UNIDAD,UNIDAD,I
10195,ALAMBRE KIRSCHNER 1.8 mm X 150 mm   UNIDAD,UNIDAD,I
51346,HOJA DE SIERRA 2.2 mm X 12 mm X 22 mm PARA SIERRA OSCILANTE   UNIDAD,UNIDAD,I
39372,PUNTA DESCARTABLE DE RADIOFRECUENCIA 90º x 3.2 mm   UNIDAD,UNIDAD,I
10247,ALGODON HIDROFILO  250 g UNIDAD,UNIDAD,I
39589,FRESA CORTANTE 3.1 mm DE DIAMETRO X 70 mm DE LONGITUD   UNIDAD,UNIDAD,I
54119,CANASTILLA EXTRACTORA PARA BRONCOSCOPIO - 15 mm X 25 mm X 120 cm UNIDAD,UNIDAD,I
33774,"AGUJA PARA BIOPSIA HEPATICA DESCARTABLE 18 G X 1 5/8""   UNIDAD",UNIDAD,I
50975,ANTICUERPO MONOCLONAL PARA INMUNOHISTOQUIMICA MELANOSOMA (HMB45) X 1 mL   UNIDAD,UNIDAD,I
29169,CONECTOR RECTO CORRUGADO 15 F X 22 F EXTENSIBLE DE 7 cm A 15 cm   UNIDAD,UNIDAD,I
24216,TUBO ENDOBRONQUIAL DOBLE LUMEN DERECHO Nº 39   UNIDAD,UNIDAD,I
34533,"TUBO DE ASPIRACION TRANSPARENTE 9/32"" X 2.5 m   UNIDAD",UNIDAD,I
39539,FORMULA MODULAR DE GLUTAMINA  15 g UNIDAD,UNIDAD,I
28654,GEL PARA EXAMEN DE ULTRASONIDO ( ECOGRAFIA )  5 L SOLUCION,SOLUCION,I
15351,CANULA PARA TRAQUEOSTOMIA Nº 4 CON CAMISA   UNIDAD,UNIDAD,I
33655,BUDESONIDA + FORMOTEROL (POLVO PARA INHALACION) 160 µg + 4.5 µg/DOSIS 120 DOSIS AEROSOL,AEROSOL,M
10571,CLAVO KIRSCHNER 1.8 mm X 20 cm   UNIDAD,UNIDAD,I
27252,HORMONA PROLACTINA (PRL) - AUTOMATIZADA  1 DET KIT,KIT,I
55585,AGUJA DE SUTURA 1/2 CIRCULO CORTANTE 12 mm - UNIDAD,UNIDAD,I
33164,PAPEL CREPADO 50 cm X 50 cm (CORTADO)   UNIDAD,UNIDAD,I
10291,TEST DE APOLIPOPROTEINA B  40 DET KIT,KIT,I
23274,VALVULA AORTICA DE DISCO BIVALVA Nº 21   UNIDAD,UNIDAD,I
54557,ANTICARDIOLIPINA IgM QUIMIOLUMINISCENCIA - X DET UNIDAD,UNIDAD,I
44095,LEJIA (HIPOCLORITO DE SODIO) 5% 1 gal UNIDAD,UNIDAD,I
39097,CANULA VENOSA ATRIO CAVA 36 FR Y 46 FR   UNIDAD,UNIDAD,I
50147,CABLE PARA MARCAPASO DEFINITIVO EPICARDIO   UNIDAD,UNIDAD,I
37798,TUBO DOBLE PARA ODONTOLOGIA   UNIDAD,UNIDAD,I
45480,PINZA DE BIOPSIA 2.5 mm   UNIDAD,UNIDAD,I
25559,TUBO ENDOTRAQUEAL DESCARTABLE N° 4.5 SIN BALON   UNIDAD,UNIDAD,I
23349,CANULA DE ASPIRACION YANKAUER 30 cm   UNIDAD,UNIDAD,I
29254,FACTOR REUMATOIDEO METODO TURBIDIMETRICO  1 DET UNIDAD,UNIDAD,I
45219,JERINGA DESCARTABLE 5 mL CON AGUJA 21 G X 1 in   UNIDAD,UNIDAD,I
33887,CANULA NASAL PARA SISTEMA CPAP DE BURBUJA N° 9   UNIDAD,UNIDAD,I
49256,DISCO DE SENSIBILIDAD DE CASPOFUNGINA 5 µg  X 50 DISCOS UNIDAD,UNIDAD,I
21023,TORNILLO DE BLOQUEO 2.0 mm X 10 mm   UNIDAD,UNIDAD,I
10541,CINTA MATRIZ CELULOIDE   UNIDAD,UNIDAD,I
30762,PLACA EN 8 PARA BLOQUEO EPIFISIARIO   UNIDAD,UNIDAD,I
43684,CATETER BALON PARA ANGIOPLASTIA PERIFERICA 10 mm X 3 cm DE 6 FR X 135 cm   UNIDAD,UNIDAD,I
19658,INJERTO HETEROLOGO LIOFILIZADO X 10 UNIDADES   UNIDAD,UNIDAD,I
51136,SET PARA URETROPLASTIA CON BALON de 12 mm x 8 cm X 3 PIEZAS   UNIDAD,UNIDAD,I
23239,MANGA DE POLIETILENO PARA ESTERILIZACION SIN FUELLE 15 cm X 60 m   UNIDAD,UNIDAD,I
53722,TORNILLO DE BLOQUEO DE TITANIO 1.5 mm X  8 mm   UNIDAD,UNIDAD,I
36202,CATETER IMPLANTABLE 6.6 FR X 75 cm   UNIDAD,UNIDAD,I
42178,CATETER BALON DE ATRIOSEPTOSTOMIA 13.5 mm X 50 cm   UNIDAD,UNIDAD,I
31130,TIJERA COAGULANTE PARA CIRUGIA DE CABEZA Y CUELLO CURVA DE 9 cm   UNIDAD,UNIDAD,I
24625,"PLACA DE TITANIO ""L"" DERECHA CON PUENTE 4 ORIFICIOS SISTEMA 2.0 mm   UNIDAD",UNIDAD,I
45414,GEL CONDUCTOR HIPOALERGENICO LIBRE DE SAL PARA ELECTROCARDIOGRAMA (ECG) X 4 L   UNIDAD,UNIDAD,I
22978,SUTURA ACIDO POLIGLACTIN 6/0 C/A 1/2 CIRCULO REDONDA 17 mm X 70 cm   UNIDAD,UNIDAD,I
12550,TORNILLO CORTICAL 3.5 mm X 40 mm   UNIDAD,UNIDAD,I
42850,INMUNOGLOBULINA M (IGM) AUTOMATIZADO  X 1 DETERMINACION UNIDAD,UNIDAD,I
36226,"PELICULA RADIOGRAFICA LASER 8"" X 10"" X 150   UNIDAD",UNIDAD,I
24108,"MINIPLACA DE TITANIO ""L"" A LA IZQUIERDA 7 ORIFICIOS SISTEMA 1.5 mm   UNIDAD",UNIDAD,I
50015,ESPACIADOR INTERVERTEBRAL LUMBAR DE TITANIO 12 mm X 26 mm X 10 mm   UNIDAD,UNIDAD,I
49086,EMICIZUMAB 105 mg/0.7mL 0.7 mL INYECTABLE,INYECTABLE,M
36884,DEXMEDETOMIDINA 4 µg/mL 100 mL INYECTABLE,INYECTABLE,M
23282,TORNILLO DE TITANIO 2.7 mm X 14 mm   UNIDAD,UNIDAD,I
33410,PANTALONETA PIERNA CORTA ELASTICA TALLA N° 4   UNIDAD,UNIDAD,I
40360,ESFINTEROTOMO DE TRIPLE LUMEN DESCARTABLE 7 FR x 25 mm   UNIDAD,UNIDAD,I
36659,COLECTOR DE SECRECION BRONQUIAL 40 mL CON TAPA GIRATORIA CON DOS SALIDAS   UNIDAD,UNIDAD,I
22221,"PELICULA RADIOGRAFICA SENSIBLE AL VERDE 10"" X 12""   UNIDAD",UNIDAD,I
47373,SET DE MATERIAL INTRODUCTOR DE CATETER  RADIAL CON CUBIERTA HIDROFILICA  5 FR X 10 cm UNIDAD,UNIDAD,I
12327,SUTURA SEDA NEGRA 3/0 C/A 1/2 CIRCULO REDONDA 20 mm X 75 cm   UNIDAD,UNIDAD,I
23544,COLLARIN CERVICAL SEMIRIGIDO PARA NIÑO   UNIDAD,UNIDAD,I
39124,MANTA TERMICA DE CUERPO ENTERO 91 cm x 2.21 m   UNIDAD,UNIDAD,I
43708,INTRODUCTOR VASCULAR 6 FR X 65 cm   UNIDAD,UNIDAD,I
33769,PINZA PARA EXTRACCION DE CUERPO EXTRAÑO 2.5 mm X 200 cm TIPO MALLA OVAL   UNIDAD,UNIDAD,I
27003,CLIP DE ANEURISMA RECTO X 5 mm   UNIDAD,UNIDAD,I
48031,DESINFECTANTE AMONIO CUATERNARIO DE QUINTA GENERACION  1 L SOLUCION,SOLUCION,I
42881,"CASSETTE DE MICROELECTRODOS PARA CALCIO X 25 DETERMINACIONES, PANEL COMPLETO PARA EQUIPO DE GASES ARTERIALES  X 25 DETERMINACIONES UNIDAD",UNIDAD,I
30787,TORNILLO CANULADO AUTOPERFORANTE DE COMPRESION ROSCA LARGA DE 3.0 mm X 38 mm   UNIDAD,UNIDAD,I
24240,BROCA DE 1.2 mm DE DIAMETRO X 44 mm   UNIDAD,UNIDAD,I
47382,CATETER BALON PARA ANGIOPLASTIA PERIFERICA 8.0 mm X 60 mm DE 6 FR X 135 cm   UNIDAD,UNIDAD,I
42771,JUEGO DE TROCAR PARA CIRUGIA LAPAROSCOPICA X 8 PIEZAS  UNIDAD UNIDAD,UNIDAD,I
30576,DISCO DE SENSIBILIDAD DE VORICONAZOL 1 µg 50 DISCOS UNIDAD,UNIDAD,I
20298,GLUTAMINA 66.67 g/100 g 15 g POLVO,POLVO,M
41613,FRASCO DE VIDRIO AMBAR BOCA ANCHA X 30 mL CON TAPA Y CONTRATAPA   UNIDAD,UNIDAD,I
22871,FOSFATO DE SODIO MONOBASICO ANHIDRO P.A  1 Kg UNIDAD,UNIDAD,I
31787,AGUA PEPTONADA TAMPONADA  500 g SOLUCION,SOLUCION,I
15806,CLAVO KUNTSCHER 11 mm X 34 cm   UNIDAD,UNIDAD,I
35649,NITROGENO  m3 LIQUIDO,LIQUIDO,M
38818,PINZA BIPOLAR SELLADORA DE VASOS PUNTA CURVA CON CABEZAL ARTICULABLE HASTA 110° DE 5 mm x 35 cm   UNIDAD,UNIDAD,I
38570,BOLSA COLECTORA PARA POLIPOS Y CUERPO EXTRAÑO 30 mm x 230 cm   UNIDAD,UNIDAD,I
18960,PINZA ENDOCLINCH 5 mm   UNIDAD,UNIDAD,I
30248,PROTESIS DE MANO COSMETICA DERECHA PARA CABALLERO COLOR BEIGE   UNIDAD,UNIDAD,I
32692,APOSITO HIDROCOLOIDE GRUESO 15 cm X 15 cm   UNIDAD,UNIDAD,I
23935,"CATETER ENDOVENOSO PERIFERICO Nº 14 G X 2""   UNIDAD",UNIDAD,I
41389,CATETER DE DRENAJE MULTIPROPOSITO 8.5 FR X 25 cm   UNIDAD,UNIDAD,I
46178,CANULA ENDOLUMINAL (STENT) CORONARIA DE METAL MEDICADA  3.5 mm X 32 mm UNIDAD,UNIDAD,I
33343,CEPILLO DE LIMPIEZA 2.8 mm DE DIAMETRO X 5 mm DE LONGITUD CON MANGO DE 180 cm PARA DUODENOSCOPIO   UNIDAD,UNIDAD,I
40180,MASCARA LARINGEA DESCARTABLE CON ACCESO GASTRICO + INTUBACION N° 4   UNIDAD,UNIDAD,I
31565,TUBO ENDOTRAQUEAL DOBLE LUMEN 37 IZQUIERDO   UNIDAD,UNIDAD,I
28851,CANULA DE IRRIGACION/ASPIRACION PARA LAPAROSCOPIA 5 mm X 33 cm   UNIDAD,UNIDAD,I
30117,INJERTO OSEO ESPONJOSO PARA CONDILO FEMORAL   UNIDAD,UNIDAD,I
42825,LINEA + JERINGA DESCARTABLE DE 5 mL PARA BOMBA PERFUSORA   UNIDAD,UNIDAD,I
33738,SOPORTE DE MENTON Y CUELLO ELASTICO TALLA N° 8   UNIDAD,UNIDAD,I
29827,INJERTO OSEO GRANULADO  10 mL UNIDAD,UNIDAD,I
43619,INJERTO VASCULAR VALVADO HETEROLOGO PULMONAR 21 mm   UNIDAD,UNIDAD,I
33643,TORNILLO ESPONJOSO ROSCA PARCIAL 4.0 mm X 30 mm   UNIDAD,UNIDAD,I
33714,MANGA COMPLETA ELASTICA TALLA N° 2   UNIDAD,UNIDAD,I
37783,CASSETTE DE ULTRASONIDO PARA EQUIPO FACOEMULSIFICADOR   UNIDAD,UNIDAD,I
34857,HOJA DESCARTABLE PARA DERMATOMO NEUMATICO   UNIDAD,UNIDAD,I
31481,CEMENTO PARA OBTURACION DE CONDUCTO PARA ENDODONCIA   KIT,KIT,I
31491,AGUJA KIRSCHNER CON PUNTA ROSCADA 2.0 mm X 150 mm   UNIDAD,UNIDAD,I
54546,SET DE APOSITO DE POLIURETANO Y ACCESORIOS PARA CIERRE TEMPORAL DE ABDOMEN DESCARTABLE - 37 cm X 25 cm X 15 cm UNIDAD,UNIDAD,I
31061,ELECTRODO ADHESIVO REUSABLE PARA NEUROESTIMULACION 5 cm X 5 cm CUADRADO X 4   UNIDAD,UNIDAD,I
45204,SUTURA CATGUT CROMICO 2/0 C/A 1/2 CIRCULO REDONDA 40 mm X 75 cm   UNIDAD,UNIDAD,I
38714,SONDA DE ALIMENTACION DE SILICONA 6 FR   UNIDAD,UNIDAD,I
43631,SUJETADOR DE TELA HIPOALERGENICA CON TIRAS DE SILICONA DE 45 cm PARA SONDA O CATETER   UNIDAD,UNIDAD,I
8041,CARBON ACTIVADO  50 g POLVO,POLVO,I
42724,TORNILLO DE BLOQUEO  4.5 mm X 26 mm UNIDAD,UNIDAD,I
10306,ARANDELA PARA TORNILLO ESPONJOSO 45 mm   UNIDAD,UNIDAD,I
23012,MECHERO DE VIDRIO DE ALCOHOL 100 mL   UNIDAD,UNIDAD,I
10682,CLAVO STEINMAN PUNTA REDONDA 3.0 mm X 230 mm   UNIDAD,UNIDAD,I
28107,CANULA PARA TRAQUEOSTOMIA Nº 4 CON BALON   UNIDAD,UNIDAD,I
23433,DETERGENTE ENZIMATICO PARA DESINFECCION DE INSTRUMENTAL MEDICO  1 gal SOLUCION,SOLUCION,I
40154,CLAVO KIRSCHNER 1.4 mm X 152 mm   UNIDAD,UNIDAD,I
42852,RUBEOLA  Ig G  X 1 DETERMINACION UNIDAD,UNIDAD,I
47569,CALIBRADOR DE QUIMICA CLINICA X 3 mL   UNIDAD,UNIDAD,I
6080,TERBINAFINA 1 g/100 g 20 g CREMA,CREMA,M
28629,TROCAR PARA CIRUGIA LAPARASCOPICA DE 5 mm DESCARTABLE   UNIDAD,UNIDAD,I
16663,JERINGA DESCARTABLE PARA GASES ARTERIALES   UNIDAD,UNIDAD,I
34051,TERMOMETRO DIGITAL ORAL Y AXILAR   UNIDAD,UNIDAD,I
33893,VENDA ELASTICA DE COMPRESION 10.2 cm X 9.144 m   UNIDAD,UNIDAD,I
18671,REMIFENTANILO 2 mg  INYECTABLE,INYECTABLE,M
27896,PINZA PARA EXTRACCION DE CUERPO EXTRAÑO MANDIBULA DE COCODRILO x 40 cm   UNIDAD,UNIDAD,I
23726,GUANTE PARA EXAMEN DESCARTABLE TALLA S X 100 UNI   UNIDAD,UNIDAD,I
51358,CLAVO STEINMAN 3.5 mm X 225 mm   UNIDAD,UNIDAD,I
5374,PERICIAZINA 10 mg  TABLETA,TABLETA,M
22123,TORNILLO CANULADO 7.0 mm X 90 mm   UNIDAD,UNIDAD,I
45324,PUNTERA (TIPS) ESTERIL CON FILTRO 10 µL - 100 µL X 96 UNIDAD,UNIDAD,I
40184,ANTICUERPO ANTI HERPES VIRUS 1 IgM ELISA  96 DET KIT,KIT,I
50888,KIT DE ROPA DESCARTABLE PARA PROCEDIMIENTOS INVASIVOS X 6 PIEZAS   KIT,KIT,I
20248,BROCA DE 3.2 mm DE DIAMETRO X 125 mm	   UNIDAD,UNIDAD,I
24206,TORNILLO DE BLOQUEO 2.7 mm X 18 mm   UNIDAD,UNIDAD,I
21459,SOLUCION PARA PAPANICOLAOU 3B POLICROMA EA-50  1 L SOLUCION,SOLUCION,I
33427,MUSLERA CON PRETINA ELASTICA TALLA S   UNIDAD,UNIDAD,I
19952,CLAVO KIRSCHNER 1.8 mm X 200 mm   UNIDAD,UNIDAD,I
34140,CLAVO KIRSCHNER 1.6 mm X 225 mm   UNIDAD,UNIDAD,I
27914,CLAVO SCHANZ ROSCA CENTRAL 5.0 mm X 250 mm   UNIDAD,UNIDAD,I
34201,RECARGA PARA GRAPADORA QUIRURGICA LINEAL CORTANTE PARA CIRUGIA ABIERTA 60 mm X 4.8 mm   UNIDAD,UNIDAD,I
48305,ANTICUERPO MONOCLONAL ANTI PANKERATINA X 1 mL   UNIDAD,UNIDAD,I
12775,VARILLA DE ALUMINIO 30 cm   UNIDAD,UNIDAD,I
41663,MASCARILLA DE PROTECCION TIPO FFP3   UNIDAD,UNIDAD,I
19390,PARAFILM 250 FT 4 INC   UNIDAD,UNIDAD,I
47115,TORNILLO DE BLOQUEO  2.0 mm X 14 mm UNIDAD,UNIDAD,I
36219,PRUEBA RAPIDA INMUNOCROMATOGRAFICA VIH I-II PARA DETECCION DE ANTIGENO Y ANTICUERPO		  1 DET KIT,KIT,I
15070,"AGUJA PARA BIOPSIA HEPATICA DESCARTABLE 16 G X 7""   UNIDAD",UNIDAD,I
37797,"ELEMENTO FILTRANTE DE FIBRA DE POLIPROPILENO 2.5"" X 10"" X 1 µm   UNIDAD",UNIDAD,I
42440,ISAVUCONAZOL 100 mg  TABLETA,TABLETA,M
4094,INSULINA LISPRO 100 UI/mL 3 mL INYECTABLE,INYECTABLE,M
40848,GUANTE QUIRURGICO ESTERIL DESCARTABLE DE POLIISOPRENO SINTETICO (IR) SIN POLVO ANTIVIRAL N° 7   PAR,PAR,I
19034,SUTURA ACIDO POLIGLICOLICO 2/0 C/A 1/2 CIRCULO REDONDA 35 mm X 70 cm   UNIDAD,UNIDAD,I
46131,ACIDO FOLICO QUIMIOLUMINISCENCIA  100 DETERMINACIONES KIT,KIT,I
46437,RUBEOLA IGG AUTOMATIZADO  DETERMINACION UNIDAD,UNIDAD,I
50992,NIACINAMIDA USP X 100 g   UNIDAD,UNIDAD,I
28896,JERINGA DESCARTABLE 50 mL PICO LARGO SIN AGUJA   UNIDAD,UNIDAD,I
32508,FORMULA NUTRICIONAL HIPOALERGENICA CON PROTEINA LACTEA HIDROLIZADA Y PROBIOTICOS PARA LACTANTES  357 g POLVO,POLVO,I
52249,SISTEMA CANULADO DE 6.00 mm DIAMETRO CON TORNILLO DE 45 mm LONGITUD   UNIDAD,UNIDAD,I
28357,SUSTITUTO DE DURAMADRE 10 cm X 12.5 cm   UNIDAD,UNIDAD,I
33647,TORNILLO ESPONJOSO ROSCA TOTAL 4.0 mm X 22 mm   UNIDAD,UNIDAD,I
32322,CATETER PARA ANGIOGRAFIA CEREBRAL CON PUNTA MODELO VERT 4 FR X 100 cm   UNIDAD,UNIDAD,I
32288,ARTICULACION MODULAR TIPO DESARTICULADO DE RODILLA DE TITANIO   UNIDAD,UNIDAD,I
34447,PAPEL TERMICO DE IMPRESION PARA AUTOQUERATOREFRACTOMETRO 57 mm X 25 m   UNIDAD,UNIDAD,I
23651,MICROCATETER 1.7 FR X 1.50 m   UNIDAD,UNIDAD,I
21421,BOLSA COLECTORA DE SANGRE CUADRUPLE X 450 mL CON MANITOL   UNIDAD,UNIDAD,I
38548,CLIP DE ANEURISMA SEMICURVO 7 mm PERMANENTE   UNIDAD,UNIDAD,I
33280,AGAR SABORAUD GLUCOSADO CON CLORANFENICOL  500 g UNIDAD,UNIDAD,I
32713,SUCEDANEO DE LA LECHE MATERNA SIN LACTOSA  400 g POLVO,POLVO,I
49367,SUTURA DE POLIETILENO MONOFILAMENTO 2 C/A 1/2 CIRCULO CORTANTE 26 mm X 90 cm   UNIDAD,UNIDAD,I
22353,BROCA 1.0 mm X 44.5 mm CON TOPE   UNIDAD,UNIDAD,I
54201,KIT DE TUBO CORRUGADO Y CANULA DESCARTABLE INFANTIL PARA  TERAPIA RESPIRATORIA DE ALTO FLUJO  - UNIDAD,UNIDAD,I
27586,"AGUJA PARA EXTRACCION DE SANGRE AL VACIO 21 G X 1 1/2""   UNIDAD",UNIDAD,I
55345,CAJA INTERSOMATICA LUMBAR - 7 mm X 13 mm X 31 mm UNIDAD,UNIDAD,I
18392,SUTURA CATGUT CROMICO 2/0 C/A 3/8 CIRCULO CORTANTE 25 mm X 70 cm   UNIDAD,UNIDAD,I
26230,"ESPONJA NEUROQUIRURGICA 1"" X 3""   UNIDAD",UNIDAD,I
20668,ALCOHOL BORICADO A SATURACION 70 º + 5 g/ 100 mL 20 mL SOLUCION,SOLUCION,M
35073,SUTURA SEDA NEGRA TRENZADA 4/0 C/A 1/2 CIRCULO REDONDA 17 mm X 75 cm   UNIDAD,UNIDAD,I
44486,SET DE DRENAJE PERCUTANEO 9 FR CON LINEA DE EXTENSION PIG TAIL   UNIDAD,UNIDAD,I
34981,LENTE INTRAOCULAR DIOPTRIA 16.5 CAMARA POSTERIOR PLEGABLE 1 PIEZA   UNIDAD,UNIDAD,I
42592,CANISTER DE COPOLIESTER ESTERIL 1L  UNIDAD UNIDAD,UNIDAD,I
28633,CONECTOR BIFURCADO CON ADAPTADOR EN Y NEONATAL   UNIDAD,UNIDAD,I
11485,MINIPLACA DE TITANIO 06 AGUJEROS   UNIDAD,UNIDAD,I
26652,ESPATULA PARA CEMENTO DENTAL DOBLE PARTE ACTIVA   UNIDAD,UNIDAD,I
34458,PLACA DE COMPRESION Y BLOQUEO ANCHA DE LCP DE 11 AGUJEROS X 4.5 mm   UNIDAD,UNIDAD,I
21004,SUTURA SEDA NEGRA TRENZADA MULTIEMPAQUE 1 S/A 8 mm X 50 cm   UNIDAD,UNIDAD,I
15045,"AGUJA CARPULE DENTAL DESCARTABLE N° 27 G X 1 5/8""   UNIDAD",UNIDAD,I
44041,RESPIRADOR DE MEDIA CARA DE JEBE LATEX CON FILTROS INTERCAMBIABLES   UNIDAD,UNIDAD,I
34395,"MASCARILLA ORONASAL PARA VENTILACION MECANICA NO INVASIVA TALLA ""L""   UNIDAD",UNIDAD,I
34530,CATETER URETERAL DOBLE J 4.8 FR X 24 cm   UNIDAD,UNIDAD,I
26219,ESPECULO DE OIDO DESCARTABLE DE 2.5 mm   UNIDAD,UNIDAD,I
39487,MANDIL QUIRURGICO ESTERIL DESCARTABLE TALLA S   UNIDAD,UNIDAD,I
10499,CATETER VENOSO CENTRAL 4 FR X 13 cm   UNIDAD,UNIDAD,I
41569,CARTUCHO DE BICARBONATO DE SODIO EN POLVO PARA HEMODIALISIS  650 g UNIDAD,UNIDAD,I
12042,SUTURA CATGUT CROMICO 3/0 C/A 1/2 CIRCULO REDONDA 40 mm X 70 cm   UNIDAD,UNIDAD,I
17478,TUBO ENDOTRAQUEAL Nº 3.0 SIN CUFF   UNIDAD,UNIDAD,I
25221,MANGA MIXTA PAPEL Y PLASTICO PARA ESTERILIZACION CON FUELLE DE 8 cm X 40 cm X 100 m   UNIDAD,UNIDAD,I
37372,DISTRACTOR MANDIBULAR MULTIAXIAL DERECHO   UNIDAD,UNIDAD,I
34287,SET INSTRUMENTAL QUIRURGICO PARA ASPIRACION ENDOUTERINA (AMEU) X 9 PIEZAS   UNIDAD,UNIDAD,I
21334,TORNILLO DE TITANIO 1.6 mm X 4 mm   UNIDAD,UNIDAD,I
43899,CONECTOR DE TITANIO PARA BARRA DE FIJACION RECTA 5.5 mm   UNIDAD,UNIDAD,I
47504,CATETER IMPLANTABLE CON PUERTO DE TITANIO 8 FR X 45 cm   UNIDAD,UNIDAD,I
20021,REACTIVO CALCIO SERICO  200 mL KIT,KIT,I
19578,CLIP PARA CUERO CABELLUDO   UNIDAD,UNIDAD,I
54453,PIPETA DE TRANSFERENCIA NO ESTERIL - 3.0 mL X 1000 UNIDAD,UNIDAD,I
43238,TUBO PARA EXTRACCION DE SANGRE CON SISTEMA DE VACIO DE POLIPROPILENO 3.6 mL CITRATO DE SODIO 3.2%   UNIDAD,UNIDAD,I
35138,PAPEL ARTICULAR 1 ARCADA X 25   UNIDAD,UNIDAD,I
38250,CATETER BALON DILATADOR DE ESOFAGO COLON 8 mm - 9 mm - 10 mm DE DIAMETRO X 5.5 cm DE 7.5 FR X 240 cm   UNIDAD,UNIDAD,I
21825,EQUIPO DE TRANSDUCTOR PARA PRESION INVASIVA   UNIDAD,UNIDAD,I
27435,HOJA DE SIERRA 50 mm X 27 mm X 0.60 mm PARA SIERRA OSCILANTE   UNIDAD,UNIDAD,I
34479,KIT PARA TIPIFICACION DE FENOTIPO EXTENDIDO ERITROCITARIO  1 DET KIT,KIT,I
43112,AMINOACIDOS PARA INSUFICIENCIA HEPATICA 8% X 500 mL INYECTABLE,INYECTABLE,M
4398,LIDOCAINA CLORHIDRATO + EPINEFRINA 20 mg + 10 ug/mL 20 mL INYECTABLE,INYECTABLE,M
51890,ANTICUERPO MONOCLONAL PARA Bcl6 X 1 mL   UNIDAD,UNIDAD,I
20334,CATETER IMPLANTABLE CON PUERTO DE TITANIO 9 FR X 76 cm   UNIDAD,UNIDAD,I
20609,CAMPO QUIRURGICO ESTERIL DESCARTABLE 1.20 m X 1.20 m   UNIDAD,UNIDAD,I
22700,SOLUCION BUFFER PH 7.01  500 mL UNIDAD,UNIDAD,I
47883,FORMULA POLIMERICA HIPERPROTEINICA HIPERCALORICA SIN FIBRA  200 mL SOLUCION,SOLUCION,M
28837,KIT HEPATITIS B ANTICUERPO ANTI CORE TOTAL ELISA  96 DET UNIDAD,UNIDAD,I
33070,PLACA TUBO DHS 135° 5 AGUJEROS   UNIDAD,UNIDAD,I
1642,CEFEPIMA 1 g  INYECTABLE,INYECTABLE,M
48951,CARDIODESFIBRILADOR CON TERAPIA DE RESINCRONIZACION CARDIACA   UNIDAD,UNIDAD,I
25279,CONECTOR SIN AGUJA   UNIDAD,UNIDAD,I
36842,CAMPO DESCARTABLE DE PAPEL ABSORBENTE PLASTIFICADO 30 cm X 50 cm   UNIDAD,UNIDAD,I
54543,LEVETIRACETAM 750 mg - TABLETA DE LIBERACION PROLONGADA,TABLETA DE LIBERACION PROLONGADA,M
28155,LINEA DE INFUSION PARA NUTRICION PARENTERAL CON FILTRO INTRAVENOSO DE 1.2 µm   UNIDAD,UNIDAD,I
2200,CLORMADINONA + ETINILESTRADIOL 2 mg + 30 ug  TABLETA,TABLETA,M
35641,SET DE TUBULADURA PARA CICLADORA DE DIALISIS PERITONEAL ADULTO X 4 PIEZAS   UNIDAD,UNIDAD,I
30586,LANCETA RETRACTIL CON 3 NIVELES DE PROFUNDIDAD   UNIDAD,UNIDAD,I
53889,MICROCATETER  2.7 FR X 1.45 m UNIDAD,UNIDAD,I
31749,CANULA ENDOLUMINAL (STENT) CORONARIA DE METAL MEDICADA 2.75 mm X 24 mm   UNIDAD,UNIDAD,I
26692,FRESA PARA CRANEOTOMO DE ACERO PARA CORTE ADULTO DE 3.0 mm X 25.4 mm   UNIDAD,UNIDAD,I
52706,CATETER BALON PARA DILATACION DE COARTACION AORTICA 12 mm X 4 cm DE 9 FR X 110 cm   UNIDAD,UNIDAD,I
52562,SABANA DESCARTABLE IMPERMEABLE  1.20 m X 2.00 m UNIDAD,UNIDAD,I
28332,CETIOL USP  1 mL UNIDAD,UNIDAD,I
34145,BROCA 1.8 mm X 100 mm   UNIDAD,UNIDAD,I
45475,FRASCO GOTERO DE POLIPROPILENO X 3 mL   UNIDAD,UNIDAD,I
38643,ETIQUETA PARA CONTROL DE REGISTRO DE ESTERILIZACION x 1000   UNIDAD,UNIDAD,I
51565,"CARTUCHO PARA ANALIZADOR DE GASES ARTERIALES, ELECTROLITOS CON LACTATO Y METABOLITOS  DET UNIDAD",UNIDAD,I
36763,FRASCO DE POLIETILENO COLOR AMBAR X 1 L CON TAPA ROSCA   UNIDAD,UNIDAD,I
35538,OCLUSOR PERCUTANEO PARA COMUNICACION INTERVENTRICULAR DE 14 mm X 10 mm   UNIDAD,UNIDAD,I
54995,SOLUCION DE IRRIGACION OFTALMICA ESTERIL,UNIDAD,I
36268,PRUEBA RAPIDA PARA DETECTAR SANGRE OCULTA EN HECES  25 DET KIT,KIT,I
51903,TALADRO DE TORNILLO LAPAROSCOPICO PARA MIOMA 10 mm x 330 mm   UNIDAD,UNIDAD,I
33278,MASCARA DE ANESTESIA TRANSPARENTE CON BORDE INFLABLE N° 6   UNIDAD,UNIDAD,I
41910,FRESA PARA CRANEOTOMO REDONDA DE 6 CANALES DE 2.0 mm X 8.02 cm   UNIDAD,UNIDAD,I
37810,FRASCO PARA EXAMEN PARASITOLOGICO CON CUCHARITA Y ROTULADO   UNIDAD,UNIDAD,I
20365,MEDIAS ANTIEMBOLICAS MUSLO MEDIUM   UNIDAD,UNIDAD,I
12563,TORNILLO CORTICAL 4.5 mm X 32 mm   UNIDAD,UNIDAD,I
43838,LENTES DE BIOSEGURIDAD CON VALVULAS DE VENTILACION   UNIDAD,UNIDAD,I
53296,BOBINA DESMONTABLE DE ANCLAJE PARA EMBOLIZACION PERIFERICA ESTERIL DE 12 mm x 60 cm   UNIDAD,UNIDAD,I
30183,FORMULA MODULAR CALORICA  450 g POLVO,POLVO,I
46161,BOLSA TRANSPARENTE PARA MOSTRADOR DE OBJETOS EXTRAÑOS X 50 UNIDADES   UNIDAD,UNIDAD,I
36567,CARBONATO DE CALCIO P.A.  500 g POLVO,POLVO,I
25785,SUTURA DE POLIETILENO BLANCO Nº 2 C/A 26 mm X 90 cm   UNIDAD,UNIDAD,I
38516,TORNILLO CANULADO 3.5 mm X 35 mm   UNIDAD,UNIDAD,I
42558,IMPLANTE ORBITAL DE POLIETILENO POROSO 22 mm   UNIDAD,UNIDAD,I
17788,"CATETER UMBILICAL VENOSO, DOBLE LUMEN 3.5 FR   UNIDAD",UNIDAD,I
29715,PROTESIS DE MIEMBRO INFERIOR IZQUIERDO CON RODILLA ARTICULADA Y PIE SACH   UNIDAD,UNIDAD,I
45886,PLACA BLOQUEADA PARA FEMUR DISTAL 15 AGUJEROS X 5.6 mm LADO DERECHO   UNIDAD,UNIDAD,I
38045,TORNILLO CORTICAL 2.4 mm X 6 mm   UNIDAD,UNIDAD,I
34753,TUBO ENDOTRAQUEAL ANILLADO DESCARTABLE Nº 3.5 CON BALON SIN GUIA   UNIDAD,UNIDAD,I
29834,MANGA MIXTA PAPEL Y PLASTICO PARA ESTERILIZACION CON FUELLE DE 6.5 cm X 30 cm X 100 m   UNIDAD,UNIDAD,I
44809,HORMONA GONADOTROFINA CORIONICA (HCG) CUANTITATIVO AUTOMATIZADO  X 100 DETERMINACIONES UNIDAD,UNIDAD,I
18367,CANULA PARA TRAQUEOSTOMIA Nº 3 X 32 mm   UNIDAD,UNIDAD,I
24229,AGUJA GUIA 1.25 mm X 50 mm   UNIDAD,UNIDAD,I
32313,SUTURA ACIDO POLIGLACTIN 3/0 C/A 3/8 CIRCULO CORTANTE 19 mm X 75 cm   UNIDAD,UNIDAD,I
41614,KIT PARA CARGA VIRAL VIH 1TIEMPO REAL (INCLUYE COMPONENTES Y CONSUMIBLES)  1 DET KIT,KIT,I
24688,PUNTERA (TIPS) AMARILLA PARA PIPETA AUTOMATICA 5 uL - 200 uL X 1000 UNIDADES   UNIDAD,UNIDAD,I
38181,SUTURA DE POLIPROPILENO AZUL MONOFILAMENTO 4/0 C/DOBLE AGUJA 1/2 REDONDA 17 mm X 75 cm   UNIDAD,UNIDAD,I
33761,MASCARA CERRADA ELASTICA TALLA N° 14   UNIDAD,UNIDAD,I
29375,BOLSA COLECTORA DE ORINA 2 L CON VALVULA ANTIRETORNO   UNIDAD,UNIDAD,I
33904,CLAVO STEINMAN 3.0 mm X 300 mm   UNIDAD,UNIDAD,I
37681,TORNILLO DE TITANIO PARA FIJACION INTERMAXILAR DE 10 mm X 2.0 mm   UNIDAD,UNIDAD,I
39421,CRIOVIAL DE POLIPROPILENO ESTERIL 5 mL CON TAPA ROSCA   UNIDAD,UNIDAD,I
43233,DISCO DE SENSIBILIDAD DE CEFUROXIMA SODICA 30 µg X 50   UNIDAD,UNIDAD,I
15842,CLAVO KUNTSCHER 8.0 mm X 36 cm   UNIDAD,UNIDAD,I
39483,HEPATITIS B ANTICUERPO ANTICORE IgM AUTOMATIZADO  1 DET KIT,KIT,I
19864,CANULA ARTERIAL AORTICA N° 08   UNIDAD,UNIDAD,I
52132,COLCEMID 10 µg/mL X 10 mL   UNIDAD,UNIDAD,I
28372,AGUJA PARA BIOPSIA DE TEJIDO BLANDO CORTANTE DESCARTABLE 18 G X 20 cm   UNIDAD,UNIDAD,I
30977,PAPEL ARTICULAR 1/2 ARCADA X 12   UNIDAD,UNIDAD,I
22020,SUTURA SEDA NEGRA TRENZADA N° 1 C/A 3/8 CIRCULO CORTANTE 30 mm X 75 cm   UNIDAD,UNIDAD,I
36603,SISTEMA DE ANCLAJE DE POLIETERETERCETONA (PEEK) PARA HOMBRO 4.5 mm   UNIDAD,UNIDAD,I
39587,CATETER BALON DILATADOR DE ESOFAGO COLON 10 mm - 11 mm - 12 mm DE DIAMETRO x 5.5 cm DE 7.5 FR x 240 cm	   UNIDAD,UNIDAD,I
33259,BROCA DE 3.2 mm DE DIAMETRO X 100 mm   UNIDAD,UNIDAD,I
18383,ESPONJA DE GASA CON HILO RADIOPACO 10 cm X 10 cm   UNIDAD,UNIDAD,I
40276,BOLSA DESCARTABLE DE SISTEMA DE SUCCION DE FLUIDOS X 3 L   UNIDAD,UNIDAD,I
26132,TORNILLO DE CIERRE 12 mm CANULADO PROLONGACION 10 mm   UNIDAD,UNIDAD,I
22537,TUBO DE ALUMINIO PARA FIJACION EXTERNA 10 mm X 34 cm   UNIDAD,UNIDAD,I
30127,SET DE INFUSION C/VOLUTROL CON CASETERA   UNIDAD,UNIDAD,I
4616,MELOXICAM 15 mg  TABLETA,TABLETA,M
20847,HEDERA HELIX L. LEAF 35 mg/5 mL 100 mL JARABE,JARABE,M
36536,KIT PARA RECOLECCION DE CELULAS PROGENITORAS HEMATOPOYETICAS   UNIDAD,UNIDAD,I
10217,ALBUMINA BOVINA 22 % 10 mL UNIDAD,UNIDAD,I
19436,AMINOACIDOS PARA INSUFICIENCIA HEPATICA  500 mL INYECTABLE,INYECTABLE,M
21286,YODO METALICO USP  1 kg UNIDAD,UNIDAD,I
16596,HOJA DE BISTURI DESCARTABLE Nº 10   UNIDAD,UNIDAD,I
35093,SISTEMA PARA IDENTIFICACION + ANTIBIOGRAMA DE BACTERIAS GRAM NEGATIVAS (UROCULTIVO)  1 DET KIT,KIT,I
18118,TAMBOR DE ACERO GRANDE   UNIDAD,UNIDAD,I
39559,CLORHEXIDINA GLUCONATO 2 g/100 mL 120 mL SOLUCION,SOLUCION,M
23023,ANTISUERO ANTI SHIGUELLA SONNEI POLIVALENTE  3 mL INYECTABLE,INYECTABLE,I
17548,YESO PARIS (PARA USO ODONTOLOGICO)   UNIDAD,UNIDAD,I
42119,GEL PARA ULTRASONOTERAPIA  UNIDAD UNIDAD,UNIDAD,I
28856,PROTECTOR OCULAR DESCARTABLE PARA FOTOTERAPIA RECIEN NACIDO   UNIDAD,UNIDAD,I
25320,INYECTOR DE ESCLEROTERAPIA DE 2.8 mm X 230 cm CON AGUJA Nº 23 G X 4 mm PARA GASTROSCOPIO   UNIDAD,UNIDAD,I
40852,GUANTE QUIRURGICO ESTERIL DESCARTABLE DE POLIISOPRENO SINTETICO (IR) SIN POLVO ANTIVIRAL N° 7 1/2   PAR,PAR,I
20363,"MASCARILLA NASAL PARA VENTILACION NO INVASIVO TAMAÑO ""M""   UNIDAD",UNIDAD,I
39902,TORNILLO DE CIERRE PARA CLAVO FEMORAL SOLIDO (TFN) x 12.0 mm   UNIDAD,UNIDAD,I
42768,PCR LATEX DIRECTO - PROTEINA C REACTIVA  X 100 DETERMINACIONES UNIDAD,UNIDAD,I
25200,SUTURA DE POLIDIOXANONA 5/0 C/DOBLE AGUJA 3/8 CIRCULO REDONDA 13 mm X 75 mm   UNIDAD,UNIDAD,I
30292,SOPORTE METALICO LARGO SIN APOYO ISQUIATICO CON PINZAS PLANAS PARA ADULTO   UNIDAD,UNIDAD,I
26248,BROCA 2.5 mm X 130 mm   UNIDAD,UNIDAD,I
23692,COLORANTE ORANGE G  25 g UNIDAD,UNIDAD,I
29121,HOJA DESCARTABLE PARA DERMATOMO ELECTRICO   UNIDAD,UNIDAD,I
28293,FRESA PARA CRANEOTOMO DE ACERO PARA DESBASTE TIPO REDONDA 10 mm X 7.5 cm   UNIDAD,UNIDAD,I
20870,VASELINA SOLIDA  20 Kg UNIDAD,UNIDAD,I
28603,CATETER GUIA CURVO 5 FR X 90 cm   UNIDAD,UNIDAD,I
48574,"VACUNA CONTRA COVID-19 (ARNm) nucleosidos modificados, PFIZER, BIONTECH MANUFACTURING GmbH, ALEMANIA (COMIRNATY) 30 ug/ 0.3 mL VIAL 0.45 mL x 6 DOSIS INYECTABLE",INYECTABLE,M
33732,CHALECO MANGA LARGA ELASTICA TALLA N° 4   UNIDAD,UNIDAD,I
44243,ELECTRODO AGUJA MONOPOLAR 15 cm X 14 G AGUJA CON PUNTA ACTIVA 5 mm   UNIDAD,UNIDAD,I
50570,ALMOHADILLA DE GEL POLIMERO P/POSICIONAMIENTO DE CABEZA CUBITO DORSAL ADULTO ANILLO CERRADO   UNIDAD,UNIDAD,I
27411,CANULA DE RAIZ AORTICA DE CARDIOPLEJIA 9 FR x 14 cm   UNIDAD,UNIDAD,I
24008,CATETER PERCUTANEO CON INTRODUCTOR 3 FR X 50 cm   UNIDAD,UNIDAD,I
37094,HORMONA TIROIDEA ESTIMULANTE (TSH) METODO QUIMIOLUMINISCENCIA  100 DET KIT,KIT,I
50487,BARRA PARA CONECTOR TRANSVERSAL MULTIAXIAL X 41 mm   UNIDAD,UNIDAD,I
49415,ELECTRODO TIPO BOLA PARA ELECTROBISTURI 5 mm X 13.5 cm   UNIDAD,UNIDAD,I
37324,CATETER GUIA CURVO 6 FR X 95 cm   UNIDAD,UNIDAD,I
35030,PARACETAMOL 10 mg/mL 50 mL INYECTABLE,INYECTABLE,M
30128,FILTRO DIALIZADOR 1.9 m2   UNIDAD,UNIDAD,I
1832,CIPROFLOXACINO (UNGÜENTO OFTALMICO) 300 mg/100 g 3.5 g UNGÜENTO,UNGUENTO,M
29048,FORMULA FORTIFICADOR DE LECHE MATERNA  5 mL SOLUCION,SOLUCION,I
52862,INYECTOR DE ESCLEROTERAPIA DE 2.3 mm X 230 cm CON AGUJA Nº 23 G X 6 mm PARA GASTROSCOPIO   UNIDAD,UNIDAD,I
49081,PAPEL TERMICO DE IMPRESION PARA ELECTROCARDIOGRAFO 110mm X 30m   UNIDAD,UNIDAD,I
28509,MANGA MIXTA PARA ESTERILIZAR CON VAPOR Y/O OXIDO DE ETILENO CON FUELLE 30 cm   UNIDAD,UNIDAD,I
38707,SONDA DE ALIMENTACION DE SILICONA 8 FR   UNIDAD,UNIDAD,I
21630,FOSFORO AUTOMATIZADO  1 DET UNIDAD,UNIDAD,I
54813,MALLA DE TITANIO DE FIJACION NO ABSORBIBLE - 145 mm X 200 mm UNIDAD,UNIDAD,I
27515,PLACA DE BLOQUEO PARA TIBIA DISTAL DE 10 AGUJEROS X 3.5 mm   UNIDAD,UNIDAD,I
20808,BARRA DE ALUMINIO DE USO TRAUMATOLOGIA 30 cm   UNIDAD,UNIDAD,I
10633,CLAVO RUSH 2.5 mm X 20 cm.   UNIDAD,UNIDAD,I
32991,HISOPO DE ALGINATO DE CALCIO ULTRA FINO 0.6 mm DIAMETRO BASE DE ALUMINIO   UNIDAD,UNIDAD,I
37382,INDICADOR BIOLOGICO DE ESTERILIZACION A VAPOR DE LECTURA EN 1 HORA X 50   UNIDAD,UNIDAD,I
42103,PLACA EN T 4.5 MM DE 7 AGUJEROS PARA TIBIA  UNIDAD UNIDAD,UNIDAD,I
20706,TUBO DE ASPIRACION TRANSPARENTE 5/16 X 7/16 X 1 m   UNIDAD,UNIDAD,I
50926,KETOCONAZOL USP  X 500 g UNIDAD,UNIDAD,I
40850,GUANTE QUIRURGICO ESTERIL DESCARTABLE DE POLIISOPRENO SINTETICO (IR) SIN POLVO ANTIVIRAL N° 6 ½   UNIDAD,UNIDAD,I
22449,CANULA VENOSA RECTA Nº 14   UNIDAD,UNIDAD,I
33859,FRASCO DE VIDRIO X 1 L   UNIDAD,UNIDAD,I
19961,PLACA DCP RECTA PESADA (ESTRECHA) DE 10 AGUJEROS X 4.5 mm   UNIDAD,UNIDAD,I
35509,FRESA PARA CRANEOTOMO DE ACERO PARA CORTE PEDIATRICO DE 1.5 mm X 13.1 mm   UNIDAD,UNIDAD,I
32539,COLLARIN CERVICAL DESCARTABLE PARA NIÑO   UNIDAD,UNIDAD,I
42037,FORMULA ENERGETICA  450 g UNIDAD,UNIDAD,I
43119,PAPEL TOALLA HOJA SIMPLE NATURAL  200 m UNIDAD,UNIDAD,I
50076,ANCLA DE SUTURA 3.5 mm X 6.5 mm   UNIDAD,UNIDAD,I
39067,FORMULA LACTEA PARA CRECIMIENTO  900 g UNIDAD,UNIDAD,I
11305,TEST DE HORMONA TIROXINA T4 LIBRE  100 DET KIT,KIT,I
12757,SOLUCION TURK  500 mL SOLUCION,SOLUCION,I
38429,CONECTOR DE TITANIO CON BARRA TRANSVERSAL DE 3.2 mm y DE 60 mm LONGITUD   UNIDAD,UNIDAD,I
15102,"AGUJA DE PUNCION LUMBAR 27 G X 3 1/2""   UNIDAD",UNIDAD,I
39101,GLICINA (ACIDO AMINOACETICO) 1.5% x 3000 mL   SOLUCION,SOLUCION,I
42824,LINEA + JERINGA DESCARTABLE DE 10 mL PARA BOMBA PERFUSORA   UNIDAD,UNIDAD,I
23622,"CATETER ENDOVENOSO PERIFERICO Nº 20 G X 1 1/2""   UNIDAD",UNIDAD,I
45225,AGUA ULTRAPURA LIBRE DE ADNASA Y ARNASA X 500 mL   UNIDAD,UNIDAD,I
40346,APOSITO DE ESPUMA HIDROFILICA (POLIURETANO) PARA TALON 22.5 cm x 22.5 cm   UNIDAD,UNIDAD,I
39494,FORMULA ALIMENTICIA INFANTIL HIPOALERGENICA  400 g POLVO,POLVO,I
41089,ANOSCOPIO DESCARTABLE PEDIATRICO   UNIDAD,UNIDAD,I
41463,PAÑO ABSORBENTE   UNIDAD,UNIDAD,I
35132,SET DE CLAVO ENDOMEDULAR DE ACERO QUIRURGICO BLOQUEADO PARA FEMUR X 9 PIEZAS   UNIDAD,UNIDAD,I
16829,PAÑAL DESCARTABLE TIPO CALZON PARA NIÑO TALLA PEQUEÑO   UNIDAD,UNIDAD,I
33357,BOTA DESCARTABLE ANTIDESLIZANTE   PAR,PAR,I
37996,DETERGENTE GRANULADO  15 kg UNIDAD,UNIDAD,I
23528,PLACA DE SOPORTE EN T DE 05 AGUJEROS   UNIDAD,UNIDAD,I
22425,ALGINATO (USO DENTAL)  454 g (1 lb) UNIDAD,UNIDAD,I
49683,CLORHIDRATO DE HIDROXILAMINA P.A. X 50 g   UNIDAD,UNIDAD,I
22995,YESO PIEDRA EXTRADURO (USO ODONTOLOGICO)  1 Kg UNIDAD,UNIDAD,I
51037,SONDA VESICAL 2 VIAS DESCARTABLE Nº 8 CON BALON 5 mL   UNIDAD,UNIDAD,I
40535,ESCARIADOR SET DEL 45 - 80 (2da SERIE) DE 25 mm   UNIDAD,UNIDAD,I
20990,PLACA DCP RECTA LIVIANA ESTRECHA DE 6 AGUJEROS X 4.5 mm   UNIDAD,UNIDAD,I
37675,TREPANO CORNEAL BARRON DESCARTABLE 7.00 mm   UNIDAD,UNIDAD,I
24500,TORNILLO DE TITANIO 2.0 mm X 5.5 mm   UNIDAD,UNIDAD,I
30412,PROTESIS DE MANO COSMETICA DERECHA PARA DAMA COLOR BEIGE   UNIDAD,UNIDAD,I
33844,TUBO PARA EXTRACCION DE SANGRE CON SISTEMA DE VACIO DE POLIPROPILENO DE 0.5 mL SIN ADITIVO   UNIDAD,UNIDAD,I
30599,VALVULA DE DERIVACION VENTRICULO PERITONEAL DE PRESION PROGRAMABLE ADULTO   UNIDAD,UNIDAD,I
23502,PLACA DCP RECTA LIVIANA ESTRECHA DE 11 AGUJEROS X 3.5 mm   UNIDAD,UNIDAD,I
40935,SUTURA POLIGLECAPRONE MONOFILAMENTO 3/0 C/A 3/8 CIRCULO CORTANTE 19 mm x 70 cm   UNIDAD,UNIDAD,I
30316,EXTENSOR DE CODO SEMIRIGIDO ADULTO   UNIDAD,UNIDAD,I
27543,CATETER DE DRENAJE TORAXICO 20 FR + TROCAR   UNIDAD,UNIDAD,I
27680,SUSTITUTO DE DURAMADRE 6 cm X 14 cm   UNIDAD,UNIDAD,I
18369,CANULA PARA TRAQUEOSTOMIA Nº 4 X 36 mm   UNIDAD,UNIDAD,I
30834,DESINFECTANTE DESINCRUSTANTE Y ESTERILIZANTE DE MAQUINA PARA HEMODIALISIS A BASE DE ACIDO PERACETICO  5 L SOLUCION,SOLUCION,I
34197,PROTEINAS TOTALES Y FRACCIONADAS  100 DET KIT,KIT,I
32951,REACTIVO DE FOSFORO  1 DET KIT,KIT,I
36129,KIT DE 1 JERINGA INSUFLADORA 50 mL ALTA PRESION + MANOMETRO   UNIDAD,UNIDAD,I
19863,CAMPO QUIRURGICO ANTIMICROBIANO 56 cm X 45 cm   UNIDAD,UNIDAD,I
29026,TORNILLO ESPONJOSO 3.5 mm X 8 mm   UNIDAD,UNIDAD,I
27913,SONDA VESICAL TIPO FOLEY SILICONADA 2 VIAS Nº 12   UNIDAD,UNIDAD,I
31409,TUBO PARA EXTRACCION DE SANGRE CON SISTEMA DE VACIO DE POLIPROPILENO DE 6 mL CON ACTIVADOR DE COAGULO   UNIDAD,UNIDAD,I
29068,CATETER BALON DILATADOR DE ESOFAGO COLON 10 mm - 11 mm - 12 mm DE DIAMETRO X 5.5 cm DE 7 FR X 230 cm   UNIDAD,UNIDAD,I
54918,ANTICUERPO ANTI VIRUS RESPIRATORIO INMUNOFLUORESCENCIA (IIFI) - X 10 DETERMINACIONES KIT,KIT,I
54562,SILDENAFILO 20 mg - TABLETA,TABLETA,M
28754,PROLONGADOR DE CATETER PARA DIALISIS PERITONEAL 32 cm   UNIDAD,UNIDAD,I
54171,SOLUCION PARA DIALISIS PERITONEAL 1.5% 6 L SOLUCION,SOLUCION,M
42142,MALATHION 57% (O-DIMETIL-FOSFORODITIONATO DE DIETILMERCAPTO) LIQUIDO  1 L UNIDAD,UNIDAD,I
27434,TORNILLO DE BLOQUEO 5.0 mm X 34 mm   UNIDAD,UNIDAD,I
27867,TORNILLO DESLIZANTE DE 4.5 mm ROSCA 60 mm   UNIDAD,UNIDAD,I
30466,CANULA PARA TRAQUEOSTOMIA Nº 8 EXTRA LARGA CON BALON   UNIDAD,UNIDAD,I
41911,FRESA PARA CRANEOTOMO REDONDA DE 8 CANALES DE 5.0 mm X 6.03 cm   UNIDAD,UNIDAD,I
43418,SUTURA ACIDO POLIGLACTIN 2/0 C/A 1/2 CIRCULO REDONDA 40 mm x 70 cm   UNIDAD,UNIDAD,I
37288,SET DE DILATADORES RENALES DE AMPLATZ X 19 PIEZAS   SET,SET,I
27942,TUBO DE VIDRIO 12 mm X 75 mm   UNIDAD,UNIDAD,I
33953,MINIPLACA DE TITANIO RECTA 10 ORIFICIOS SISTEMA 1.5 mm   UNIDAD,UNIDAD,I
51566,CIRCUITO CORRUGADO DE VENTILADOR MECANICO CON TRAMPA H20   UNIDAD,UNIDAD,I
43604,INYECTOR DE ESTERILIZADOR A VAPOR   UNIDAD,UNIDAD,I
24972,GASA FRACCIONADA ESTERIL 45 cm X 45 cm DE 4 PLIEGUES X 5 UNI   UNIDAD,UNIDAD,I
35019,VACUNA CONTRA EL SARAMPION Y LA RUBEOLA (SR)  1 DOSIS INYECTABLE,INYECTABLE,M
33683,TORNILLO DE TITANIO PARA REDUCCION DE CIERRE 5.5 mm X 30 mm   UNIDAD,UNIDAD,I
40804,GEL DE NUPREP PARA IMPEDANCIA PARA ELECTROENCEFALOGRAMA X 114 g   UNIDAD,UNIDAD,I
33019,BROCA 2.5 mm X 125 mm   UNIDAD,UNIDAD,I
38439,TORNILLO DE COMPRESION SIN CABEZA CANULADO AUTOPERFORANTE ROSCA TOTAL 3.5 mm x 3.6 mm x 18 mm   UNIDAD,UNIDAD,I
15664,CATETER MULTIPROPOSITO CON PERFORACION 5 FR X 80 cm   UNIDAD,UNIDAD,I
21893,RECARGA DE GRAPADORA ENDOSCOPICA VASCULAR DE 45 mm X 3.5 mm   UNIDAD,UNIDAD,I
33698,CHALECO MANGA CORTA ELASTICA TALLA N° 10   UNIDAD,UNIDAD,I
12564,TORNILLO CORTICAL 4.5 mm X 34 mm   UNIDAD,UNIDAD,I
39653,ASA DE POLIPECTOMIA OVALADA DE 30 mm x 230 cm DESCARTABLE   UNIDAD,UNIDAD,I
17052,"SONDA VESICAL TIPO FOLEY 3 VIAS Nº 20 F, BALON 75 mL   UNIDAD",UNIDAD,I
38724,CLOBETASOL PROPIONATO USP  1 g UNIDAD,UNIDAD,I
30603,GLICERINA Q.P.  1 L SOLUCION,SOLUCION,I
39790,ASA LEEP 20 mm X 20 mm   UNIDAD,UNIDAD,I
37694,ENDOPROTESIS PANCREATICA 5 FR X 5 cm   UNIDAD,UNIDAD,I
23973,CATETER GUIA PARA ANGIOPLASTIA XB 6FR   UNIDAD,UNIDAD,I
29000,RETRACTOR DE HERIDAS RIGIDO DESCARTABLE TALLA XXL   UNIDAD,UNIDAD,I
38201,PLANTILLA ORTOPÉDICA TALLA L   PAR,PAR,I
31515,SOLUCION SALINA ESTERIL  1 L SOLUCION,SOLUCION,I
38449,"ANTICUERPO MONOCLONAL PARA CITOQUERATINA 20 (KS 20,8) x 7 mL   UNIDAD",UNIDAD,I
19311,CLORHEXIDINA GLUCONATO + ALCOHOL ETILICO 1 % + 61 % W/W 500 mL SOLUCION,UNIDAD,I
36506,TORNILLO ESPONJOSO ROSCA PARCIAL 4.0 mm X 16 mm	   UNIDAD,UNIDAD,I
42294,APOSITO TRANSPARENTE IMPERMEABLE 6.5 cm X 7 cm   UNIDAD,UNIDAD,I
37591,TORNILLO DE TITANIO AUTOPERFORANTE 2.0 mm X 5 mm   UNIDAD,UNIDAD,I
23214,COLORANTE GIEMSA  25 g UNIDAD,UNIDAD,I
43732,CATETER BALON PARA ANGIOPLASTIA PERIFERICA 7 mm X 40 mm DE 5 FR X 135 cm   UNIDAD,UNIDAD,I
22544,GRAPADORA QUIRURGICA LINEAL CORTANTE PARA CIRUGIA ABIERTA 75 mm PARA TEJIDO GRUESO   UNIDAD,UNIDAD,I
19960,PLACA DCP RECTA LIVIANA (ESTRECHA) DE 08 AGUJEROS X 4.5 mm   UNIDAD,UNIDAD,I
46837,BROCA 3.2 mm DE DIAMETRO X 250 mm   UNIDAD,UNIDAD,I
26183,GUIA PARA TUBO ENDOTRAQUEAL ADULTO   UNIDAD,UNIDAD,I
22453,SUTURA DE POLIPROPILENO AZUL MONOFILAMENTO 7/0 C/A 3/8 CIRCULO REDONDA 9.3 mm X 75 cm   UNIDAD,UNIDAD,I
32147,CAMPO QUIRURGICO ESTERIL DESCARTABLE 46 cm X 56 cm   UNIDAD,UNIDAD,I
1713,CELECOXIB 200 mg  TABLETA,TABLETA,M
45476,BRAZALETE DESCARTABLE PEDIATRICO 1 LUMEN N° 4 PARA MONITOR MULTIPARAMETROS   UNIDAD,UNIDAD,I
25452,AGUJA DE AMNIOCENTESIS CON TUBO CENTIMETRADO DESCARTABLE Nº 21 G X 150 mm   UNIDAD,UNIDAD,I
36236,PLACA DCS 95° 16 AGUJEROS   UNIDAD,UNIDAD,I
30618,PLACA DE COMPRESION Y BLOQUEO ANCHA DE LCP DE 12 AGUJEROS X 4.5 mm   UNIDAD,UNIDAD,I
4036,IBUPROFENO 800 mg  TABLETA,TABLETA,M
39296,INTRODUCTOR FEMORAL CON CUBIERTA HIDROFILICA 10 FR x 75 cm   UNIDAD,UNIDAD,I
22122,CATETER PERCUTANEO CON INTRODUCTOR PELABLE 1 FR X 20 cm   UNIDAD,UNIDAD,I
32015,PLACA LCP DE 8 AGUJEROS 3.5/4.5 mm PARA TIBIA PROXIMAL DERECHA   UNIDAD,UNIDAD,I
39971,CATETER BALON PARA ANGIOPLASTIA PERIFERICA 3 FR x 120 mm x 135 cm   UNIDAD,UNIDAD,I
40393,FORMULA SIN LACTOSA DE SOYA  400 g POLVO,POLVO,I
38944,FUNDA DE SILICONA PARA PROTESIS DE MIEMBRO INFERIOR TRANSFEMORAL TALLA M   UNIDAD,UNIDAD,I
49998,POLICARBONATO PARA CONSERVAR CRIOVIALES 5.25 X 5.25 X 81   UNIDAD,UNIDAD,I
44204,METILFENIDATO CLORHIDRATO (TABLETA LIBERACION MODIFICADA) 36 mg  TABLETA,TABLETA,M
38812,"TUBO DE LATEX PARA LIGADURA Y EXTENSION 1/2 "" x 3/32 "" x 15 m   UNIDAD",UNIDAD,I
43485,CINTA DE CONTROL DE ESTERILIZACION A CALOR SECO 1.9 cm X 50 m   UNIDAD,UNIDAD,I
39072,LINEA PARA BOMBA INFUSORA CON ENTERALES   UNIDAD,UNIDAD,I
15687,CATETER PIGTAIL N° 5.5 F X 100 cm   UNIDAD,UNIDAD,I
41882,CAJA DE POLIETILENO DESCARTABLE PARA MATERIAL PUNZO CORTANTE X 1 L  UNIDAD UNIDAD,UNIDAD,I
11333,IONOMERO DE VIDRIO AUTOCURABLE PARA BASE  12.5 g/8.5 mL (POLVO + LIQUIDO)   KIT,KIT,I
12542,TORNILLO CORTICAL 3.5 mm X 24 mm   UNIDAD,UNIDAD,I
33630,MEDIO DE HEMOCULTIVO CON REMOVEDOR DE ANTIBIOTICO EN FRASCO PEDIATRICO   UNIDAD,UNIDAD,I
31633,IMPLANTE DE CRANEO FACIAL   UNIDAD,UNIDAD,I
19744,FRESA DE DIAMANTE DE ALTA VELOCIDAD CILINDIRCA MEDIANA   UNIDAD,UNIDAD,I
33335,PINZA PARA EXTRACCION DE CUERPO EXTRAÑO 2.3 mm X 160 cm TIPO FORCEPS DIENTE DE COCODRILO   UNIDAD,UNIDAD,I
40343,CLAVO KIRSCHNER 1.6 mm X 150 mm DOBLE PUNTA   UNIDAD,UNIDAD,I
30327,EXTENSOR DE MUÑECA CON ALUMINIO PARA ADULTO   UNIDAD,UNIDAD,I
25714,"MINIPLACA DE TITANIO ""L"" A LA DERECHA DE 7 ORIFICIOS SISTEMA DE 1.5 mm   UNIDAD",UNIDAD,I
35145,ELECTRODO TIPO COPA DE ORO CON CABLE 1.50 m PARA EQUIPO DE ELECTROENCEFALOGRAFIA   UNIDAD,UNIDAD,I
50226,FORMULA ELEMENTAL ESPECIALIZADA CON GLUTAMINA Y ARGININA  42.75 g POLVO,POLVO,M
24169,TORNILLO CORTICAL 2.7 mm X 22 mm   UNIDAD,UNIDAD,I
36175,FENILCETONURIA (PKU) NEONATAL  1 DET KIT,KIT,I
36262,PINZA DE BIOPSIA PARA ENDOSCOPIA SIN AGUJA 2.8 cm X 160 cm DESCARTABLE   UNIDAD,UNIDAD,I
52167,SISTEMA PARA IDENTIFICACION + ANTIFUNGIGRAMA PARA LEVADURAS X 20 DETERMINACIONES   UNIDAD,UNIDAD,I
45922,ESPARADRAPO HIPOALERGENICO DE PAPEL 3 in X 10 yd X 4 CORTES   UNIDAD,UNIDAD,I
34608,"CONECTOR RECTO 1/4"" X 3/8"" SIN LUER   UNIDAD",UNIDAD,I
34532,PROTESIS TOTAL DE CADERA CEMENTADA DE REVISION   UNIDAD,UNIDAD,I
23739,"AGUJA ESPINAL DESCARTABLE 25 G X 3 1/2""   UNIDAD",UNIDAD,I
36575,FRASCO DE VIDRIO COLOR AMBAR CON TAPA 30 mL   UNIDAD,UNIDAD,I
37395,ANTICUERPO ANTI CITOMEGALOVIRUS IgG  1 DET KIT,KIT,I
55206,GRAPADORA CIRCULAR CURVA DESCARTABLE PARA HEMORROIDES - X 33 mm UNIDAD,UNIDAD,I
21284,MICROTUBO CON TAPA CONICO GRADUADO 1.5 mL   UNIDAD,UNIDAD,I
35296,CIRCUITO DE PRESION POSITIVA CONTINUA (CPAP) NASAL N° 7.5   UNIDAD,UNIDAD,I
20605,ALCOHOL ETILICO (ETANOL) ABSOLUTO P.A. 99.8 % 4 L SOLUCION,SOLUCION,I
40340,CEPA KLEBSIELLA PNEUMONIAE ATCC 700603   UNIDAD,UNIDAD,I
24248,CATETER VENTRICULAR IMPREGNADO BARIO 23 cm   UNIDAD,UNIDAD,I
29620,PROTESIS DE  CADERA   UNIDAD,UNIDAD,I
27755,CATETER VENOSO CENTRAL DOBLE LUMEN DE LARGA PERMANENCIA PARA HEMODIALISIS 14.5 FR X 40 cm   UNIDAD,UNIDAD,I
38943,FUNDA DE SILICONA PARA PROTESIS DE MIEMBRO INFERIOR TRANSFEMORAL TALLA L   UNIDAD,UNIDAD,I
46891,KIT INTRODUCTOR PARA CATETER PERCUTANEO 8.5 FR X 92 cm PUNTA FLEXIBLE X 17 cm   UNIDAD,UNIDAD,I
45930,ALMOHADILLA DE GEL DE POLIMERO PARA POSICIONAMIENTO Y PROTECCION DE BRAZO  6 cm X 15 cm X 51 cm UNIDAD,UNIDAD,I
19335,MODELINA DE BAJA FUSION PARA IMPRESION (USO DENTAL) X 12   UNIDAD,UNIDAD,I
52834,ANTICUERPO MONOCLONAL PARA CD 56  6 mL UNIDAD,UNIDAD,I
47984,CATETER BALON PARA ANGIOPLASTIA TRANSLUMINAL PERCUTANEA RECUBIERTO CON PACLITAXEL 2.5 mm X 150 mm DE 4 FR X 150 cm   UNIDAD,UNIDAD,I
26768,DISCO DE SENSIBILIDAD DE LINCOMICINA 2 ug 50 DISCOS UNIDAD,UNIDAD,I
41799,SISTEMA DE PLACA DE BLOQUEO DE RADIO DISTAL DE ANGULO VARIABLE 2.4 mm DE 4 AGUJEROS   UNIDAD,UNIDAD,I
39436,PRECINTO DE SEGURIDAD 3 cm x 4 cm CON INDICADOR PARA ESTERILIZACION A VAPOR x 1000 UNIDADES   UNIDAD,UNIDAD,I
22395,DISCO DE SENSIBILIDAD DE CEFOPERAZONA 75 ug 50 DISCOS UNIDAD,UNIDAD,I
43632,SUJETADOR DE TELA HIPOALERGENICA CON TIRAS DE SILICONA DE 80 cm PARA SONDA O CATETER   UNIDAD,UNIDAD,I
31506,KIT DE ACCESO A CIRUGIA LAPAROSCOPICA 5 mm Y 11 mm SEPARADOR OPTICO CON HELICE SECUENCIAL X 6 PIEZAS   KIT,KIT,I
33283,ESPONJA DE ESPUMA DE POLIURETANO IMPREGNADA CON GLUCONATO DE CLORHEXIDINA 2% + ALCOHOL ISOPROPILICO 70%   UNIDAD,UNIDAD,I
15154,"AGUJA HIPODERMICA DESCARTABLE N° 18 G X 1/2""   UNIDAD",UNIDAD,I
38318,CLAVO DE TITANIO INTRAMEDULAR ELASTICO 2.5 mm x 450 mm   UNIDAD,UNIDAD,I
19904,CANULA VENOSA RECTA Nº 20   UNIDAD,UNIDAD,I
28958,TIPS 45º TORSIONAL KELMAN 0.9 mm PARA EQUIPO FACOEMULSIFICADOR   UNIDAD,UNIDAD,I
48134,ANTICUERPO MONOCLONAL PARA GATA 3  6 mL UNIDAD,UNIDAD,I
26354,TUBO CONICO DE PLASTICO 15 mL   UNIDAD,UNIDAD,I
22417,"ESPONJA NEUROQUIRURGICA 1/2"" X 1 1/2"" X 10   UNIDAD",UNIDAD,I
11251,EQUIPO DE ASPIRACION PORTATIL X 400 mL (HEMOSUC)   UNIDAD,UNIDAD,I
8082,GLICERINA ADULTOS   SUPOSITORIO,SUPOSITORIO,M
2941,SIMETICONA 40 mg  TABLETA,TABLETA,M
11498,OXIDO DE ZINC 45 g/100 mg  POLVO,POLVO,I
44852,ASPIRADORA DE SECRECIONES   UNIDAD,UNIDAD,I
46224,GLUTARALDEHIDO 2 g/100 mL 4 L SOLUCION,SOLUCION,I
31737,PRUEBA RAPIDA PARA HEPATITIS A IgM  30 DET KIT,KIT,I
5562,PRAMIPEXOL 250 ug  TABLETA,TABLETA,M
53322,PLACA BLOQUEADA LC DCP ANCHA 4.5 mm DE 16 AGUJEROS   UNIDAD,UNIDAD,I
39080,FORMULA POLIMERICA SIN LACTOSA ADULTO  850 g POLVO,POLVO,I
38300,HIERRO POLIMALTOSA 100 mg  TABLETA,TABLETA,M
52265,ELECTRODO DE VAPORIZACION BIPOLAR PARA RESECTOSCOPIO 24 FR   UNIDAD,UNIDAD,I
4480,LOPINAVIR + RITONAVIR 133.3 mg + 33.3 mg  TABLETA,TABLETA,M
32980,CALDO SELENITO CISTINA  500 g SOLUCION,SOLUCION,I
54490,SUTURA DE POLIESTER TRENZADO VERDE 2/0 C/DOBLE AGUJA C/ALMOHADILLA DE TEFLON 1/2 CIRCULO REDONDA - 26 mm X 90 cm UNIDAD,UNIDAD,I
37049,CANULA DE ASPIRACION MANUAL ENDOUTERINA DESCARTABLE 10 mm   UNIDAD,UNIDAD,I
48675,TAMBOR DE ACERO INOXIDABLE PARA ALGODON 10 cm X 10 cm   UNIDAD,UNIDAD,I
39838,ASA DE CORTE MONOPOLAR PARA RESECTOSCOPIO 24 CHARR   UNIDAD,UNIDAD,I
38889,BROCA DE 3.5 mm DE DIAMETRO x 100 mm   UNIDAD,UNIDAD,I
27878,TORNILLO DE BLOQUEO 3.5 mm X 50 mm   UNIDAD,UNIDAD,I
10004,ACEITE DE INMERSION  PARA MICROSCOPIA  250 mL UNIDAD,UNIDAD,I
29419,FERULA DE MIEMBRO INFERIOR ABDUCTOR DE CADERA   UNIDAD,UNIDAD,I
42598,PROTOTIPO BIOMEDICO CRANEO COMUN EFECTO ESPEJO   UNIDAD,UNIDAD,I
19651,CAPSULA DE GELATINA DURA PARA PRODUCTOS FARMACEUTICOS Nº 1   UNIDAD,UNIDAD,I
29366,CATETER BALON DILATADOR DE ESOFAGO 10 mm - 11 mm - 12 mm DE DIAMETRO X 5.5 cm X 180 cm   UNIDAD,UNIDAD,I
42932,PLACA DE COMPRESION Y BLOQUEO ANCHA DE LCP 13 AGUJEROS X 4.5 mm  UNIDAD UNIDAD,UNIDAD,I
33979,FILTRO HUMIDIFICADOR PARA VENTILADOR MECANICO PEDIATRICO   UNIDAD,UNIDAD,I
35076,SUTURA SEDA NEGRA TRENZADA 5/0 C/A 1/2 CIRCULO REDONDA 17 mm X 75 cm   UNIDAD,UNIDAD,I
24032,COLLARIN CERVICAL SEMIRIGIDO PARA ADULTO   UNIDAD,UNIDAD,I
24668,SUTURA LINO MULTIEMPAQUE 3/0 S/A 10 HEBRAS X 75 cm   UNIDAD,UNIDAD,I
33688,CHALECO MANGA LARGA ELASTICA TALLA N° 6   UNIDAD,UNIDAD,I
17468,TUBO OROFARINGEO (TUBO DE MAYO) N° 000   UNIDAD,UNIDAD,I
18635,TRICLABENDAZOL 250 mg  TABLETA,TABLETA,M
51848,BARRA DE FIJACION ESTERNAL 14 in   UNIDAD,UNIDAD,I
36963,ENCAJE DE RESINA DE SOCKET ARRIBA DE RODILLA PARA PROTESIS   UNIDAD,UNIDAD,I
16783,MASCARILLA DE PROTECCION RESPIRATORIA RECTA DESCARTABLE CON VISOR PROTECTOR   UNIDAD,UNIDAD,I
39805,CANULA DE ASPIRACION SUB RETINAL 27 GA   UNIDAD,UNIDAD,I
22550,VALVULA DE SILICONA INTRAPIRAMIDAL PARA TROCAR DE CIRUGIA LAPAROSCOPICA DE 10 mm-12.5 mm DE DIAMETRO   UNIDAD,UNIDAD,I
50968,ANTICUERPO MONOCLONAL C-MYC (9E10) X 1 mL   UNIDAD,UNIDAD,I
45870,CANULA PARA TRAQUEOSTOMIA  SIN BALON  N° 4.5 UNIDAD,UNIDAD,I
24589,OXIGENADOR DE MEMBRANA CON RESERVORIO CARDIOTOMIA INFANTIL   UNIDAD,UNIDAD,I
24126,RETRACTOR DE HERIDAS RIGIDO DESCARTABLE TALLA M   UNIDAD,UNIDAD,I
21099,SUTURA POLIPROPILENO AZUL MONOFILAMENTO 4/0 C/2A 1/2 CIRCULO REDONDA 17 mm X 75 cm   UNIDAD,UNIDAD,I
16779,MASCARA DE ANESTESIA Nº 2   UNIDAD,UNIDAD,I
20548,PLACA ANGULADA DHS 135º X 5 AGUJEROS   UNIDAD,UNIDAD,I
23255,SUTURA NAILON NEGRO MONOFILAMENTO 4/0 C/A 3/8 CIRCULO CORTANTE 20 mm X 45 cm   UNIDAD,UNIDAD,I
28879,PUNTA DESCARTABLE DE RADIOFRECUENCIA 90º X 3.75 mm   UNIDAD,UNIDAD,I
22975,SUTURA ACIDO POLIGLACTIN 3/0 C/A 1/2 CIRCULO REDONDA 17 mm X 70 cm   UNIDAD,UNIDAD,I
33619,CANULA DE CARDIOPLEJIA RETROGRADA 14 FR   UNIDAD,UNIDAD,I
23363,PARTICULA PARA EMBOLIZACION PVA TERAPEUTICA VASCULAR 100 um  1 mL UNIDAD,UNIDAD,I
50681,TUBO PARA EXTRACCION DE SANGRE CON SISTEMA DE VACIO DE POLIETILENO TEREFTALATO (PET) DE 0.5 mL CON EDTA DIPOTASICO   UNIDAD,UNIDAD,I
17391,PRUEBA RAPIDA PARA HEPATITIS B ANTIGENO DE SUPERFICIE  1 DET UNIDAD,UNIDAD,I
33267,ELECTRODO DE BOLA DE 5 mm DE DIAMETRO X 13 cm   UNIDAD,UNIDAD,I
24028,OCLUSOR DE COMUNICACION INTERAURICULAR (CIA) Nº 22   UNIDAD,UNIDAD,I
46865,CLAVO CEFALO MEDULAR BLOQUEADO PARA FEMUR DE TITANIO 130° 11 mm X 240 mm UNIDAD,UNIDAD,I
54104,FRESA PARA CRANEOTOMO DE ACERO PARA PERFORACION TIPO CILINDRICA DE 5.0 mm - - UNIDAD,UNIDAD,I
18355,MALLA DE POLIPROPILENO DESCARTABLE 10 cm X 10 cm   UNIDAD,UNIDAD,I
38293,CK TOTAL  1 DET KIT,KIT,I
36569,HIDROQUINONA P.A.  500 g UNIDAD,UNIDAD,I
26952,APOSITO DE HIDROFIBRA 20cm X 30 cm CON CONCENTRADO DE PLATA 1.2%   UNIDAD,UNIDAD,I
26285,PLACA DE TITANIO TIPO LOCKING 20 AGUJEROS SISTEMA 2.0 mm   UNIDAD,UNIDAD,I
26967,TORNILLO CANULADO 3.5 mm x 30 mm   UNIDAD,UNIDAD,I
19088,MATRAZ ERLENMEYER DE VIDRIO BOROSILICATO X 1 L   UNIDAD,UNIDAD,I
39036,PLACA EN T 3.5 mm PARA RADIO DISTAL x 6 AGUJEROS   UNIDAD,UNIDAD,I
39215,PROTESIS DE CUPULA RADIAL   UNIDAD,UNIDAD,I
46268,SET DE DRENAJE  PERCUTANEO  12FR UNIDAD,UNIDAD,I
31751,MINIPLACA DE TITANIO L A LA IZQUIERDA 6 ORIFICIOS SISTEMA 1.6 mm   UNIDAD,UNIDAD,I
28804,PRUEBA RAPIDA PARA VIH  40 DET KIT,KIT,I
43353,HORMONA ESTRADIOL  100 DETERMINACIONES KIT,KIT,I
30265,CINTURON PELVICO SILECIANO   UNIDAD,UNIDAD,I
37396,ANTICUERPO ANTI CITOMEGALOVIRUS IgM  1 DET KIT,KIT,I
1924,CLARITROMICINA 250 mg/5 mL 50 mL SUSPENSION,SUSPENSION,M
33627,GUIA METALICA HIDROFILICA PUNTA RECTA 0.035 in X 1.80 m   UNIDAD,UNIDAD,I
48561,HOJA DESCARTABLE Nº 3D PARA VIDEO LARINGOSCOPIO   UNIDAD,UNIDAD,I
38337,INDICADOR MULTIPARAMETRO (INTEGRADOR) DE ESTERILIZACION PARA AUTOCLAVE   UNIDAD,UNIDAD,I
2484,VITAMINA B - COMPLEJO  2 mL INYECTABLE,INYECTABLE,M
30206,SISTEMA LIBERACION ESPIRAL DE 3.5 mm X 110 cm   UNIDAD,UNIDAD,I
30006,FRASCO DE VIDRIO COLOR AMBAR CON TAPA 100 mL   UNIDAD,UNIDAD,I
44221,OXIGENO MEDICINAL GAS COMPRIMIDO 99 % m3 GAS,GAS,M
52160,KIT DE REACTIVOS PARA ELECTROLITOS EN SANGRE  DET UNIDAD,UNIDAD,I
42088,TELA NO TEJIDA PARA ESTERILIZACION 90 cm X 90 cm DE 60 g X 250 PLIEGOS  UNIDAD UNIDAD,UNIDAD,I
32818,PROTESIS TOTAL DE REVISION DE RODILLA   UNIDAD,UNIDAD,I
39925,FILTRO PARA HEMODIALISIS DE POLISULFONA 1.8 m2 - 1.9 m2   UNIDAD,UNIDAD,I
49102,HORMONA TESTOSTERONA TOTAL  DET UNIDAD,UNIDAD,I
36182,CLAVO ENDOMEDULAR DE TITANIO BLOQUEADO PARA FEMUR 12 mm X 38 cm   UNIDAD,UNIDAD,I
32040,SISTEMA PARA IDENTIFICACION + ANTIBIOGRAMA DE BACTERIAS GRAM NEGATIVAS   UNIDAD,UNIDAD,I
19115,SUTURA SEDA NEGRA TRENZADA  5/0 C/A  1/2 CIRCULO  REDONDA  15 mm x 75 cm   UNIDAD,UNIDAD,I
38291,CATETER DE DRENAJE TORAXICO 32 FR   UNIDAD,UNIDAD,I
20069,SONDA DE GASTROSTOMIA 18 FR   UNIDAD,UNIDAD,I
46367,EXTRACTO ESTANDARIZADO DE CANNABIDIOL (CBD/THC) CANNABIS SATIVA 10 % (100mg/ml) +/- 10 %   THC < 1 % 10 mL SOLUCION,SOLUCION,M
25544,FILTRO INTERCAMBIADOR DE CALOR Y HUMEDAD ADULTO PARA VENTILADOR PULMONAR MECANICO   UNIDAD,UNIDAD,I
10184,ALAMBRE KIRSCHNER 1.0 mm X 285 mm   UNIDAD,UNIDAD,I
21929,TIRA REACTIVA PARA GLUCOSA EN SANGRE  100 DET KIT,KIT,I
35395,TORNILLO DE BLOQUEO DE ACERO AUTORROSCANTE 3.5 mm X 28 mm   UNIDAD,UNIDAD,I
53750,LIMAS SET PARA ENDODONCIA Nº 10 DE 25 mm X 6   UNIDAD,UNIDAD,I
18702,SUTURA CATGUT CROMICO 2/0 C/A 1/2 CIRCULO CORTANTE 25 mm X 70 cm   UNIDAD,UNIDAD,I
41462,PRUEBA RAPIDA INMUNOCROMATOGRAFICA PARA DIAGNOSTICO DE SIFILIS  1 DET KIT,KIT,I
42691,TORNILLO CORTICAL 2.5 mm X 20 mm   UNIDAD,UNIDAD,I
40536,CANULA PARA TRAQUEOSTOMIA N° 2.5   UNIDAD,UNIDAD,I
42793,PLACA DE BLOQUEO 3.5 mm DE 9 AGUJEROS PARA TIBIA DISTAL MEDIAL IZQUIERDA   UNIDAD,UNIDAD,I
40219,ESPIRAL PARA EMBOLIZACION ENDOVASCULAR 5 mm X 15 cm CON REVESTIMIENTO DE HIDROGEL   UNIDAD,UNIDAD,I
36804,CATETER DE DRENAJE PERCUTANEO 6.3 FR   UNIDAD,UNIDAD,I
39650,FRESA PARA CRANEOTOMO DE ACERO PARA PERFORACION Y DESBASTE TIPO REDONDA DIAMANTADA DE 2.0 mm x 7 cm   UNIDAD,UNIDAD,I
39573,PARCHE CARDIOVASCULAR DE PTFE 0.5 mm x 6 cm x 6 cm   UNIDAD,UNIDAD,I
44877,BOTA DE COMPRESION SECUENCIAL HASTA EL MUSLO TALLA L   UNIDAD,UNIDAD,I
44600,KIT PCR EN TIEMPO REAL PARA CUANTIFICACION DE CARGA VIRAL DE HEPATITIS C  10 DETERMINACIONES UNIDAD,UNIDAD,I
51882,FILTRO DIALIZADOR DE ALTO FLUJO DE MEMBRANA SINTETICA 2.1 m2   UNIDAD,UNIDAD,I
32968,CATETER URETERAL DOBLE J 4.6 FR X 26 cm   UNIDAD,UNIDAD,I
43971,TRAJE DESCARTABLE PARA PROTECCION TIPO MAMELUCO EN TELA NO TEJIDA DE POLIETILENO DE ALTA DENSIDAD TALLA L   UNIDAD,UNIDAD,I
30530,MASCARA DE ANESTESIA DESCARTABLE Nº 0   UNIDAD,UNIDAD,I
26086,PRUEBA RAPIDA PARA DETECTAR CUERPOS REDUCTORES EN HECES  1 DET KIT,KIT,I
44832,INJERTO DE TEJIDO OSEO ESPONJOSO CHIPS 10 mL   UNIDAD,UNIDAD,I
43547,SUTURA SEDA NEGRA TRENZADA 0 C/A 1/2 CIRCULO REDONDA 26 mm X 75 cm   UNIDAD,UNIDAD,I
35672,PROTESIS OCULAR   UNIDAD,UNIDAD,I
20565,SUTURA SEDA NEGRA TRENZADA 0 C/A 1/2 CIRCULO REDONDA 35 mm X 75 cm   UNIDAD,UNIDAD,I
53429,VIDEOENDOSCOPIO DESCARTABLE 2.2/0.0 mm DE UN SOLO USO   UNIDAD,UNIDAD,I
476,SIMETICONA 80 mg  TABLETA,TABLETA,M
34624,FLUORESCEINA SODICA  100 g POLVO,POLVO,I
32158,GLUCOSA ANHIDRIDA  1 Kg SOLUCION,SOLUCION,I
25144,"TUBO DE LATEX PARA LIGADURAS Y EXTENSION 1/4"" X 3/32"" X 15 m   UNIDAD",UNIDAD,I
4134,IOPROMIDA 300 mg I/mL 100 mL INYECTABLE,INYECTABLE,M
31422,PIE SACH DERECHO UNISEX TALLA 21 COLOR BEIGE   UNIDAD,UNIDAD,I
46441,AGAR CROMOGENICO PARA ORINA  25 L UNIDAD,UNIDAD,I
28161,BOLSA DE REANIMACION DE OXIGENO PARA RESUCITADOR MANUAL ADULTO   UNIDAD,UNIDAD,I
36745,ESPARADRAPO DE PLASTICO HIPOALERGENICO 7.6 cm x 9.1 m Aprox   UNIDAD,UNIDAD,I
3064,ELETRIPTAN 40 mg  TABLETA,TABLETA,M
30532,SUPLEMENTO NUTRICIONAL  900 g POLVO,POLVO,I
42217,TORNILLO CORTICAL 2.4 mm X 12 mm   UNIDAD,UNIDAD,I
28612,MOMETASONA 50 ug/DOSIS 120 DOSIS AEROSOL,AEROSOL,M
38043,PLUMON MARCADOR PARA MATERIAL DE ESTERILIZACION   UNIDAD,UNIDAD,I
4856,MITOXANTRONA (COMO DICLORHIDRATO) 20 mg/10 mL 10 mL INYECTABLE,INYECTABLE,M
32763,POTE DE PLASTICO CON TAPA X 50 g   UNIDAD,UNIDAD,I
54743,MALLA DE POLIESTER MULTICAPA SEPARADORA DE TEJIDOS - 37 cm X 28 cm UNIDAD,UNIDAD,I
39000,"AGUJA PARA BIOPSIA PLEURAL REUSABLE 8 G X 3 1/2 ""   UNIDAD",UNIDAD,I
20022,ANTISUERO ANTI E. COLI ENTEROHEMORRAGICO 0157-H7  3 mL SOLUCION,SOLUCION,I
54063,ASA DE BOLA PARA RESECTOSCOPIO - 24 CHARR UNIDAD,UNIDAD,I
18103,LIDOCAINA CLORHIDRATO + EPINEFRINA 20 mg + 8 ug/mL 1.8 mL INYECTABLE,INYECTABLE,M
12575,TORNILLO CORTICAL 4.5 mm X 54 mm   UNIDAD,UNIDAD,I
43320,TUBO DE GASTROSTOMIA DE BOTON DE BAJO PERFIL Y DE REEMPLAZO 20 FR x 1.2 cm   UNIDAD,UNIDAD,I
10890,ANTICUERPO ANTI CITOMEGALOVIRUS IgG (MET ELISA)  96 DET KIT,KIT,I
33758,MASCARA CERRADA ELASTICA TALLA N° 8   UNIDAD,UNIDAD,I
35304,LAPIZ DEMOGRAFICO COLOR AZUL   UNIDAD,UNIDAD,I
24518,SUTURA DE POLIDIOXANONA 6/0 C/2A 1/2 CIRCULO REDONDA 13 mm X 70 mm   UNIDAD,UNIDAD,I
18864,AGAR SELECTIVO PARA ESTAFILOCO (BAIRD PARKER)  500 g SOLUCION,SOLUCION,I
54899,TREPANO CORNEAL DONANTE SIN VACIO DESCARTABLE - X 8.25 mm UNIDAD,UNIDAD,I
54448,KIT DE ROPA DESCARTABLE PARA PARTO - X 11 PIEZAS UNIDAD,UNIDAD,I
10900,ANTICUERPO ANTI RUBEOLA IgM   (MET ELISA)  96 DET KIT,KIT,I
21857,SOLUCION PARA DIALISIS PERITONEAL 4.25 % 5 L SOLUCION,SOLUCION,M
38438,PLACA LCP DE 10 AGUJEROS x 3.5 mm PARA TIBIA DISTAL IZQUIERDA   UNIDAD,UNIDAD,I
35525,"CONECTOR EN Y 1/4"" X 1/4"" X 1/4""   UNIDAD",UNIDAD,I
33412,PANTALONETA PIERNA CORTA ELASTICA TALLA N° 8   UNIDAD,UNIDAD,I
25543,"KIT PARA TRATAMIENTO DE HERIDAS (ESPONJA, LAMINA Y DISCO CON TUBO) MEDIANO   KIT",KIT,I
50011,FIBRA OPTICA DESCARTABLE 4.9/2.2 mm x 60 cm PARA BRONCOSCOPIO   UNIDAD,UNIDAD,I
32451,BROCA 3.2 mm X 145 mm   UNIDAD,UNIDAD,I
31121,GASA DE CELULOSA OXIDADA ABSORBIBLE NO TEJIDA MULTICAPAS ESTERIL 10 cm X 10 cm   UNIDAD,UNIDAD,I
30820,PROTESIS M.END.DESART.CADERA ACERO-ARTIC.CADERA MONOC.-RODILLA MONOC.-SILLIN PP-PIE SACH   UNIDAD,UNIDAD,I
37443,FACTOR REUMATOIDEO LATEX  150 DET KIT,KIT,I
23730,CATETER GUIA PARA ANGIOPLASTIA JL 6 FR 3.5 ASA   UNIDAD,UNIDAD,I
22306,PAPEL CREPADO 60 cm X 60 cm X 500 UNIDADES   UNIDAD,UNIDAD,I
22354,"AGUJA DE BIOPSIA DE PROSTATA, RENAL Y HEPATICA SEMIAUTOMATICA 18 G X 9 cm   UNIDAD",UNIDAD,I
18969,SONDA NASOYEYUNAL 100% SILICONA CON LASTRE 12 FR   UNIDAD,UNIDAD,I
32570,REMOVEDOR DE OXIDO Y CORROSION PARA INSTRUMENTAL QUIRURGICO  1 gal SOLUCION,SOLUCION,I
47606,SET DE CATETER DE DRENAJE SUPRAPUBICO 18 FR X 35 cm   UNIDAD,UNIDAD,I
39891,TUBO DE ASPIRACION PARA CATETER DE TROMBO ASPIRACION 2.24 mm x 285 cm   UNIDAD,UNIDAD,I
26924,SISTEMA DE PLACA DE BLOQUEO DE 6 AGUJEROS PARA MANDIBULA   UNIDAD,UNIDAD,I
53306,ESPIRAL PARA EMBOLIZACION ENDOVASCULAR 22 mm X 60 cm	   UNIDAD,UNIDAD,I
47488,SISTEMA DE PLACA DCP ANCHA DE 4.5 MM   UNIDAD,UNIDAD,I
30340,FERULA DE MIEMBRO SUPERIOR OPONENTE DEL PULGAR/ BARRA EN C -TOPE LUMBRICAL DE ORTHOPLAST   UNIDAD,UNIDAD,I
32772,RESINA PARA MONTAJE DE LAMINA X 500 mL   UNIDAD,UNIDAD,I
45730,GAMMA GLUTAMIL TRANSFERASA (GGT) X 120 DETERMINACIONES   UNIDAD,UNIDAD,I
46323,BOLSA  DE EXTRACCION PARA CIRUGIA ENDOSCOPICA  5 mm UNIDAD,UNIDAD,I
5086,NITROFURAL 200 mg/100 mL 1 L SOLUCION,SOLUCION,M
30225,PROTESIS DE MIEMBRO SUPERIOR DESARTICULADO DE CODO DE PP S/ACCESORIO TERMINAL-COPLE ARTICULADO   UNIDAD,UNIDAD,I
54469,EMPAQUE TIPO TYVECK PARA ESTERILIZACION POR PLASMA 10 cm - METRO UNIDAD,UNIDAD,I
44068,CHAQUETA DESCARTABLE TALLA XXL   UNIDAD,UNIDAD,I
43610,ANTICUERPO ANTI TREPONEMA PALLIDUM TOTAL ELISA  DETERMINACION UNIDAD,UNIDAD,I
32213,CATETER DE DRENAJE TORAXICO 28 FR + TROCAR   UNIDAD,UNIDAD,I
25395,CATETER BALON DE BAJO PERFIL 10 mm X 4.0 cm DE 5 FR X 135 cm   UNIDAD,UNIDAD,I
27090,CATETER BALON PARA ANGIOPLASTIA CORONARIA 1.5 mm X 20 mm   UNIDAD,UNIDAD,I
40593,SET DE COPA DELINEADORA DE FORNICES VAGINALES DESCARTABLE DE 3.0 cm PARA ELECTROCIRUGIA   UNIDAD,UNIDAD,I
29524,PLACA NEUTRA NEONATAL DESCARTABLE PARA ELECTROBISTURI   UNIDAD,UNIDAD,I
25339,"PLACA DE TITANIO ""L"" DERECHA 5 ORIFICIOS SISTEMA 1.5 mm   UNIDAD",UNIDAD,I
39667,CLAVO STEINMAN 5.0 mm x 250 mm   UNIDAD,UNIDAD,I
42270,CAPSULA DE GELATINA N° 1   UNIDAD,UNIDAD,I
52451,VITELINATO DE PLATA USP X 250 g  250 g UNIDAD,UNIDAD,I
53024,MESALAZINA PLV 1.5 g  GRANULOS,GRANULOS,M
24674,DISPOSITIVO DE INHALACION PARA VENTILADOR MECANICO   UNIDAD,UNIDAD,I
26861,FRESA PARA CRANEOTOMO DE ACERO PARA DRILADO TIPO ROSEN DE 2.3 mm   UNIDAD,UNIDAD,I
34744,DISTRACTOR PARA RECONSTRUCCION MANDIBULAR DERECHO E IZQUIERDO 4.5 cm   UNIDAD,UNIDAD,I
21030,TORNILLO DE TITANIO 1.5 mm X 7 mm   UNIDAD,UNIDAD,I
33757,MASCARA CERRADA ELASTICA TALLA N° 6   UNIDAD,UNIDAD,I
39514,FRESA QUIRURGICA CORTANTE 3.5 mm/70 mm   UNIDAD,UNIDAD,I
27407,MINIPLACA DE TITANIO RECTA 08 ORIFICIOS SISTEMA 1.5 mm   UNIDAD,UNIDAD,I
16616,IMPLANTE RETINAL DE ESPONJA DE SILICONA ASIMETRICA MODELO 276   UNIDAD,UNIDAD,I
19564,ADHESIVO TOPICO PARA LA PIEL (MONOMERO DE 2 - OCTIL - NOACRILATO)  0.5 mL UNIDAD,UNIDAD,I
32186,SONDA VESICAL 2 VIAS DESCARTABLE N° 18   UNIDAD,UNIDAD,I
21193,INTRODUCTOR 6 FR X 11 cm CON VALVULA ANTIREFLUJO   UNIDAD,UNIDAD,I
42956,ANTICUERPO MONOCLONAL PARA ACTINA DE MUSCULO LISO (A.M.L)  12 mL UNIDAD,UNIDAD,I
50683,TUBO PARA EXTRACCION DE SANGRE CON SISTEMA DE VACIO DE POLIETILENO TEREFTALATO (PET) DE 2 mL CON CITRATO DE SODIO   UNIDAD,UNIDAD,I
34471,MANDIL DESCARTABLE IMPERMEABLE NO ESTERIL TALLA ESTANDAR   UNIDAD,UNIDAD,I
25982,PAPEL MILIMETRADO PARA ELECTROCARDIOGRAMA 63 mm X 30 m   UNIDAD,UNIDAD,I
49921,ELECTRODO AGUJA MONOPOLAR PARA RADIOFRECUENCIA 7 cm X 18 G AGUJA CON PUNTA ACTIVA 7 mm   UNIDAD,UNIDAD,I
16695,REACTIVO DE COLESTEROL LDL DIRECTO   UNIDAD,UNIDAD,I
51571,OCLUSOR PERCUTANEO DE PERSISTENCIA DE DUCTUS ARTERIOSO 5FR X 3.5 mm   UNIDAD,UNIDAD,I
43590,SOLUCIONES PARA NUTRICION PARENTERAL  2.5 L INYECTABLE,INYECTABLE,M
51838,FORMULA SEMI ELEMENTAL PARCIALMENTE HIDROLIZADA CON GLUTAMINA 097900050424  UNIDAD,UNIDAD,I
36584,"SISTEMA DE 7 SEGMENTOS PARA COLOCACION DE ESPIRAL PARA EMBOLIZACION 0.017"" X 150 cm   UNIDAD",UNIDAD,I
32206,SET DE DILATADORES HEGAR X 8 PIEZAS   UNIDAD,UNIDAD,I
39521,PROTECTOR BUCAL DESCARTABLE TAMAÑO ESTANDAR   UNIDAD,UNIDAD,I
28660,CARTUCHO PARA ANALIZADOR DE GASES ARTERIALES Y ELECTROLITOS CG4+   UNIDAD,UNIDAD,I
51443,ESENCIA DE CEREZA USP  500 mL UNIDAD,UNIDAD,I
23028,SUTURA ACIDO POLIGLICOLICO 2/0 C/A 3/8 CIRCULO CORTANTE 30 mm X 70 cm   UNIDAD,UNIDAD,I
10638,CLAVO RUSH 3.2 mm X 15 cm.   UNIDAD,UNIDAD,I
22796,CATETER VENOSO CENTRAL DE INSERCION PERIFERICA UN LUMEN 3 FR X 30 cm   UNIDAD,UNIDAD,I
23101,TORNILLO MINICORTICAL 2.0 mm X 7 mm   UNIDAD,UNIDAD,I
53298,BOBINA DESMONTABLE DE EMPAQUE PARA EMBOLIZACION PERIFERICA ESTERIL X 45 cm   UNIDAD,UNIDAD,I
12784,FRASCO DE POLIESTIRENO TAPA A ROSCA PARA ORINA   UNIDAD,UNIDAD,I
39913,ESFINTEROTOMO TRIPLE LUMEN 5.8 FR X 30 mm   UNIDAD,UNIDAD,I
40288,RESINA FOTOCURABLE PARA CEMENTAR BRACKET (KIT)   UNIDAD,UNIDAD,I
23508,PLACA 1/3 DE TUBO 4 AGUJEROS X 3.5 mm   UNIDAD,UNIDAD,I
41909,FRESA PARA CRANEOTOMO REDONDA DE 6 CANALES DE 2.0 mm X 6.03 cm  UNIDAD UNIDAD,UNIDAD,I
22448,CANULA VENOSA ANGULADA Nº 12   UNIDAD,UNIDAD,I
26925,"SET DE ANESTESIA EPIDURAL CON AGUJA Nº 18 G X 3 1/4""   UNIDAD",UNIDAD,I
53405,GEL ABRASIVO PARA LIMPIEZA EN ELECTROENCEFALOGRAMA X 4 oz   UNIDAD,UNIDAD,I
25662,FILTRO BACTERIOLOGICO PARA ASPIRADOR DE SECRECIONES   UNIDAD,UNIDAD,I
50978,ANTICUERPO MONOCLONAL CD23 PARA INMUNOHISTOQUIMICA X 1 mL   UNIDAD,UNIDAD,I
52587,SUTURA CON PUAS UNIDIRECCIONAL MONOFILAMENTO VIOLETA 3/0 C/A 1/2 CIRCULO PUNTA CILINDRICA 17 mm X 15 cm   UNIDAD,UNIDAD,I
54168,ARCO DE ERICH DENTAURIOS  - UNIDAD,UNIDAD,I
23507,PLACA 1/3 DE TUBO 7 AGUJEROS X 3.5 mm   UNIDAD,UNIDAD,I
26247,VENDA ELASTICA ADHESIVA 10 cm X 4.5 m   UNIDAD,UNIDAD,I
50639,AUDIFONO RETROAURICULAR DIGITAL PROGRAMABLE DE GANANCIA ACUSTICA DE 30 - 50 dB 9 CANALES   UNIDAD,UNIDAD,I
44674,Linea de entrega de aire/BSS con conector PARA EQUIPO DE FACOEMULSIFICACION Y VITRECTOMIA   UNIDAD,UNIDAD,I
43542,ANILLO EXPANSOR DE IRIS CON INYECTOR DESCARTABLE 7.0 mm   UNIDAD,UNIDAD,I
22552,BOTA DE COMPRESION SECUENCIAL HASTA EL MUSLO TALLA MEDIANO   UNIDAD,UNIDAD,I
24526,VALVULA CARDIACA AORTICA BIOLOGICA Nº 21   UNIDAD,UNIDAD,I
17477,TUBO ENDOTRAQUEAL SIN GLOBO N° 2.5 F   UNIDAD,UNIDAD,I
39800,TREPANO CORNEAL BARRON DESCARTABLE 7.50 mm   UNIDAD,UNIDAD,I
24946,SUCEDANEO DE LA LECHE MATERNA PARA PREMATURO  363 g UNIDAD,UNIDAD,I
24452,TORNILLO DE BLOQUEO 4.5 mm X 30 mm   UNIDAD,UNIDAD,I
46078,AGAR CHROMO PARA UROCULTIVO  500 g UNIDAD,UNIDAD,I
31721,PUNTA DESCARTABLE 19.05 mm PARA TIJERA ENDOCUT   UNIDAD,UNIDAD,I
37545,PLACA LCP DE 10 AGUJEROS X 171 mm PARA TIBIA PROXIMAL MEDIAL DERECHA   UNIDAD,UNIDAD,I
26751,PRUEBA RAPIDA PARA HELICOBACTER PYLORI EN SUERO  30 DET KIT,KIT,I
28039,TRANSAMINASA GLUTAMICA PIRUVICA (TGP) CINETICA  150 DET KIT,KIT,I
39959,CATETER INTRACRANEAL DE SOPORTE DISTAL 6 FR X 105 cm   UNIDAD,UNIDAD,I
19340,SILICONA PESADA (USO DENTAL)  900 mL UNIDAD,UNIDAD,I
29157,LACOSAMIDA 100 mg  TABLETA,TABLETA,M
50374,APOSITO DE ALCOHOL POLIVINILICO PARA ABSORCION  20 cm X 30 cm   UNIDAD,UNIDAD,I
15326,CANULA ARTERIAL AORTICA N° 18   UNIDAD,UNIDAD,I
20495,RESERVORIO DE SUCCION TIPO PERA DE SILICONA DE 100 mL   UNIDAD,UNIDAD,I
25226,SUTURA ACIDO POLIGLACTIN 1 C/A 1/2 CIRCULO REDONDA 26 mm X 70 cm   UNIDAD,UNIDAD,I
31219,PLACA DE TITANIO RECTA 12 AGUJEROS SISTEMA 2.0 mm   UNIDAD,UNIDAD,I
15046,"AGUJA CARPULE DENTAL DESCARTABLE Nº 27 G X 1""   UNIDAD",UNIDAD,I
19834,TUBO EN T MONTGOMERY Nº 6   UNIDAD,UNIDAD,I
49609,CATETER PERCUTANEO CON INTRODUCTOR 6 FR X 45 cm   UNIDAD,UNIDAD,I
44695,CANULA ARTERIAL PARA OXIGENACION POR MEMBRANA EXTRACORPOREA (ECMO) UN LUMEN 10 FR   UNIDAD,UNIDAD,I
29343,HEMINA 25 mg/mL 10 mL INYECTABLE,INYECTABLE,M
34489,AUDIFONO DIGITAL PROGRAMABLE DE 60 - 80 dB   UNIDAD,UNIDAD,I
33116,PASTA CONDUCTORA PARA EXAMENES DE POTENCIALES EVOCADOS X 8 oz (ELECTROFISIOLOGIA)   UNIDAD,UNIDAD,I
30221,PROTESIS DE MIEMBRO SUPERIOR INTERESCAPULO TORAXICA DE POLIPROPILENO SIN ACCESORIO TERMINAL   UNIDAD,UNIDAD,I
50031,ARIPIPRAZOL 5 mg  TABLETA,TABLETA,M
55114,GUIA DE BIOPSIA PARA TRANSDUCTOR DE ECOGRAFO - - UNIDAD,UNIDAD,I
25149,CLIP DE TITANIO TIPO HORIZON L X 6   UNIDAD,UNIDAD,I
41670,FORMULA NUTRICIONAL ISOTONICA LIQUIDA COMPLETA BALANCEADA X 500 mL   UNIDAD,UNIDAD,I
11393,LANCETA ESTERIL DESCARTABLE   UNIDAD,UNIDAD,I
46693,TERBINAFINA CLORHIDRATO USP  100 G UNIDAD,UNIDAD,I
29401,CATETER GUIA PARA ANGIOPLASTIA CORONARIA DERECHA 6 FR X 100 cm N° 2   UNIDAD,UNIDAD,I
11860,SONDA DE SUCCION (aspiracion) Nº 12   UNIDAD,UNIDAD,I
21467,TUBO PARA EXTRACCION DE SANGRE CON SISTEMA DE VACIO DE POLIPROPILENO DE 2.7 mL CON CITRATO DE SODIO AL 3.8%   UNIDAD,UNIDAD,I
30339,FERULA DE MIEMBRO SUPERIOR ADAPTADOR UNIVERSAL DE ORTHOPLAST   UNIDAD,UNIDAD,I
42429,CATETER BALON PARA ANGIOPLASTIA PERIFERICA 8 mm X 4 cm DE 6 FR X 110 cm  UNIDAD UNIDAD,UNIDAD,I
41350,LANCETA DESCARTABLE RETRACTIL 28 G X 1.5 mm   UNIDAD,UNIDAD,I
33590,LIPASA CINETICA AUTOMATIZADA  1 DET KIT,KIT,I
19965,TORNILLO ESPONJOSO 3.5 mm X 26 mm   UNIDAD,UNIDAD,I
35031,MILTEFOSINA 50 mg  TABLETA,TABLETA,M
40318,SISTEMA DE FIJACION TRANSPEDICULAR DE TITANIO LUMBOSACRA   UNIDAD,UNIDAD,I
53466,CATETER DE TROMBOASPIRACION (ASPIRACION DE TROMBO) 8 FR X 105 cm   UNIDAD,UNIDAD,I
38569,AGUJA MONOPOLAR PARA ELECTROMIOGRAFIA (EMG) Nº 28 G x 37 mm   UNIDAD,UNIDAD,I
47804,CANULA ENDOLUMINAL (STENT) CORONARIA DE METAL 4 mm X 19 mm   UNIDAD,UNIDAD,I
25326,CATETER BALON INTRAORTICO 7.0 FR   UNIDAD,UNIDAD,I
22967,GUANTE QUIRURGICO ESTERIL EMPAQUE INDIV. Nº 8 PUÑO LARGO (PAR)   UNIDAD,UNIDAD,I
39331,CATETER INTRACRANEAL DE SOPORTE DISTAL 5 FR x 115 cm   UNIDAD,UNIDAD,I
49969,LINEA DE INFUSION CON BURETA PARA BOMBA DE INFUSION CON PROTECCION PARA MEDICAMENTOS FOTOSENSIBLES   UNIDAD,UNIDAD,I
10269,LECTINA ANTI A1  5 mL UNIDAD,UNIDAD,I
53170,CONO DE PAPEL Nº 15 X 6   UNIDAD,UNIDAD,I
32173,ELECTRODO DESCARTABLE TIPO AGUJA TRENZADO 28 G X 12 mm X 2 m PARA EQUIPO DE MONITOREO INTRAOPERATORIO   UNIDAD,UNIDAD,I
12672,REACTIVO DE TRANSAMINASA GLUTAMICA OXALACETICA (TGO)  200 DET KIT,KIT,I
12483,TECNECIO 99 mCi   SOLUCION,SOLUCION,M
3218,ESOMEPRAZOL 20 mg  TABLETA,TABLETA,M
41986,CLAVO STEINMAN 3.0 mm X 200 mm  UNIDAD UNIDAD,UNIDAD,I
44084,SUJETADOR DE VIA PERIFERICA TALLA L   UNIDAD,UNIDAD,I
45734,FIBRINOGENO  200 DETERMINACIONES KIT,KIT,I
52670,PAQUETE OFTALMOLOGICO ESTERIL  X 9 PIEZAS UNIDAD,UNIDAD,I
50536,LENTE INTRAOCULAR DIOPTRIA +22 CAMARA ANTERIOR NO PLEGABLE 3 PIEZAS   UNIDAD,UNIDAD,I
36368,FRESA PARA CRANEOTOMO DE ACERO PARA PERFORACION Y DESBASTE TIPO REDONDA DE 4.0 mm X 7 cm   UNIDAD,UNIDAD,I
15943,CLAVO STEINMAN PUNTA REDONDA 5.0 mm X 150 mm   UNIDAD,UNIDAD,I
39741,ESCOBILLA PARA CIRUJANO CON CERDAS SUAVES C/SOL.DES   UNIDAD,UNIDAD,I
44236,POTE DE PLASTICO CON TAPA Y CONTRATAPA x 60g   UNIDAD,UNIDAD,I
350,ALCOHOL POLIVINILICO (SOLUCION OFTALMICA) 14 mg/mL 15 mL SOLUCION,SOLUCION,M
23696,TORNILLO DCS DE 70 mm DE LONGITUD   UNIDAD,UNIDAD,I
45086,CARTUCHO DE ADSORCION DE CITOQUINAS X 300 mL   UNIDAD,UNIDAD,I
29193,KIT DE ROPA DESCARTABLE PARA CIRUGIA X 13 PIEZAS   KIT,KIT,I
43116,BROCA 1.6 mm X 6 mm   UNIDAD,UNIDAD,I
25300,ESFINTEROTOMO DE TRIPLE LUMEN PRE CURVADO 5.5 FR   UNIDAD,UNIDAD,I
38462,PLACA BICOLUMNAR DE ANGULO VARIABLE PARA RADIO DISTAL 5 AGUJEROS x 2.4 mm   UNIDAD,UNIDAD,I
30602,VACUNA  ANTIRRABICA DE USO VETERINARIO  CULTIVO CELULAR  10 DOSIS INYECTABLE,INYECTABLE,M
28828,TORNILLO BICORTICAL DE TITANIO AUTORROSCANTE 2.0 mm  X 8 mm   UNIDAD,UNIDAD,I
52281,IODURO DE SODIO I-131 37 A 7400 MBq (1 a 200 mCi)  TABLETA,TABLETA,M
23252,SUTURA DE ACIDO POLIGLICOLICO Nº3 C/A 1/2 CIRCULO REDONDO 30 mmX 70 cm   UNIDAD,UNIDAD,I
54390,PLACA DE BLOQUEO LCP DE TITANIO PARA HUMERO PROXIMAL DERECHO DE TITANIO 5 AGUJEROS - X 4.0/3.5 mm UNIDAD,UNIDAD,I
23081,SUTURA ACIDO POLIGLACTIN 6/0 C/A 3/8 CIRCULO CORTANTE 13 mm X 45 cm   UNIDAD,UNIDAD,I
49084,EMICIZUMAB 60mg/0.4mL 0.4mL INYECTABLE,INYECTABLE,M
32726,AGUJA KIRSCHNER 2.5 mm X 280 mm   UNIDAD,UNIDAD,I
17779,PAÑAL DESCARTABLE 10 UNIDADES   UNIDAD,UNIDAD,I
28254,PLACA ANGULADA DCS 95º 05 AGUJEROS   UNIDAD,UNIDAD,I
22023,PAPEL CREPADO 40 cm X 40 cm X 500 UNIDADES   UNIDAD,UNIDAD,I
30435,PRUEBA RAPIDA PARA VIH 1-2 Y SIFILIS  30 DET KIT,KIT,I
29263,TORNILLO CORTICAL 3.5 mm X 60 mm   UNIDAD,UNIDAD,I
22374,BOLSA DE DRENAJE DE UROSTOMIA ADULTO   UNIDAD,UNIDAD,I
54162,CONO DE GUTAPERCHA SET DE 0.35 mm CON CONICIDAD 4%  X 120 UNIDADES UNIDAD,UNIDAD,I
28443,MALLA PARA REPARACION DE PROLAPSO VAGINAL CON APLICACION DE ARPON A LIGAMENTO SACRO ESPINOSO   UNIDAD,UNIDAD,I
43167,FILTRO DE NUTRICION PARENTERAL 1.20 µM NEONATAL PARA SISTEMA TERNARIO DESCARTABLE   UNIDAD,UNIDAD,I
31653,BENFOTIAMINA 150 mg  TABLETA,TABLETA,M
35705,"CONECTOR EN Y 3/8"" X 3/8"" X 3/8"" CON LUER   UNIDAD",UNIDAD,I
40475,TORNILLO DE COMPRESION SIN CABEZA CANULADO AUTOPERFORANTE ROSCA TOTAL 3.5 mm x 3.6 mm x 26 mm   UNIDAD,UNIDAD,I
46827,ALIMENTO NUTRICIONAL ISOTONICO CON TCM PARA ADULTO  500 ML UNIDAD,UNIDAD,I
39728,FILTRO DE NUTRICION PARENTERAL 0.2 um PARA SISTEMA BINARIO DESCARTABLE   UNIDAD,UNIDAD,I
28440,TORNILLO DESLIZANTE DE 12.5 mm ROSCA 75 mm   UNIDAD,UNIDAD,I
26484,TORNILLO DE BLOQUEO 5.0 mm X 60 mm   UNIDAD,UNIDAD,I
40457,GUANTE PARA EXAMEN DESCARTABLE DE NITRILO CON POLVO TALLA S   UNIDAD,UNIDAD,I
40571,FILTRO PARA HEMODIALISIS DE 2.0 m2 - 2.1 m2   UNIDAD,UNIDAD,I
33568,INDICADOR QUIMICO EXTERNO DE ESTERILIZACION A PEROXIDO DE HIDROGENO X 60 yd   UNIDAD,UNIDAD,I
22726,SET INSTRUMENTAL QUIRURGICO PARA CIRUGIA MENOR X 9 PIEZAS   SET,SET,I
43771,CANASTILLA DE RECUPERACION DE 4 ALAMBRES 1.9 FR x 120 cm x 12 mm   UNIDAD,UNIDAD,I
41793,CATETER URETERAL PUNTA ABIERTA 3 FR X 70 cm   UNIDAD,UNIDAD,I
36336,GLUCOSA ANHIDRA USP X 1 kg   UNIDAD,UNIDAD,I
10815,DISCO DE SENSIBILIDAD DE AZTREONAM 30 µg  UNIDAD,UNIDAD,I
8075,FENITOINA SODICA 50 mg/mL 5 mL INYECTABLE,INYECTABLE,M
28486,PLACA DE COMPRESION Y BLOQUEO PARA PEQUEÑOS FRAGMENTOS DE LCP DE 7 AGUJEROS X 3.5 mm   UNIDAD,UNIDAD,I
42210,BOLSA DE TRANSFERENCIA DE PLASMA  X 350 mL	 UNIDAD,UNIDAD,I
12381,SUTURA SEDA NEGRA TRENZADA 6/0 C/A 3/8 CIRCULO CORTANTE 10 mm X 45 cm   UNIDAD,UNIDAD,I
30003,CAJA DE BIOSEGURIDAD DE CARTON X 7 L   UNIDAD,UNIDAD,I
16741,ESPONJA HEMOSTATICA DE COLAGENO 5 cm X 8 cm   UNIDAD,UNIDAD,I
43212,KIT RPR SIFILIS CON CONTROLES ( POSITIVO Y NEGATIVO)  X 100 DETERMINACIONES KIT,KIT,I
31520,AUDIFONO RETROAURICULAR DE GANANCIA ACUSTICA DE 50 - 90 dB   UNIDAD,UNIDAD,I
42060,TORNILLO ESPONJOSO 4.0 mm X 38 mm  UND UNIDAD,UNIDAD,I
25447,SITAGLIPTINA 100 mg  TABLETA,TABLETA,M
50995,RACK DE POLIPROPILENO RECTANGULAR CON 96 TIPS DE 100 µL a 1000 µL   UNIDAD,UNIDAD,I
54259,CLAVO INTRAMEDULAR DE TITANIO BLOQUEADO PARA FEMUR  11 mm X 40 cm UNIDAD,UNIDAD,I
34332,MICROTIPS 45º KELMAN 0.9 mm PARA EQUIPO ALCON (CURVA)   UNIDAD,UNIDAD,I
17553,"JERINGA DESCARTABLE DE INSULINA 1 mL CON AGUJA 25 G X 1""   UNIDAD",UNIDAD,I
33381,TOBILLERA ELASTICA N° 2   UNIDAD,UNIDAD,I
55446,AGUJA DE SEGURIDAD TIPO HUBER CON CANULA ROMA - N░ 22 G X 19 mm UNIDAD,UNIDAD,I
54268,COTON CON CINTA RADIOPACA  12.5 mm X 25 mm X 10 UNIDAD,UNIDAD,I
37199,CATETER DE DRENAJE PERCUTANEO 12 FR X 40 cm 32 ORIFICIOS DISTALES   UNIDAD,UNIDAD,I
25271,SIERRA DE GIGLI 50 cm   UNIDAD,UNIDAD,I
54262,AGUJA DESCARTABLE PARA NEUROESTIMULACION  20 G X 12 cm N/A,UNIDAD,I
44923,CANULA PARA GAS ARGON PARA BRONCOSCOPIA   UNIDAD,UNIDAD,I
22283,"TUBO EN ""T"" DE PLASTICO PARA OXIGENO   UNIDAD",UNIDAD,I
50547,ALMOHADILLA GEL DE POLIMERO 20.5 cm X 7.5 cm X 4.5 cm FORMA HERRADURA   UNIDAD,UNIDAD,I
30178,FORMULA POLIMERICA ALTA EN NITROGENO ISOTONICA  1 L UNIDAD,UNIDAD,M
2554,DANAZOL 200 mg  TABLETA,TABLETA,M
43606,DISCO DE SENSIBILIDAD DE CEFOPERAZONA + SULBACTAM 30 µg + 10 µg X 50   UNIDAD,UNIDAD,I
11783,COLORANTE SAFRANINA  1 L SOLUCION,SOLUCION,I
42198,SUTURA DE POLIETILENO MONOFILAMENTO 2 C/A 1/2 CIRCULO REDONDA 26.5 mm X 96.5 cm   UNIDAD,UNIDAD,I
32002,SUTURA DE ACERO PARA MARCAPASO 2/0 C/A 1/2 CIRCULO RECTA 25 mm X 60 cm   UNIDAD,UNIDAD,I
41674,LANCETA DESCARTABLE NO RETRACTIL 21 G   UNIDAD,UNIDAD,I
35902,BROCA 2.5 mm X 221 mm   UNIDAD,UNIDAD,I
38078,COLORANTE AZUL BRILLANTE 500 µg/mL 1.0 mL UNIDAD,UNIDAD,I
18132,RETINOL (COMO PALMITATO) 100000 UI  TABLETA,TABLETA,M
24782,PLATINA DE VIDRIO 15 cm X 10 cm   UNIDAD,UNIDAD,I
30281,PROTESIS M.END. BK (TRANSTIBIAL) SOCKET DE RESINA - PIE SACH (ADULTO)   UNIDAD,UNIDAD,I
30609,CATETER BALON DILATADOR DE ESOFAGO 8 mm - 9 mm - 10 mm DE DIAMETRO X 5.5 cm X 180 cm   UNIDAD,UNIDAD,I
24555,SUTURA DE POLIPROPILENO AZUL MONOFILAMENTO 5/0 C/A 3/8 CIRCULO REDONDA 9.3 mm X 75 cm   UNIDAD,UNIDAD,I
24124,SUTURA DE POLIDIOXANONA 1 C/A 1/2 CIRCULO REDONDA 70 mm X 244 cm   UNIDAD,UNIDAD,I
35341,SUPLEMENTO NUTRICIONAL PEDIATRICO CON VITAMINA A + VITAMINA D3 + OMEGA 3  60 mL SOLUCION,SOLUCION,M
41851,SONDA DE ALIMENTACION DE CLORURO DE POLIVINILO 16 FR   UNIDAD,UNIDAD,I
19221,L-GLUTAMINA + MALTODEXTRINA + LACTOBACILLUS REUTERI 10 g + 5 g + 100000000 UFC 15 g POLVO,POLVO,M
38257,GRUPO SANGUINEO ABO-RH GLOBULAR Y SERICO  1 DET KIT,KIT,I
30269,SOPORTE TERMOPLASTICO ORTETICO-TOBILLO-PIE (OTP) POSTURAL PARA NIÑO   UNIDAD,UNIDAD,I
54392,LAURIL ETER SULFATO DE SODIO 70% - X 1 Kg UNIDAD,UNIDAD,I
20053,SET DE FIJACION TRANSPENDICULAR PARA COLUMNA VERTEBRAL   UNIDAD,UNIDAD,I
36695,ANTICUERPO MONOCLONAL PARA KI 67 (MIB-1) X 6 mL   UNIDAD,UNIDAD,I
25579,SONDA VESICAL 2 VIAS DE SILICONA DE LARGA PERMANENCIA Nº 14   UNIDAD,UNIDAD,I
33226,SUERO ANTILATRODECTICO 500 DL50/mL 2 mL INYECTABLE,INYECTABLE,M
25591,SUTURA NAILON AZUL MONOFILAMENTO 1/0 C/A 1/2 CIRCULO REDONDA 40 mm X 75 cm   UNIDAD,UNIDAD,I
28460,PUNTA DE ASPIRACION LARGA CURVA DE 1.9 mm ANGULO 20° PRECISION PARA ASPIRADOR ULTRASONICO   UNIDAD,UNIDAD,I
26953,AIRE MEDICINAL  m3 GAS,GAS,M
10321,COLORANTE AZUL DE METILENO  25 g UNIDAD,UNIDAD,I
29861,KIT DE ROPA DESCARTABLE PARA CIRUGIA TALLA L X 2 PIEZAS   KIT,KIT,I
30440,YODURO DE POTASIO USP  1 Kg UNIDAD,UNIDAD,I
44678,SET DE INYECCION/EXTRACCION DE SILICONA CON CANULA VISCO UNIVERSAL PARA EQUIPO DE FACOEMULSIFICACION Y VITRECTOMIA   UNIDAD,UNIDAD,I
19575,CLAVO ENDOMEDULAR DE TITANIO 2.5 mm   UNIDAD,UNIDAD,I
48291,FOSFATASA ALCALINA X 300 DETERMINACIONES  X 300 DETERMINACIONES UNIDAD,UNIDAD,I
27412,SUTURA SEDA NEGRA TRENZADA 7/0 C/2A 3/8 CIRCULO ESPATULADA 6.5 mm X 76 cm   UNIDAD,UNIDAD,I
27675,SUCEDANEO DE LA LECHE MATERNA PARA PREMATURO  400 g POLVO,POLVO,I
33106,HOJA DESCARTABLE Nº 1 PARA LARINGOSCOPIO   UNIDAD,UNIDAD,I
39029,SONDA DE ALIMENTACION DE CLORURO DE POLIVINILO 10 FR   UNIDAD,UNIDAD,I
40211,TORNILLO DE COMPRESION SIN CABEZA CANULADO AUTOPERFORANTE ROSCA TOTAL 2.5 mm x 2.8 mm x 20 mm   UNIDAD,UNIDAD,I
44294,SABANA DESCARTABLE IMPERMEABLE 1.60 m X 2.30 m   UNIDAD,UNIDAD,I
24289,PLACA DE RECONSTRUCCION MANDIBULAR DE 22 AGUJEROS X 2.4 mm   UNIDAD,UNIDAD,I
29877,ACIDO RETINOICO USP  100 g UNIDAD,UNIDAD,I
53021,SUCEDANEO DE LA LECHE MATERNA CON HIERRO POLVO  350 g POLVO,POLVO,I
40674,RECIPIENTE DE PLASTICO CON FORMALDEHIDO 4% ENCAPSULADO 20 mL PARA MUESTRA DE 1 cm3   UNIDAD,UNIDAD,I
47757,INMOVILIZADOR DE EXTREMIDADES CON ANILLO DE SEGURIDAD 168 cm   UNIDAD,UNIDAD,I
12732,TUBO ENDOTRAQUEAL CON GLOBO (CUFF) N° 5.5 F   UNIDAD,UNIDAD,I
54880,CK TOTAL (CREATINA FOSFOQUINASA) - X 50 DETERMINACIONES UNIDAD,UNIDAD,I
28237,IMPLANTE FEMORALES STANDARD PARA FIJACION DISTAL ROSCADA LARGA DE DIAMETRO X 4.8 mm x 404 mm   UNIDAD,UNIDAD,I
31767,CITRATO DE SODIO USP  1 Kg SOLUCION,SOLUCION,I
19268,SUTURA CATGUT SIMPLE 1 C/A 1/2 CIRCULO REDONDA 40 mm X 100 cm   UNIDAD,UNIDAD,I
31775,PAÑAL DESCARTABLE TIPO CALZON PARA ADULTO TALLA S   UNIDAD,UNIDAD,I
48590,ANTIGENO BRUCELLAS ABORTUS PARA PRUEBA DE ROSA DE BENGALA  100 DET UNIDAD,UNIDAD,I
22139,TORNILLO DE BLOQUEO 2.0 mm x 18 mm   UNIDAD,UNIDAD,I
39926,FILTRO PARA HEMODIALISIS DE POLISULFONA 2.1 m2   UNIDAD,UNIDAD,I
39026,SONDA DE ALIMENTACION DE CLORURO DE POLIVINILO 5 FR   UNIDAD,UNIDAD,I
40112,SET DE CATETER DE DRENAJE SUPRAPUBICO 16 FR X 35 cm   UNIDAD,UNIDAD,I
43290,SODIO LAURIL SULFATO USP  X 100 g UNIDAD,UNIDAD,I
22488,BROCA DE 2.0 mm DE DIAMETRO X 70 mm   UNIDAD,UNIDAD,I
22397,SUTURA NAILON AZUL MONOFILAMENTO 2/0 C/A 1/2 CIRCULO CORTANTE 25 mm X 75 cm   UNIDAD,UNIDAD,I
28918,CANULA ENDOLUMINAL (STENT) CORONARIA DE METAL MEDICADA 2.75 mm X 29 mm   UNIDAD,UNIDAD,I
37577,ANTIGENO SEROLOGICO RPR  500 DET KIT,KIT,I
40789,PLACA DCP 3.5 mm 8 AGUJEROS   UNIDAD,UNIDAD,I
43707,INTRODUCTOR VASCULAR 14 FR X 65 cm   UNIDAD,UNIDAD,I
11938,SUTURA CUTANEA ADHESIVA 6 mm X 100 mm   UNIDAD,UNIDAD,I
36756,FORMALDEHIDO 40% 20 L UNIDAD,UNIDAD,I
40561,CATETER HIDROFILICO PARA CATETERISMO INTERMITENTE N° 12   UNIDAD,UNIDAD,I
28343,VITELINATO DE PLATA USP  1 g UNIDAD,UNIDAD,I
28514,CLAVO KUNTSCHER 8 mm X 260 mm   UNIDAD,UNIDAD,I
21115,MANGA DE POLIETILENO 30 cm X 60 m   UNIDAD,UNIDAD,I
23482,AGUJA DE ASPIRACION DE MEDULA OSEA Nº 14 G X 40 mm   UNIDAD,UNIDAD,I
18955,MANTA TERMICA PEDIATRICO 0.91 m X 0.84 m   UNIDAD,UNIDAD,I
42943,ESPACIADOR INTERVERTEBRAL LUMBAR TRANSFORAMINAL DE POLIETERETERCETONA 8 mm  UNIDAD UNIDAD,UNIDAD,I
53379,REACTIVO ANTI COAGULANTE LUPICO  10 DET UNIDAD,UNIDAD,I
25136,MASCARA LARINGEA DESCARTABLE Nº 2   UNIDAD,UNIDAD,I
48272,TUBERIA PRINCIPAL DE PVC PARA BOMBA DE ARTROSCOPIA X 16 ft   UNIDAD,UNIDAD,I
31774,KIT DE ROPA DESCARTABLE PARA CIRUGIA X 10 PIEZAS   KIT,KIT,I
46880,"PRUEBA RAPIDA DE DIAGNOSTICO IN VITRO PARA DETECCION DE CARBAPENEMASA TIPO KPC, NDM, VIM Y OXA-48 X  20 DETER-CORIS KIT",KIT,I
22068,BROCA 2.8 mm X 165 mm CON TOPE   UNIDAD,UNIDAD,I
50911,SOLUCIONES PARA NUTRICION PARENTERAL TOTAL CON AMINOACIDOS PARA INSUFICIENCIA RENAL 7% 2 L INYECTABLE,INYECTABLE,M
31500,VENDA ELASTICA ADHESIVA 7.5 cm X 4.5 m   UNIDAD,UNIDAD,I
48383,ADHESIVO FOTOCURABLE DE RESINA X 5 mL   UNIDAD,UNIDAD,I
25467,FRESA PARA CRANEOTOMO DE ACERO PARA PERFORACION TIPO REDONDA DE 13mm X 9 mm   UNIDAD,UNIDAD,I
21217,CANULA PARA TRAQUEOSTOMIA Nº 5 CON BALON   UNIDAD,UNIDAD,I
29086,DURAMADRE BIOLOGICA ADHESIVA 7.5 cm X 7.5 cm   UNIDAD,UNIDAD,I
34573,DESPARAFINIZANTE Y ACLARANTE PARA HISTOPATOLOGIA X 1 L   UNIDAD,UNIDAD,I
31429,PIE SACH DERECHO UNISEX TALLA 24 COLOR BEIGE   UNIDAD,UNIDAD,I
37247,CATETER GUIA PARA ANGIOPLASTIA CLS 6 FR X 3.5 mm   UNIDAD,UNIDAD,I
15577,CATETER EPIDURAL Nº 18   UNIDAD,UNIDAD,I
22242,CEMENTO POLICARBOXILATO (POLVO-LIQUIDO)  25 g/17 mL KIT,KIT,I
51194,ESPIRAL PARA EMBOLIZACION ENDOVASCULAR 10 mm X 20 cm   UNIDAD,UNIDAD,I
11052,FORMOL (FORMALDEHIDO) 40% 120 mL SOLUCION,SOLUCION,I
47823,FACTOR DE COAGULACION VIII   UNIDAD,UNIDAD,I
39090,SUTURA DE POLIPROPILENO AZUL MONOFILAMENTO 5/0 C/DOBLE AGUJA 1/2 REDONDA 18 mm x 75 cm   UNIDAD,UNIDAD,I
29220,MALLA TUBULAR ELASTICA PARA EXTREMIDADES GRANDES Y CABEZA PEQUEÑA   UNIDAD,UNIDAD,I
50685,ASA DE SIEMBRA DE NICRON EN PUNTA DE 65 mm DE LONGITUD   UNIDAD,UNIDAD,I
24554,SUTURA DE POLIPROPILENO AZUL MONOFILAMENTO 5/0 C/DOBLE AGUJA 1/2 CIRCULO REDONDA 17 mm X 75 cm   UNIDAD,UNIDAD,I
43381,ESPIGA EN CRUZ PARA NUTRIENTE ENTERAL CON SISTEMA CERRADO   UNIDAD,UNIDAD,I
31778,CATETER BALON DILATADOR DE ESOFAGO 6 mm - 7 mm - 8 mm DE DIAMETRO X 5.5 cm X 180 cm   UNIDAD,UNIDAD,I
24388,TORNILLO CORTICAL 3.5 mm X 45 mm   UNIDAD,UNIDAD,I
28901,TRAVOPROST  (SOLUCION OFTALMICA) 40 ug/mL 3 mL SOLUCION,SOLUCION,M
23152,SUTURA ACIDO POLIGLACTIN 5/0 C/A 3/8 CIRCULO CORTANTE 19 mm X 70 cm   UNIDAD,UNIDAD,I
22872,IONOMERO DE VIDRIO FOTOCURABLE PARA BASE (POLVO - LIQUIDO 5 g/2.5 mL)   KIT,KIT,I
24357,TORNILLO DE INTERFERENCIA  8 mm X 25 mm UNIDAD,UNIDAD,I
23024,INMUNOGLOBULINA ANTITIMOCITICA ORIGEN EQUINO 50 mg/mL 5 mL INYECTABLE,INYECTABLE,M
29316,CUCHILLA DE VITRECTOMIA CAMARA ANTERIOR PARA EQUIPO INFINITI   UNIDAD,UNIDAD,I
54267,COTON CON CINTA RADIOPACA  12.5 mm X 12.5 mm X 10 UNIDAD,UNIDAD,I
44692,ASA CALIBRADA 0.001 mL DESCARTABLE X 10   UNIDAD,UNIDAD,I
43011,HEMOFILTRO PARA TERAPIA DE REEMPLAZO RENAL CONTINUA 1.5 m2  UNIDAD UNIDAD,UNIDAD,I
42634,PLACA DE BLOQUEO 3.5 mm DE 9 AGUJEROS PARA TIBIA DISTAL MEDIAL DERECHA  UNIDAD UNIDAD,UNIDAD,I
29860,KIT DE ROPA DESCARTABLE PARA CIRUGIA TALLA M X 2 PIEZAS   KIT,KIT,I
42854,TOXOPLASMA GONDII IgM  AUTOMATIZADO  X 1 DETERMINACION UNIDAD,UNIDAD,I
39960,MICROCATETER 1.2 FR x 165 cm   UNIDAD,UNIDAD,I
36432,MENTOL Q.P.  1 Kg UNIDAD,UNIDAD,I
27602,AGUJA KIRSCHNER CON PUNTA TROCAR 2.0 mm x 150 mm   UNIDAD,UNIDAD,I
27863,TORNILLO DE BLOQUEO 3.9 mm X 34 mm   UNIDAD,UNIDAD,I
36938,INDICADOR INTERNO DE ESTERILIZACION A GAS OXIDO DE ETILENO   UNIDAD,UNIDAD,I
35634,FRESA PARA TREPANACION CRANEAL DE ACERO 6 mm DE DIAMETRO   UNIDAD,UNIDAD,I
40790,PLACA DE BLOQUEO PARA TIBIA MEDIA PROXIMAL DE 6 AGUJEROS X 4.5 mm   UNIDAD,UNIDAD,I
20684,CANULA PARA TRAQUEOSTOMIA Nº 3.5 X 40 mm   UNIDAD,UNIDAD,I
51892,KIT DE RT-PCR EN TIEMPO REAL PARA LA DETECCION DE VIRUS INFLUENZA Y SUBTIPOS   UNIDAD,UNIDAD,I
18484,SUTURA SEDA NEGRA TRENZADA 2/0 C/A 1/2 CIRCULO CORTANTE 35 mm X 75 cm   UNIDAD,UNIDAD,I
48447,MICROCATETER 2.1 FR X 1.55 m   UNIDAD,UNIDAD,I
37764,HIERRO PROTEINSUCCINILATO 800 mg (Equiv. 40 mg Fe3+)/15 mL 15 mL SOLUCION,SOLUCION,M
50227,FORMULA POLIMERICA PARA PACIENTE CON INSUFICIENCIA HEPATICA  91 g POLVO,POLVO,M
32162,ACIDO TRICLOROACETICO P.A.  1 Kg UNIDAD,UNIDAD,I
25519,TORNILLO DE TITANIO AUTORROSCANTE 2.7 mm X 10 mm   UNIDAD,UNIDAD,I
29796,AGUJA DE ACUPUNTURA DESCARTABLE 3''   UNIDAD,UNIDAD,I
23067,AGUJA KIRSCHNER CON PUNTA ESPATULA 2 mm X 150 mm   UNIDAD,UNIDAD,I
23372,ESPARADRAPO HIPOALERGICO PLASTIFICADO 5 Cm X 9.1 m   UNIDAD,UNIDAD,I
20637,DREN TIPO BLAKE Nº 19   UNIDAD,UNIDAD,I
53648,APLICADOR PARA ENDOSCOPIA 2.5 mm X 240 cm   UNIDAD,UNIDAD,I
37957,APLICADOR LAPAROSCOPICO DE CLIPS VASCULAR TIPO HEM-O- LOK XL   UNIDAD,UNIDAD,I
15352,CANULA PARA TRAQUEOSTOMIA Nº 5 CON CAMISA   UNIDAD,UNIDAD,I
33166,"MINIPLACA DE TITANIO ""L"" A LA IZQUIERDA 4 ORIFICIOS SISTEMA 2.00 mm   UNIDAD",UNIDAD,I
22993,SUTURA SEDA NEGRA TRENZADA MULTIEMPAQUE 4/0 S/A 10 X 75 cm   UNIDAD,UNIDAD,I
46829,TORNILLO CANULADO 7.0 mm ROSCA DISTAL 32 mm X 75 mm   UNIDAD,UNIDAD,I
26049,TUBO DE WINTROBE DE VIDRIO DE ESCALA 0 - 100 mm PARA VELOCIDAD SEDIMENTACION GLOBULAR DE HEMATOLOGIA   UNIDAD,UNIDAD,I
42245,APOSITO DE ESPUMA HIDROFILICA (POLIURETANO) ADHESIVO ESTERIL 5.5 cm X 12 cm   UNIDAD,UNIDAD,I
29590,MINIPLACA DE TITANIO EN L A LA DERECHA 7 AGUJEROS SISTEMA 2.0 mm   UNIDAD,UNIDAD,I
26305,SUPLEMENTO I THAYER MARTIN X 500 mL (CAJA X 10 FRASCOS)   UNIDAD,UNIDAD,I
30158,CLIP DE TITANIO PARA COSTILLA DERECHO 45° X 19 mm   UNIDAD,UNIDAD,I
35413,SET DE TUBULADURAS PEDIATRICO X 20 PIEZAS   UNIDAD,UNIDAD,I
43029,PLACA LCP DE 5 AGUJEROS X 2.4 mm PARA RADIO DISTAL  UNIDAD UNIDAD,UNIDAD,I
30942,PLACA DHS 135º 4 AGUJEROS   UNIDAD,UNIDAD,I
36377,SUTURA NAILON NEGRO MONOFILAMENTO 4/0 C/A 3/8 CIRCULO CORTANTE 24 mm X 45 cm   UNIDAD,UNIDAD,I
32418,SENSOR DE SATURACION DE OXIGENO NEONATAL DESCARTABLE PARA MONITOR MULTIPARAMETRO   UNIDAD,UNIDAD,I
37611,TORNILLO ESPONJOSO 6.5 mm ROSCA DISTAL 16 mm X 65 mm   UNIDAD,UNIDAD,I
22787,SOLUCION MULTIACCION PARA LENTE DE CONTACTO BLANDO  120 mL UNIDAD,UNIDAD,I
30531,SUSTITUTO SINTETICO OSEO DE GRANULOS DE CRISTAL BIOACTIVO DE 1.0-2.0 mm X 10 cc   UNIDAD,UNIDAD,I
20717,SET DE MONITOREO HEMODINAMICO CON DOMO   UNIDAD,UNIDAD,I
49155,CATETER PERCUTANEO CON INTRODUCTOR  1.9 FR X 30 cm UNIDAD,UNIDAD,I
43175,DETERGENTE LIQUIDO NEUTRO  X 3.78 L APROX  1L UNIDAD,UNIDAD,I
5547,MACROGOL 3350 (POLIETILENGLICOL 3350) COMBINACIONES  110 g POLVO,POLVO,M
23570,COLLARIN CERVICAL RIGIDO PARA ADULTO   UNIDAD,UNIDAD,I
34412,"TUBO DE ASPIRACION TRANSPARENTE 9/32"" X 3.6 m   UNIDAD",UNIDAD,I
34685,SUTURA NAILON AZUL MONOFILAMENTO 2/0 C/A 1/2 CiRCULO CORTANTE 30 mm X 75 cm   UNIDAD,UNIDAD,I
31345,CATETER DE DRENAJE TORAXICO 32 FR + TROCAR   UNIDAD,UNIDAD,I
20277,SISTEMA DE PLACA DE BLOQUEO PARA CADERA PEDIATRICA 3.5 mm   UNIDAD,UNIDAD,I
30872,RETRACTOR DE IRIS TIPO GRIESHABER   UNIDAD,UNIDAD,I
5330,PARACETAMOL 250 mg  SUPOSITORIO,SUPOSITORIO,M
30747,MICROCATETER 2.5 FR X 1.50 m   UNIDAD,UNIDAD,I
30345,MANOPLA DORSAL CORTA DE PVC   UNIDAD,UNIDAD,I
41504,PIRITIONATO DE ZINC  GRAMO UNIDAD,UNIDAD,I
18014,VALVULA DERIVACION VENTRICULO PERITONEAL PRESION MEDIA PEDIATRICO   UNIDAD,UNIDAD,I
27374,CONECTOR DE TITANIO TRANSVERSAL DE PERFIL BAJO 34 mm PARA BARRA DE DIAMETRO 6 mm   UNIDAD,UNIDAD,I
33608,MUÑEQUERA CON FIJACION A DEDO PULGAR ELASTICA TALLA N° 2   UNIDAD,UNIDAD,I
23645,TORNILLO CORTICAL 2.4 mm X 18 mm   UNIDAD,UNIDAD,I
39147,SONDA DE ASPIRACION BUCAL TIPO NAVITIPS 21 mm   UNIDAD,UNIDAD,I
32584,PELICULA RADIOGRAFICA DENTAL ADULTO   UNIDAD,UNIDAD,I
41985,FACTOR IX DE COAGULACION HUMANA 1000 UI INY   INYECTABLE,INYECTABLE,M
45640,TORNILLO PEDICULAR MULTIAXIAL DE TITANIO CANULADO 7.5 mm X 35 mm   UNIDAD,UNIDAD,I
18501,ACEITE MINERAL  1 L SOLUCION,SOLUCION,I
22199,ADAPTADOR DE CATETER PARA DIALISIS PERITONEAL X 2 PIEZAS   UNIDAD,UNIDAD,I
38565,BALON DILATADOR DE EXPANSION RADIAL CONTROLADA DE 18 mm / 19 mm / 20 mm   UNIDAD,UNIDAD,I
34726,DISCO DE SENSIBILIDAD DE BACITRACINA 0.04 µg 50 DISCOS UNIDAD,UNIDAD,I
44054,SABANA DESCARTABLE NO ESTERIL DE TELA NO TEJIDA 1.50 m X 2.00 m   UNIDAD,UNIDAD,I
35232,ESFINTEROTOMO DE PRECORTE DOBLE LUMEN 5 FR X 7 mm   UNIDAD,UNIDAD,I
36261,PINZA DE BIOPSIA PARA COLONOSCOPIA SIN AGUJA X 230 cm DE LONGITUD   UNIDAD,UNIDAD,I
31868,SENSOR PEDIATRICO (<40 kg) DE OXIMETRIA REGIONAL CEREBRAL/SOMATICA PARA MONITOR DE ACTIVIDAD CEREBRAL   UNIDAD,UNIDAD,I
44496,CREMA HUMECTANTE PARA BEBE  12 g APROX. CREMA,CREMA,I
4185,KANAMICINA (COMO SULFATO) 1 g  INYECTABLE,INYECTABLE,M
30967,CLIP DE ANEURISMA PERMANENTE FENESTRADO CON ANGULO 90º 9 mm   UNIDAD,UNIDAD,I
19705,ADALIMUMAB 40 mg 0.8 mL INYECTABLE,INYECTABLE,M
30828,HISOPO DE ALGODON PARA SECRECIONES X 100   UNIDAD,UNIDAD,I
38325,CONTENEDOR DE POLIPROPILENO DE BIOSEGURIDAD DE 11.5 L   UNIDAD,UNIDAD,I
18060,LEVOSULPIRIDA 25 mg 2 mL INYECTABLE,INYECTABLE,M
23268,TUBO EN T MONTGOMERY Nº 7   UNIDAD,UNIDAD,I
51570,OCLUSOR DE COMUNICACION INTERAURICULAR (CIA) Nº 16.5   UNIDAD,UNIDAD,I
39304,PLACA DE BLOQUEO PARA TIBIA DISTAL DE 6 AGUJEROS x 3.5 mm   UNIDAD,UNIDAD,I
38069,CEPA STAPHYLOCOCCUS AUREUS SUBSP. AUREUS ATCC 25923   UNIDAD,UNIDAD,I
25691,TERMOMETRO DIGITAL ORAL RECTAL Y AXILAR   UNIDAD,UNIDAD,I
26441,"PELICULA RADIOGRAFICA LASER SECO 14"" X 17"" X 100   UNIDAD",UNIDAD,I
24825,DOSAJE DE METABOLITOS MARIHUANA CASSETTE MET. INMUNOCROMATOGRAFICO  1 DET UNIDAD,UNIDAD,I
23744,CASSETT DE ULTRASONIDO PARA EQUIPO FACOEMULSIFICACION INFINITI   UNIDAD,UNIDAD,I
19959,PLACA DCP RECTA LIVIANA ESTRECHA DE 10 AGUJEROS X 4.5 mm   UNIDAD,UNIDAD,I
29695,PAÑAL DESCARTABLE TIPO CALZON PARA NIÑO TALLA XG   UNIDAD,UNIDAD,I
20060,CLAVO SCHANZ ROSCA CENTRAL 4.0 mm X 25 cm   UNIDAD,UNIDAD,I
18328,SONDA NASOYEYUNAL 100% SILICONA CON LASTRE 6 FR   UNIDAD,UNIDAD,I
24757,"CARTUCHO PARA ANALIZADOR DE GASES ARTERIALES, ELECTROLITOS Y METABOLITOS   UNIDAD",UNIDAD,I
22624,RECARGA PARA GRAPADORA QUIRURGICA LINEAL CORTANTE PARA CIRUGIA ABIERTA 55 mm PARA TEJIDO GRUESO   UNIDAD,UNIDAD,I
36670,CATETER PARA ANGIOGRAFIA CEREBRAL SIMMONS 4 FR X 100 cm   UNIDAD,UNIDAD,I
22223,CATETER PARA DIALISIS PERITONEAL BLANDO RECTO 2 CUFF X 15 cm X 32.5 cm   UNIDAD,UNIDAD,I
37516,PUNTA ACTIVA PARA ULTRASONIDO DE PROFILAXIS   UNIDAD,UNIDAD,I
35362,CLAVO KIRSCHNER 1.5 mm X 100 mm   UNIDAD,UNIDAD,I
46195,CATETER DE SOPORTE RADIOPACO 0.014 in 4 FR X 150 cm   UNIDAD,UNIDAD,I
30522,FORMULA MODULAR PROTEICA  440 g POLVO,POLVO,I
40506,CANULA ENDOLUMINAL (STENT) CORONARIA DE METAL MEDICADA 2.5 mm x 28 mm   UNIDAD,UNIDAD,I
11201,GUANTE DESCARTABLE AMBIDEXTRO A GRANEL TALLA PEQUEÑO   UNIDAD,UNIDAD,I
43789,MASCARILLA DESCARTABLE EFICIENCIA DE FILTRADO 95% TALLA M   UNIDAD,UNIDAD,I
34809,ARANDELA PARA TORNILLO CANULADO 6.0 mm   UNIDAD,UNIDAD,I
37213,PINZA BIPOLAR TIPO LIGASURE PARA CIRUGIA LAPAROSCOPICA DE 5 mm DE DIAMETRO X 23 cm   UNIDAD,UNIDAD,I
54387,PLACA DE BLOQUEO LCP DE TITANIO PARA TIBIA PROXIMAL LATERAL DE 10 AGUJEROS - X 4.0/3.5 mm UNIDAD,UNIDAD,I
930,AZITROMICINA 200 mg/5 mL 15 mL SUSPENSION,SUSPENSION,M
48476,ESPARADRAPO HIPOALERGENICO DE PAPEL 2.5 cm X 4.5 m   UNIDAD,UNIDAD,I
35903,ESFINTEROTOMO DE PRECORTE DOBLE LUMEN 7 FR X 6 mm   UNIDAD,UNIDAD,I
51802,SET DE MATERIAL DE RECONSTRUCCION DE LIGAMENTO CRUZADO POSTERIOR (LCP)   UNIDAD,UNIDAD,I
38751,SISTEMA DE IDENTIFICACION + ANTIBIOGRAMA DE BACTERIAS GRAM POSITIVAS x 20 DETERMINACIONES   UNIDAD,UNIDAD,I
37286,ALAMBRE QUIRURGICO 1.0 mm X 5 m   UNIDAD,UNIDAD,I
19817,EQUIPO PARA BOMBA DE INFUSION CON JERINGA DE 50 mL   UNIDAD,UNIDAD,I
26168,AGUJA HUBER N° 22 G X 19 mm   UNIDAD,UNIDAD,I
28495,MINIPLACA DE TITANIO DOBLE Y DE 6 ORIFICIOS DE 0.03 mm   UNIDAD,UNIDAD,I
12733,TUBO ENDOTRAQUEAL N° 6 F  CON CUFF   UNIDAD,UNIDAD,I
33275,MASCARA DE ANESTESIA TRANSPARENTE CON BORDE INFLABLE N° 3   UNIDAD,UNIDAD,I
28559,TORNILLO CORTICAL AUTORROSCANTE 2.4 mm X 12 mm   UNIDAD,UNIDAD,I
25742,MASCARA DE OXIGENO CON BOLSA DE RESERVORIO NO REINHALATORIA   UNIDAD,UNIDAD,I
22344,SUTURA ACIDO POLIGLICOLICO 4/0 C/A 3/8 CIRCULO CORTANTE 25 mm X 70 cm   UNIDAD,UNIDAD,I
26732,TORNILLO DE BLOQUEO 2.3 mm X 16 mm   UNIDAD,UNIDAD,I
16423,FILTRO ANTIBACTERIANO PARA VENTILADOR MECANICO INSPIRATORIO   UNIDAD,UNIDAD,I
40232,GEL PARA ELECTROCARDIOGRAMA Y ECOCARDIOGRAMA x 4 L   UNIDAD,UNIDAD,I
29536,CATETER BALON PARA ANGIOPLASTIA CORONARIA 1.25 mm X 15 mm   UNIDAD,UNIDAD,I
21128,PLACA DCP ANCHA DE 06 AGUJEROS X 4.5 mm   UNIDAD,UNIDAD,I
48120,SOLUCION ISOTONICA BALANCEADA INY  500 mL INYECTABLE,INYECTABLE,M
21265,CLAVO KIRSCHNER 1.4 mm X 30 cm   UNIDAD,UNIDAD,I
34403,TAMBOR DE ACERO QUIRURGICO 12 cm X 12 cm   UNIDAD,UNIDAD,I
50502,SISTEMA DE ANCLAJE DE POLIETERETERCETONA (PEEK) PARA HOMBRO 5.0 mm   UNIDAD,UNIDAD,I
34553,RIÑONERA DE ACERO INOXIDABLE TAMAÑO GRANDE   UNIDAD,UNIDAD,I
17412,TORNILLO CORTICAL 3.6 mm X 36 mm   UNIDAD,UNIDAD,I
46092,PLACA DE BLOQUEO DE HUMERO PROXIMAL 8 AGUJEROS X 3.0 mm   UNIDAD,UNIDAD,I
33277,MASCARA DE ANESTESIA TRANSPARENTE CON BORDE INFLABLE N° 5   UNIDAD,UNIDAD,I
23631,FRASCO DE PLASTICO ESTERIL CON TAPA PARA MUESTRA DE ORINA 60 mL   UNIDAD,UNIDAD,I
28775,CUCHILLETE 1.0 mm DE DIAMETRO ANGULADO 15°   UNIDAD,UNIDAD,I
36290,SET LINEA PRESION INVASIVA PARA MONITOR   UNIDAD,UNIDAD,I
39738,LAPIZ DE ENDODIATERMIA 27 G   UNIDAD,UNIDAD,I
24404,SONDA VESICAL 2 VIAS DE SILICONA DE LARGA PERMANENCIA Nº 8   UNIDAD,UNIDAD,I
32987,"GUIA HIDROFILICA CURVA FLEXIBLE 0.035"" X 2.6 m   UNIDAD",UNIDAD,I
10999,ESPONJA HEMOSTATICA DE COLAGENO 10 cm X 10 cm   UNIDAD,UNIDAD,I
43704,INTRODUCTOR VASCULAR 10 FR X 80 cm   UNIDAD,UNIDAD,I
49145,RESINA FOTOCURABLE  X 3.8 g UNIDAD,UNIDAD,I
50979,ANTICUERPO POLICLONAL PARA CD3 X 1 mL   UNIDAD,UNIDAD,I
29517,CIRCUITO DE PRESION POSITIVA CONTINUA (CPAP) NASAL Nº 2   UNIDAD,UNIDAD,I
39663,PROTECTOR PLASTICO PARA CAMA   UNIDAD,UNIDAD,I
53394,TORNILLO CORTICAL DE TITANIO AUTORROSCANTE 3.5 mm X 16 mm   UNIDAD,UNIDAD,I
45606,INTRODUCTOR VASCULAR 5 FR X 11 cm   UNIDAD,UNIDAD,I
23578,CLIP VASCULAR CURVO DE 5 mm   UNIDAD,UNIDAD,I
53832,BARRA DE TITANIO PARA COLUMNA VERTEBRAL N/A 3.2 mm X 200 mm UNIDAD,UNIDAD,I
21947,TORNILLO DE TITANIO AUTORROSCANTE 2.4 mm X 10 mm   UNIDAD,UNIDAD,I
12576,TORNILLO CORTICAL 4.5 mm X 55 mm   UNIDAD,UNIDAD,I
33584,PROTESIS DE RESECCION MODULAR BI-COMPARTIMENTAL DE FEMUR DISTAL CON ARTICULACION DE RODILLA DERECHA   UNIDAD,UNIDAD,I
49289,BALON PARA ANGIOPLASTIA CORONARIA DESCARTABLE 1.5 mm X 10 mm   UNIDAD,UNIDAD,I
53439,DOSAJE DE HEPARINA   UNIDAD,UNIDAD,I
35893,ASA DE POLIPECTOMIA DE ESTOMAGO Y COLON 2.5 mm X 230 cm CON MALLA   UNIDAD,UNIDAD,I
36280,CATETER CORONARIO TIPO AMPLATZ IZQUIERDO 5 FR X 100 cm ASA N° 2   UNIDAD,UNIDAD,I
29369,SET DE TORNILLOS CORTICALES X 16 PIEZAS   UNIDAD,UNIDAD,I
36309,CLAVO KIRSCHNER 1.8 mm X 150 mm DOBLE PUNTA   UNIDAD,UNIDAD,I
41310,ASA DE CORTE Y COAGULACION PARA CISTORESECTOSCOPIO   UNIDAD,UNIDAD,I
20964,INJERTO VASCULAR RECTO DE POLITETRAFLUOROETILENO (PTFE) 6 mm X 70 cm   UNIDAD,UNIDAD,I
54313,APOSITO DE MATRIZ SINTETICA (POLIURETANO) BIOABSORBIBLE - 10 cm X 10 cm UNIDAD,UNIDAD,I
16605,HOJA DE BISTURI DESCARTABLE Nº 24   UNIDAD,UNIDAD,I
51889,ANTICUERPO MONOCLONAL PARA CICLINA D1 X 1 mL   UNIDAD,UNIDAD,I
42338,SISTEMA DE ACCESO PARA CIRUGIA LAPAROSCOPICA 5 mm   UNIDAD,UNIDAD,I
47819,DOSAJE FACTOR VON WILLEBRAND   UNIDAD,UNIDAD,I
35225,CATETER ANGIOGRAFICO TIPO DOBLE J 4 FR X 110 cm   UNIDAD,UNIDAD,I
43068,PLACA LCP DE 3 AGUJEROS X 2.40 mm PARA RADIO PROXIMAL IZQUIERDA   UNIDAD,UNIDAD,I
24364,TORNILLO CANULADO 7 mm X 60 mm   UNIDAD,UNIDAD,I
26057,GUANTE PARA EXAMEN DESCARTABLE Nº 7  X 100 UNIDAD,UNIDAD,I
54200,KIT DE TUBO CORRUGADO Y CANULA  DESCARTABLE NEONATAL PARA TERAPIA RESPIRATORIA DE ALTO FLUJO  - UNIDAD,UNIDAD,I
27480,MALLA MULTICAPA SEPARADORA DE TEJIDOS 30 cm X 30 cm   UNIDAD,UNIDAD,I
53308,CATETER ANGIOGRAFICO HIDROFILICO 5 FR X 80 cm PUNTA TIPO COBRA PEQUEÑO   UNIDAD,UNIDAD,I
30764,PLACA 1/3 DE TUBO 9 AGUJEROS X 3.5 mm   UNIDAD,UNIDAD,I
30761,REACTIVO SUDAN  III  500 mL SOLUCION,SOLUCION,I
51360,PASADOR DE DURAMADRE TIPO MARTEL FLEXIBLE 33 cm   UNIDAD,UNIDAD,I
28305,GUANTE QUIRURGICO ESTERIL DESCARTABLE ANTIVIRICO N° 7 1/2   PAR,PAR,I
29586,PLACA DE TITANIO RECTA 16 ORIFICIOS SISTEMA 2.0 mm   UNIDAD,UNIDAD,I
20881,CABESTRILLO CON INMOVILIZADOR PARA BRAZO NIÑO   UNIDAD,UNIDAD,I
24599,BANDEJA DE ACERO ACANALADO USO ODONTOLOGICO   UNIDAD,UNIDAD,I
44197,CLIP DE ANEURISMA CURVO 7 mm TEMPORAL   UNIDAD,UNIDAD,I
45721,KIT DE MATERIAL DESCARTABLE (1 JERINGA 100 mL 1 JERINGA 200 mL 1 CONECTOR EN Y 1 TUBO DE LLENADO) PARA TOMOGRAFO   UNIDAD,UNIDAD,I
22793,CUCHILLETE DESCARTABLE DE INCISION PARA PARECENTESIS DE 1.00 mm   UNIDAD,UNIDAD,I
39674,CLIPADORA ENDOSCOPICA ROTABLE 230 cm x 2.8 mm   UNIDAD,UNIDAD,I
10988,ESPATULA DE AYRE Y CEPILLO CITOLOGICO DESCARTABLE   UNIDAD,UNIDAD,I
52254,PUNTERA AMARILLA PARA PIPETA AUTOMATICA 10 uL - 100 uL X 1000   UNIDAD,UNIDAD,I
40291,PARTICULAS PARA EMBOLIZACION 250 µm   UNIDAD,UNIDAD,I
29395,KIT PARA NEFROSTOMIA PERCUTANEA 8 FR	   KIT,KIT,I
29482,TORNILLO CORTICAL 4.5 mm X 25 mm   UNIDAD,UNIDAD,I
37014,FRASCO DE VIDRIO BOROSILICATO  X 250 mL CON TAPA ROSCA   UNIDAD,UNIDAD,I
53866,SUTURA DE POLIPROPILENO MONOFILAMENTO 4/0 C/DOBLE AGUJA 1/2 CIRCULO REDONDA N/A 15 mm X 75 cm UNIDAD,UNIDAD,I
28149,SENSOR DE SATURACION DE OXIGENO PEDIATRICO PARA EQUIPO DE ANESTESIA   UNIDAD,UNIDAD,I
37710,COLODIUM FLEXIBLE  1 L UNIDAD,UNIDAD,I
32661,CLIP PARA SEÑALIZACION DE LESIONES EN MAMA 18 G X 10 cm   UNIDAD,UNIDAD,I
22244,PAPEL FILTRO 48 cm X 48 cm   UNIDAD,UNIDAD,I
32215,SISTEMA DE DRENAJE VENTRICULAR EXTERNO ESTERIL CON CATETER DE 1.5 mm X 2.8 mm X 35 cm   UNIDAD,UNIDAD,I
45469,VASO DE PRECIPITADOS DE VIDRIO BOROSILICATO GRADUADO  2 L UNIDAD,UNIDAD,I
39693,OCLUSOR VASCULAR II 14 mm x 10 mm   UNIDAD,UNIDAD,I
52988,LIMAS SET PARA ENDODONCIA Nº 15 DE 21 mm X 6   UNIDAD,UNIDAD,I
23192,YESO PIEDRA (USO ODONTOLOGICO)  1 Kg UNIDAD,UNIDAD,I
43963,APOSITO HIDROCELULAR DE POLIURETANO ADHESIVO ESTERIL 5 CAPAS 25 cm X 25.2 cm   UNIDAD,UNIDAD,I
43305,TUBO DE PLASTICO TIPO FALCON FONDO CONICO 15 mL CON TAPA ROSCA   UNIDAD,UNIDAD,I
10045,REACTIVO DE ACIDO URICO  100 DET KIT,KIT,I
36573,ACIDO RETINOICO USP  10 g UNIDAD,UNIDAD,I
40269,PROTESIS TOTAL DE CADERA NO CEMENTADA VASTAGO CORTO   UNIDAD,UNIDAD,I
55370,ANTICUERPO ANTI EPSTEIN BARR VIRUS ANTIGENO NUCLEAR (EBNA) IgG QUIMIOLUMINISCENCIA - X DET UNIDAD,UNIDAD,I
36629,CLAVO SCHANZ ROSCA DISTAL 4.5 mm X 300 mm   UNIDAD,UNIDAD,I
31736,RESINA FLUIDA A1 X 2 g   UNIDAD,UNIDAD,I
35269,FRASCO DE POLIPROPILENO X 30 mL CON TAPA ROSCA CON ESPATULA   UNIDAD,UNIDAD,I
42514,CIRCUITO PARA TERAPIA RESPIRATORIA DE ALTO FLUJO 1.8 m LONGITUD   UNIDAD,UNIDAD,I
41900,MASCARA TERMOPLASTICA TIPO S   UNIDAD,UNIDAD,I
40426,TUBO DE VIDRIO AHUECADO 5 mm x 1.0 mm x 1.21 m PARA PIPETA DE FRASCO DE DRENAJE   UNIDAD,UNIDAD,I
38495,SET DE CLAVO INTRAMEDULAR DE TITANIO BLOQUEADO PARA FEMUR x 5 PIEZAS   UNIDAD,UNIDAD,I
30432,ANILLO DE ANULOPLASTIA PARA VALVULA MITRAL Nº 32   UNIDAD,UNIDAD,I
41892,DESINFECTANTE LIMPIADOR AROMATICO PINO GALON   UNIDAD,UNIDAD,I
51553,LIMAS SET PARA ENDODONCIA PARA SISTEMA RECIPROCANTE SURTIDAS DE 25 mm X 4   UNIDAD,UNIDAD,I
54727,CLORTALIDONA 12.5 mg - UNIDAD,TABLETA,M
50104,CATETER PARA TRANSFERENCIA EMBRIONARIA DE 4.7 FR X 23 cm   UNIDAD,UNIDAD,I
29353,PLACA EN T DE 7 ORIFICIOS X 4.5 mm   UNIDAD,UNIDAD,I
54148,"SUERO CONTROL DE CALIDAD PARA HORMONAS, MARCADORES TUMORALES LIOFILIZADO  - UNIDAD",UNIDAD,I
41567,VENDITA ADHESIVA 12 mm X 100 mm X 100   UNIDAD,UNIDAD,I
29752,"JERINGA DESCARTABLE 1 mL CON AGUJA 25 G X 1"" AUTORETRACTIL   UNIDAD",UNIDAD,I
24116,SONDA VESICAL TIPO FOLEY DOS VIAS N° 22 SIN BALON   UNIDAD,UNIDAD,I
21937,TUBO ENDOBRONQUIAL DOBLE LUMEN IZQUIERDO N° 39   UNIDAD,UNIDAD,I
33443,KIT DE BOLSA DE DRENAJE TORACICO Y VALVULA ANTIRREFLUJO   KIT,KIT,I
11582,PIEZA DE MANO DE ALTA VELOCIDAD   UNIDAD,UNIDAD,I
41678,LANCETA DESCARTABLE NO RETRACTIL 30 G   UNIDAD,UNIDAD,I
41585,TORNILLO DE BLOQUEO 3.5 mm X 70 mm   UNIDAD,UNIDAD,I
28558,FRESA DE DIAMANTE DE ALTA VELOCIDAD REDONDA CHICA   UNIDAD,UNIDAD,I
33596,GUANTE DEDOS PARCIALMENTE CUBIERTOS ELASTICO TALLA S   UNIDAD,UNIDAD,I
20616,IOHEXOL 647.1 mg/mL (Equiv. 300 mg Iodo/mL) 50 mL INYECTABLE,INYECTABLE,M
48301,ANTICUERPO MONOCLONAL PARA MUM-1  X 1 mL UNIDAD,UNIDAD,I
37415,"MICROGUIA 0.007"" X 220 cm   UNIDAD",UNIDAD,I
55492,SUSTANCIA PARA SISTEMA EMBOLIZANTE 34 CENTIPOISE - X 1.5 mL UNIDAD,UNIDAD,I
24673,ELECTRODO DE BOTON 3 FR X 53 cm PARA URETROCISTOSCOPIO   UNIDAD,UNIDAD,I
48669,ESFINTEROTOMO DE PRECORTE TRIPLE LUMEN 7 FR X 4 mm   UNIDAD,UNIDAD,I
24629,TORNILLO DE TITANIO PARA FIJACION INTERMAXILAR DE 11.0 mm X 2.0 mm   UNIDAD,UNIDAD,I
23283,SUTURA LINO MULTIEMPAQUE 1 S/A 10 HEBRAS X 75 cm   UNIDAD,UNIDAD,I
39010,SUCEDANEO DE LA LECHE MATERNA SIN LACTOSA  375 g  APROX POLVO,POLVO,I
53716,SUCEDANEO DE LA LECHE MATERNA PARA PREMATURO 24 CALORIAS  X 70 mL APROX SOLUCION,SOLUCION,I
36508,TORNILLO ESPONJOSO ROSCA PARCIAL 4.00 mm X 20 mm   UNIDAD,UNIDAD,I
23124,SUTURA SEDA NEGRA TRENZADA 4/0 C/A 1/2 CIRCULO CORTANTE 20 mm X 75 cm   UNIDAD,UNIDAD,I
34654,REACTIVO DE FOSFORO  100 DET KIT,KIT,I
52544,CANULA ENDOLUMINAL (STENT) PERIFERICA DE METAL 14 mm X 40 mm   UNIDAD,UNIDAD,I
41951,INTRODUCTOR 6 FR X 12 cm CON VALVULA ANTIREFLUJO   UNIDAD,UNIDAD,I
44437,SET DE CORRUGADOS DESCARTABLES NEONATAL PARA OXIGENOTERAPIA   SET,SET,I
25449,GLUCOSA ENZIMATICA  400 DET KIT,KIT,I
20568,SUTURA SEDA NEGRA TRENZADA 3/0 C/A 1/2 CIRCULO CORTANTE 35 mm X 75 cm   UNIDAD,UNIDAD,I
42453,PAPEL MILIMETRADO PARA ELECTROCARDIOGRAMA 112 mm X 25 m  UNIDAD,UNIDAD,I
43700,CATETER BALON PARA ANGIOPLASTIA TRANSLUMINAL PERCUTANEA 10 mm X 40 mm DE 7 FR X 80 cm   UNIDAD,UNIDAD,I
32705,FRESA PARA CRANEOTOMO DE ACERO PARA PERFORACION AUTOPARE T/ REDONDA DE 11 mm FRESA EXT X 7 mm INTER   UNIDAD,UNIDAD,I
10538,CHAQUETA DESCARTABLE ESTERIL TALLA XL   UNIDAD,UNIDAD,I
35276,KIT TUBO DE GASTROSTOMIA DE BOTON DE BAJO PERFIL   UNIDAD,UNIDAD,I
21425,HIDROXIDO DE SODIO EN LENTEJAS P.A.  1 Kg UNIDAD,UNIDAD,I
38191,KIT DE ESPUMA DE POLIURETANO PARA PRESION NEGATIVA 3 cm x 8 cm x 10 cm   KIT,KIT,I
31279,DISCO DE SENSIBILIDAD DE AMOXICILINA + ACIDO CLAVULANICO 20 µg + 10 µg  UNIDAD,UNIDAD,I
26422,GUIA HIDROFILICA 0.35 mm X 1.45 m   UNIDAD,UNIDAD,I
38604,CLIP DE ANEURISMA RECTO 10 mm PERMANENTE   UNIDAD,UNIDAD,I
22745,CLAVO KIRSCHNER 0.8 mm X 150 mm   UNIDAD,UNIDAD,I
19193,SUTURA POLIPROPILEN AZUL MONOFILAMENTO 6/0 C/2A 3/8 CIRCULO REDONDA 13 mm X 75 cm   UNIDAD,UNIDAD,I
28369,CATETER VENOSO CENTRAL UN LUMEN 14 G X 20 cm   UNIDAD,UNIDAD,I
40100,HOJA DE SIERRA 70 mm X 50 mm X 0.80 mm PARA SIERRA OSCILANTE   UNIDAD,UNIDAD,I
55372,ANTICUERPO ANTI EPSTEIN BARR VIRUS - ANTIGENO DE CAPSIDE VIRAL (VCA) IgG QUIMIOLUMINISCENCIA - X DET UNIDAD,UNIDAD,I
35702,ESPIRAL PARA EMBOLIZACION ENDOVASCULAR 14 mm X 50 cm   UNIDAD,UNIDAD,I
39880,LINEA PROLONGADORA PARA DIALISIS PERITONEAL   UNIDAD,UNIDAD,I
32450,ACRILICO POLVO DE CURADO RAPIDO X 454 g (1 lb)   UNIDAD,UNIDAD,I
12058,SUTURA CATGUT SIMPLE 2/0 C/A 1/2 CIRCULO REDONDA 40 mm X 70 cm   UNIDAD,UNIDAD,I
30735,CLIP DE ANEURISMA BAYONETA RECTO 7 mm   UNIDAD,UNIDAD,I
27931,HEMOSTATICO TOPICO ABSORBIBLE DE CELULOSA OXIGENADA Y REGENERADA  2 g POLVO,POLVO,I
23509,SUPLEMENTO PROTEICO  275 g POLVO,POLVO,M
53738,CATETER PARA ANGIOGRAFIA CEREBRAL 5 FR X 100 cm   UNIDAD,UNIDAD,I
42723,ALBUMINA BOVINA 22%  5 mL UNIDAD,UNIDAD,I
20868,"VENDA ACRILICA 3"" X 4 yd   UNIDAD",UNIDAD,I
18944,FILTRO PARA LEUCORREDUCCION PARA PLAQUETAS   UNIDAD,UNIDAD,I
20287,MASCARA DE OXIGENO TIPO VENTURI NEONATAL   UNIDAD,UNIDAD,I
41805,CLADRIBINA 2 mg/ mL 5 mL INYECTABLE,INYECTABLE,M
19577,CLAVO DE TITANIO ENDOMEDULAR ELASTICO 3.5 mm   UNIDAD,UNIDAD,I
33391,MEDIA ELASTICA TALLA N° 6   UNIDAD,UNIDAD,I
37137,CAMPO QUIRURGICO DESCARTABLE 60 cm X 70 cm   UNIDAD,UNIDAD,I
37604,KIT DE COLORACION TRICROMICA DE MASSON  50 DET UNIDAD,UNIDAD,I
39588,SET COMBINADO DE VITRECTOMIA POSTERIOR Y FACOEMULSIFICACION 25GA   SET,SET,I
44319,CATETER VENOSO CENTRAL DOBLE LUMEN 12 FR X 16 cm   UNIDAD,UNIDAD,I
28223,CLAVO KIRSCHNER 1.8 mm X 150 mm   UNIDAD,UNIDAD,I
36372,FRESA PARA CRANEOTOMO DE ACERO PARA CORTE PEDIATRICO 1.8 mm X 11.0 mm   UNIDAD,UNIDAD,I
22084,SUTURA DE ACERO PARA MARCAPASO 2/0 C/A 1/2 CIRCULO RECTA 26 mm X 60 cm   UNIDAD,UNIDAD,I
50092,SUERO ANTI A-1  X 10 mL UNIDAD,UNIDAD,I
21483,PLACA ANGULADA DHS 135º X 4 AGUJEROS   UNIDAD,UNIDAD,I
23551,TORNILLO ESPONJOSO 6.5 mm ROSCA 32 mm X 55 mm   UNIDAD,UNIDAD,I
28133,ENDOPROTESIS PARA VIA BILIAR 7 FR X 12 cm   UNIDAD,UNIDAD,I
26865,SONDA ACANALADA  14 cm UNIDAD,UNIDAD,I
20815,BOLSA DE ASPIRACION DE SECRECIONES X 2 L   UNIDAD,UNIDAD,I
30428,FORMULA POLIMERICA PARA PACIENTE CON INSUFICIENCIA RENAL Y DIALIZADO  237 mL SOLUCION,SOLUCION,I
20224,SONDA VESICAL TIPO FOLEY SILICONADA 2 VIAS N° 10   UNIDAD,UNIDAD,I
35926,CAJA INTERSOMATICA CERVICAL 6 mm X 15 mm X 20 mm   UNIDAD,UNIDAD,I
45285,PIE SACH DERECHO UNISEX TALLA 20 COLOR BEIGE   UNIDAD,UNIDAD,I
49995,CATETER PERCUTANEO UN LUMEN CON INTRODUCTOR PELABLE 5 FR X 65 cm   UNIDAD,UNIDAD,I
43940,MASCARILLA PROTECTOR FACIAL DE POLIPROPILENO DESCARTABLE   UNIDAD,UNIDAD,I
30191,FORMULA OLIGOMERICA PEPTIDICA NORMOPROTEICA LIQUIDA  500 mL UNIDAD,UNIDAD,I
33122,ELECTRODO TIPO LAZO DESCARTABLE 20 mm X 10 mm PARA ELECTROCIRUGIA   UNIDAD,UNIDAD,I
19433,ESPATULA DE METAL PARA YESO (USO DENTAL)   UNIDAD,UNIDAD,I
8117,MELFALAN 2 mg  TABLETA,TABLETA,M
38452,ANTICUERPO MONOCLONAL PARA p63 (4A4) x 1 mL   UNIDAD,UNIDAD,I
18775,LENTE INTRAOCULAR DIOPTRIA 17.0 CAMARA POSTERIOR NO PLEGLABLE 3 PIEZAS   UNIDAD,UNIDAD,I
54352,ANTICUERPO MONOCLONAL PARA SINAPTOFISINA (SY38) - X 7 mL UNIDAD,UNIDAD,I
26992,INJERTO VASCULAR BIFURCADO DE DACRON 9 mm x18 mm x 40 cm   UNIDAD,UNIDAD,I
42878,CLAVO TROCANTERICO PARA FEMUR DIAMETRO 10 mm X 340 mm  UNIDAD UNIDAD,UNIDAD,I
35105,CALDO TRIPTONA (TRIPTICOSA) SOYA (TSB)  500 g UNIDAD,UNIDAD,I
38797,TORNILLO DE COMPRESION SIN CABEZA CANULADO AUTOPERFORANTE ROSCA TOTAL 2.5 mm x 2.8 mm x 16 mm   UNIDAD,UNIDAD,I
47333,DISPOSITIVO DE CIERRE VASCULAR 5 FR   UNIDAD,UNIDAD,I
41998,PELICULA RADIOGRAFICA PERIAPICAL PARA ADULTO  X 100 UNIDAD,UNIDAD,I
34535,PLACA LCP DE 09 AGUJEROS X 3.5 mm PARA METAFISIS HUMERO   UNIDAD,UNIDAD,I
11374,"JERINGA DESCARTABLE 1 mL CON AGUJA 25 G X 1""   UNIDAD",UNIDAD,I
37279,NITROPRUSIATO SODICO 50 mg  INYECTABLE,INYECTABLE,M
24963,BROCA DE 1.8 mm DE DIAMETRO X 125 mm   UNIDAD,UNIDAD,I
26375,KIT DE AFERESIS PARA PLASMAFERESIS   KIT,KIT,I
25340,"MINIPLACA DE TITANIO ""L"" A LA IZQUIERDA 6 ORIFICIOS SISTEMA 1.5 mm   UNIDAD",UNIDAD,I
23722,FRESA PARA TREPANACION CRANEAL DE ACERO 12 mm DE DIAMETRO   UNIDAD,UNIDAD,I
49764,GUANTE QUIRURGICO ESTERIL DESCARTABLE DE LATEX SIN POLVO Nº 7 1/2   UNIDAD,UNIDAD,I
50219,CONO DE PAPEL SET 15-40 (1era SERIE)   UNIDAD,UNIDAD,I
42092,EXTENSION PARA MEZCLAS DE CITOSTATICOS   UNIDAD,UNIDAD,I
21478,TORNILLO CORTICAL 4.0 mm X 14 mm   UNIDAD,UNIDAD,I
33456,SUTURA SEDA NEGRA TRENZADA 3/0 C/A 1/2 CIRCULO REDONDA 17 mm X 75 cm   UNIDAD,UNIDAD,I
11490,MINIPLACA DE TITANIO 08 AGUJEROS   UNIDAD,UNIDAD,I
23048,KIT ELISA CHAGAS RECOMBINANTE  96 DET KIT,KIT,I
26231,"ESPONJA NEUROQUIRURGICA 3/4"" X 3/4"" X 10 UNIDADES   UNIDAD",UNIDAD,I
23581,MINITORNILLO DE TITANIO 5 mm X 1 mm   UNIDAD,UNIDAD,I
39122,SONDA DE ASPIRACION BUCAL TIPO NAVITIPS 25 mm   UNIDAD,UNIDAD,I
35635,OCLUSOR PERCUTANEO DE PERSISTENCIA DE DUCTUS ARTERIOSO DE 12 mm X 10 mm   UNIDAD,UNIDAD,I
49521,TUBO DE WINTROBE DE VIDRIO C/ ESCALA 0 - 10 MM P/ VELOCIDAD SEDIMENTACION GLOBULAR DE HEMATOLOGIA   UNIDAD,UNIDAD,I
39100,AGAR CROMOGENICO CANDIDA PARA RECONSTRUIR x 500 g   UNIDAD,UNIDAD,I
4510,LORATADINA 5 mg/5 mL 5 mL JARABE,JARABE,M
37879,"CATETER EPIDURAL Nº 18 G X 3 1/4 ""   UNIDAD",UNIDAD,I
50114,ANTICUERPO ANTINEUTROFILOS (ANCA) ELISA - INMUNOFLUORESCENCIA   UNIDAD,UNIDAD,I
54642,ASA DE CORTE BIPOLAR PARA RESECTOSCOPIO - 26 CHARR UNIDAD,UNIDAD,I
40369,FRASCO DE VIDRIO BOROSILICATO x 100 mL CON TAPA ROSCA   UNIDAD,UNIDAD,I
49061,ASA PARA AGARRAR (CON MALLA) POLIPOS 230 cm X 3.0 cm X 2.8 mm DE DIAMETRO   UNIDAD,UNIDAD,I
28038,TRANSAMINASA GLUTAMICA OXALACETICA (TGO) CINETICA  150 DET KIT,KIT,I
38999,PLACA LCP DE 6 A 8 AGUJEROS x 3.5 mm PARA CLAVICULA IZQUIERDA   UNIDAD,UNIDAD,I
20633,COLECALCIFEROL 600000 UI 10 mL SOLUCION,SOLUCION,M
11213,GUANTE QUIRURGICO DESCARTABLE ESTERIL N_x0015_ 6 1/2 (PAR)*   UNIDAD,UNIDAD,I
31978,SONDA DE ASPIRACION DE SECRECIONES CIRCUITO CERRADO Nº 12   UNIDAD,UNIDAD,I
41492,PLACA DE RECONSTRUCCION MANDIBULAR DE TITANIO DOBLE ANGULO 5 + 15 + 5 AGUJEROS X 2.4 mm MAXILAR INFERIOR   UNIDAD,UNIDAD,I
32365,CLAVO STEINMAN 4.0 mm X 250 mm   UNIDAD,UNIDAD,I
20652,SUTURA CUTANEA ADHESIVA 12 mm X 100 mm   UNIDAD,UNIDAD,I
40979,PARAFINA PARA HISTOLOGIA PUNTO DE FUSION 56-58ºC X 1 kg   UNIDAD,UNIDAD,I
54110,CATETER DE DIAGNOSTICO CUADRUPOLAR - 5 FR X 100 cm UNIDAD,UNIDAD,I
33452,SUTURA DE POLIPROPILENO AZUL MONOFILAMENTO 4/0 C/DOBLE AGUJA 1/2 CIRCULO REDONDA 25 mm X 75 cm   UNIDAD,UNIDAD,I
33735,SOPORTE DE MENTON Y CUELLO ELASTICO TALLA N° 2   UNIDAD,UNIDAD,I
36577,OXIDO DE ZINC  1 Kg UNIDAD,UNIDAD,I
33871,"GUIA METALICA HIDROFILICA PUNTA ANGULADA 0.035"" X 1.45 m   UNIDAD",UNIDAD,I
53625,MALLA HEMOSTATICA DE CELULOSA OXIDADA 10 cm X 20 cm   UNIDAD,UNIDAD,I
39807,TORNILLO MINICORTICAL 18 mm   UNIDAD,UNIDAD,I
30226,PROTESIS DE MIEMBRO SUPERIOR DESARTICULADO DE MUÑECA DE PP S/ACCESORIO TERMINAL-COPLE FIJO   UNIDAD,UNIDAD,I
11298,HOJA DE BISTURI DESCARTABLE N_x0015_ 22*   UNIDAD,UNIDAD,I
38939,EMPAQUE TIPO TYVECK PARA ESTERILIZACION CON PEROXIDO DE HIDROGENO 10.0 cm x 100 m   UNIDAD,UNIDAD,I
22505,TORNILLO MINICORTICAL 3.5 mm   UNIDAD,UNIDAD,I
33716,MANGA COMPLETA ELASTICA TALLA N° 6   UNIDAD,UNIDAD,I
45196,BRAZALETE DE IDENTIFICACION ADULTO COLOR VERDE   UNIDAD,UNIDAD,I
51927,INJERTO VASCULAR BIFURCADO DE DACRON 7 mm X 14 mm X 50 cm   UNIDAD,UNIDAD,I
54561,LENTE INTRAOCULAR DIOPTRIA + 21 CAMARA POSTERIOR PLEGABLE - X 3 PIEZAS UNIDAD,UNIDAD,I
11296,HOJA DE BISTURI DESCARTABLE N_x0015_ 20*   UNIDAD,UNIDAD,I
17076,SONDA NASOGASTRICA Nº 18   UNIDAD,UNIDAD,I
30038,CREATINA FOSFOQUINASA CPK-MB  100 DET KIT,KIT,I
50778,SET DE CATETER VENOSO PERIFERICO DE LINEA MEDIA CON PROLONGADOR Y GUIA FLEXIBLE 2FR   UNIDAD,UNIDAD,I
30627,BARRA DE TITANIO 5.5 mm X 100 mm PARA COLUMNA VERTEBRAL   UNIDAD,UNIDAD,I
41360,KIT DE ROPA DESCARTABLE PARA CIRUGIA X 9 PIEZAS  UNIDAD UNIDAD,UNIDAD,I
33676,BOLSA COLECTORA DE ORINA CON UROMETRO 500 mL   UNIDAD,UNIDAD,I
43387,CARBON ACTIVADO POLVO  1 kg UNIDAD,UNIDAD,I
18107,PREPARADOS CON SALICILATOS  30 g UNGÜENTO,UNGUENTO,M
48295,ANTICUERPO MONOCLONAL PARA CALRETININA  X 1 mL UNIDAD,UNIDAD,I
3012,DORZOLAMIDA + TIMOLOL (SOLUCION OFTALMICA) 20 mg + 5 mg/mL 5 mL SOLUCION,SOLUCION,M
33457,KIT DE ELISA PARA DETECCION DE IgM PARA LEPTOSPIROSIS  96 DET KIT,KIT,I
33869,PLACA ANGULADA DCS 90º 08 AGUJEROS   UNIDAD,UNIDAD,I
52223,DESFIBRILADOR AUTOMATICO IMPLANTABLE SUBCUTANEO   UNIDAD,UNIDAD,I
34232,TORNILLO DE EMERGENCIA 2.0 mm X 6 mm   UNIDAD,UNIDAD,I
19855,CATETER DRENAJE TORAXICO CON TROCAR Nº10 F   UNIDAD,UNIDAD,I
43821,SET DE LINEAS PARA TERAPIA DE REEMPLAZO RENAL ULTRAFILTRACION LENTA CONTINUA   UNIDAD,UNIDAD,I
42046,BETAMETASONA DIPROPIONATO USP  GRAMO POLVO,POLVO,I
38750,TRANSAMINASA GLUTAMICA PIRUVICA (TGP)  100 DET KIT,KIT,I
10322,AZUL DE METILENO 1 % 500 mL SOLUCION,SOLUCION,I
33674,ESPONJA DE ESPUMA DE POLIURETANO IMPREGNADA CON JABON 2.5 cm X 8 cm X 13 cm   UNIDAD,UNIDAD,I
25073,HEMOSTATICO TOPICO ABSORBIBLE DE CELULOSA OXIGENADA Y REGENERADA 5 X 7.5 cm   UNIDAD,UNIDAD,I
21526,BOLSA PERFUSORA X 1 L   UNIDAD,UNIDAD,I
39234,FRASCO DE PLASTICO ESTERIL BOCA ANCHA x 20 mL CON TAPA   UNIDAD,UNIDAD,I
40142,"ANTIGENO PARATIFICO ""H"" X 5 mL   UNIDAD",UNIDAD,I
42617,BROCA DE TITANIO 3.0 mm DE DIAMETRO X 60 mm  UNI UNIDAD,UNIDAD,I
33645,TORNILLO ESPONJOSO ROSCA PARCIAL 4.0 mm X 38 mm   UNIDAD,UNIDAD,I
16421,FILTRO ANTIBACTERIANO HIGROSCOPICO   UNIDAD,UNIDAD,I
54473,TIPS 0.1 uL - 10 uL - X 96 UNIDAD,UNIDAD,I
21333,SUNITINIB 25 mg  TABLETA,TABLETA,M
40851,GUANTE QUIRURGICO ESTERIL DESCARTABLE DE POLIISOPRENO SINTEICO (IR) SIN POLVO ANTIVIRAL N° 8   PAR,PAR,I
46584,MANOPLAS DE POLIESTER CON SOLUCION ANTISEPTICA (CLORHEXIDINA AL 2%) x 8 UNIDADES   UNIDAD,UNIDAD,I
52651,HOJA DE SIERRA 50 mm X 10 mm X 0.60 mm PARA SIERRA OSCILANTE   UNIDAD,UNIDAD,I
41498,GASA ESTERIL 12 cm X 12 cm X 16 PLIEGUES X 5 UNI  5 UNI UNIDAD,UNIDAD,I
42252,CANULA PARA TRAQUEOSTOMIA Nº 7 CON BALON DE LARGA DURACION   UNIDAD,UNIDAD,I
42173,FRASCO DE VIDRIO GRADUADO CON TAPA ROSCA  X 1 LT UNIDAD,UNIDAD,I
41993,CATETER BALON DILATADOR DE ESOFAGO COLON 12 mm - 13.5 mm - 15 mm DE DIAMETRO X 5.5 cm DE 7 FR X 240 cm  UNIDAD UNIDAD,UNIDAD,I
3720,GABAPENTINA 600 mg  TABLETA,TABLETA,M
24099,TORNILLO POLIAXIAL CERVICAL ANTERIOR 4.5 X 14 mm   UNIDAD,UNIDAD,I
12638,TORNILLO PARA HUESO ESPONJOSO 6.5 mm X ROSCA 32 mm X 80 mm   UNIDAD,UNIDAD,I
39881,INJERTO DE TENDON DE AQUILES CON CRIO RADIOPROTECCION   UNIDAD,UNIDAD,I
38676,CANULA VENOSA FEMORAL N° 22   UNIDAD,UNIDAD,I
41561,ELECTRODO DE ASA LEEP DE 15 mm X 15 mm X 12 cm CON ALAMBRE DE TUNGSTENO   UNIDAD,UNIDAD,I
53946,DETERGENTE BIODEGRADABLE ACIDO LIBRE DE FOSFATOS  X 4 L UNIDAD,UNIDAD,I
38633,FORMULA ENTERAL POLIMERICA PARA PACIENTE DIABETICO  X 500 mL UNIDAD,UNIDAD,I
21393,LIMAS SET PARA ENDODONCIA 1ra SERIE (15 - 40) 25 mm   UNIDAD,UNIDAD,I
22124,PLACA DE RECONSTRUCCION DE 12 AGUJEROS X 3.5 mm   UNIDAD,UNIDAD,I
39076,REACTIVO THEVENON x 500 mL x 3 FRASCOS  KIT UNIDAD,UNIDAD,I
11745,PUNTA UNIVERSAL PARA PIPETA AUTOMATICA RANGO 200 UL A 1000 UL   UNIDAD,UNIDAD,I
20696,CANULA PARA TRAQUEOSTOMIA N° 5.5 X 55 mm   UNIDAD,UNIDAD,I
45117,APOSITO DE POLIESTER Y VISCOSA 6.3 cm X 6.5 cm   UNIDAD,UNIDAD,I
45199,INTRODUCTOR DE CANAL DE TRABAJO 19 FR   UNIDAD,UNIDAD,I
19933,SET DE TUBULADURAS PEDIATRICO   UNIDAD,UNIDAD,I
46704,FILTRO HIDROFOBICO PARA ASPIRADORA DE SECRECIONES   UNIDAD,UNIDAD,I
50433,SUSTITUTO SINTETICO OSEO DE HIDROXIPATITA Y FOSFATO TRICALCICO TIPO CUÑA DE 20 mm X 15 mm X 12 mm   UNIDAD,UNIDAD,I
33831,TORNILLO ESPONJOSO 4.0 mm ROSCA DISTAL 16 mm X 36 mm   UNIDAD,UNIDAD,I
4114,IOBITRIDOL 350 mg I/100 mL 50 mL INYECTABLE,INYECTABLE,M
18343,PIPETA DE TRANSFERENCIA DE PLASTICO GRADUADO DESCARTABLE 3 mL   UNIDAD,UNIDAD,I
44908,BOLSA DE LONA DE POLIESTER PARA CADAVER COVID-19 DE 1.10 m X 2.30 m CON ASAS   UNIDAD,UNIDAD,I
46881,ACIDO DIETILENTRIAMINO PENTAACETICO (DTPA) 5 mg  INYECTABLE,INYECTABLE,M
24849,AGAR SABOURAUD GLUCOSA 4% 500 g UNIDAD,UNIDAD,I
29533,GAS DIOXIDO DE CARBONO  1 Kg GAS,GAS,I
17405,TORNILLO CORTICAL 3.5 mm X 70 mm   UNIDAD,UNIDAD,I
19380,SUTURA ACIDO POLIGLICOLICO 3/0 C/A 3/8 CIRCULO CORTANTE  30 mm x 70 cm   UNIDAD,UNIDAD,I
38881,FORMULA MODULAR PROTEICA LIQUIDA x 473 mL   UNIDAD,UNIDAD,I
22602,"AGUJA ESPINAL DESCARTABLE 22 G X 2 1/2""   UNIDAD",UNIDAD,I
43487,LIMAS SET PARA ENDODONCIA Nº 10 DE 21 mm   UNIDAD,UNIDAD,I
53440,BLINATUMOMAB 35 µg  INYECTABLE,INYECTABLE,M
18631,ACEITE DE SILICONA PURIFICADO ESTERIL VISCOSIDAD 1.300 CPS  10 mL UNIDAD,UNIDAD,I
23512,LINEA DE INFUSION PARA BOMBA DE INFUSION   UNIDAD,UNIDAD,I
45088,MASCARILLA DESCARTABLE TIPO N-95  TALLA M   UNIDAD,UNIDAD,I
37909,SOLUCION ADITIVA PARA ALMACENAMIENTO DE PLAQUETAS  500 mL UNIDAD,UNIDAD,I
20241,AGUJA PARA BIOPSIA DE MAMA Nº 14 G X 10 cm   UNIDAD,UNIDAD,I
54458,EQUIPO DE RADIOVISIOGRAFIA - - UNIDAD,UNIDAD,I
22419,AGUJA ENDOCERVICAL TIPO POTOCKY DESCARTABLE Nº 27 G X 9 cm   UNIDAD,UNIDAD,I
25528,SUTURA DE POLIESTER TRENZADO VERDE 3/0 C/2A 1/2 CIRCULO REDONDA 15 mm X 75 cm   UNIDAD,UNIDAD,I
22108,SUTURA ACIDO POLIGLICOLICO 3/0 C/A 1/2 CIRCULO CORTANTE 20 mm X 70 cm   UNIDAD,UNIDAD,I
21201,MASCARA DE ANESTESIA Nº 5   UNIDAD,UNIDAD,I
41767,HORMONA LUTEINIZANTE (LH)  100 DET UNIDAD,UNIDAD,I
12674,REACTIVO DE TRANSAMINASA GLUTAMICA OXALACETICA (TGO)  100 DET KIT,KIT,I
40553,COPA ACETABULAR METALICA DE TITANIO CON CUBIERTA MICROPOROSA 44 mm   UNIDAD,UNIDAD,I
10277,AUTOANTICUERPO ANTINUCLEAR (ANA) IFA   KIT,KIT,I
30268,FUNDA COSMETICA DE POLIURETANO PARA PROTESIS TRANSFEMORAL   UNIDAD,UNIDAD,I
41719,FILTRO BACTERIOLOGICO DESCARTABLE PARA VENTILADOR MECANICO   UNIDAD,UNIDAD,I
11288,HOJA DE AFEITAR DESCARTABLE   UNIDAD,UNIDAD,I
30329,FERULA DE MIEMBRO SUPERIOR ADAPTADOR DE MANGO LARGO DE PVC - ESPONJA DE BAÑO   UNIDAD,UNIDAD,I
32780,ALGINATO (USO DENTAL)  18 g UNIDAD,UNIDAD,I
20245,AGUJA MONOPOLAR PARA ELECTROMIOGRAFIA (EMG) Nº 27 G X 37 mm   UNIDAD,UNIDAD,I
30723,CLIP DE ANEURISMA TEMPORAL RECTO 6 mm   UNIDAD,UNIDAD,I
36107,PROTESIS VASCULAR AORTICA ASCENDENTE 24 mm x 100 mm CON VALVULA CARDIACA AORTICA MECANICA N° 21   UNIDAD,UNIDAD,I
24241,FILTRO BACTERIAL VIRAL+ INTERCAMBIADOR DE CALOR HUMEDAD PEDIATRICO PARA EQUIPO DE ANESTESIOLOGIA   UNIDAD,UNIDAD,I
36917,JABON DE TOCADOR EN BARRA X 100 g   UNIDAD,UNIDAD,I
29168,ANTICUERPO ANTI DENGUE IgM ELISA TARIKI X 96 DETERMINACIONES   KIT,KIT,I
31939,PLACA EN T 3.5 mm PARA RADIO DISTAL X 4 ORIFICIOS   UNIDAD,UNIDAD,I
28027,INTRODUCTOR PARA CATETER PERCUTANEO 2.0 FR X 30 cm   UNIDAD,UNIDAD,I
22206,FRASCO DE POLIPROPILENO CON TAPA ROSCA X 60 mL   UNIDAD,UNIDAD,I
29660,CANULA ENDOLUMINAL (STENT) CORONARIA DE METAL MEDICADA 2.5 mm X 24 mm   UNIDAD,UNIDAD,I
28347,FILTRO DIALIZADOR 2.1 m2   UNIDAD,UNIDAD,I
44296,TUBO DE PLASTICO PARA MICROCENTRIFUGA CON TAPA X 1.5 ML   UNIDAD,UNIDAD,I
36221,SUTURA SEDA NEGRA TRENZADA 6/0 C/A 1/2 CIRCULO REDONDA 17 mm X 75 cm   UNIDAD,UNIDAD,I
17445,TUBO ENDOBRONQUIAL DOBLE LUMEN DERECHO N° 28   UNIDAD,UNIDAD,I
47877,PLACA DE OSTEOSINTESIS PARA TIBIA LATERAL PROXIMAL CON SISTEMA PARA TORNILLOS DE BLOQUEO   UNIDAD,UNIDAD,I
36355,TRANSAMINASA GLUTAMICA OXALACETICA (TGO) AUTOMATIZADA CINETICA  300 DET KIT,KIT,I
53049,SANGRE DE OVINO CONTROLADA X 1 mL   UNIDAD,UNIDAD,I
37321,CATETER IMPLANTABLE DE SILICONA PORT CON PUERTO DE RESINA TITANIO DE 8 FR X 60 cm X 12.2 mm   UNIDAD,UNIDAD,I
30279,SOPORTE METALICO CORTO CON PINZAS PLANAS PARA NIÑO   UNIDAD,UNIDAD,I
21350,TUBO DESCARTABLE ESTERIL GRADUADO DE POLIPROPILENO X 15 mL   UNIDAD,UNIDAD,I
42326,CATETER BALON DILATADOR DE ESOFAGO COLON 10 mm - 11 mm - 12 mm DE DIAMETRO X 5.5 cm DE 7.4 FR X 240 cm  UNIDAD UNIDAD,UNIDAD,I
12297,SUTURA POLIPROPILENO MONOFILAMENTO 7/0 C/A 3/8 CIRCULO REDONDA 10 mm X 60 cm   UNIDAD,UNIDAD,I
33117,TUBO DE ASPIRACION NO CONDUCTIVO ESTERIL 8 mm X 11 mm X 3 m   UNIDAD,UNIDAD,I
16872,PIEDRA ARKANSAS PARA PULIR RESINAS TRONCO CONICA   UNIDAD,UNIDAD,I
54535,TORNIQUETE DESCARTABLE PARA MIEMBROS INFERIORES - - UNIDAD,UNIDAD,I
25361,TORNILLO DE TITANIO AUTOPERFORANTE 1.5 mm X 4 mm   UNIDAD,UNIDAD,I
40197,PLACA LC-DCP 12 AGUJEROS 4.5 mm   UNIDAD,UNIDAD,I
33587,PLACA DE COMPRESION Y BLOQUEO ANCHA DE LCP DE 7 AGUJEROS X 4.5 mm   UNIDAD,UNIDAD,I
32138,RECARGA PARA GRAPADORA QUIRURGICA LINEAL PARA CIRUGIIA ABIERTA 80 mm   UNIDAD,UNIDAD,I
28470,SUJETADOR DE CAMPO BIOACTIVO   UNIDAD,UNIDAD,I
23093,ESPONJA DE GASA QUIRURGICA RADIOPACA ESTERIL 10 cm X 10 cm X 5   UNIDAD,UNIDAD,I
39298,TORNILLO DE TITANIO MULTIAXIAL 3.5 mm x 14 mm   UNIDAD,UNIDAD,I
36131,CANULA ENDOLUMINAL (STENT) CORONARIA DE METAL MEDICADA 4.0 mm X 20 mm   UNIDAD,UNIDAD,I
51758,OCLUSOR PERCUTANEO PARA DEFECTO SEPTAL MULTIFUNCIONAL 8 mm x 6 mm   UNIDAD,UNIDAD,I
40590,ELECTRODO PARA EQUIPO DE BIOIMPEDANCIA X 40   UNIDAD,UNIDAD,I
41189,AGUJA PARA BIOPSIA TIPO TRUCUT DESCARTABLE 16 G X 15 cm   UNIDAD,UNIDAD,I
34569,"CIRCUITO CORRUGADO NEONATAL CON TUBO EN ""T"" PARA VENTILACION A PRESION POSITIVA   UNIDAD",UNIDAD,I
23168,SUTURA ACIDO POLIGLICOLICO 3/0 C/A 3/8 CIRCULO CORTANTE 25 mm X 70 cm   UNIDAD,UNIDAD,I
45419,HOJA DE ACERO INOXIDABLE PARA DERMATOMO ELECTRICO   UNIDAD,UNIDAD,I
39004,ELECTRODO DE AGUJA PARA ELECTROCAUTERIO   UNIDAD,UNIDAD,I
48903,PLACA DE BLOQUEO DE 1/3 DE TUBO DIAMETRO 3.5 DIMENSIONES 1.0 mm X 9.0 mm X 100 mm X 6 AGUJEROS   UNIDAD,UNIDAD,I
15193,ALAMBRE DE CERCLAJE 0.5 mm X 1 m   UNIDAD,UNIDAD,I
12812,"VENDA ELASTICA ADHESIVA 6"" X 5 yd   UNIDAD",UNIDAD,I
49780,DISCO DE SENSIBILIDAD DE LOMEFLOXACINA 10 µg  X 50 DISCOS UNIDAD,UNIDAD,I
37770,SET DE RETRACTORES DE IRIS 10 mm X 6   UNIDAD,UNIDAD,I
32200,TUBO NASOFARINGEO DESCARTABLE Nº 7   UNIDAD,UNIDAD,I
38606,MALLA DE POLIPROPILENO NO TEJIDA DE CONTACTO VISCERAL 15.2 cm x 15.2 cm   UNIDAD,UNIDAD,I
50325,FRESA PARA CRANEOTOMO DE ACERO PARA PERFORACION Y DESBASTE TIPO REDONDA DIAMANTADA DE 5.0 mm X 7 cm   UNIDAD,UNIDAD,I
33417,PANTALONETA PIERNA CORTA ELASTICA TALLA S   UNIDAD,UNIDAD,I
41582,FORMULA ELEMENTAL PARCIALMENTE HIDROLIZADA CON GLUTAMINA  456 g UNIDAD,UNIDAD,I
42383,AUDIFONO RETROAURICULAR DE GANANCIA ACUSTICA DE 60 - 80 dB  UNIDAD UNIDAD,UNIDAD,I
27605,TORNILLO ESPONJOSO 6.5 mm ROSCA 16 mm X 60 mm   UNIDAD,UNIDAD,I
50537,CLAVO INTRAMEDULAR DE TITANIO BLOQUEADO PARA FEMUR 10 mm X 42 cm   UNIDAD,UNIDAD,I
11570,PEROXIDO DE HIDROGENO USP (AGUA OXIGENADA 10 V) 3 % 500 mL SOLUCION,SOLUCION,M
39033,COLESTEROL HDL DIRECTO AUTOMATIZADO  200 DET KIT,KIT,I
51130,KIT PARA RASTREO DE ANTICUERPOS IRREGULARES ANTIERITROCITARIOS PARA DONANTE  DET KIT,KIT,I
18773,LENTE INTRAOCULAR DIOPTRIA 15.00 CAMARA POSTERIOR NO PLEGLABLE 3 PIEZAS   UNIDAD,UNIDAD,I
39527,INTRODUCTOR PARA CATETER PERCUTANEO 8.0 FR x 11 cm   UNIDAD,UNIDAD,I
22792,CUCHILLETE DESCARTABLE DE INCISION PARA FACOEMULSIFICACION DE 2.6 mm   UNIDAD,UNIDAD,I
37128,CLAVO KIRSCHNER 2.0 mm X 310 mm   UNIDAD,UNIDAD,I
36463,CAMPO DESCARTABLE DE PAPEL ABSORBENTE 30 cm X 50 cm X 50   UNIDAD,UNIDAD,I
27949,CAMPO QUIRURGICO ANTIMICROBIANO 34 cm X 35 cm   UNIDAD,UNIDAD,I
53428,VIDEOENDOSCOPIO DESCARTABLE 3.2/1.2 mm DE UN SOLO USO   UNIDAD,UNIDAD,I
35350,TIOGLICOLATO MEDIO FLUIDO  500 g UNIDAD,UNIDAD,I
45683,PLACA DE COMPRESION Y BLOQUEO PARA PEQUEÑOS FRAGMENTOS DE LCP DE 11 AGUJEROS X 3.5 mm   UNIDAD,UNIDAD,I
43969,SOLUCION ISOTONICA BALANCEADA INY  1 L INYECTABLE,INYECTABLE,M
37761,MALLA DE TITANIO PARA PISO DE ORBITA 03 mm x 35 mm x 40 mm   UNIDAD,UNIDAD,I
38947,BLOQUEO CON LANZADERA DE POLIPROPILENO PARA FUNDA DE SILICONA PARA PROTESIS DE MIEMBRO INFERIOR   UNIDAD,UNIDAD,I
37134,DOSAJE DE TIEMPO DE TROMBOPLASTINA PARCIAL ACTIVADO  200 DET KIT,KIT,I
19590,CINTA MATRIZ DE POLIESTER USO DENTAL X 50   UNIDAD,UNIDAD,I
35687,CANISTER DE PLASTICO X 300 mL   UNIDAD,UNIDAD,I
19422,TRANSAMINASA GLUTAMICA OXALACETICA (TGO) CINETICA  500 DET KIT,KIT,I
25737,PLACA LCP DE 11 AGUJEROS X 4.5 mm/5.0 mm PARA FEMUR DISTAL ADULTO   UNIDAD,UNIDAD,I
47103,TRAMPA DE HUMEDAD PARA MONITOR MULTIPARAMETRO   UNIDAD,UNIDAD,I
36726,DEXAMETASONA USP  50 g UNIDAD,UNIDAD,I
45032,ALCOHOL ISOPROPILICO (ISOPROPANOL) Q.P. X 1 L   UNIDAD,UNIDAD,I
37205,PROTESIS VASCULAR AORTICA ASCENDENTE 30 mm x 100 mm CON VALVULA CARDIACA AORTICA MECANICA N° 27   UNIDAD,UNIDAD,I
43863,PRUEBA RAPIDA COVID-19 IgG/IgM  DETERMINACION KIT,KIT,I
22534,CEMENTO ACRILICO (POLVO + LIQUIDO)  454 g/240 mL KIT,KIT,I
20512,MINIPLACA DE TITANIO RECTA 20 AGUJEROS SISTEMA 1.6 mm   UNIDAD,UNIDAD,I
32448,APOSITO DE HIDROGEL CON PLATA IONICA X 45 g   UNIDAD,UNIDAD,I
42656,TORNILLO DE BLOQUEO DE TITANIO AUTORROSCANTE  2.4 mm X 20 mm UNIDAD,UNIDAD,I
22038,TORNIQUETE CARDIOVASCULAR   UNIDAD,UNIDAD,I
48969,"VACUNA CONTRA COVID-19(NUCLEOSIDOS MODIF)(mRNA-1273),MODERNA,FAB.ROVI PHARMA INDUSTRIAL SERVICES S.A ESPAÑA(SPIKEVA 0.20 mg/mL (200 µg/mL) VIAL X 5 mL INYECTABLE",INYECTABLE,M
39808,TIMOL EN CRISTALES P.A. x 100 g   UNIDAD,UNIDAD,I
36602,REPELENTE DE INSECTOS PARA PIEL  200 mL UNIDAD,UNIDAD,I
53719,CEPILLO PARA CITOLOGIA DESCARTABLE 2.5 mm X 120 cm   UNIDAD,UNIDAD,I
2144,CLORFENAMINA MALEATO 2 mg/5 mL 60 mL JARABE,JARABE,M
37603,PROTESIS TOTAL DE CADERA NO CEMENTADA DE REVISION   UNIDAD,UNIDAD,I
17077,SONDA NASOGASTRICA Nº 20   UNIDAD,UNIDAD,I
22988,SUTURA DE POLIPROPILENO AZUL MONOFILAMENTO 3/0 C/DOBLE AGUJA 1/2 CIRCULO REDONDA 26 mm X 90 cm   UNIDAD,UNIDAD,I
11903,SONDA RECTAL N° 18 F   UNIDAD,UNIDAD,I
47230,BAGUETA DE VIDRIO  30 cm UNIDAD,UNIDAD,I
48474,SET DE ACCESORIOS PARA LIGAMENTO CRUZADO POSTERIOR (LCP) X 7 PIEZAS   UNIDAD,UNIDAD,I
38210,BECLOMETASONA + FORMOTEROL 100 µg + 6 µg/DOSIS 120 DOSIS AEROSOL,AEROSOL,M
36250,ASA DE POLIPECTOMIA OVALADA 28 mm X 240 cm   UNIDAD,UNIDAD,I
26038,SISTEMA DE PLACA DE BLOQUEO PARA CADERA PEDIATRICA DE 5.0 mm   UNIDAD,UNIDAD,I
38203,PLANTILLA ORTOPEDICA TALLA S   PAR,PAR,I
34162,TORNILLO CORTICAL DE TITANIO AUTORROSCANTE 1.3 mm X 6 mm   UNIDAD,UNIDAD,I
29165,COMPLEJO HIDROXIDO DE HIERRO POLIMALTOSA 50 mg/mL 30 mL SOLUCION,SOLUCION,M
30315,DORSIFLEXOR ELASTICO DE TOBILLO (FERULA DE HARRIS)   UNIDAD,UNIDAD,I
43138,TUBERIA PRINCIPAL DE PVC PARA BOMBA DE ARTROSCOPIA X 9 FT   UNIDAD,UNIDAD,I
26025,FINGOLIMOD 0.5 mg  TABLETA,TABLETA,M
25872,PRUEBA RAPIDA PARA HEPATITIS C  25 DET KIT,KIT,I
51362,TEST DE ANTIGENO CYFRA 21.1  DETERMINACIONES UNIDAD,UNIDAD,I
22069,PLACA DE BLOQUEO DE CADERA LCP 120º DE 3.5 mm X 95 mm   UNIDAD,UNIDAD,I
19468,CATETER DE SEPTOSTOMIA 5 FR   UNIDAD,UNIDAD,I
32618,PAÑAL DESCARTABLE TIPO TOALLA X 10   UNIDAD,UNIDAD,I
53168,CANULA DE ARTROSCOPIA 8.00 mm X 7.2 cm   UNIDAD,UNIDAD,I
27800,CUCHILLETE PARA CORNEA CLARA DE 2.75 mm   UNIDAD,UNIDAD,I
17479,TUBO ENDOTRAQUEAL SIN GLOBO N° 3.5 F   UNIDAD,UNIDAD,I
36723,ANTICUERPO POLICLONAL PARA PROTEINA S100 X 6 mL   UNIDAD,UNIDAD,I
33123,SUSTITUTO DE DURAMADRE 10 cm X 15 cm   UNIDAD,UNIDAD,I
44771,VACUNA ANTIPOLIOMIELITICA BIVALENTE TIPO 1 Y 3 (ORAL)  10 DOSIS SUSPENSION,SUSPENSION,M
23571,FRASCO COLECTOR PARA MUESTRA DE ORINA CON TAPA 60 mL   UNIDAD,UNIDAD,I
44848,IMPLANTE ORBITAL DE POLIETILENO POROSO 16 mm   UNIDAD,UNIDAD,I
17404,TORNILLO CORTICAL 3.5 mm X 55 mm   UNIDAD,UNIDAD,I
34642,"CATETER VENOSO CENTRAL DE INSERCION PERIFERICA, UN LUMEN 1 FR X 20 cm   KIT",KIT,I
22994,SUTURA LINO RETORCIDO MULTIEMPAQUE 3/0 S/A 8 HEBRAS X 70 cm   UNIDAD,UNIDAD,I
19395,LIQUIDO FIJADOR PARA PROCESOS AUTOMATICOS  10 gal UNIDAD,UNIDAD,I
36909,CAJA DE POLIETILENO DESCARTABLE PARA MATERIAL PUNZOCORTANTE X 7 L   UNIDAD,UNIDAD,I
52678,FERULA DE MADERA  80 cm X 7 cm UNIDAD,UNIDAD,I
22969,"CATETER ENDOVENOSO PERIFERICO Nº 22 G X 1"" CON ADAPTADOR EN Y   UNIDAD",UNIDAD,I
28895,AGUJA PARA BIOPSIA DE MEDULA OSEA DESCARTABLE 8 G X 10 cm   UNIDAD,UNIDAD,I
36337,POTE DE PLASTICO CON TAPA COLOR BLANCO X 60 mL   UNIDAD,UNIDAD,I
53931,AGUJA MONOPOLAR PARA ELECTROMIOGRAFIA (EMG) N║ 29 G X 37 mm  - UNIDAD,UNIDAD,I
32254,HEMOGRAMA AUTOMATIZADO 22 PARAMETROS  1 DET UNIDAD,UNIDAD,I
36060,CURETA JACQUETE Nº 36   UNIDAD,UNIDAD,I
38723,PIRIPROXIFEN (GRANULADO) 0.5% 1 kg UNIDAD,UNIDAD,I
47458,JABON GERMICIDA ESPUMA X 1 L   UNIDAD,UNIDAD,I
47874,PROTECTOR OCULAR DESCARTABLE PARA FOTOTERAPIA RECIEN NACIDO DE 33-38 cm   UNIDAD,UNIDAD,I
32737,CATETER BALON DILATADOR DE VIAS BILIARES 7 FR X 200 cm	   UNIDAD,UNIDAD,I
48597,TUBO PARA EXTRACCION DE SANGRE CON SISTEMA DE VACIO DE POLIETILENO TEREFTALATO (PET) 2 mL CON EDTA + FLUORURO DE SO   UNIDAD,UNIDAD,I
23276,CAMPO SIMPLE DESCARTABLE ESTERIL 90 cm X 80 cm   UNIDAD,UNIDAD,I
19245,CATETER PERCUTANEO CON INTRODUCTOR PELABLE 2.0 FR   UNIDAD,UNIDAD,I
10567,CLAVO KIRSCHNER 1.6 mm X 31 cm   UNIDAD,UNIDAD,I
12554,TORNILLO CORTICAL 4.5 mm X 14 mm   UNIDAD,UNIDAD,I
45767,CATETER PERCUTANEO PARA EXTRACCION DE CUERPO EXTRAÑO DE LAZO  18 - 30 mm UNIDAD,UNIDAD,I
33856,BROCA DE 3.5 mm DE DIAMETRO X 135 mm   UNIDAD,UNIDAD,I
41186,KIT DE COLORACION PARA INMUNOHISTOQUIMICA PAS  50 DET UNIDAD,UNIDAD,I
34141,CLAVO KIRSCHNER 1.2 mm X 225 mm   UNIDAD,UNIDAD,I
3640,FLUTICASONA 125 µg/DOSIS 120 DOSIS AEROSOL,AEROSOL,M
43087,ASA DE POLIPECTOMIA 27K X 2.3 cm DE DIAMETRO LAZO 20mm DIAMETRO ALAMBRE 0.48 mm TAMAÑO CANAL 2.8 mm   UNIDAD,UNIDAD,I
37434,CAMPO FENESTRADO DESCARTABLE ADHESIVO 45 cm X 45 cm   UNIDAD,UNIDAD,I
26176,KIT SISTEMA DE FIJACION CERVICAL VIA ANTERIOR PLACA   KIT,KIT,I
24362,CLAVO SCHANZ 5.0 mm X 300 mm   UNIDAD,UNIDAD,I
44104,GAFA DE SEGURIDAD DE MONTURA INTEGRAL   UNIDAD,UNIDAD,I
2982,DOCETAXEL 20 mg/5 mL 5 mL INYECTABLE,INYECTABLE,M
10376,BOMBILLA DE ASPIRACION  50 mL   UNIDAD,UNIDAD,I
29237,FOSFATASA ALCALINA CINETICA  100 DET UNIDAD,UNIDAD,I
41781,PLACA PETRI DE PLASTICO DESCARTABLE 20 mm X 150 mm X 10 UNIDADES   UNIDAD,UNIDAD,I
33408,PANTALONETA COMPLETA ELASTICA TALLA M   UNIDAD,UNIDAD,I
33812,TUBO PARA EXTRACCION DE SANGRE CON SISTEMA DE VACIO DE POLIETILENO TEREFTALATO 1 mL CON CITRATO DE SODIO AL 3.2%   UNIDAD,UNIDAD,I
23110,CALDO PEPTONA  500 g UNIDAD,UNIDAD,I
33119,INJERTO VASCULAR VALVADO HETEROLOGO PULMONAR 16 mm   UNIDAD,UNIDAD,I
44059,PAPEL CREPADO 75 cm X 75 cm (CORTADO)  X 250 UNIDAD,UNIDAD,I
21887,TUBO ENDOTRAQUEAL ANILLADO 4.5 mm CON GLOBO   UNIDAD,UNIDAD,I
49038,BIOPROTESIS DE VALVULA CARDIACA TRANSCATETER PULMONAR   UNIDAD,UNIDAD,I
53449,PROTESIS DE RODILLA UNICOMPATIMENTAL   UNIDAD,UNIDAD,I
25362,TORNILLO DE ACERO PARA FIJACION INTERMAXILAR DE 8.0 mm X 2.0 mm   UNIDAD,UNIDAD,I
53366,LIGADURA DE SILICONA VASCULAR 0.83 mm X 406 mm   UNIDAD,UNIDAD,I
27555,BARRA DE TITANIO 3.5 mm DE DIAMETRO X 240 mm PARA SISTEMA DE FIJACION OCCIPITO CERVICAL   UNIDAD,UNIDAD,I
31896,CANULA VENOSA PARA CIRCULACION EXTRACORPOREA Nº 28 RECTA   UNIDAD,UNIDAD,I
31145,PASTA PARA PROFILAXIS DENTAL  90 g UNIDAD,UNIDAD,I
2188,CLORHEXIDINA 4 g/100 mL 120 mL SOLUCION,SOLUCION,M
30363,BOTIN DE CUERO PARA CABALLERO   UNIDAD,UNIDAD,I
35250,COLESTEROL LDL DIRECTO ENZIMATICO  100 DET KIT,KIT,I
16863,PEROXIDO DE HIDROGENO (AGUA OXIGENADA 10 V) 3 % 250 mL SOLUCION,SOLUCION,M
52318,SISTEMA DE ASPIRACION DE SECRECIONES CON CANULA YANKAUER DESCARTABLE   UNIDAD,UNIDAD,I
54548,"KIT PARA TRATAMIENTO DE HERIDAS (ESPONJA DE POLIURETANO, LAMINAS ADHESIVAS, DISCOS DE TRIPLE LUMEN Y CONECTOR EN Y) - - UNIDAD",UNIDAD,I
38029,MALLA DE TITANIO CILINDRICA DE REEMPLAZO DE CUERPO VERTEBRAL 28 mm X 88 mm   UNIDAD,UNIDAD,I
36363,ALIMENTO NUTRICIONAL COMPLETO Y BALANCEADO PARA NIÑOS  900 g UNIDAD,UNIDAD,I
24359,CLAVO STEINMAN 1.0 mm X 300 mm   UNIDAD,UNIDAD,I
19191,SUTURA DE POLIPROPILENO AZUL MONOFILAMENTO 6/0 C/DOBLE AGUJA 1/2 CIRCULO REDONDA 13 mm X 75 cm   UNIDAD,UNIDAD,I
38360,CATETER VENOSO CENTRAL DOBLE LUMEN DE LARGA PERMANENCIA PARA HEMODIALISIS 14.5 FR x 33 cm   UNIDAD,UNIDAD,I
50739,CINTA MATRIZ METALICA 6 mm X 1 m   UNIDAD,UNIDAD,I
27365,INJERTO VASCULAR BIFURCADO DE DACRON 8 mm X 16 mm X 50 cm   UNIDAD,UNIDAD,I
34316,CINTA ADHESIVA PARA ESTERILIZACION DE INSTRUMENTOS 6.35 mm X 7.62 m   UNIDAD,UNIDAD,I
36646,CIRCUITO DE PRESION POSITIVA CONTINUA (CPAP) DE BURBUJA PARA LACTANTES CON CANULA NASAL 3.5 mm/2.0 mm   UNIDAD,UNIDAD,I
54735,HIALURONATO SODICO LMW15.4 mg/ 0.7 mL (2.2%) + HIALURONATO DE SODIO HMW 7.0 mg/0.7 mL JERINGA PRELLENADO CON DOBLE C - - UNIDAD,INYECTABLE,I
29608,PLACA DE RECONSTRUCCION DE 7 AGUJEROS X 3.5 mm   UNIDAD,UNIDAD,I
44302,BOLSA DE ASPIRACION DE SECRECIONES C/VALVULA Y FILTRO ANTIBACTERIANO 2 L   UNIDAD,UNIDAD,I
42433,ARCO PREFORMADO DE ACERO INOXIDABLE RECTANGULAR INFERIOR CORTO 0.017 in X 0.025 in  UND UNIDAD,UNIDAD,I
39760,PROTESIS TOTAL DE CADERA DERECHA NO CEMENTADA   UNIDAD,UNIDAD,I
46500,TORNILLO DE INTERFERENCIA BIOABSORBIBLE  10 mm X 30 mm UNIDAD,UNIDAD,I
44121,TORNILLO REABSORBIBLE 1.5 mm X 6 mm   UNIDAD,UNIDAD,I
2966,DISULFIRAM 500 mg  TABLETA,TABLETA,M
32463,APOSITO DE ESPUMA (POLIURETANO) CON PLATA IONICA 1.2 % CON HIDROFIBRA (CARBOXIMETILCELULOSA SODICA) 20 cm X 16.9 cm   UNIDAD,UNIDAD,I
54430,CLORURO DE MAGNESIO HEXAHIDRATADO USP - X 1 Kg UNIDAD,UNIDAD,I
28986,ESPARADRAPO HIPOALERGENICO DE SEDA 35 cm X 9.1 m 5 CORTES   UNIDAD,UNIDAD,I
19636,CATETER UMBILICAL VENOSO 5.0 FR   UNIDAD,UNIDAD,I
40363,CATETER DE DIAGNOSTICO DOBLE J 5 FR x 100 cm   UNIDAD,UNIDAD,I
6412,VACUNA ANTITETANICA 40 UI/0.5 mL 1 DOSIS INYECTABLE,INYECTABLE,M
22928,UREA CINETICA  100 DET KIT,KIT,I
37587,PLACA PETRI DE PLASTICO DESCARTABLE 25 mm X 150 mm   UNIDAD,UNIDAD,I
45350,TORNILLO CANULADO 7.3 mm X 90 mm   UNIDAD,UNIDAD,I
51133,EXPANSOR TISULAR SEMILUNAR LISO  300 mL UNIDAD,UNIDAD,I
50142,TEST DE TIROGLOBULINA  1 DETERMINACION UNIDAD,UNIDAD,I
25492,CATETER MULTIPROPOSITO SIN PERFORACION 5 FR X 100 cm   UNIDAD,UNIDAD,I
22504,TORNILLO ACETABULAR 5.5 mm X 20 mm   UNIDAD,UNIDAD,I
19572,CLAVO SCHANZ ROSCA CENTRAL 3.5 mm X 30 cm   UNIDAD,UNIDAD,I
22790,TREPANO CORNEAL DESCARTABLE 2.00 mm   UNIDAD,UNIDAD,I
27587,TORNILLO DE TITANIO 1.6 mm X 7 mm   UNIDAD,UNIDAD,I
12602,TORNILLO PARA HUESO ESPONJOSO 4.0 mm X 28 mm   UNIDAD,UNIDAD,I
27203,CATETER GUIA PARA ARTERIA CORONARIA TIPO JUDKING DERECHO ALTO FLUJO PUNTA BLANDA F6 - 110 ASA 4   UNIDAD,UNIDAD,I
20471,"MINIPLACA DE TITANIO ""L"" IZQUIERDA 4 ORIFICIOS CON PUENTE   UNIDAD",UNIDAD,I
54541,CEPILLO DE LIMPIEZA DESCARTABLE PARA ENDOSCOPIO - 1.60 mm X 100 cm UNIDAD,UNIDAD,I
40791,PLACA LCP DE 12 AGUJEROS X 2.7/3.5 mm PARA HUMERO DISTAL MEDIAL   UNIDAD,UNIDAD,I
41706,SUTURA DE POLIPROPILENO 5/0 C/ DOBLE AGUJA 1/2 CIRCULO REDONDA 17 mm X 75 cm   UNIDAD,UNIDAD,I
34338,SUTURA ACIDO POLIGLACTIN 8/0 C/DOBLE AGUJA 3/8 CIRCULO ESPATULADA 6.5 mm X 20 cm   UNIDAD,UNIDAD,I
51877,SUTURA DE POLIPROPILENO AZUL MONOFILAMENTO 5/0 C/DOBLE AGUJA 1/2 CIRCULO REDONDA 25 MM X 75 CM   UNIDAD,UNIDAD,I
12660,TORNILLO MALEOLAR 4.5mm X 40mm   UNIDAD,UNIDAD,I
43812,CINTA INDICADORA QUIMICA DE ESTERILIZACION A VAPOR 18 mm X 50 m DE 8 N/m   UNIDAD,UNIDAD,I
19175,SUTURA NAILON AZUL MONOFILAMENTO 0 C/A 1/2 CIRCULO REDONDA 30 mm X 75 cm   UNIDAD,UNIDAD,I
19803,MASCARILLA DE BIOSEGURIDAD DESCARTABLE (N149)   UNIDAD,UNIDAD,I
36346,17 OHP HIDROXIPROGESTERONA  1 DET KIT,KIT,I
26793,SUSTITUTO OSEO FOSFATO CALCICO PARA COLUMNA VERTEBRAL X 10 mL   UNIDAD,UNIDAD,I
29252,TIRA NERVIOS SET DEL 15-40 DE 22 mm   UNIDAD,UNIDAD,I
10558,CLAVO KIRSCHNER 1.0 mm X 300 mm   UNIDAD,UNIDAD,I
44768,MATRIZ DERMICA DE COLAGENO Y ELASTINA 210 mm X 297 mm X 1 mm   UNIDAD,UNIDAD,I
43615,INJERTO VASCULAR VALVADO HETEROLOGO PULMONAR 15 mm   UNIDAD,UNIDAD,I
36304,VIBRADOR OSEO TIPO BANDA ELASTICA   UNIDAD,UNIDAD,I
42802,MEDIO DE CULTIVO CROMOGENICO PARA UROCULTIVO  X 500 g UNIDAD,UNIDAD,I
24628,"PLACA DE TITANIO ""L"" IZQUIERDA CON PUENTE 4 ORIFICIOS SISTEMA 2.0 mm   UNIDAD",UNIDAD,I
18358,SONDA DE SUCCION (aspiracion) Nº 06   UNIDAD,UNIDAD,I
46671,PASTA DENTIFRICA  120 g APROX. UNIDAD,UNIDAD,I
48953,LEVETIRACETAM 100 mg/mL 5 mL INYECTABLE,INYECTABLE,M
29215,CIRCUITO DE PRESION POSITIVA CONTINUA (CPAP) NASAL Nº 0   UNIDAD,UNIDAD,I
36365,FRESA PARA CRANEOTOMO DE ACERO PARA DRILADO TIPO ROSEN DE 5 mm   UNIDAD,UNIDAD,I
39319,INDICADOR QUIMICO INTERNO DE ESTERILIZACION A VAPOR x 500   UNIDAD,UNIDAD,I
39209,FRESA QUIRURGICA CORTANTE 5.0 mm/70 mm   UNIDAD,UNIDAD,I
22443,SUTURA ACIDO POLIGLICOLICO 5/0 C/A 1/2 CIRCULO REDONDA 20 mm X 75 cm   UNIDAD,UNIDAD,I
47481,CATETER ANGIOGRAFICO TIPO DOBLE J 6 FR X 100 cm 495701500063  UNIDAD,UNIDAD,I
10161,"AGUJA HIPODERMICA DESCARTABLE N° 26 G X 1/2""   UNIDAD",UNIDAD,I
46570,ELECTRODO ESTIMULADOR DESCARTABLE BIPOLAR 0.65 mm CON CABLE 1.0 m PARA SISTEMA DE MONITOREO INTRAOPERATORIO   UNIDAD,UNIDAD,I
40161,INTRODUCTOR FEMORAL CON CUBIERTA HIDROFILICA 8 FR X 11 cm   UNIDAD,UNIDAD,I
15868,CLAVO RUSH 3.5 mm X 25 cm   UNIDAD,UNIDAD,I
27941,TORNILLO SCHANZ 5.0 mm X L200/50 mm   UNIDAD,UNIDAD,I
42703,TORNILLO DE BLOQUEO  4.5 mm X 42 mm UNIDAD,UNIDAD,I
30908,PINZA DE COAGULACION BIPOLAR FORMA BAYONETA RECTA PUNTA 2 mm X 19.7 cm   UNIDAD,UNIDAD,I
54047,SET INSTRUMENTAL QUIRURGICO PARA CIRUGIA LAPAROSCOPICA - X 9 PIEZAS UNIDAD,UNIDAD,I
20271,SUSTITUTO DE DURAMADRE 5 cm X 6 cm   UNIDAD,UNIDAD,I
43852,CATETER DE ASPIRACION PERIFERICA DE 8.0 FR X 85 cm   UNIDAD,UNIDAD,I
20303,"AGUJA PARA BIOPSIA DE MEDULA OSEA DESCARTABLE 11 G X 4""   UNIDAD",UNIDAD,I
26799,MATRAZ ERLENMEYER DE VIDRIO GRADUADO X 1 L   UNIDAD,UNIDAD,I
43961,APOSITO HIDROCELULAR DE POLIURETANO ADHESIVO ESTERIL 5 CAPAS 21.6 cm X 23 cm   UNIDAD,UNIDAD,I
35798,KIT COMPLETO DESCARTABLE DE TUBOS CORRUGADOS Y ACCESORIOS ADULTO PARA VENTILADOR VELA   KIT,KIT,I
38769,CAPSULA DE GELATINA N° 4   UNIDAD,UNIDAD,I
20715,SET DE TUBULADURA PARA CARDIOPLEJIA   UNIDAD,UNIDAD,I
30554,TUBO DE DRENAJE TORAXICO Nº 20   UNIDAD,UNIDAD,I
43904,TORNILLO PEDICULAR POLIAXIAL DE TITANIO 5.0 mm X 45 mm   UNIDAD,UNIDAD,I
30236,VALVULA CARDIACA MITRAL BIOLOGICA Nº 27   UNIDAD,UNIDAD,I
26414,IONOMERO DE VIDRIO AUTOCURABLE PARA BASE (POLVO-LIQUIDO 15 g/10 mL)   KIT,KIT,I
12645,TORNILLO PARA HUESO ESPONJOSO ROSCA TOTAL 6.5 mm X 45 mm   UNIDAD,UNIDAD,I
39575,CANULA VENOSA PARA CIRCULACION EXTRACORPOREA Nº 28 ANGULADA   UNIDAD,UNIDAD,I
26184,GUIA PARA TUBO ENDOTRAQUEAL PEDIATRICO N° 6 FR   UNIDAD,UNIDAD,I
33701,CHALECO MANGA CORTA ELASTICA TALLA S   UNIDAD,UNIDAD,I
23399,FRESA DE ACERO DE ALTA VELOCIDAD REDONDA MEDIANA   UNIDAD,UNIDAD,I
31381,MALLA DE ACIDO POLIGLICOLICO Y POLIPROPILENO MULTIFILAMENTO 15 cm X 15 cm   UNIDAD,UNIDAD,I
28960,SET DE ACCESORIOS PARA LIGAMENTO CRUZADO ANTERIOR (LCA) X 5 PIEZAS   UNIDAD,UNIDAD,I
45264,SET DE ACCESORIOS PARA EQUIPO DE INSUFLACION CON FLUJO DE GAS X 3 PIEZAS   UNIDAD,UNIDAD,I
32115,ANTICUERPO ANTI HTLV I-II METODO QUIMIOLUMINISCENCIA  100 DET KIT,KIT,I
26565,TORNILLO CANULADO 3.0 mm X 20 mm   UNIDAD,UNIDAD,I
12233,SUTURA NAILON AZUL MONOFILAMENTO 5/0 C/A 1/2 CIRCULO CORTANTE 15 mm X 75 cm   UNIDAD,UNIDAD,I
55310,MEDIO DE RECUPERACION Y LAVADO DE OVOCITOS - X 100 mL UNIDAD,UNIDAD,I
35648,MALLA DE POLIPROPILENO NO TEJIDA DE CONTACTO VISCERAL 30 cm X 30 cm TIPO RECTANGULAR   UNIDAD,UNIDAD,I
28720,FILTRO ANTIBACTERIANO PARA EQUIPO DE ASPIRACION DE SECRECIONES   UNIDAD,UNIDAD,I
41343,SUTURA NAILON NEGRO MONOFILAMENTO 9/0 C/A 3/8 CIRCULO REDONDA 5.5 mm X 15 cm   UNIDAD,UNIDAD,I
42408,COLESTEROL HDL DIRECTO ENZIMATICO  X 200 DET UNIDAD,UNIDAD,I
6228,TOXINA BOTULINICA TIPO A 100 U  INYECTABLE,INYECTABLE,M
31722,SONDA DE GASTROSTOMIA CON BALON DE SILICONA 16 FR   UNIDAD,UNIDAD,I
25985,CATETER IMPLANTABLE 6.6 FR PEDIATRICO   UNIDAD,UNIDAD,I
51725,BARRERA CUTANEA AER X 28 mL   UNIDAD,UNIDAD,I
41635,CANULA ENDOLUMINAL (STENT) CORONARIA DE METAL MEDICADA 2.5 mm X 12 mm   UNIDAD,UNIDAD,I
39636,ARCO NITI RECTANGULARES SUPERIORES N° 18   UNIDAD,UNIDAD,I
50991,PAPEL TOALLA HOJA SIMPLE BLANCO  305 m UNIDAD,UNIDAD,I
55277,PINZA BIPOLAR TIPO MARYLAND PARA CIRUGIA ABIERTA DE 5 mm DE DIAMETRO X 23 cm - - UNIDAD,UNIDAD,I
28555,FILTRO DIALIZADOR 1.3 m2   UNIDAD,UNIDAD,I
21021,TORNILLO CORTICAL 1.5 mm X 10 mm   UNIDAD,UNIDAD,I
51759,OCLUSOR PERCUTANEO PARA DEFECTO SEPTAL MULTIFUNCIONAL 9 mm x 7 mm   UNIDAD,UNIDAD,I
39470,FRESA PARA CRANEOTOMO DE ACERO PARA PERFORACION TIPO CONICA ESTRECHA DE 44 mm x 3.2 mm   UNIDAD,UNIDAD,I
4038,IDARUBICINA 5 mg  INYECTABLE,INYECTABLE,M
4323,LAMIVUDINA 10 mg/ mL 240 mL SOLUCION,SOLUCION,M
31364,PROTECTOR OCULAR DESCARTABLE NIÑO   UNIDAD,UNIDAD,I
20554,SUTURA DE POLIPROPILENO AZUL MONOFILAMENTO 4/0 C/A 1/2 CIRCULO REDONDA 26 mm x 90 cm   UNIDAD,UNIDAD,I
48904,TORNILLO CANULADO 7 mm ROSCA DISTAL 95 mm X 16 mm   UNIDAD,UNIDAD,I
21400,SUTURA CATGUT CROMICO 3/0 C/A 1/2 CIRCULO REDONDA 25 mm X 75 cm   UNIDAD,UNIDAD,I
31034,TABLERO ADAPTADO A SILLA DE RUEDAS COMO SOPORTE TIPO MESA   UNIDAD,UNIDAD,I
41624,CLAVO SCHANZ 5.0 mm X 200 mm   UNIDAD,UNIDAD,I
39570,TUBO DE DRENAJE TORAXICO Nº 30   UNIDAD,UNIDAD,I
48329,HOJA DE SIERRA 10 mm X 18.5 mm X 0.4 mm PARA SIERRA SAGITAL   UNIDAD,UNIDAD,I
23867,CONTENEDOR DE CARTON 5 L   UNIDAD,UNIDAD,I
54929,MINIPLACA BLOQUEADA LATERAL/MEDIAL DE 9 AGUJEROS,UNIDAD,I
22521,"PLACA DE RECONSTRUCCION MANDIBULAR ANGULADA FORMA EN ""L"" IZQUIERDA DE 25 AGUJEROS  X 2.4 mm   UNIDAD",UNIDAD,I
34298,AGUJA DE BIOPSIA TIPO TRUCUT CON TROCAR 16 G X 15 cm   UNIDAD,UNIDAD,I
22525,JERINGA DESCARTABLE 60 mL CON PUNTA CATETER   UNIDAD,UNIDAD,I
22598,SONDA VESICAL 2 VIAS DE SILICONA DE LARGA PERMANENCIA Nº 12   UNIDAD,UNIDAD,I
37597,PLACA LCP DE 9 AGUJEROS X 3.5 mm PARA CLAVICULA   UNIDAD,UNIDAD,I
33235,CATETER PERCUTANEO PARA EXTRACCION DE CUERPO EXTRAÑO DE LAZO DE 10 mm   UNIDAD,UNIDAD,I
36663,AGUJA PARA BIOPSIA TIPO CHIBA N° 22 G X 15 cm   UNIDAD,UNIDAD,I
30180,FORMULA POLIMERICA PARA NIÑOS MENORES DE 10 AÑOS  900 g POLVO,POLVO,I
53108,KIT DE DETECCION MOLECULAR PARA IDENTIFICACION DE COMPLEJO MYCOBACTERIUM TUBERCULOSIS Y RESISTENCIA A FLUOROQUINOLO   UNIDAD,UNIDAD,I
23761,PLACA EN T 35 mm PARA RADIO DISTAL X 3 ORIFICIOS   UNIDAD,UNIDAD,I
37359,TORNILLO CANULADO 4.5 mm X 46 mm   UNIDAD,UNIDAD,I
44231,IVERMECTINA USP/BP  100 g POLVO,POLVO,I
39485,TORNILLO ESPONJOSO ROSCA TOTAL 4.0 mm x 45 mm   UNIDAD,UNIDAD,I
44393,MAMELUCO DESCARTABLE IMPERMEABLE CON CAPUCHA Y BOTAS TALLA L   UNIDAD,UNIDAD,I
37284,PARCHE PARA CAROTIDA 6 mm X 75 mm   UNIDAD,UNIDAD,I
33238,PLACA DE TITANIO EN Y DE 5 AGUJEROS SISTEMA 1.6 mm   UNIDAD,UNIDAD,I
39211,PROTECTOR CUTANEO DISILOXANO + CICLOPENTASILOXANO + TRIMETILADA  28 mL AEROSOL,AEROSOL,I
26961,ELECTRODO DE BOLA LEEP DE 3 mm DE DIAMETRO X 12 cm   UNIDAD,UNIDAD,I
21833,JUEGO DE CPAP NEONATAL Nº 00   UNIDAD,UNIDAD,I
21048,YODO POVIDONA (ESPUMA) 7.5 g/100 mL 60 mL SOLUCION,SOLUCION,M
32366,CLAVO STEINMAN 4.5 mm X 250 mm   UNIDAD,UNIDAD,I
34123,PLACA DE TITANIO RECTA TIPO LOCKING 4 AGUJEROS SISTEMA 2.0 mm   UNIDAD,UNIDAD,I
36232,PRUEBA RAPIDA PARA DETECCION DE DENGUE IgM IgG Y ANTIGENO NS1 TIPO TEST   UNIDAD,UNIDAD,I
28531,SISTEMA DOBLE DRENAJE TORAXICO 3 CAMARAS CON VALVULA DE CONTROL DE SUCCION   UNIDAD,UNIDAD,I
13030,DILUYENTE PARA VACUNA CONTRA SARAMPION Y RUBEOLA (SR)  10 DOSIS INYECTABLE,INYECTABLE,M
54017,SUTURA ACIDO POLIGLACTIN 1 C/A 1/2 CIRCULO REDONDA  40 mm X 90 cm UNIDAD,UNIDAD,I
42635,INDICADOR MULTIPARAMETRO (INTEGRADOR) DE ESTERILIZACION A VAPOR  UNIDAD UNIDAD,UNIDAD,I
30891,LENTE INTRAOCULAR DIOPTRIA 25.0 CAMARA POSTERIOR PLEGABLE 1 PIEZA   UNIDAD,UNIDAD,I
25435,SONDA DE SUCCION CON CONTROL DE FLUJO Nº 8   UNIDAD,UNIDAD,I
46144,BOLSA DE ASPIRACION DE SECRECIONES X 1.5 L   UNIDAD,UNIDAD,I
24360,SUTURA ACIDO POLIGLACTIN 0 C/A 1/2 CIRCULO REDONDA 40 mm X 70 cm   UNIDAD,UNIDAD,I
24562,FRASCO DE VIDRIO TRANSPARENTE BOCA ANCHA X 250 mL CON TAPA ROSCA   UNIDAD,UNIDAD,I
23719,TORNILLO PARA CONDILO 5.0  mm X 6 mm   UNIDAD,UNIDAD,I
46262,KIT DE INMUNOHISTOQUIMICA  250 DET UNIDAD,UNIDAD,I
54199,TUBO DE GASTROSTOMIA DE BOTON DE BAJO PERFIL Y DE  REEMPLAZO  N░ 18 X 0.8 mm UNIDAD,UNIDAD,I
28780,MICROCUBETA DESCARTABLE PARA HEMOGLOBINOMETRO HEMOCONTROL X 50   UNIDAD,UNIDAD,I
41365,SONDA DE GASTROSTOMIA DE SILICONA 24 FR CON BALON   UNIDAD,UNIDAD,I
23851,GRAPADORA QUIRURGICA LINEAL CORTANTE ENDOSCOPICA 12 mm   UNIDAD,UNIDAD,I
44784,SET DE TAPONAMIENTO NASAL   UNIDAD,UNIDAD,I
31885,CLIP DE ANEURISMA BAYONETA RECTO DE TITANIO 9 mm   UNIDAD,UNIDAD,I
39631,GUIA HIDROFILICA RECTA FLEXIBLE DESCARTABLE 0.035 ? x 4.5 m   UNIDAD,UNIDAD,I
11906,SONDA RECTAL N° 24 F   UNIDAD,UNIDAD,I
21135,TORNILLO DE TITANIO 2.7 mm X 10 mm   UNIDAD,UNIDAD,I
23785,CATETER VENOSO CENTRAL DOBLE LUMEN 4 FR X 5  cm   UNIDAD,UNIDAD,I
29867,TORNILLO DE BLOQUEO 5.0 mm X 52 mm   UNIDAD,UNIDAD,I
34616,BROCA 2.5 mm X 225 mm   UNIDAD,UNIDAD,I
26578,TORNILLO DE INTERFERENCIA  9 mm X 23 mm UNIDAD,UNIDAD,I
22576,SET PARA BOMBA DE INFUSION CON BURETA   UNIDAD,UNIDAD,I
34081,APOSITO DE MEMBRANA AMNIOTICA ESTERIL 5 cm X 9 cm   UNIDAD,UNIDAD,I
19874,"GUIA HIDROFILICA PUNTA RECTA 0.035"" X 150 cm   UNIDAD",UNIDAD,I
4661,MEPIVACAINA 20 mg/mL 1.8 mL INYECTABLE,INYECTABLE,M
38608,ANTICUERPO ANTI TRYPANOSOMA CRUZI (CHAGAS) IGG METODO QUIMIOLUMINISCENCIA  100 DET KIT,KIT,I
10657,CLAVO SCHANZ PUNTA REDONDA 2.5 mm X 185 mm   UNIDAD,UNIDAD,I
42353,TORNILLO DE BLOQUEO DE TITANIO AUTORROSCANTE  3.5 mm X 40 mm UNIDAD,UNIDAD,I
19929,EQUIPO PARA BOMBA DE INFUSION PARA LIQUIDOS FOTOSENSIBLES   UNIDAD,UNIDAD,I
18881,PROGESTERONA 200 mg  TABLETA,TABLETA,M
16004,CLIP DE ANEURISMA SEMICURVO 9 mm   UNIDAD,UNIDAD,I
31238,TORNILLO ESPONJOSO 6.5 mm X 25 mm   UNIDAD,UNIDAD,I
42788,APOSITO DE POLIURETANO CON SUCCION AL VACIO 18 cm X 12.5 cm X 3.3 cm  APROX.   UNIDAD,UNIDAD,I
48296,ANTICUERPO MONOCLONAL PARA CD43  X 1 mL UNIDAD,UNIDAD,I
30197,TORNILLO DE BLOQUEO 3.9 mm X 30 mm   UNIDAD,UNIDAD,I
29354,ROTULA ACOPLABLE AUTOSUJETANTE MEDIANA   UNIDAD,UNIDAD,I
26147,CANASTILLA PARA LITOTRIPSIA MECANICA DESCARTABLE 3 cm X 6 cm   UNIDAD,UNIDAD,I
42300,CANASTILLA EXTRACTORA DE CALCULOS DORMIA 2.8 cm X 2.2 FR X 110 cm   UNIDAD,UNIDAD,I
34504,VALVULA CARDIACA MITRAL BIOLOGICA N° 25   UNIDAD,UNIDAD,I
23361,TUBO ENDOTRAQUEAL DESCASTABLE Nº 5.5 SIN CUFF   UNIDAD,UNIDAD,I
53191,MATERIAL DE CONTROL DE CALIDAD PARA LA DETERMINACION DE AMINOACIDOS Y ACILCARNITINAS A PARTIR DE GOTAS DE SANGRE SE   UNIDAD,UNIDAD,I
39212,CASSETTE PARA ESTERILIZACION POR PLASMA DE PEROXIDO DE HIDROGENO X 1 PROCESO   UNIDAD,UNIDAD,I
42503,TORNILLO CORTICAL 2.7 mm X 30 mm   UNIDAD,UNIDAD,I
22281,MALLA QUIRURGICA REEMPLAZO CORPORAL19 mm X 90 mm   UNIDAD,UNIDAD,I
26834,TORNILLO DE INTERFERENCIA  8 mm X 30 mm UNIDAD,UNIDAD,I
37387,CAJA DE CRIOCONSERVACION DE POLICARBONATO PARA 100 CRIOVIALES DE 2 mL   UNIDAD,UNIDAD,I
40550,MINIPLACA DE TITANIO 6 AGUJEROS CUADRADA SISTEMA 1.6 mm   UNIDAD,UNIDAD,I
53721,TORNILLO DE BLOQUEO DE TITANIO 1.5 mm X 10 mm   UNIDAD,UNIDAD,I
43635,SUSTITUTO DE DURAMADRE BIOLOGICA SUTURABLE 6 cm X 14 cm   UNIDAD,UNIDAD,I
38446,ANTICUERPO MONOCLONAL PARA NAPSIN-A (1P64) x 6 mL   UNIDAD,UNIDAD,I
41568,SOLUCION CONCENTRADA PARA HEMODIALISIS ACIDA  3.785 mL SOLUCION,SOLUCION,M
52574,PLACA DCP IPF 8 AGUJEROS X 3.5 mm PARA CUBITO DERECHO   UNIDAD,UNIDAD,I
34560,SUTURA NAILON AZUL MONOFILAMENTO 3/0 C/A 1/2 CIRCULO CORTANTE 35 mm X 75 cm   UNIDAD,UNIDAD,I
43554,KIT FIJADOR EXTERNO PARA PILON TIBIAL   UNIDAD,UNIDAD,I
37084,GUANTE DESCARTABLE A GRANEL TALLA M   PAR,PAR,I
50400,APOSITO DE ESPUMA (POLIURETANO) CON HIDROFIBRA (CARBOXIMETILCELULOSA SODICA) Y ADHESIVO DE SILICONA ESTERIL 5 CAPAS  10 cm x 10 cm UNIDAD,UNIDAD,I
30230,PROTESIS DE MIEMBRO INFERIOR CORTO CHOPART DE POLIPROPILENO CON OTP FLEXIBLE PARA LA MARCHA   UNIDAD,UNIDAD,I
38891,SONDA RECTAL CON BALON PARA CISTOMETRIA 12 FR x 38 cm   UNIDAD,UNIDAD,I
37025,ALCOHOL METILICO (METANOL) Q.P.  1 L SOLUCION,SOLUCION,I
33569,PAPEL MILIMETRADO PARA ELECTROCARDIOGRAMA 110 mm X 30 m   UNIDAD,UNIDAD,I
54943,KIT DE CIRCUITO DE VENTILACION NEONATAL DE DOBLE CALEFACCION CON ACCESORIOS DESCARTABLE PARA VENTILADOR MECANICO,UNIDAD,I
33477,DISCO DE SENSIBILIDAD DE AMPICILINA 30 µg 50 DISCOS UNIDAD,UNIDAD,I
24880,MATRAZ ERLENMEYER DE VIDRIO CLASE A GRADUADO X 2 L SIN TAPA   UNIDAD,UNIDAD,I
13006,VACUNA ANTIRRABICA HUMANA INACTIVADA (PREPARADO EN CULTIVO CELULAR)  1 DOSIS INYECTABLE,INYECTABLE,M
37777,SUTURA SEDA NEGRA TRENZADA MULTIEMPAQUE 3/0 S/A 10 HEBRAS X 75 cm   UNIDAD,UNIDAD,I
33720,MANGA COMPLETA ELASTICA TALLA N° 14   UNIDAD,UNIDAD,I
40477,TORNILLO ESPONJOSO 3.5 mm x 32 mm   UNIDAD,UNIDAD,I
41384,MASCARA LARINGEA DESCARTABLE CON ACCESO GASTRICO + INTUBACION N° 1.5   UNIDAD,UNIDAD,I
47604,GUANTE RESISTENTE A AGENTES QUIMIOTERAPEUTICOS DE RIESGO INTERMEDIO DESCARTABLE DE NITRILO SIN POLVO  TALLA M UNIDAD,UNIDAD,I
27874,REACTIVO DE PROTEINA EN ORINA Y/O LCR  1 DET KIT,KIT,I
39765,OCLUSOR VASCULAR II 4 mm x 6 mm   UNIDAD,UNIDAD,I
34147,PLACA LCP DE 4 AGUJEROS X 2.4 mm PARA RADIO PROXIMAL   UNIDAD,UNIDAD,I
51217,FORMULA NUTRICIONAL LIQUIDA PARA PACIENTE DIABETICO  200 mL SOLUCION,SOLUCION,M
46782,APOSITO DE ACETATO DE CELULOSA 20 CM X 20 CM   UNIDAD,UNIDAD,I
35639,SUTURA DE POLIDIOXANONA 6/0 C/DOBLE AGUJA 3/8 CIRCULO REDONDA 9.3 mm X 75 cm   UNIDAD,UNIDAD,I
46317,CEPILLO DENTAL CABEZA PEQUEÑA MANGO 20 cm APROX. PARA PACIENTE CON VENTILACION MECANICA   UNIDAD,UNIDAD,I
12223,SUTURA NAILON AZUL MONOFILAMENTO 4/0 C/A 1/2 CIRCULO REDONDA 30 mm X 75 cm   UNIDAD,UNIDAD,I
43896,SISTEMA DE PLACA DE BLOQUEO DE RADIO DISTAL DE ANGULO VARIABLE 2.4 mm DE 3 AGUJEROS   UNIDAD,UNIDAD,I
49417,HOJA DE SIERRA 25.5 mm X 14 mm X 0.4 mm PARA SIERRA SAGITAL   UNIDAD,UNIDAD,I
52344,AGAR MAC CONKEY I CON SORBITOL X 500 g  500 g UNIDAD,UNIDAD,I
54726,CLORTALIDONA 25 mg - TABLETA,TABLETA,M
36743,CAPUCHON DE SILICONA DE 5 mm X 6 mm PARA TROCAR   UNIDAD,UNIDAD,I
28450,KIT COMPLETO DESCARTABLE DE TUBOS CORRUGADOS Y ACCESORIOS NEONATAL PARA CPAP NASAL Nº 9   UNIDAD,UNIDAD,I
54305,BACHA PARA MIEMBROS SUPERIORES - - UNIDAD,UNIDAD,I
24447,MALLA REFUERZO ACETABULAR MULTIAGUJEROS DIAMETRO EXTERNO DE 56 mm   UNIDAD,UNIDAD,I
21196,TUBO DE ASPIRACION TRANSPARENTE 5/16 X 7/16 X 1.5 m   UNIDAD,UNIDAD,I
26986,MINIPLACA DE TITANIO RECTA 04 ORIFICIOS SISTEMA 2.0 mm   UNIDAD,UNIDAD,I
47317,SUTURA DE POLIPROPILENO AZUL MONOFILAMENTO 4/0 C/DOBLE AGUJA 1/2 CIRCULO REDONDA 15 mm X 90 cm   UNIDAD,UNIDAD,I
34971,FRASCO DE POLIETILENO X 250 mL CON TAPA   UNIDAD,UNIDAD,I
12026,SUTURA CATGUT CROMICO 4/0 C/A 1/2 CIRCULO REDONDA 15 mm X 70 cm   UNIDAD,UNIDAD,I
34281,CHALECO MANGA LARGA ELASTICA TALLA N° 12   UNIDAD,UNIDAD,I
33971,CAJA DE BIOSEGURIDAD DE CARTON PARA JERINGAS Y AGUJAS X 20 L   UNIDAD,UNIDAD,I
24319,SISTEMA DE PLACA DE BLOQUEO LCP DE 3.5 mm DE DIAMETRO DE 8 AGUJEROS   UNIDAD,UNIDAD,I
36729,SISTEMA CERRADO DE RECOLECCION DE ORINA SILICONA 100% Nº 4 FR   UNIDAD,UNIDAD,I
12060,SUTURA CATGUT SIMPLE 3/0 C/A 1/2 CIRCULO REDONDA 25 mm X 70 cm   UNIDAD,UNIDAD,I
37083,GUANTE DESCARTABLE A GRANEL TALLA L   PAR,PAR,I
37927,CANULOTOMO PRECURVO 0.035 DOBLE LUMEN 5.4 FR X 215 cm   UNIDAD,UNIDAD,I
36722,PLACA LC-DCP ESTRECHA 10 AGUJEROS 4.5 mm X 12.5 cm   UNIDAD,UNIDAD,I
37823,MAQUINA DE AFEITAR DESCARTABLE DOBLE HOJA   UNIDAD,UNIDAD,I
25078,SUTURA DE POLIDIOXANONA 7/0 C/DOBLE AGUJA 1/2 CIRCULO REDONDA 13 mm X 70 mm   UNIDAD,UNIDAD,I
42530,RECARGA PARA GRAPADORA QUIRURGICA LINEAL CORTANTE DE 75 mm  UNIDAD UNIDAD,UNIDAD,I
19930,MICROCATETER 1.5 FR X 1.55 cm   UNIDAD,UNIDAD,I
8136,OCTREOTIDA 200 µg/mL  INYECTABLE,INYECTABLE,M
20033,ARANDELA PARA TORNILLO CORTICAL 6.5 mm   UNIDAD,UNIDAD,I
38832,CATETER SWAN GANZ 7.5 FR x 110 cm   UNIDAD,UNIDAD,I
26715,SUTURA DE POLIPROPILENO AZUL MONOFILAMENTO 1 C/A 1/2 CIRCULO REDONDA 35 mm X 75 cm   UNIDAD,UNIDAD,I
5179,"VITAMINAS, OTRAS COMBINACIONES   TABLETA",TABLETA,M
44039,FRESA DE ACERO INOXIDABLE REDONDA 0.6 mm X 7 cm PARA HUESO TEMPORAL   UNIDAD,UNIDAD,I
39924,PLACA DE BLOQUEO 3.5 mm DE 8 AGUJEROS PARA TIBIA DISTAL IZQUIERDA   UNIDAD,UNIDAD,I
49599,PLACA LCP RECTA 15 AGUJEROS X 3.5 mm   UNIDAD,UNIDAD,I
12409,SUTURA SEDA NEGRA TRENZADA 2/0 C/A 1/2 CIRCULO REDONDA 40 mm X 75 cm   UNIDAD,UNIDAD,I
29425,CLAVO SCHANZ ROSCA DISTAL 5.0 mm X 300 mm   UNIDAD,UNIDAD,I
40964,SUTURA NAILON NEGRO MONOFILAMENTO 5/0 C/A 3/8 CIRCULO CORTANTE 13 mm x 45 cm   UNIDAD,UNIDAD,I
46595,SENSOR TIPO Y REUSABLE NEONATAL PARA PULSOXIMETRO   UNIDAD,UNIDAD,I
53706,GASA FRACCIONADA ESTERIL 5 cm X 5 cm DE 8 PLIEGUES   UNIDAD,UNIDAD,I
12031,SUTURA CATGUT CROMICO 5/0 C/A 1/2 CIRCULO REDONDA 20 mm X 70 cm   UNIDAD,UNIDAD,I
18539,VACUNA CONTRA LA INFLUENZA HSUR - PEDIATRICO  20 DOSIS INYECTABLE,INYECTABLE,M
43319,SISTEMA DE FIJACION EXTERNA RADIO DISTAL CON DISTRACTOR TIPO PENNING   UNIDAD,UNIDAD,I
24766,TUBO ENDOTRAQUEAL ANILLADO Nº 9 CON CUFF   UNIDAD,UNIDAD,I
32572,FILTRO DIALIZADOR 0.8 m2   UNIDAD,UNIDAD,I
29837,KIT COMPLETO DESCARTABLE DE TUBOS CORRUGADOS Y ACCESORIOS NEONATAL PARA CPAP  Nº 1   UNIDAD,UNIDAD,I
19650,AGUJA KIRSCHNER CON PUNTA TROCAR 1.8 mm X 150 mm   UNIDAD,UNIDAD,I
19967,TORNILLO ESPONJOSO 3.5 mm X 34 mm   UNIDAD,UNIDAD,I
39358,ASA LEEP 10 mm x 25 mm   UNIDAD,UNIDAD,I
31869,SENSOR NEONATAL (<5 kg) DE OXIMETRIA REGIONAL CEREBRAL/SOMATICA PARA MONITOR DE ACTIVIDAD CEREBRAL   UNIDAD,UNIDAD,I
30254,PIE ARTICULADO UNISEX TALLA 38   UNIDAD,UNIDAD,I
50269,ANTICUERPO ANTI HERPES VIRUS 2 IgM QUIMIOLUMINISCENCIA  1 DETERMINACION UNIDAD,UNIDAD,I
42124,FILTRO DE SEDIMENTO 20 µm X 20 in X 2.5 in PARA EQUIPO DE OSMOSIS INVERSA	   UNIDAD,UNIDAD,I
51509,TORNILLO DE TRACCION 1.5 mm X 9 mm   UNIDAD,UNIDAD,I
29818,INDICADOR EXTERNO DE ESTERILIZACION A PEROXIDO DE HIDROGENO X 55 m   UNIDAD,UNIDAD,I
39177,PINZA DE BIOPSIA PARA GASTROSCOPIA SIN AGUJA X 160 cm DE LONGITUD   UNIDAD,UNIDAD,I
54894,TUBO REMOVEDOR DE COAGULOS PARA JERINGA DE ANALIZADOR DE GASES ARTERIALES - X 100 UNIDAD,UNIDAD,I
38579,SUTURA SEDA NEGRA TRENZADA MULTIEMPAQUE 3/0 S/A 8 mm x 70 cm   UNIDAD,UNIDAD,I
28626,CATETER VENOSO CENTRAL TRIPLE LUMEN INTRAAURICULAR 7 FR X 20 cm CON CABLE CONECTOR   UNIDAD,UNIDAD,I
22863,CONO DE PAPEL SET 45-80 (2da SERIE) X 180   UNIDAD,UNIDAD,I
8132,NITRATO DE PLATA 10 mg/ mL 15 mL SOLUCION,SOLUCION,M
45732,SABANA DESCARTABLE ESTERIL  1.80 m X 2.30 m UNIDAD,UNIDAD,I
51649,PAÑO CLINICO ABSORBENTE  28 cm X 35 cm X 50 UNIDAD,UNIDAD,I
20075,TORNILLO CORTICAL 3.5 mm X 46 mm   UNIDAD,UNIDAD,I
47810,AGUJA PARA BIOPSIA CON ULTRASONIDO DESCARTABLE 22 G X 8.5 cm PUNTA REDONDA   UNIDAD,UNIDAD,I
19036,SUTURA NAILON AZUL MONOFILAMENTO 3/0 C/A 1/2 CIRCULO REDONDA 25 mm X 75 cm   UNIDAD,UNIDAD,I
5220,OXCARBAZEPINA 300 mg/5 mL 100 mL SOLUCION,SOLUCION,M
21933,PROTEINA EN ORINA Y LCR  100 DET KIT,KIT,I
28015,CATETER BALON PARA VALVULOPLASTIA PULMONAR 12 mm X 4 cm DE 7 FR X 100 cm   UNIDAD,UNIDAD,I
53083,PLACA LCP DE 6 AGUJEROS 2.7 mm/3.5 mm PARA CLAVICULA SUPERIOR ANTERIOR CON EXTENSION LATERAL IZQUIERDA   UNIDAD,UNIDAD,I
40116,TORNILLO DE INTERFERENCIA  4 mm x 10 mm UNIDAD,UNIDAD,I
40686,SUTURA DE POLIESTER TRENZADO BLANCO Y VERDE 2/0 C/DOBLE AGUJA C/ALMOHADILLA DE TEFLON 1/2 CIRCULO REDONDA 22 mm x 75   UNIDAD,UNIDAD,I
55371,ANTICUERPO ANTI EPSTEIN BARR VIRUS - ANTIGENO DE CAPSIDE VIRAL (VCA) IgM QUIMIOLUMINISCENCIA - X DET UNIDAD,UNIDAD,I
33037,"CONECTOR EN Y 1/4"" X 1/4"" X 1/4"" CON LUER   UNIDAD",UNIDAD,I
46229,AGUJA DE BLOQUEO NERVIOSO PERIFERICO DESCARTABLE  22G X 8.0 cm UNIDAD,UNIDAD,I
32939,IMPLANTE AUDITIVO DEMOSTRATIVO   UNIDAD,UNIDAD,I
27729,PLACA DCP RECTA LIVIANA (ESTRECHA) DE 12 AGUJEROS X 4.5 mm   UNIDAD,UNIDAD,I
34106,COLORANTE BISMARK BROWN  25 g UNIDAD,UNIDAD,I
33405,PANTALONETA COMPLETA ELASTICA TALLA N° 14   UNIDAD,UNIDAD,I
39911,SET DE ROPA DESCARTABLE PARA LAPAROTOMIA   UNIDAD,UNIDAD,I
38464,PLACA LCP DE 8 AGUJEROS x 3.5 mm PARA HUMERO PROXIMAL DERECHO   UNIDAD,UNIDAD,I
19234,SUTURA SEDA NEGRA TRENZADA 6/0 C/A 3/8 CIRCULO CORTANTE 15 mm X 75 cm   UNIDAD,UNIDAD,I
8148,POLIACRILICO ACIDO (CREMA OFTALMICA) 2 mg/g 10 g CREMA,CREMA,M
30423,CORSE SEMIRIGIDO LUMBO SACRO PARA ADULTO   UNIDAD,UNIDAD,I
23213,POLIETILENGLICOL 3350 17 GR 17 g POLVO,POLVO,M
53720,TORNILLO CORTICAL DE TITANIO 4.7 mm X 30  mm   UNIDAD,UNIDAD,I
19654,ESPONJA HEMOSTATICA DE COLAGENO 7.62 cm X 5.08 cm   UNIDAD,UNIDAD,I
33111,TORNIQUETE PARA EXTRACCION DE SANGRE   UNIDAD,UNIDAD,I
50984,ANTICUERPO MONOCLONAL PARA CARCINO EMBRIONARIO (CEA) X 1 mL   UNIDAD,UNIDAD,I
31040,CRIOVIAL DE PLASTICO 2.0 mL X 100   UNIDAD,UNIDAD,I
31379,ESPARADRAPO DE PLASTICO HIPOALERGENICO 30 cm X 9.1 m APROX. 5 CORTES   UNIDAD,UNIDAD,I
47567,DISCO DE SENSIBILIDAD DE IMIPENEM 50 µg X 50   UNIDAD,UNIDAD,I
34808,CANULA ENDOLUMINAL (STENT) CORONARIA DE METAL MEDICADA 3.5 mm X 16 mm   UNIDAD,UNIDAD,I
41565,CLAVO KIRSCHNER 1.5 mm X 250 mm  UND UNIDAD,UNIDAD,I
53970,FRASCO DE VIDRIO GRADUADO CON TAPA ROSCA  X 80 mL UNIDAD,UNIDAD,I
48304,ANTICUERPO C-ERBB-2/HER2 ONCOPROTEINA X 1 mL   UNIDAD,UNIDAD,I
33817,"PRUEBA COOMBS MONOESPECIFICO METODO GEL (IgG, IgA, IgM-C3c,C3d-Ctl)  1 DET KIT",KIT,I
50542,PINZA BIPOLAR PARA SELLADO DE VASOS CON CUCHILLA DE CORTE DE 10 mm X 37 cm   UNIDAD,UNIDAD,I
29064,GRAPADORA QUIRURGICA LINEAL CORTANTE X 80 mm	   UNIDAD,UNIDAD,I
53374,DIMETILFUMARATO 120 mg  TABLETA,TABLETA,M
12400,SUTURA SEDA NEGRA TRENZADA 1 C/A 1/2 CIRCULO REDONDA 25 mm X 75 cm   UNIDAD,UNIDAD,I
32916,CATETER DECAPOLAR 6 FR X 92 cm   UNIDAD,UNIDAD,I
50594,BOLSA FOTOPROTECTORA DE POLIETILENIO 16 cm X 32 cm   UNIDAD,UNIDAD,I
46661,FILTRO DE AIRE DE ALTISIMA EFICIENCIA Y ULTRA BAJA PENETRACION (ULPA) 99.99995% PARA SISTEMA DE EVACUACION DE HUMO   UNIDAD,UNIDAD,I
20306,AGUJA PARA BIOPSIA DE MEDULA OSEA DESCARTABLE 13 G X 4 in   UNIDAD,UNIDAD,I
54253,IODURO SODICO (I-131) 15 mCi - TABLETA,TABLETA,M
19475,REACTIVO DE PROTEINAS TOTALES  500 DET KIT,KIT,I
25332,HEMOCONCENTRADOR NEONATAL   UNIDAD,UNIDAD,I
43117,PLACA RECTA ESTRECHA BLOQUEADA 7 AGUJEROS 3.5 mm   UNIDAD,UNIDAD,I
41738,PUNTA DESCARTABLE DE RADIOFRECUENCIA BIPOLAR 90º X 3.75 mm   UNIDAD,UNIDAD,I
5270,PANCREATINA 300 mg  TABLETA,TABLETA,M
10377,BOMBILLA DE ASPIRACION N° 4   UNIDAD,UNIDAD,I
46909,AGUJA PARA BIOPSIA PLEURAL REUSABLE 11 G X 3 1/2 in   UNIDAD,UNIDAD,I
48293,ANTICUERPO MONOCLONAL PARA ALFA METIL ACIL COENZIMA A RACEMASA (AMACR)  X 1 mL UNIDAD,UNIDAD,I
40149,TORNILLO DE TITANIO AUTOPERFORANTE 2.0 mm X 8 mm   UNIDAD,UNIDAD,I
44912,JABON DE TOCADOR LIQUIDO DE GLICERINA  X 400 mL UNIDAD,UNIDAD,I
26840,VALVULA CARDIACA AORTICA MECANICA N° 21   UNIDAD,UNIDAD,I
40601,HIDROGEL SELLANTE DE DURAMADRE CRANEAL 5 mL   UNIDAD,UNIDAD,I
45470,VASO DE PRECIPITADOS DE VIDRIO BOROSILICATO GRADUADO  250 mL UNIDAD,UNIDAD,I
19570,CLAVO ENDOMEDULAR ELASTICO DE TITANIO 4.0 mm   UNIDAD,UNIDAD,I
35950,"CATETER ENDOVENOSO PERIFERICO Nº 26 G X 3/4""   UNIDAD",UNIDAD,I
32036,GUANTE PARA EXAMEN DESCARTABLE Nº 6 1/2 X 100   UNIDAD,UNIDAD,I
43057,ACIDO FITICO 50% X 250 mL UNIDAD,UNIDAD,I
33156,TORNILLO DE BLOQUEO DE ACERO AUTORROSCANTE 3.5 mm X 12 mm   UNIDAD,UNIDAD,I
41234,GAS ANHIDRIDO CARBONICO X 25 kg  UNIDAD GAS,GAS,M
785,AMOXICILINA 250 mg/5 mL 100 mL SUSPENSION,SUSPENSION,M
30733,TERMOMETRO ORAL Y AXILAR   UNIDAD,UNIDAD,I
40286,CANULA ENDOLUMINAL (STENT) CORONARIA DE METAL MEDICADA 2.5 mm x 20 mm   UNIDAD,UNIDAD,I
47472,KIT DE ROPA DESCARTABLE PARA CIRUGIA X 11 PIEZAS   UNIDAD,UNIDAD,I
36260,PINZA DE BIOPSIA MANDIBULA DE COCODRILO 150 cm X 2.8 mm   UNIDAD,UNIDAD,I
36583,SUTURA NAILON AZUL MONOFILAMENTO 0 C/A 3/8 CIRCULO CORTANTE 20 mm X 75 cm   UNIDAD,UNIDAD,I
50203,FILTRO DE SECADO PARA CAPNOGRAFIA   UNIDAD,UNIDAD,I
3398,FACTOR VIII COMPLEJO 25 UI/mL 10 mL INYECTABLE,INYECTABLE,M
32667,IMPLANTE PARA FIJACION DE PLAQUETA CRANEAL DE 18 mm   UNIDAD,UNIDAD,I
35655,CATETER BALON PARA DILATACION DE COARTACION AORTICA 14 mm X 30 mm DE 8 FR X 110 cm   UNIDAD,UNIDAD,I
25005,SUTURA DE POLIDIOXANONA 3/0 C/A 1/2 CIRCULO REDONDA 17 mm X 70 cm   UNIDAD,UNIDAD,I
43801,PLACA PARA MENTON (PAULUS) SISTEMA 2.0 mm   UNIDAD,UNIDAD,I
39127,PLACA DE RECONSTRUCCION PELVICA CURVA DE 3.5 mm DE DIAMETRO x 8 AGUJEROS   UNIDAD,UNIDAD,I
11356,"JERINGA DESCARTABLE 1 mL CON AGUJA 27 G X 5/8""   UNIDAD",UNIDAD,I
51372,SISTEMA DE FIJACION TRANSPEDICULAR DE TITANIO PERCUTANEO   UNIDAD,UNIDAD,I
37248,ROTAVIRUS (ANTIGENO) ELISA  96 DET KIT,KIT,I
37527,TUBO DE DRENAJE TIPO BLAKE Nº 10 CON RESERVORIO X 100 mL   UNIDAD,UNIDAD,I
49080,CATETER BALON PARA OCLUSION VENOSA 8 mm X 80 cm   UNIDAD,UNIDAD,I
16598,HOJA DE BISTURI DESCARTABLE Nº 12   UNIDAD,UNIDAD,I
19228,SUTURA ACIDO POLIGLICOLICO 4/0 C/A 3/8 CIRCULO CORTANTE  20 mm x 70 cm   UNIDAD,UNIDAD,I
48316,IODURO SODICO I - 131 1110 a 11100  MBq (30 a 300 mCI) 5 mL SOLUCION,SOLUCION,M
29554,CLAVO STEINMAN V. REDONDO 3.2 mm X 230 mm   UNIDAD,UNIDAD,I
53736,ANTICUERPO ANTI HERPES VIRUS 1 y 2 IgM  X DET UNIDAD,UNIDAD,I
10899,ANTICUERPO ANTI RUBEOLA IgG  (MET ELISA)  96 DET KIT,KIT,I
26585,ANILLO DE ANULOPLASTIA PARA VALVULA TRICUSPIDE 29 mm   UNIDAD,UNIDAD,I
52462,CABLE PARA ELECTRODO DE MARCAPASO EXTERNO TEMPORAL  6FR X 120 cm UNIDAD,UNIDAD,I
22530,TUBO DE GASTROSTOMIA DE BOTON DE BAJO PERFIL Y DE REEMPLAZO Nº 18 X 1.2 mm   UNIDAD,UNIDAD,I
48053,CANULA PARA TRAQUEOSTOMIA N° 8 CON BALON DE BAJA PRESION DE LARGA PERMANENCIA   UNIDAD,UNIDAD,I
39576,INJERTO VASCULAR ANILLADO DE PTFE 7 mm x 80 cm   UNIDAD,UNIDAD,I
36757,ENVASE DE PLASTICO DE ALTA DENSIDAD TALQUERO CON APLICADOR X 70 g   UNIDAD,UNIDAD,I
18582,SULFACETAMIDA (SOLUCION OFTALMICA) 100 mg/mL (10 %) 15 mL SOLUCION,SOLUCION,M
52982,CATETER PERCUTANEO CON INTRODUCTOR 1.9 FR 1 LUMEN X 20 cm   UNIDAD,UNIDAD,I
2782,DICLOFENACO 1 g/100 g 50 g GEL,GEL,M
34090,CANULA ENDOLUMINAL (STENT) CORONARIA DE METAL MEDICADA 2.5 mm X 16 mm   UNIDAD,UNIDAD,I
43813,CINTA INDICADORA QUIMICA DE ESTERILIZACION A VAPOR 18 mm X 50 m DE 10 N/m   UNIDAD,UNIDAD,I
54898,TREPANO CORNEAL DONANTE SIN VACIO DESCARTABLE - X 8.0 mm UNIDAD,UNIDAD,I
43611,KIT ELISA ANTI HBC TOTAL (CORE)  1 DET UNIDAD,UNIDAD,I
37121,FUNDA DE POLIETILENO PARA LAPAROSCOPIO   UNIDAD,UNIDAD,I
32924,APOSITO HIDROPOLIMERO 18.0 cm X 18.0 cm   UNIDAD,UNIDAD,I
53042,PARCHE DE REFERENCIA PARA NAVEGACION ELECTROANATOMICA CARDIACA X 6   UNIDAD,UNIDAD,I
52904,GUANTE ESTETICO DE MANO IZQUIERDA PARA CABALLERO   UNIDAD,UNIDAD,I
20254,FILTRO ANTIBACTERIANO DE BARRERA ADULTO   UNIDAD,UNIDAD,I
45541,PLACA DE BLOQUEO DE 3 AGUJEROS X 3.5 mm PARA RADIO DISTAL   UNIDAD,UNIDAD,I
52630,ESPARADRAPO HIPOALERGENICO DE PAPEL 5 cm X 9.1 m  x 6 CORTES UNIDAD,UNIDAD,I
99917,,,
28085,INTRODUCTOR PARA CATETER PERCUTANEO 9.0 FR X 11 cm   UNIDAD,UNIDAD,I
32210,ANTISUERO ANTI SHIGUELLA GRUPO C  3 mL SOLUCION,SOLUCION,I
35695,APOSITO BIOLOGICO DE PIEL DE CERDO ESTERIL PERFORADA 8 cm X 30 cm   UNIDAD,UNIDAD,I
54307,FORMALDEHIDO 10 % TAMPONADO pH 7.00 - 10 L UNIDAD,UNIDAD,I
38473,CANULA NASAL PARA SISTEMA CPAP DE BURBUJA N° 15   UNIDAD,UNIDAD,I
54205,KIT DE TUBO CORRUGADO Y CANULA DESCARTABLE ADULTO PARA  TERAPIA RESPIRATORIA DE ALTO FLUJO  TALLA L UNIDAD,UNIDAD,I
28598,GUIA PARA ANGIOPLASTIA 0.014 mm x 182 cm   UNIDAD,UNIDAD,I
34759,ESPIRAL PARA EMBOLIZACION ENDOVASCULAR 2 mm X 2 cm   UNIDAD,UNIDAD,I
42085,SET INSTRUMENTAL QUIRURGICO PARA ASPIRACION ENDOUTERINA (AMEU)  10 PIEZAS SET,SET,I
24795,ASA DE CORTE ACODADA PARA RESECTOSCOPIO DE 24 CHARR   UNIDAD,UNIDAD,I
22556,SUJETADOR DE TUBO ENDOTRAQUEAL UNIVERSAL   UNIDAD,UNIDAD,I
32851,"MINIPLACA DE TITANIO FORMA ""Y"" 5 ORIFICIOS SISTEMA 1.5 mm   UNIDAD",UNIDAD,I
40766,FRESA QUIRURGICA CORTANTE PARA OIDO 1.8 mm X 70 mm   UNIDAD,UNIDAD,I
20934,"TUBO DE DRENAJE PEN ROSE 1 1/2"" X 18""   UNIDAD",UNIDAD,I
51764,OCLUSOR PERCUTANEO DE PERSISTENCIA DE DUCTUS ARTERIOSO DE 15 mm X 12 mm   UNIDAD,UNIDAD,I
24871,FRESA PARA CRANEOTOMO DE ACERO PARA DRILADO DIAMANTADA DE 5 mm DE DIAMETRO X 40 mm   UNIDAD,UNIDAD,I
40992,FRASCO DE POLIETILENO x 1 L CON TAPA Y CONTRATAPA   UNIDAD,UNIDAD,I
44603,SET PARA BOMBA DE INFUSION CON CASSETTE PARA MICROGOTERO   UNIDAD,UNIDAD,I
40181,MASCARA LARINGEA DESCARTABLE CON ACCESO GASTRICO + INTUBACION N° 5   UNIDAD,UNIDAD,I
31966,FORMULA ENTERAL POLIMERICA PEDIATRICA  400 g POLVO,POLVO,I
42036,CINTA DE CONTROL EXTERNO DE ESTERILIZACION A VAPOR X 1250 DET   UNIDAD,UNIDAD,I
28035,COLESTEROL TOTAL ENZIMATICO  300 DET KIT,KIT,I
41236,CIRCUITO DE PRESION POSITIVA CONTINUA NASAL DE BURBUJAS CON MASCARILLA TALLA M  UNIDAD UNIDAD,UNIDAD,I
54175,TUBO DESCARTABLE ESTERIL GRADUADO DE POLIPROPILENO CON TAPA ROSCA  2 mL X 100 UNIDAD,UNIDAD,I
35295,KIT PARA NEFROSTOMIA PERCUTANEA 12 FR X 10 PIEZAS   UNIDAD,UNIDAD,I
51268,CONO DE GUTAPERCHA SET DE 0.35 mm CON CONICIDAD 6% X 60 UNIDADES   UNIDAD,UNIDAD,I
42936,SET DE INTUBACION LACRIMAL (SET DE CRAWFORDS) 27 G X 11.5 cm   UNIDAD,UNIDAD,I
39639,ARCO NITI RECTANGULARES INFERIORES N° 16   UNIDAD,UNIDAD,I
43577,PLACA DE BLOQUEO DE 9 AGUJEROS 2.7/3.5 mm PARA HUMERO DISTAL MEDIAL DERECHA   UNIDAD,UNIDAD,I
18022,SONDA NASOYEYUNAL Nº 8   UNIDAD,UNIDAD,I
37992,TORNILLO DE TRACCION 4.5 mm X 7.5 cm   UNIDAD,UNIDAD,I
37736,CITRATO DE SODIO P.A.  500 g UNIDAD,UNIDAD,I
11433,LINEA VENOSA PARA HEMODIALISIS   UNIDAD,UNIDAD,I
52989,SET INSTRUMENTAL QUIRURGICO DE CURACIONES X 7 PIEZAS   UNIDAD,UNIDAD,I
34318,ASA LEEP 10 mm X 20 mm   UNIDAD,UNIDAD,I
34073,CLIP DE TITANIO TALLA MICRO   UNIDAD,UNIDAD,I
49023,VALVULA INTERNA PARA TROCAR DE POLIMERO DE 5.5 mm   UNIDAD,UNIDAD,I
33652,TORNILLO ESPONJOSO ROSCA TOTAL 4.0 mm X 60 mm   UNIDAD,UNIDAD,I
45956,TORNILLO HEXALOBE  3.5 mm X 26 mm UNIDAD,UNIDAD,I
41031,SET DE INFUSION (LINEA DE EXTENSION OPACA Y JERINGA DESCARTABLE 50 mL)   SET,SET,I
3903,HEXETIDINA (COLUTORIO) 100 mg/100 mL 30 mL SOLUCION,SOLUCION,M
55690,ACIDO RETINOICO Q.P. - - -,UNIDAD,I
35584,TEST DE ANTIGENO CA 125 METODO AUTOMATIZADO   UNIDAD,UNIDAD,I
29843,SET DE MATERIAL DESCARTABLE PARA INYECCION DE FLUIDO VISCOSO   UNIDAD,UNIDAD,I
27332,INSUFLADOR DE BALON PARA ENDOSCOPIO   UNIDAD,UNIDAD,I
50789,FORMULA LACTEA PARA CRECIMIENTO  X 850 g APROX. UNIDAD,UNIDAD,I
29899,"GUIA TEFLONADA RECTA 0.035"" X 150 cm   UNIDAD",UNIDAD,I
40014,TORNILLO DE BLOQUEO 2.4 mm x 24 mm   UNIDAD,UNIDAD,I
33695,CHALECO MANGA CORTA ELASTICA TALLA N° 4   UNIDAD,UNIDAD,I
38413,RUBEOLA IgM  DET KIT,KIT,I
29399,TUBO ENDOTRAQUEAL CON LUMEN DE SUCCION INTEGRADO EN EL AREA SUBGLOTICA Nº 8.0   UNIDAD,UNIDAD,I
47039,BANDA ELASTICA  AJUSTABLE CON SUJETADOR DE SONDA VESICAL   UNIDAD,UNIDAD,I
34289,MUSLERA CON PRETINA ELASTICA TALLA N° 10   UNIDAD,UNIDAD,I
40341,CEPA ESCHERICHIA COLI BETA LACTAMASA ATCC 35218   UNIDAD,UNIDAD,I
34883,MANGA MIXTA PAPEL Y PLASTICO PARA ESTERILIZACION CON FUELLE DE 8 cm X 30 cm X 100 m   UNIDAD,UNIDAD,I
21366,CLAVO SCHANZ ROSCA DISTAL 4.0 mm X 20 cm   UNIDAD,UNIDAD,I
10384,BOTAS DESCARTABLES IMPERMEABLE   PAR,PAR,I
29410,CONDENSADOR LATERAL SET 15-40 DE 25 mm   UNIDAD,UNIDAD,I
32267,ESPIROMETRO DESCARTABLE DE PLASTICO DE 3 BOLAS   UNIDAD,UNIDAD,I
24383,SISTEMA DE FIJACION TRANSPEDICULAR DE TITANIO   UNIDAD,UNIDAD,I
41769,AGUJA DE GUIA 1.6 mm X 203 mm   UNIDAD,UNIDAD,I
22485,BROCA DE 3.5 mm DE DIAMETRO X 150 mm   UNIDAD,UNIDAD,I
54886,TRIPTORELINA 22.5 mg - INYECTABLE,INYECTABLE,M
38961,CLAVO INTRAMEDULAR BLOQUEADO PARA FEMUR DIAMETRO 11 mm x 400 mm   UNIDAD,UNIDAD,I
41631,APOSITO DE HIDROFIBRA CON PLATA IONICA 1.2 % + ACIDO ETILENEDIAMINETETRA ACETICO (EDTA) + CLORURO DE BENZETONIO  (B  5 cm X 5 cm UNIDAD,UNIDAD,I
34996,CONECTOR EN Y PARA CIRCUITO PEDIATRICO DE 15 mm   UNIDAD,UNIDAD,I
1003,BECLOMETASONA + SALBUTAMOL 50 µg + 100 µg/DOSIS 200 DOSIS AEROSOL,AEROSOL,M
19527,ADHESIVO FOTOCURABLE CON AGENTE DE ENLACE  5 mL SOLUCION,SOLUCION,I
46604,CATETER DE DRENAJE MULTIPROPOSITO 14 FR X 25 cm   UNIDAD,UNIDAD,I
31091,CLIP DE ANEURISMA RECTO 8 mm PERMANENTE   UNIDAD,UNIDAD,I
30056,TORNILLO DE BLOQUEO DE TITANIO AUTORROSCANTE 4.0 mm X 70 mm   UNIDAD,UNIDAD,I
3633,FLUTAMIDA 250 mg  TABLETA,TABLETA,M
25282,TORNILLO DE BLOQUEO 3.5 mm X 48 mm   UNIDAD,UNIDAD,I
10279,ANTISUERO ANTI E. COLI ENTEROINVASIVA A POLIVALENTE  3 mL SOLUCION,SOLUCION,I
24935,FRESA REUSABLE PARA TREPANO ADULTO 12 mm/15 mm   UNIDAD,UNIDAD,I
1272,BISOPROLOL 2.5 mg  TABLETA,TABLETA,M
30310,CLAVO RUSH INTRAMUSCULAR REDONDO TIPO GANCHO 3.5 mm X 300 mm   UNIDAD,UNIDAD,I
45783,CLAVO CEFALO MEDULAR BLOQUEADO PARA FEMUR DE TITANIO 135° 12 mm X 340 mm UNIDAD,UNIDAD,I
36100,PLACA LCP DE 08 AGUJEROS X 4.5 mm PARA FEMUR DISTAL DERECHO   UNIDAD,UNIDAD,I
35286,PROTEINA EN ORINA  100 DET KIT,KIT,I
33884,SENSOR DESCARTABLE PARA OXIMETRO DE PULSO TL 0625   KIT,KIT,I
35441,TUBO NASOFARINGEO DESCARTABLE Nº 5   UNIDAD,UNIDAD,I
34320,MANDIL DESCARTABLE ESTERIL TALLA XL   UNIDAD,UNIDAD,I
29570,FERULA TRAQUEAL DE SILICONA   UNIDAD,UNIDAD,I
10055,AGAR BASE  500 g SOLUCION,SOLUCION,I
34548,"MASCARILLA ORONASAL PARA VENTILACION MECANICA NO INVASIVA TALLA ""S""   UNIDAD",UNIDAD,I
48173,ALIMENTO NUTRICIONAL COMPLETO Y BALANCEADO PARA ADULTOS MAYORES X 220 mL.   UNIDAD,UNIDAD,I
44327,PROCALCITONINA QUIMIOLUMINISCENCIA  100 DETERMINACIONES UNIDAD,UNIDAD,I
45010,BOLSA DE POLIPROPILENO DE BIOSEGURIDAD PARA AUTOCLAVE DE 23 in X 19 in   UNIDAD,UNIDAD,I
32133,REACTIVO PARA GASES ELECTROLITOS SANGUINEOS ARTERIALES  1 DET UNIDAD,UNIDAD,I
19948,SUTURA NAILON AZUL MONOFILAMENTO 6/0 C/A 3/8 CIRCULO CORTANTE 15 mm X 45 cm   UNIDAD,UNIDAD,I
49083,EMICIZUMAB 30 mg/mL 1mL INYECTABLE,INYECTABLE,M
36632,ACETATO DE PLOMO Q.P.  1 Kg UNIDAD,UNIDAD,I
37450,PARCHE CARDIOVASCULAR DE PTFE 0.6 mm X 10 cm X 15 cm   UNIDAD,UNIDAD,I
42941,SET DE MONITOREO HEMODINAMICO  UNIDAD UNIDAD,UNIDAD,I
53509,PELICULA RADIOGRAFICA LASER PARA MAMOGRAFIA 8 in X 10 in X 150   UNIDAD,UNIDAD,I
39222,INTRODUCTOR VASCULAR 7 FR X 70 cm   UNIDAD,UNIDAD,I
24750,CINTA INDICADORA DE PH 0 A 14 X 100   UNIDAD,UNIDAD,I
19488,AGAR M - FC  500 g SOLUCION,SOLUCION,I
11396,LAPIZ CON PUNTA DE DIAMANTE PARA GRABAR EN VIDRIO   UNIDAD,UNIDAD,I
52625,CANULA ENDOLUMINAL (STENT) CAROTIDEO DE METAL  8.0 mm X 30 mm UNIDAD,UNIDAD,I
32066,HORMONA GONADOTROFINA CORIONICA (HCG) SUB UNIDAD BETA CUALITATIVA  1 DET KIT,KIT,I
42150,PLACA DE BLOQUEO DE 11 AGUJEROS 2.7/3.5 mm PARA HUMERO DISTAL DORSO LATERAL IZQUIERDO  UNIDAD UNIDAD,UNIDAD,I
42216,TORNILLO CORTICAL 2.7 mm X 26 mm   UNIDAD,UNIDAD,I
40185,ANTICUERPO ANTI HERPES VIRUS 2 IgM ELISA  96 DET KIT,KIT,I
12017,SUTURA CATGUT CROMICO 2/0 C/A 1/2 CIRCULO REDONDA 30 mm X 70 cm*   UNIDAD,UNIDAD,I
34607,"CONECTOR RECTO 3/8"" X 3/8"" SIN LUER   UNIDAD",UNIDAD,I
30414,SOPORTE ESTABILIZADOR MEDIO LATERAL DE POLIPROPILENO PARA TOBILLO ADULTO   UNIDAD,UNIDAD,I
19977,CHASIS (CASSETTE) PARA PELICULA RADIOGRAFICA CON PANTALLA SENSIBLE AL VERDE 8'' x 10''   UNIDAD,UNIDAD,I
28186,PLACA EN T DE 35 mm PARA TIBIA X 7 ORIFICIOS   UNIDAD,UNIDAD,I
45072,SUPLEMENTO DE VITOX X 2 mL 5 VIALES   UNIDAD,UNIDAD,I
54134,ESFINTEROTOMO DE PRECORTE TRIPLE LUMEN - 7 FR X 20 mm UNIDAD,UNIDAD,I
26287,SUTURA DE POLIDIOXANONA 5/0 C/2A 3/8 CIRCULO REDONDA 13 mm X 60 cm   UNIDAD,UNIDAD,I
28424,CASSETTE DE ULTRASONIDO PARA EQUIPO FACOEMULSIFICADOR CONSTELLATION   UNIDAD,UNIDAD,I
38952,CATETER BALON PARA ANGIOPLASTIA CORONARIA 2.0 mm x 15 mm   UNIDAD,UNIDAD,I
53118,PLACA DE BLOQUEO LCP 4 AGUJEROS X 2.7/3.5 mm PARA PERONE DISTAL DERECHA   UNIDAD,UNIDAD,I
24484,TORNILLO ESPONJOSO 6.5 mm ROSCA 32 mm X 50 mm   UNIDAD,UNIDAD,I
23427,"CATETER ENDOVENOSO PERIFERICO Nº 18 G X 1"" CON ADAPTADOR EN Y   UNIDAD",UNIDAD,I
27465,PINZA DE BIOPSIA PARA COLONOSCOPIA CON AGUJA X 240 cm DE LONGITUD   UNIDAD,UNIDAD,I
39782,ANTIGENO RPR  250 DET KIT,KIT,I
49502,YODATO DE SODIO P.A.  X 100 g UNIDAD,UNIDAD,I
40689,AGUJA HUBER Nº 22 G x 19 mm CON DISPOSITIVO DE BIOSEGURIDAD   UNIDAD,UNIDAD,I
34728,TORNILLO ESPONJOSO ROSCA DISTAL 4.0 mm X 45 mm   UNIDAD,UNIDAD,I
33704,CHALECO SIN MANGAS ELASTICA TALLA N° 4   UNIDAD,UNIDAD,I
28821,ESPARADRAPO HIPOALERGENICO DE SEDA 30 cm X 9.14 m X 5 CORTES   UNIDAD,UNIDAD,I
32597,SISTEMA REDIRECCIONADOR DE FLUJO DE DOBLE STENT INTEGRADO   UNIDAD,UNIDAD,I
26052,CATETER DE ABLACION POR RADIOFRECUNECIA VENOSO 7 FR X 100 cm   UNIDAD,UNIDAD,I
53715,APLICADOR DE GLUCONATO DE CLORHEXIDINA AL 2% + ALCOHOL ISOPROPILICO AL 70% X 3 mL   UNIDAD,UNIDAD,I
4897,MONTELUKAST 10 mg  TABLETA,TABLETA,M
23728,DISCO DE SENSIBILIDAD DE ERITROMICINA 30 µg 50 DISCOS UNIDAD,UNIDAD,I
39426,BALON DILATADOR DE EXPANSION RADIAL CONTROLADA DE 18 mm / 19.5 mm / 20 mm   UNIDAD,UNIDAD,I
36750,TIJERA METZEMBAUM CURVA PARA LAPAROSCOPIA 31 cm   UNIDAD,UNIDAD,I
38914,LIGADURA VASCULAR DE SILICONA 1.3 mm x 559 mm   UNIDAD,UNIDAD,I
23799,MACROGOL 3350 (POLIETILENGLICOL 3350) COMBINACIONES SIN SODIO SULFATO  110 g POLVO,POLVO,M
30823,RECARGA PARA GRAPADORA QUIRURGICA LINEAL CORTANTE ENDOSCOPICA 60 mm   UNIDAD,UNIDAD,I
20491,SUTURA ACIDO POLIGLICOLICO 3/0 C/A 1/2 CIRCULO REDONDA 25 mm X 75 mm   UNIDAD,UNIDAD,I
35728,CAJA PORTALAMINAS DE POLIESTIRENO  X 100 LAMINAS UNIDAD,UNIDAD,I
12763,REACTIVO DE UREA ENZIMATICA  500 DET KIT,KIT,I
45725,KIT PARA FRACCIONAMIENTO AUTOMATIZADO DE HEMOCOMPONENTES CON FILTRO LEUCORREDUCTOR EN UN SOLO PASO   UNIDAD,UNIDAD,I
24937,SET DE FIJACION EXTERNA PARA PIERNA   UNIDAD,UNIDAD,I
43218,CAMISA DE ACCESO URETERAL DE 9.5-11.5 FR X 45 cm LONGITUD   UNIDAD,UNIDAD,I
31150,SET DE CASSETTE PARA BOMBA PCA (ANALGESIA CONTROLADA POR EL PACIENTE)   UNIDAD,UNIDAD,I
10094,"AGUJA EPIDURAL DESCARTABLE Nº 18 G X 3 1/2""   UNIDAD",UNIDAD,I
17525,"VENDA DE GASA 4"" X 5 yd   UNIDAD",UNIDAD,I
28829,PLACA DE RECONSTRUCCION MANDIBULAR ANGULADA FORMA EN L 6 AGUJEROS X 21 AGUJEROS X 2.0 mm  IZQUIERDA   UNIDAD,UNIDAD,I
35308,OXIGENADOR DE MEMBRANA CON RESERVORIO CARDIOTOMIA ADULTO   UNIDAD,UNIDAD,I
52830,ANTICUERPO MONOCLONAL PARA RECEPTOR DE PROGESTERONA (PGR636) X 12 mL   UNIDAD,UNIDAD,I
37714,KIT PARA PROCEDIMIENTO DE FOTOQUIMIOTERAPIA EXTRACORPOREA (FOTOFERESIS) X 4 PIEZAS   UNIDAD,UNIDAD,I
22216,TRANSAMINASA GLUTAMICA OXALACETICA (TGO) CINETICA  200 DET KIT,KIT,I
33384,TOBILLERA ELASTICA N° 8   UNIDAD,UNIDAD,I
30568,SUTURA DE POLIPROPILENO 4/0 C/DOBLE AGUJA 1/2 CIRCULO REDONDA 25 mm X 90 cm   UNIDAD,UNIDAD,I
27445,ORTESIS PARA TOBILLO - PIE  BILATERAL DE POLIPROPILENO   UNIDAD,UNIDAD,I
46274,PASTA DENTIFRICA  15 mL APROX UNIDAD,UNIDAD,I
48569,DISECTOR DESCARTABLE PUNTA MANDIBULA CURVA  REVESTIDA 7mm   UNIDAD,UNIDAD,I
25839,GRADILLA DE POLIPROPILENO PARA 40 TUBOS DE 20 mm X 150 mm   UNIDAD,UNIDAD,I
4319,L-ALANIL-L-GLUTAMINA 20 g 100 mL INYECTABLE,INYECTABLE,M
22791,ESCLEROTOMO DESCARTABLE 20 GA (1.3 mm)   UNIDAD,UNIDAD,I
16564,GUANTE PARA EXAMEN DESCARTABLE Nº 6   UNIDAD,UNIDAD,I
28842,DOSAJE  DE COCAINA  1 DET KIT,KIT,I
45003,ANTICUERPO MONOCLONAL CD 3 PACIFIC BLUE/V 450  0.6 mL UNIDAD,UNIDAD,I
24324,JERINGA DESCARTABLE 60 mL PICO ROSCA SIN AGUJA   UNIDAD,UNIDAD,I
10967,"ESPARADRAPO DE PLASTICO 2"" X 10 yd   UNIDAD",UNIDAD,I
26810,"CATETER ENDOVENOSO PERIFERICO Nº 18 G X 1 1/4"" CON DISPOSITIVO DE BIOSEGURIDAD   UNIDAD",UNIDAD,I
11346,JERINGA DE IRRIGACION CON BULBO 60 mL   UNIDAD,UNIDAD,I
34876,CATETER IMPLANTABLE DE SILICONA CON PUERTO DE RESINA TITANIO Y ACERO INOXIDABLE 5 FR X 60 cm X 8.7 mm   UNIDAD,UNIDAD,I
11712,PLACA TERCIO DE CAÑA DE 5 AGUJEROS   UNIDAD,UNIDAD,I
27396,CORSE RIGIDO TORAXICO LUMBAR CON APOYO PELVICO PEDIATRICO   UNIDAD,UNIDAD,I
33011,PLACA LCP DE 7 AGUJEROS X 3.5 mm PARA TIBIA DISTAL IZQUIERDA   UNIDAD,UNIDAD,I
31433,PIE SACH DERECHO UNISEX TALLA 26 COLOR BEIGE   UNIDAD,UNIDAD,I
54932,MINIPLACA DE TITANIO RECTA CON PUENTE DE 2 AGUJEROS,UNIDAD,I
28257,SONDA NASOGASTRICA DE SILICONA Nº 18   UNIDAD,UNIDAD,I
29515,TORNILLO ESPONJOSO 6.5 mm ROSCA 32 mm X 70 mm   UNIDAD,UNIDAD,I
38235,PINZA CON PUNTA DE CONTROL GRASPER LAPCLINCH 22.6 mm   UNIDAD,UNIDAD,I
11212,GUANTE QUIRURGICO ESTERIL DESCARTABLE Nº 6   PAR,PAR,I
23281,TORNILLO DE TITANIO 2.7 mm X 12 mm   UNIDAD,UNIDAD,I
24878,LAMINA PORTA OBJETO PAVONADA EN UN EXTREMO 25 mm X 75 mm X 100   UNIDAD,UNIDAD,I
39597,"MANTA ABSORBENTE DE FLUIDOS EN SUPERFICIE 36"" X 44""   UNIDAD",UNIDAD,I
22468,ESTETOSCOPIO CLINICO NEONATAL   UNIDAD,UNIDAD,I
41373,TUBO EN T MONTGOMERY Nº 8   UNIDAD,UNIDAD,I
10739,COLESTEROL TOTAL ENZIMATICO  200 DET KIT,KIT,I
49962,INTRODUCTOR FEMORAL CON CUBIERTA HIDROFILICA 7 FR X 75 cm   UNIDAD,UNIDAD,I
21348,TIPS AZUL 10 UL - 1000 UL X 1000 UNIDADES   UNIDAD,UNIDAD,I
29916,DISTRACTOR INTRAORAL DE RAMA EN ASA DERECHO E IZQUIERDO   UNIDAD,UNIDAD,I
45560,DEPOSITO DE CARTON PARA DESCARTE DE MATERIAL PUNZOCORTANTE 5 L   UNIDAD,UNIDAD,I
26053,KIT BASICO DESCARTABLE DE TUBOS CORRUGADOS Y ACCESORIOS ADULTO PARA VENTILADOR VOLUMETRICO   UNIDAD,UNIDAD,I
40606,PROTESIS TOTAL DE RODILLA COSTREÑIDA   UNIDAD,UNIDAD,I
39391,PROTESIS TOTAL DE CADERA IZQUIERDA NO CEMENTADA   UNIDAD,UNIDAD,I
22382,DISCO DE SENSIBILIDAD DE OFLOXACINO 5 ug 50 DISCOS UNIDAD,UNIDAD,I
39499,DISCO DE EDTA (ACIDO ETILENDIAMINOTETRAACETICO)  x 50 DISCOS UNIDAD,UNIDAD,I
52879,PROTESIS PARCIAL DE HOMBRO IZQUIERDO   UNIDAD,UNIDAD,I
45514,PLACA LCP DE 14 AGUJEROS X 3.5 mm PARA TIBIA PROXIMAL MEDIAL IZQUIERDA   UNIDAD,UNIDAD,I
36099,KIT ELISA PARA ZIKA IG M  96 DET KIT,KIT,I
37218,HORMONA PROLACTINA (PRL)  100 DET KIT,KIT,I
25848,GRAPADOR ENDOSCOPICO FIJADOR DE MALLA   UNIDAD,UNIDAD,I
23710,MASCARILLA DESCARTABLE CON TIRAS X 50 UND   UNIDAD,UNIDAD,I
5934,SUCRALFATO 1 g/5 mL 200 mL SUSPENSION,SUSPENSION,M
34026,SOLUCIONES PARA NUTRICION PARENTERAL 3 EN 1 + GLUTAMINA  2 L INYECTABLE,INYECTABLE,M
35689,PLACA DE RECONSTRUCCION DE 9 AGUJEROS X 3.5 mm   UNIDAD,UNIDAD,I
26893,SET DE PLACAS DE SOPORTE TORACICO X 2 PIEZAS   UNIDAD,UNIDAD,I
33616,AUDIFONO DIGITAL PROGRAMABLE DE 100 Db   UNIDAD,UNIDAD,I
23880,BROCA DE 1.5 mm DE DIAMETRO X 40 mm   UNIDAD,UNIDAD,I
25379,INTRODUCTOR RADIAL CON CUBIERTA HIDROFILICA 6 FR X 10 cm   UNIDAD,UNIDAD,I
33987,PLACA LCP DE 09 AGUJEROS X 4.5/5.0 mm PARA FEMUR DISTAL ADULTO   UNIDAD,UNIDAD,I
23179,OXACILINA CON DILUYENTE 1 g  INYECTABLE,INYECTABLE,M
35351,"AGUJA PARA EXTRACCION DE SANGRE AL VACIO 23 G X 1""   UNIDAD",UNIDAD,I
38753,SISTEMA PARA IDENTIFICACION + ANTIBIOGRAMA DE BACTERIAS GRAM NEGATIVAS URINARIOS X 20 DETERMINACIONES   UNIDAD,UNIDAD,I
20383,ESPONJA HEMOSTATICA DE COLAGENO 10.2 cm X 20.3 cm   UNIDAD,UNIDAD,I
34139,CLAVO KIRSCHNER 1.4 mm X 225 mm   UNIDAD,UNIDAD,I
55327,RECARGA PARA GRAPADORA QUIRURGICA LINEAL CORTANTE ENDOSCOPICA - 45 mm X 4.1 mm UNIDAD,UNIDAD,I
53375,DIMETILFUMARATO 240 mg  TABLETA,TABLETA,M
15018,ACRILICO POLVO DE CURADO RAPIDO TRANSPARENTE  1 g UNIDAD,UNIDAD,I
12693,TUBO PARA EXTRACCION DE SANGRE CON SISTEMA DE VACIO DE POLIPROPILENO DE 0.5 mL CON EDTA TRIPOTASICO   UNIDAD,UNIDAD,I
11468,MASCARA DE OXIGENO DESCARTABLE PARA NEBULIZACION ADULTO*   UNIDAD,UNIDAD,I
36949,MINIPLACA DE TITANIO ORBITAL DERECHA 10 AGUJEROS SISTEMA 2.0 mm   UNIDAD,UNIDAD,I
40957,MAGNESIO  1 DET UNIDAD,UNIDAD,I
20133,HIDRATO DE CLORAL  500 g SOLUCION,SOLUCION,I
53994,SOLUCION PARA IRRIGACION DE HERIDAS ANTIMICROBIANAS NO ESTERIL  1 L UNIDAD,UNIDAD,I
24986,SUTURA NAILON AZUL MONOFILAMENTO 5/0 C/A 1/2 CIRCULO CORTANTE 15 mm X 70 cm   UNIDAD,UNIDAD,I
36176,IRT FIBROSIS QUISTICA NEONATAL  1 DET KIT,KIT,I
29230,ESPARADRAPO HIPOALERGENICO DE PAPEL 2.5 cm x 9.1 m   UNIDAD,UNIDAD,I
29847,MANGA MIXTA PAPEL Y PLASTICO PARA ESTERILIZACION CON FUELLE DE 8 cm X 38 cm X 100 m   UNIDAD,UNIDAD,I
47619,FRASCO DE VIDRIO BOROSILICATO X 100 mL CON TAPA   UNIDAD,UNIDAD,I
38491,PLACA DE COMPRESION Y BLOQUEO ANCHA DE LCP 16 AGUJEROS x 4.5 mm   UNIDAD,UNIDAD,I
20921,CAPSULA DE GELATINA DURA PARA PRODUCTOS FARMACEUTICOS Nº 5   UNIDAD,UNIDAD,I
23097,LAMINA PORTA OBJETO 25.4 mm X 76.2 mm X 50 UNIDADES   UNIDAD,UNIDAD,I
54286,SISTEMA DE BIOPSIA Y ACCESO HEPATICA TRANSYUGULAR  18 G x 60 cm x 14 cm x UNIDAD,UNIDAD,I
42272,PRUEBA RAPIDA PARA HEPATITIS C  40 DET KIT,KIT,I
364,ALFA TOCOFEROL + PANTENOL + RETINOL 10 UI + 50 mg + 50 UI/100 g 30 g CREMA,CREMA,M
10409,CALDO TRIPTICASA SOYA (TSB)  500 g UNIDAD,UNIDAD,I
52387,KIT COMPLETO DESCARTABLE DE TUBOS CORRUGADOS Y ACCESORIOS NEONATAL PARA CPAP Nº 5   UNIDAD,UNIDAD,I
29260,PROTEINA C REACTIVA TURBIDIMETRICO  1 DET UNIDAD,UNIDAD,I
45437,GRAPADORA QUIRURGICA CIRCULAR CORTANTE 21 mm   UNIDAD,UNIDAD,I
30926,TORNILLO DE BLOQUEO 3.5 mm X 44 mm   UNIDAD,UNIDAD,I
46146,HOJA SHAVER 4.5MM   UNIDAD,UNIDAD,I
12676,TREPANO CORNEAL BARRON 8.5 mm DESCARTABLE   UNIDAD,UNIDAD,I
54542,ELEXACAFTOR + IVACAFTOR + TEZACAFTOR/ IVACAFTOR 100 mg + 75 mg + 50 mg /150 mg - TABLETA,TABLETA,M
54695,TIJERA ROBOTICA CURVA MONOPOLAR CON MANDIBULA - 8 mm X 13 mm X 318 mm UNIDAD,UNIDAD,I
32301,ENDOPROTESIS PARA VIA BILIAR 8.5 FR X 9 cm   UNIDAD,UNIDAD,I
29833,CATETER GUIA PARA EMBOLIZACION 6 FR X 90 cm   UNIDAD,UNIDAD,I
32659,CANULA DE ASPIRACION MANUAL ENDOUTERINA DESCARTABLE 3 mm   UNIDAD,UNIDAD,I
24917,FILTRO ARTERIAL ADULTO   UNIDAD,UNIDAD,I
31016,MANTA TERMICA PARA EXTREMIDADES SUPERIORES 61 cm X 1.88 m   UNIDAD,UNIDAD,I
38774,CAPSULA DE GELATINA Nº 5   UNIDAD,UNIDAD,I
34423,SONDA DE SENGSTAKEN-BLACKMORE Nº 16   UNIDAD,UNIDAD,I
30108,DISPOSITIVO DE PUERTO UNICO PARA CIRUGIA LAPAROSCOPICA   UNIDAD,UNIDAD,I
27479,CATETER IMPLANTABLE CON PUERTO DE TITANIO N° 8FR X 50cm   UNIDAD,UNIDAD,I
34101,AGUJA TRANSEPTAL Nº 18 G X 71 cm   UNIDAD,UNIDAD,I
30692,PLACA DE TITANIO RECTA 20 AGUJEROS SISTEMA 2.0 mm   UNIDAD,UNIDAD,I
43818,SISTEMA DE ANCLAJE DE TITANIO PARA HOMBRO 5.5 mm   UNIDAD,UNIDAD,I
34763,CIRCUITO CORRUGADO DESCARTABLE PEDIATRICO   UNIDAD,UNIDAD,I
39889,SUTURA NAILON NEGRO MONOFILAMENTO 10/0 C/DOBLE AGUJA 3/8 CIRCULO ESPATULADA 6.2 mm x 40 cm   UNIDAD,UNIDAD,I
22140,SUTURA SEDA NEGRA TRENZADA 2/0 C/A 1/2 CIRCULO REDONDA 26 mm X 75 cm   UNIDAD,UNIDAD,I
12640,TORNILLO PARA HUESO ESPONJOSO 6.5 mm X ROSCA 32 mm X 90 mm   UNIDAD,UNIDAD,I
34754,PROTOTIPO BIOMEDICO MANDIBULAR EXTENDIDA EFECTO REAL   UNIDAD,UNIDAD,I
43256,GRAPADORA QUIRURGICA LINEAL CORTANTE PARA CIRUGIA ABIERTA 60 mm X 3.8 mm   UNIDAD,UNIDAD,I
43183,ACIDO ORTOFOSFORICO USP  1 KG UNIDAD,UNIDAD,I
50929,TORNILLO DE BLOQUEO 2.4 mm X 28 mm   UNIDAD,UNIDAD,I
41387,HORMONA TIROXINA (T4) TOTAL (MÉTODO QUIMIOLUMINISCENCIA) X 100 DETERMINACIONES  UNIDAD UNIDAD,UNIDAD,I
50441,MALLA DE POLIPROPILENO MONOFILAMENTO 30 cm X 30 cm   UNIDAD,UNIDAD,I
33788,VALVULA DE SILICONA PARA CIRUGIA DE GLAUCOMA   UNIDAD,UNIDAD,I
41794,CATETER URETERAL PUNTA ABIERTA 4 FR X 70 cm   UNIDAD,UNIDAD,I
19968,CARBON ACTIVADO  1 Kg POLVO,POLVO,I
12035,SUTURA CATGUT CROMICO 2 S/A 150 cm   UNIDAD,UNIDAD,I
45208,ANTICUERPO ANTI HERPES VIRUS 1 IgM ELISA  DETERMINACION UNIDAD,UNIDAD,I
39399,COMPRESA TRAQUEAL DE POLYESTER DE 2 CAPAS 9.0 cm x 9.8 cm   UNIDAD,UNIDAD,I
39280,PLACA MALLA PARA BASE ORBITARIA 1.5 mm x 0.6 mm   UNIDAD,UNIDAD,I
5794,SELEGILINA 5 mg  TABLETA,TABLETA,M
26442,"PELICULA RADIOGRAFICA LASER SECO 8"" X 10""   UNIDAD",UNIDAD,I
38056,CATETER GUIA PARA ANGIOPLASTIA XB 6 FR 4.0 ASA   UNIDAD,UNIDAD,I
38342,PACK DE PROCEDIMIENTOS DE CIRUGIA CORNEAL   UNIDAD,UNIDAD,I
47879,CATETER BALON PARA DILATACION DE COARTACION AORTICA 12 mm X 4 cm DE 8 FR X 110 cm   UNIDAD,UNIDAD,I
26564,PUNZON PARA BIOPSIA DERMICA DESCARTABLE 5 mm   UNIDAD,UNIDAD,I
43437,CAMISA DE ACCESO URETERAL DE 9.5-11.5 FR x 38 cm LONGITUD   UNIDAD,UNIDAD,I
21079,DISTRACTOR INTRAORAL X 20 mm   UNIDAD,UNIDAD,I
53064,SUTURA NAILON AZUL MONOFILAMENTO 1 C/A 1/2 CIRCULO CORTANTE 30 mm X 75 cm   UNIDAD,UNIDAD,I
26307,SUTURA DE POLIDIOXANONA TRENZADA VIOLETA 2 C/A 1/2 CONICA 22 mm x 90 cm   UNIDAD,UNIDAD,I
41345,TELA NO TEJIDA PARA ESTERILIZACION 1.20 m X 1.20 m X 125 PLIEGOS   UNIDAD,UNIDAD,I
15393,CANULA VENOSA PARA CIRCULACION EXTRACORPOREA RECTA N° 34 F   UNIDAD,UNIDAD,I
48306,ANTICUERPO MONOCLONAL PARA p16 (JC8) X 1 mL   UNIDAD,UNIDAD,I
47080,CLIP DE TITANIO TALLA MICRO x 6   UNIDAD,UNIDAD,I
26224,FIBRA LASER REUSABLE DE 600 um PARA YAG LASER   UNIDAD,UNIDAD,I
30194,LINEA DE INFUSION DOBLE CANAL SIN BURETA PARA BOMBA DE INFUSION ALARIS   UNIDAD,UNIDAD,I
54344,SET DE ACCESORIOS DE SEPARADOR ABDOMINAL PARA MESA DE OPERACIONES - - UNIDAD,UNIDAD,I
38350,PLACA DE BLOQUEO DE HUMERO PROXIMAL 6 AGUJEROS x 3.5 mm   UNIDAD,UNIDAD,I
22983,SUTURA DE POLIDIOXANONA 2/0 C/A 1/2 CIRCULO REDONDA 26 mm X 70 cm   UNIDAD,UNIDAD,I
32967,INYECTOR DE ESCLEROTERAPIA DE 2.8 mm X 165 cm CON AGUJA Nº 23 G X 4 mm PARA GASTROSCOPIO   UNIDAD,UNIDAD,I
22977,SUTURA ACIDO POLIGLACTIN 8/0 C/2 AGUJAS 3/8 ESPATULADA X 20 cm   UNIDAD,UNIDAD,I
37262,TORNILLO ESPONJOSO 6.5 mm ROSCA 16 mm X 75 mm   UNIDAD,UNIDAD,I
25060,MINIPLACA DE TITANIO RECTA DE 18 AGUJEROS DE 2.0 mm   UNIDAD,UNIDAD,I
34609,AGUJA DE BIOPSIA TIPO TRUCUT CON TROCAR 18 G X 15 cm   UNIDAD,UNIDAD,I
49315,PLACA PETRI DE PLASTICO DESCARTABLE 15 mm X 100 mm CON 2 DIVISIONES   UNIDAD,UNIDAD,I
29070,CATETER BALON DILATADOR DE ESOFAGO COLON 8 mm - 9 mm - 10 mm DE DIAMETRO X 5.5 cm DE 7 FR X 230 cm   UNIDAD,UNIDAD,I
39218,PLACA LCP DE 8 AGUJEROS x 3.5/4.5 mm PARA PERONE DISTAL   UNIDAD,UNIDAD,I
51621,ESTILETE DE INTUBACION PARA TUBO ENDOTRAQUEAL Nº  12 FR   UNIDAD,UNIDAD,I
48235,GRAPADORA QUIRURGICA CIRCULAR CORTANTE  25 mm UNIDAD,UNIDAD,I
38460,CANULA PARA TRAQUEOSTOMIA Nº 4.0 x 34 mm   UNIDAD,UNIDAD,I
48325,CONDROITINA SULFATO SODICO + HIALURONATO SODICO 40 mg + 30 mg/mL INY 0.5 mL   UNIDAD,UNIDAD,I
24490,AGAR OXITETRACICLINA GLUCOSA EXTRACTO DE LEVADURA (OGY)  500 g SOLUCION,SOLUCION,I
34770,TIJERA METZEMBAUM CURVA PARA LAPAROSCOPIA DESCARTABLE 5 mm X 33 cm   UNIDAD,UNIDAD,I
42087,SOLUCION DE LAVADO PARA ANALIZADOR BIOQUIMICO  100 mL UNIDAD,UNIDAD,I
35396,CLAVO INTRAMEDULAR BLOQUEADO PARA TIBIA DIAMETRO 10 mm X 320 mm   UNIDAD,UNIDAD,I
54163,LIMAS SET PARA ENDODONCIA PARA SISTEMA ROTATORIO  25 mm X 4 UNIDAD,UNIDAD,I
12435,SUTURA SEDA NEGRA TRENZADA MULTIEMPAQUE 3/0 S/A 50 cm   UNIDAD,UNIDAD,I
35994,VALVULA CARDIACA MITRAL BIOLOGICA N° 31   UNIDAD,UNIDAD,I
11061,FRASCO DE VIDRIO COLOR AMBAR CON TAPA Y SELLO DE SEGURIDAD X 30 mL   UNIDAD,UNIDAD,I
21360,REACTIVO ANALIZADOR HEMATOLOGICO DE 19 PARAMETROS  1 DET UNIDAD,UNIDAD,I
35151,AGUJA PARA BIOPSIA RENAL DESCARTABLE 18 G X 20 cm   UNIDAD,UNIDAD,I
10557,CLAVO KIRSCHNER 1.0 mm X 20 cm   UNIDAD,UNIDAD,I
32209,ANTISUERO ANTI SHIGUELLA GRUPO B  3 mL SOLUCION,SOLUCION,I
28349,GANCHO LAMINAR PARA COLUMNA VERTEBRAL 5.5 mm   UNIDAD,UNIDAD,I
1789,CICLOSPORINA 50 mg 1 mL INYECTABLE,INYECTABLE,M
48556,AGUJA DE ACUPUNTURA DESCARTABLE 1/2 in   UNIDAD,UNIDAD,I
22186,KIT COMPLETO DESCARTABLE DE TUBOS CORRUGADOS Y ACCESORIOS ADULTO PARA EQUIPO DE ANESTESIA   UNIDAD,UNIDAD,I
54176,ANILLO PROTESICO TRICUSPIDEO  N░ 27 UNIDAD,UNIDAD,I
37950,PINZA BIPOLAR PARA CIRUGIA ABIERTA SELLADO DE VASOS 5 mm DE DIAMETRO X 23 cm   UNIDAD,UNIDAD,I
50626,ESPARADRAPO IMPERMEABLE DE TELA 5 cm X 9.1 m   UNIDAD,UNIDAD,I
51097,ANTISUERO ANTI SHIGUELLA DYSENTERIAE TIPO 1X 3ML   UNIDAD,UNIDAD,I
28327,FERULA DE MIEMBRO INFERIOR DISPLASIA DE CADERA   UNIDAD,UNIDAD,I
53299,BOBINA DESMONTABLE DE EMPAQUE PARA EMBOLIZACION PERIFERICA ESTERIL x 60 cm   UNIDAD,UNIDAD,I
37340,ACEITE DE HIPOGLOS + OXIDO DE ZINC		 10 g + 15 g/100 g 60 g UNGÜENTO,UNGUENTO,M
29635,CATETER VENOSO CENTRAL DOBLE LUMEN 11.5 FR X 15 cm DE ALTO FLUJO   UNIDAD,UNIDAD,I
41497,FORMULA POLIMÉRICA ALTA EN NITROGENO ISOTONICA  500 mL UNIDAD,UNIDAD,M
40179,MASCARA LARINGEA DESCARTABLE CON ACCESO GASTRICO + INTUBACION N° 3   UNIDAD,UNIDAD,I
45418,HISOPO DE ALGODON ESTERIL 3 in X 100   UNIDAD,UNIDAD,I
25441,FILTRO DE NUTRICION PARENTERAL 1.20 um PEDIATRICO PARA SISTEMA TERNARIO DESCARTABLE   UNIDAD,UNIDAD,I
35271,EXTENSION BIFURCADA DOS VALVULAS SIN AGUJA X 12 cm   UNIDAD,UNIDAD,I
32551,SET DE INTUBACION LACRIMAL CON 2 VARILLAS 150 mm X 0.012 mm (CON SILICONA DE CALIBRE 0.012)   UNIDAD,UNIDAD,I
33601,GUANTE HASTA CODO ELASTICO TALLA N° 8   UNIDAD,UNIDAD,I
10636,CLAVO RUSH 3.0 mm X 20 cm   UNIDAD,UNIDAD,I
50609,ALMOHADILLA GEL DE POLIMERO P/POSICIONAMIENTO DE CABEZA P/NEUROCIRUGIA CUBITO VENTRAL T/L CUADRADA   UNIDAD,UNIDAD,I
53626,BOLSA DE POLIETILENO BILAMINADA FOTOPROTECTORA Y TERMOPROTECTORA 3 µm X 32 cm X 45 cm APROX.   UNIDAD,UNIDAD,I
46943,CLAVO INTRAMEDULAR TELESCOPADO EXTENSIBLE 1.9 mm X 290 mm   UNIDAD,UNIDAD,I
44053,BOLSA DE POLIETILENO BIODEGRADABLE 50.8 µm X 60 cm X 84 cm COLOR ROJO (CIENTO)   UNIDAD,UNIDAD,I
233,ADAPALENO 100 mg/100 g 30 g CREMA,CREMA,M
31400,SOPORTE INTRALUMINAL CEREBRAL 2.5 mm X 15 mm   UNIDAD,UNIDAD,I
33592,GUANTE DEDOS PARCIALMENTE CUBIERTOS ELASTICO TALLA N° 10   UNIDAD,UNIDAD,I
28430,SONDA DE GASTROSTOMIA DE SILICONA 20 FR CON BALON   UNIDAD,UNIDAD,I
49337,TARJETA PARA LA VELOCIDAD DE SEDIMENTACION GLOBULAR (VSG)  X 1000 DETERMINACIONES UNIDAD,UNIDAD,I
29134,MATRIZ DE HUESO HUMANO DESMINERALIZADO X 5 mL   UNIDAD,UNIDAD,I
28354,AGUJA DESCARTABLE PARA NEUROESTIMULACION 22 G X 5 cm   UNIDAD,UNIDAD,I
52174,PINZA DE BIOPSIA PARA BRONCOSCOPIA 1.8 mm X 1.20 m COPA DENTADA SIN AGUJA   UNIDAD,UNIDAD,I
31358,FRASCO DE PLASTICO CON 1 CAMARA PARA SISTEMA DE DRENAJE TORACICO 1.15 L   UNIDAD,UNIDAD,I
29685,TELA NO TEJIDA PARA ESTERILIZACION 90 cm X 90 cm X 250 PLIEGOS   UNIDAD,UNIDAD,I
47462,BALON PARA BRONCOSCOPIO DE ULTRASONIDO   UNIDAD,UNIDAD,I
42597,CANULA DE ARTROSCOPIA 8.00 mm X 7 cm   UNIDAD,UNIDAD,I
44155,PINZA SELLADORA DE VASOS CURVA TIPO CAIMAN HASTA 7 mm LONGITUD DE SELLADO DE 21.5 mm DE 5 mm DIAMETRO Y 36 cm LARGO   UNIDAD,UNIDAD,I
31837,LENTE INTRAOCULAR DIOPTRIA 12.0 CAMARA POSTERIOR PLEGABLE 1 PIEZA   UNIDAD,UNIDAD,I
24844,ACIDO REVELADOR DENTAL  1 L UNIDAD,UNIDAD,I
34017,APLICADOR LAPAROSCOPICO DE CLIPS VASCULAR TIPO HEM-O- LOK L   UNIDAD,UNIDAD,I
37101,"GUIA TEFLONADA CURVA 0.035"" X 180 cm   UNIDAD",UNIDAD,I
21993,EXPANSOR TISULAR RECTANGULAR LISO  300 mL UNIDAD,UNIDAD,I
27991,PLACA T 4.5 mm DE 4 AGUJEROS   UNIDAD,UNIDAD,I
24433,CREATININA CINETICA  200 DET KIT,KIT,I
43924,CIRCUITO CORRUGADO PARA VENTILADOR MECANICO ACUTRONIC MODELO FABIAN   UNIDAD,UNIDAD,I
37617,DISCO DE SENSIBILIDAD DE TEICOPLAMINA 30 µg 50 DISCOS UNIDAD,UNIDAD,I
33402,PANTALONETA COMPLETA ELASTICA TALLA N° 8   UNIDAD,UNIDAD,I
39801,FRESA DE CARBURO TUNGSTENO DE ALTA VELOCIDAD FISURA   UNIDAD,UNIDAD,I
34177,BOQUILLA DE CARTON DESCARTABLE PARA ESPIROMETRO   UNIDAD,UNIDAD,I
52563,CAJA DE BIOSEGURIDAD DE CARTON PARA JERINGAS Y AGUJAS X 7.5 L   UNIDAD,UNIDAD,I
50070,PAPEL TERMICO DE IMPRESION PARA ELECTROCARDIOGRAFO 80 mm x 20 m   UNIDAD,UNIDAD,I
28487,TAPON DE SEGURIDAD DE AUTO QUIEBRE PARA GANCHO 6.0 mm   UNIDAD,UNIDAD,I
24053,CATETER PERCUTANEO CON INTRODUCTOR 1.9 FR X 50 cm   UNIDAD,UNIDAD,I
24495,JUEGO DE FRESAS QUIRURGICAS DE FISURA MEDIANA 26 mm X 6 UNIDADES   UNIDAD,UNIDAD,I
50648,ADAPTADOR PARA BOLSA MUSLERA TALLA L   UNIDAD,UNIDAD,I
42637,CUBIERTA DESCARTABLE ESTERIL PARA MESA DE MAYO 70 cm X 1.10 m  EMPAQUE POR UNIDAD UNIDAD,UNIDAD,I
40153,CLAVO KIRSCHNER 1.1 mm X 152 mm   UNIDAD,UNIDAD,I
19902,CANULA VENOSA ANGULADA Nº 20   UNIDAD,UNIDAD,I
38027,PRUEBA RAPIDA PARA HEPATITIS B  25 DET KIT,KIT,I
33539,PAPEL MILIMETRADO PARA ELECTROCARDIOGRAMA 80 mm X 30 m   UNIDAD,UNIDAD,I
12774,VARILLA DE ALUMINIO 25 cm   UNIDAD,UNIDAD,I
39475,TORNILLO PEDICULAR POLIAXIAL DE TITANIO 5.50 mm x 45 mm   UNIDAD,UNIDAD,I
31326,MALLA PLANA LIGERA DE POLIPROPILENO 30 cm X 30 cm   UNIDAD,UNIDAD,I
17797,CIRCUITO DE PRESION POSITIVA CONTINUA (CPAP) NASAL Nº 5   UNIDAD,UNIDAD,I
30862,CATETER DE ABLACION NO IRRIGADO CON DEFLEXION 7 FR X 110 cm   UNIDAD,UNIDAD,I
26511,COLORANTE HEMATOXILINA  25 g UNIDAD,UNIDAD,I
23873,METILPREDNISOLONA 500 mg 10 mL INYECTABLE,INYECTABLE,M
15204,ALGINATO  1 lb INYECTABLE,INYECTABLE,I
11239,MEDIO PARA HEMOCULTIVO NEONATAL AUTOMATIZADO EN FRASCO  10 mL UNIDAD,UNIDAD,I
6048,TEMOZOLOMIDA 250 mg  TABLETA,TABLETA,M
21014,SOLUCION PARA DIALISIS PERITONEAL 2.5 % 5 L SOLUCION,SOLUCION,M
24895,COLORANTE AZUL DE LACTOFENOL  100 mL UNIDAD,UNIDAD,I
45907,LLAVE DOBLE PARA TOMA DE OXIGENO CONEXION DISS   UNIDAD,UNIDAD,I
30684,KIT DE INMUNOFLUORESCENCIA DIRECTA PARA SCREENING DE VIRUS RESPIRATORIO   KIT,KIT,I
49749,MEMBRANA REGENERADORA POROSA ESTERILIZADA  10 cm x 15 cm UNIDAD,UNIDAD,I
16030,COLECTOR DE SECRECIONES DESCARTABLE P/MAQUINA DE ASPIRACION   UNIDAD,UNIDAD,I
54085,TORNILLO CORTICAL DE TITANIO AUTORROSCANTE - 1.5 mm X 8 mm UNIDAD,UNIDAD,I
12675,TREPANO CORNEAL BARRON 8 mm DESCARTABLE   UNIDAD,UNIDAD,I
10429,CANULA PARA TRAQUEOSTOMIA Nº 9   UNIDAD,UNIDAD,I
28999,SUTURA ACIDO POLIGLACTIN 0 C/A 1/2 CIRCULO REDONDA 31 mm X 70 cm   UNIDAD,UNIDAD,I
50915,SOLUCIONES PARA NUTRICION PARENTERAL PEDIATRICO  1.5 L INYECTABLE,INYECTABLE,M
40323,SUPLEMENTO NUTRICIONAL SIN FENILALANINA X 400 g   UNIDAD,UNIDAD,I
35435,ANTISUERO ANTI E.COLI ENTEROINVASIVA POLI A X 3 mL   UNIDAD,UNIDAD,I
32166,UREA Q.P.  1 Kg SOLUCION,SOLUCION,I
23021,ANTISUERO ANTI SHIGUELLA DYSENTERIAE POLIVALENTE A (1-7)  3 mL INYECTABLE,INYECTABLE,I
30836,BROCA 1.1 mm X 60 mm   UNIDAD,UNIDAD,I
41383,MALLA DE TITANIO CILINDRICA DE REEMPLAZO DE CUERPO VERTEBRAL 10 mm X 69 mm  UNIDAD UNIDAD,UNIDAD,I
50543,MANTA TERMICA DE CUERPO ENTERO 1.02 m X 2.03 m   UNIDAD,UNIDAD,I
22709,ESTETOSCOPIO CLINICO ADULTO   UNIDAD,UNIDAD,I
39545,CLIP DE ANEURISMA FENESTRADO RECTO 8 mm PERMANENTE   UNIDAD,UNIDAD,I
27478,TORNILLO DE TITANIO AUTORROSCANTE 2.0 mm X 5 mm   UNIDAD,UNIDAD,I
30703,TUBO DE VENTILACION PARA OIDO TIPO DONALSON DESCARTABLE   UNIDAD,UNIDAD,I
29588,TUBO EN T MONTGOMERY AHUSADO 13 mm   UNIDAD,UNIDAD,I
40292,DISCO DE SENSIBILIDAD DE CEFOPERAZONA + SULBACTAM 30 µg + 15 µg   UNIDAD,UNIDAD,I
18186,CATETER TORAXICO RECTO Nº 16   UNIDAD,UNIDAD,I
26906,SUTURA DE POLIPROPILENO 6/0 C/2A 3/8 CIRCULO REDONDA 13 mm X 60 cm   UNIDAD,UNIDAD,I
39025,SONDA DE ALIMENTACION DE CLORURO DE POLIVINILO 4 FR   UNIDAD,UNIDAD,I
42734,PLACA BLOQUEADA PARA FEMUR DISTAL 10 AGUJEROS X 4.5 mm LADO IZQUIERDO   UNIDAD,UNIDAD,I
45827,CLIP DE ANEURISMA  CURVO  8.4 mm UNIDAD,UNIDAD,I
24877,FRESA PARA CRANEOTOMO DE ACERO PARA DRILADO TIPO ROSEN DE 5 mm DE DIAMETRO X 40 mm   UNIDAD,UNIDAD,I
23809,ESCOBILLA PARA CIRUJANO CON CERDAS SUAVES DESCARTABLE   UNIDAD,UNIDAD,I
54558,ANTICUERPO ANTI CHLAMYDIA TRACHOMATIS IgG (ELISA) - X DET UNIDAD,UNIDAD,I
29910,SET DE FIJACION EXTERNA PARA ALARGAMIENTO DE FEMUR DERECHO   UNIDAD,UNIDAD,I
31291,PLACA EN T DE 5 ORIFICIOS X 3.5 mm   UNIDAD,UNIDAD,I
4056,INFLIXIMAB 100 mg 10 mL INYECTABLE,INYECTABLE,M
22102,SUTURA SEDA NEGRA TRENZADA 2/0 C/A 1/2 CIRCULO CORTANTE 30 mm X 75 cm   UNIDAD,UNIDAD,I
30778,GEL ANTIBACTERIAL PARA MANOS  120 mL UNIDAD,UNIDAD,I
47884,FORMULA POLIMERICA HIPERPROTEINICA HIPERCALORICA SIN FIBRA  500 mL SOLUCION,SOLUCION,M
28997,SUTURA ACIDO POLIGLACTIN 5/0 C/A 3/8 CIRCULO CORTANTE 13 mm X 45 cm   UNIDAD,UNIDAD,I
30999,EQUIPO CPAP DESCARTABLE Nº 3   UNIDAD,UNIDAD,I
29925,FRESA QUIRURGICA ESFERICA PARA HUESO 5 mm   UNIDAD,UNIDAD,I
20192,AGAR MEDIO STUART  500 g SOLUCION,SOLUCION,I
53150,ESPIRAL PARA EMBOLIZACION ENDOVASCULAR 18 mm X 30 cm   UNIDAD,UNIDAD,I
21517,BARRA DE TITANIO DE 3.2 mm X 240 mm PARA COLUMNA VERTEBRAL   UNIDAD,UNIDAD,I
43172,MINI PLACA DE 6 AGUJEROS CON PUENTE   UNIDAD,UNIDAD,I
38150,BATA DE POLIPROPILENO DESCARTABLE TALLA L   UNIDAD,UNIDAD,I
12574,TORNILLO CORTICAL 4.5 mm X 52 mm   UNIDAD,UNIDAD,I
55518,SISTEMA DE CATETER EPIDURAL DIRIGIBLE BIDIRECCIONAL PARA NEUROPLASTIA DESCARTABLE - - UNIDAD,UNIDAD,I
30855,IMPLANTE ESPINAL MULTIUSOS SUB LAMINAL 10 mm X 15 mm X 18 mm   UNIDAD,UNIDAD,I
44561,PAPEL TERMICO DE IMPRESION 150 mm X 90 m PLEGADO EN Z 150 HOJAS UNIDAD,UNIDAD,I
43367,APOSITO TRANSPARENTE PARA CATETER INTRAVENOSO CON CUBIERTA SECUNDARIA 8.5 cm x 11.5 cm   UNIDAD,UNIDAD,I
17542,"VENDA ELASTICA 10"" X 5 yd   UNIDAD",UNIDAD,I
37768,CAMPO FENESTRADO DESCARTABLE ADHESIVO 1.20 m X 90 cm   UNIDAD,UNIDAD,I
53762,ANTICUERPO ANTI CHLAMYDOPHILA PNEUMONIAE IgM (ELISA)  X 96 DETERMINACIONES UNIDAD,UNIDAD,I
31195,COLORANTE PARA PAPANICOLOAU OG-6  1 L SOLUCION,SOLUCION,I
24969,ACIDO POLIGLACTIN 3/0 C/A 1/2 CIRCULO REDONDA 25 mm X 70 cm   UNIDAD,UNIDAD,I
23092,ESPONJA DE GASA QUIRURGICA RADIOPACA ESTERIL 10 cm X 10 cm X 10   UNIDAD,UNIDAD,I
36676,MANGA DE POLIETILENO TRANSPARENTE DE 3.5 µm X 10 cm X 500 m   UNIDAD,UNIDAD,I
23000,VALVULA PARA CIRUGIA FILTRANTE DE GLAUCOMA   UNIDAD,UNIDAD,I
50583,TELA NO TEJIDA 75 CM X 75 CM X 250 PLIEGOS   UNIDAD,UNIDAD,I
36130,KIT DE 1 JERINGA INSUFLADORA 20 mL ALTA PRESION + MANOMETRO   UNIDAD,UNIDAD,I
27239,ANTICUERPO ANTI TOXOPLASMA GONDII IgG  1 DET KIT,KIT,I
44404,CATETER PARA DIALISIS PERITONEAL TENCKHOFF 31 cm   UNIDAD,UNIDAD,I
12767,VALVULA DE PUDENS PRESION MEDIA PARA ADULTO   UNIDAD,UNIDAD,I
27156,ACIDO ACETICO GLACIAL Q.P.  2.5 L UNIDAD,UNIDAD,I
44504,FORMULA DE TRIGLICERIDOS DE CADENA MEDIA  X 220 g UNIDAD,UNIDAD,I
10661,CLAVO SCHANZ PUNTA REDONDA 3.2 mm X 300 mm   UNIDAD,UNIDAD,I
42321,CONECTOR RECTO 1/4 IN X 1/4 IN   UNIDAD,UNIDAD,I
22375,GRAPADORA QUIRURGICA LINEAL CORTANTE 55 mm   UNIDAD,UNIDAD,I
45013,PANTALON DESCARTABLE NO ESTERIL TALLA XL   UNIDAD,UNIDAD,I
3936,HIDROCORTISONA 100 mg/100 g 20 g CREMA,CREMA,M
30284,SOPORTE METALICO LARGO SIN APOYO ISQUIATICO CON PINZAS PLANAS PARA NIÑO   UNIDAD,UNIDAD,I
28788,CAMPO QUIRURGICO ANTIMICROBIANO 45 cm X 58 cm   UNIDAD,UNIDAD,I
12619,TORNILLO ESPONJOSO 6.5 mm ROSCA 16 mm X 55 mm   UNIDAD,UNIDAD,I
20385,TRIPTORELINA 11.25 mg  INYECTABLE,INYECTABLE,M
12335,SUTURA SEDA NEGRA 6/0 C/A 3/8 CIRCULO CORTANTE 15 mm X 75 cm   UNIDAD,UNIDAD,I
52628,CATETER VENOSO CENTRAL DOBLE LUMEN DE LARGA PERMANENCIA PARA HEMODIALISIS 15 FR X 31 cm   UNIDAD,UNIDAD,I
51378,FRASCO DE VIDRIO COLOR AMBAR CON TAPA 200 mL   UNIDAD,UNIDAD,I
397,ALPROSTADIL 10 µg/mL  INYECTABLE,INYECTABLE,M
50980,ANTICUERPO MONOCLONAL CD20   X 1 mL UNIDAD,UNIDAD,I
15676,CATETER PARA DIALISIS PERITONEAL AMBULATORIA 47 cm   UNIDAD,UNIDAD,I
21831,BRIMONIDINA + TIMOLOL (SOLUCION OFTALMICA) 2 mg + 5 mg/5 mL 5 mL SOLUCION,SOLUCION,M
34605,BARRA DE FIJACION RECTA DE CROMO COBALTO 5.5 mm X 50 cm   UNIDAD,UNIDAD,I
54903,TREPANO CORNEAL RECEPTOR DESCARTABLE - X 7.75 mm UNIDAD,UNIDAD,I
23695,SET DE FIJACION INTRAMEDULAR PARA FEMUR   UNIDAD,UNIDAD,I
27242,HORMONA TIROXINA (T4) LIBRE - AUTOMATIZADA  1 DET KIT,KIT,I
33620,TUBO PARA EXTRACCION DE SANGRE CON SISTEMA DE VACIO DE POLIPROPILENO DE 3 mL CON ANTICOAGULANTE   UNIDAD,UNIDAD,I
41664,REGULADOR DE FLUJO PARA USO EN OXIGENO MEDICINAL   UNIDAD,UNIDAD,I
24502,IMIGLUCERASA 400 U  INYECTABLE,INYECTABLE,M
53746,OPTICA 30º X 4 mm X 17.5 cm   UNIDAD,UNIDAD,I
37618,MEDIO DE TRANSPORTE STUART EN TUBO CON HISOPO   UNIDAD,UNIDAD,I
41795,LAPIZ PARA ELECTROBISTURI CON ELECTRODO   UNIDAD,UNIDAD,I
26763,DISCO DE SENSIBILIDAD DE CEFTRIAXONA 10 ug 50 DISCOS UNIDAD,UNIDAD,I
33254,SISTEMA DE ANCLAJE DE TITANIO PARA LIGAMENTO CRUZADO ANTERIOR 10 mm X 25 mm   UNIDAD,UNIDAD,I
45408,KIT PARA DETECTAR HEMOGLOBINA DE SANGRE OCULTA EN HECES  X 25 DETERMINACIONES UNIDAD,UNIDAD,I
35170,INTRODUCTOR PARA CATETER PERCUTANEO 9.0 FR X 13 cm   UNIDAD,UNIDAD,I
29921,PLACA MALLA PARA BASE ORBITARIA 0.3 mm X 1.3 mm   UNIDAD,UNIDAD,I
22780,NEPAFENACO (SUSPENSION OFTALMICA) 1 mg/mL 5 mL SUSPENSION,SUSPENSION,M
30123,SUCEDANEO DE LA LECHE MATERNA CON LACTOSA  850 g POLVO,POLVO,I
35238,FENOL EN CRISTALES Q.P.  1 Kg UNIDAD,UNIDAD,I
24365,TORNILLO CANULADO 7 mm X 65 mm   UNIDAD,UNIDAD,I
10891,ANTICUERPO ANTI CITOMEGALOVIRUS IgM (MET ELISA)  96 DET KIT,KIT,I
43257,GRAPADORA QUIRURGICA LINEAL CORTANTE PARA CIRUGIA ABIERTA 60 mm X 4.8 mm   UNIDAD,UNIDAD,I
32543,TARJETA LISS COOMBS  6 DET UNIDAD,UNIDAD,I
40282,PLACA EN L DE 4.5 mm PARA TIBIA PROXIMAL X 6 AGUJEROS   UNIDAD,UNIDAD,I
29546,CANULA ENDOLUMINAL (STENT) CORONARIA DE METAL MEDICADA 3.0 mm X 20 mm   UNIDAD,UNIDAD,I
48168,CLIPADORA 5 mm DE DIAMETRO P/LAPAROSCOPIA TIPO HEM-O-LOCK   UNIDAD,UNIDAD,I
50470,CONECTOR LIBRE DE AGUJA CON VALVULA ANTIREFLUJO   UNIDAD,UNIDAD,I
22066,TORNILLO PEDICULAR MULTIAXIAL DE TITANIO 4.5 mm X 40 mm   UNIDAD,UNIDAD,I
29243,PLACA LCP DE 11 AGUJEROS X 260 mm PARA TIBIA LATERAL PROXIMAL DERECHA   UNIDAD,UNIDAD,I
38792,CATETER BALON DE BAJO PERFIL 6 mm x 4 cm DE 5 FR x 140 cm   UNIDAD,UNIDAD,I
55658,PLACA CONDILAR ANGULADA 95░ DE ACERO INOXIDABLE DE 6 AGUJEROS - X 92 mm UNIDAD,UNIDAD,I
51188,CANULA ENDOLUMINAL (STENT) CORONARIA DE METAL MEDICADA 4.0 mm X 15 mm   UNIDAD,UNIDAD,I
52818,TUBO DE PACIENTE 320 cm CON 2 VALVULAS ANTIREFLUJO DESCARTABLE PARA INYECTOR DE CONTRASTE   UNIDAD,UNIDAD,I
16568,GUANTE DESCARTABLE PARA EXAMEN Nº 8 (PAR)   UNIDAD,UNIDAD,I
27302,CAMPO QUIRURGICO ESTERIL DESCARTABLE 60 cm X 60 cm   UNIDAD,UNIDAD,I
33902,INTRODUCTOR RADIAL CON CUBIERTA HIDROFILICA 4 FR X 7 cm   UNIDAD,UNIDAD,I
20364,"MASCARILLA NASAL PARA VENTILACION NO INVASIVO TAMAÑO ""S""   UNIDAD",UNIDAD,I
55359,BIOTOMO ENDOMIOCARDICO CON PUNTA  PRECURVADO DESCARTABLE - 7 FR X 50 cm UNIDAD,UNIDAD,I
55312,KIT DE MEDIOS DE DESCONGELACION ULTRA RAPIDA DE OVOCITOS Y EMBRIONES HUMANOS - - UNIDAD,UNIDAD,I
39945,CETILPIRIDINIO CLORURO + CLORHEXIDINA DIGLUCONATO 0.05 g + 0.12 g/100 mL (COLUTORIO)  4 L SOLUCION,SOLUCION,I
18721,CLORURO DE SODIO P.A.  1 kg SOLUCION,SOLUCION,I
21973,PLACA ANGULADA DHS 135º X 6 AGUJEROS X 60 mm   UNIDAD,UNIDAD,I
37472,AGAR ENTERICO DE HECTOEN  500 g UNIDAD,UNIDAD,I
31199,LENTE INTRAOCULAR DIOPTRIA 24.0 CAMARA POSTERIOR PLEGABLE 1 PIEZA   UNIDAD,UNIDAD,I
31024,ACIDO ALFA LIPOICO 600 mg  TABLETA,TABLETA,M
22277,ANTISUERO ANTI E. COLI ENTEROPATOGENA A POLIVALENTE  3 mL SOLUCION,SOLUCION,I
33636,PLACA DCP RECTA PESADA (ANCHA) DE 06 AGUJEROS X 4.5 mm   UNIDAD,UNIDAD,I
25394,CATETER VENOSO CENTRAL DE INSERCION PERIFERICA DOBLE LUMEN 2 FR X 30 cm   UNIDAD,UNIDAD,I
44307,CHAMPU PARA CABELLO  X 500 mL CHAMPU,CHAMPU,I
42539,PEPTIDO C  100 DETERMINACIONES UNIDAD,UNIDAD,I
42506,SUERO ANTI AB X 5 mL  5 mL UNIDAD,UNIDAD,I
33272,TORNILLO ESPONJOSO 4.0 mm ROSCA DISTAL 16 mm X 20 mm   UNIDAD,UNIDAD,I
53969,FRASCO DE VIDRIO TRANSPARENTE CON TAPA ROSCA  X 250 mL UNIDAD,UNIDAD,I
55334,RAVULIZUMAB 100 mg/mL 3 mL INYECTABLE,INYECTABLE,M
42537,TARJETA DE TIPIFICACION DE GRUPO SANGUINEO EN GEL  X 2 DETERMINACIONES UNIDAD,UNIDAD,I
46674,CLIP DE ANEURISMA BAYONETA RECTO DE TITANIO 9 mm PERMANENTE   UNIDAD,UNIDAD,I
26027,MALLA DE TITANIO CILINDRICA DE REEMPLAZO DE CUERPO VERTEBRAL 13 mm X 70 mm   UNIDAD,UNIDAD,I
43419,ALAMBRE QUIRURGICO 1.8 mm x 1 m   UNIDAD,UNIDAD,I
22625,INFUSOR GRAN VOLUMEN PARA 2 DIAS DESCARTABLE   UNIDAD,UNIDAD,I
39419,PINZA HEMOSTATICA ELECTROQUIRURGICA COAGRASPER PARA COLONOSCOPIA 230 cm X 4 mm DE APERTURA   UNIDAD,UNIDAD,I
39681,GUIA METALICA HIDROFILICA PUNTA RECTA 0.03 ? x 1.45 m   UNIDAD,UNIDAD,I
52258,CONECTOR DE TITANIO TRANSVERSAL 20 mm PARA BARRA DE FIJACION RECTA 5.5 mm   UNIDAD,UNIDAD,I
19177,CARBOMERO 200 mg/100 g 5 g GEL,GEL,M
33697,CHALECO MANGA CORTA ELASTICA TALLA N° 8   UNIDAD,UNIDAD,I
40840,PLACA LCP DE 9 AGUJEROS X 2.7/3.5 mm PARA HUMERO DISTAL MEDIAL ANGULO VARIABLE   UNIDAD,UNIDAD,I
31052,CUCHILLA DESCARTABLE DE PERFIL BAJO PARA MICROTOMO X 50   UNIDAD,UNIDAD,I
22378,GRAPADORA QUIRURGICA CIRCULAR CURVA PARA CIRUGIA ABIERTA 33 mm   UNIDAD,UNIDAD,I
48805,GRAPADORA QUIRURGICA CIRCULAR CURVA PARA CIRUGIA ABIERTA  21 mm UNIDAD,UNIDAD,I
30884,SUTURA ACIDO POLIGLACTIN 0 C/A 1/2 CIRCULO REDONDA 26 mm X 75 cm   UNIDAD,UNIDAD,I
33874,LIMAS SET PARA ENDODONCIA DEL 15-40 (1era SERIE) DE 21 mm X 6   UNIDAD,UNIDAD,I
10194,ALAMBRE KIRSCHNER 1.6 mm X 300 mm   UNIDAD,UNIDAD,I
52936,TORNILLO DE BLOQUEO 2.7 mm X 10 mm   UNIDAD,UNIDAD,I
54959,TORNILLO CANULADO AUTOPERFORANTE DE COMPRESION ROSCA LARGA,UNIDAD,I
12617,TORNILLO ESPONJOSO 6.5 mm ROSCA 16 mm X 45 mm   UNIDAD,UNIDAD,I
24731,DOSAJE DE TIEMPO DE TROMBOPLASTINA PARCIAL ACTIVADO  100 DET KIT,KIT,I
39491,TRICLOSAN P.A. x 25 g   UNIDAD,UNIDAD,I
16848,PARTICULA DE PVA 200 - 300 um   UNIDAD,UNIDAD,I
23501,PLACA DCP RECTA LIVIANA ESTRECHA DE 9 AGUJEROS X 3.5 mm   UNIDAD,UNIDAD,I
39523,CANULA ENDOLUMINAL (STENT) CORONARIA DE METAL 4.0 mm x 16 mm   UNIDAD,UNIDAD,I
45056,MORTERO DE PORCELANA 250 mL CON PILON   UNIDAD,UNIDAD,I
31963,TIRA REACTIVA PARA ORINA DE 10 PARAMETROS  1 DET KIT,KIT,I
43660,PROTECTOR CODO - TALON EXTRA PARA PREVENCION DE ULCERAS DE PRESION 21 cm X 27 cm   UNIDAD,UNIDAD,I
33718,MANGA COMPLETA ELASTICA TALLA N° 10   UNIDAD,UNIDAD,I
52396,PROTESIS DE METAL AUTOEXPANDIBLE PARA ESOFAGO CUBIERTA DE SILICONA  20 mm X 12 cm   UNIDAD,UNIDAD,I
32137,TORNILLO ESPONJOSO 6.5 mm X 10 mm   UNIDAD,UNIDAD,I
35100,AUDIFONO RETROAURICULAR DE GANANCIA ACUSTICA DE 70 - 80 dB   UNIDAD,UNIDAD,I
31190,COLORANTE GIEMSA  500 mL SOLUCION,SOLUCION,I
28649,CATETER BALON PARA VALVULOPLASTIA PULMONAR 15 mm X 4 cm DE 7 FR X 110 cm   UNIDAD,UNIDAD,I
54900,TREPANO CORNEAL DONANTE SIN VACIO DESCARTABLE - X 8.50 mm UNIDAD,UNIDAD,I
46421,PLACA DE BLOQUEO PARA CALCANEO IZQUIERDO DE 15 AGUJEROS 3.5 mm X 64 mm   UNIDAD,UNIDAD,I
43621,ELEVADOR Y MANIPULADOR UTERINO 35 mm DESCARTABLE   UNIDAD,UNIDAD,I
18231,FOSFATO MONOPOTASICO Q.P.  500 g SOLUCION,SOLUCION,I
16850,PARTICULA DE PVA 500 - 700 um   UNIDAD,UNIDAD,I
41622,CLAVO SCHANZ 3.0 mm X 120 mm   UNIDAD,UNIDAD,I
49157,SUPLEMENTO BUTZLER PARA CAMPILOBACTER  X 500 mL (CAJA X 10 FRA UNIDAD,UNIDAD,I
43185,CLIP DE CUERO CABELLUDO RANEY   UNIDAD,UNIDAD,I
24303,TORNILLO CANULADO 3.0 mm x 38 mm   UNIDAD,UNIDAD,I
36441,SUTURA DE POLIPROPILENO AZUL MONOFILAMENTO 7/0 C/DOBLE AGUJA 3/8 CIRCULO REDONDA 9.0 mm X 60 cm   UNIDAD,UNIDAD,I
22782,MACROGOL 400 (POLIETILENGLICOL 400) + PROPILENGLICOL + SORBITOL (SOLUCION OFTALMICA) 4 mg + 3 mg + 14 mg 10 mL SOLUCION,SOLUCION,M
44571,OCLUSOR PERCUTANEO DE PERSISTENCIA DE DUCTUS ARTERIOSO DE 10 mm X 8 mm   UNIDAD,UNIDAD,I
54002,NITROFURAL 200 mg/100 g X 35 g POMADA,POMADA,M
48176,SUTURA DE POLIESTER MULTIFILAMENTO 2/0 C/A 1/2 CIRCULO REDONDA 30 mm X 45 cm   UNIDAD,UNIDAD,I
32868,CAJA DE BIOSEGURIDAD DE CARTON PARA JERINGAS Y AGUJAS X 10 L   UNIDAD,UNIDAD,I
46366,EXTRACTO ESTANDARIZADO DE CANNABIDIOL (CBD/THC) CANNABIS SATIVA 5 % (50mg/ml) +/- 10 % THC < 1 % 10 mL SOLUCION,SOLUCION,M
35646,CANULA PARA TRAQUEOSTOMIA N° 5.5 CON BALON   UNIDAD,UNIDAD,I
47442,"RECARGA PARA GRAPADORA QUIRURGICA LINEAL CORTANTE (2 mm, 2.5 mm y 3 mm) X 30 mm PARA LAPAROSCOPIA ARENA ARTICULADA   UNIDAD",UNIDAD,I
42190,PINZA DE DISECCION MARYLAND 5 mm X 33 cm   UNIDAD,UNIDAD,I
42789,ANILLO DE EXPANSION PUPILAR 6.3 mm   UNIDAD,UNIDAD,I
52753,NEBULIZADOR DE MALLA VIBRANTE DESCARTABLE   UNIDAD,UNIDAD,I
51379,FRASCO DE PLASTICO PARA MUESTRA DE BIOPSIA CON FORMALDEHIDO  X 10 mL UNIDAD,UNIDAD,I
34571,KIT DE ANTICUERPO CD19 PARA SEPARACION CELULAR MAGNETICA X 4 UNIDADES   KIT,KIT,I
32878,SIERRA GIGLI 30 cm   UNIDAD,UNIDAD,I
32506,RIÑONERA DE ACERO INOXIDABLE TAMAÑO MEDIANO   UNIDAD,UNIDAD,I
43544,SOLUCIONES PARA NUTRICION PARENTERAL 2 EN 1  2 L INYECTABLE,INYECTABLE,M
36486,TIJERA LAPAROSCOPICA QUIRURGICA DESCARTABLE 5 mm X 33 cm   UNIDAD,UNIDAD,I
5493,PIRIMETAMINA 25 mg  TABLETA,TABLETA,M
21313,TORNILLO DE TITANIO 2.4 mm X 12 mm   UNIDAD,UNIDAD,I
23943,FAJA ELASTICA ABDOMINAL TALLA XL   UNIDAD,UNIDAD,I
38497,CANULA DE CARDIOPLEJIA ANTEROGRADA AORTICA 4 FR   UNIDAD,UNIDAD,I
34226,SUSTITUTO SINTETICO OSEO DE MASILLA DE GRANULOS DE CRISTAL BIOACTIVO + AGLUTINANTE SINTETICO X 10 cc   UNIDAD,UNIDAD,I
36936,YESO BLANCO PARA ORTODONCIA  1 Kg UNIDAD,UNIDAD,I
47955,PLACA CERVICAL ANTERIOR 24 mm DE 4 AGUJEROS   UNIDAD,UNIDAD,I
23204,CODEINA FOSFATO 60 mg X 2mL  INYECTABLE,INYECTABLE,M
53841,CATETER BALON PARA DILATACION DE COARTACION AORTICA 12 mm X 40 cm DE 8 FR X 110 cm N/A - UNIDAD,UNIDAD,I
30668,CANULA ENDOLUMINAL (STENT) CORONARIA DE METAL 3.5 mm X 24 mm   UNIDAD,UNIDAD,I
29593,TORNILLO DE TITANIO TIPO LOCKING 2.0 mm X 6 mm   UNIDAD,UNIDAD,I
22946,ACIDO SULFOSALICILICO P.A.  500 g UNIDAD,UNIDAD,I
38958,FRESA CORTANTE DE CARBURO 2.3 mm DE DIAMETRO x 70 mm DE LONGITUD   UNIDAD,UNIDAD,I
28841,DOSAJE  DE MARIHUANA  1 DET KIT,KIT,I
34244,FILTRO ASPIRADOR DE SECRECIONES   UNIDAD,UNIDAD,I
45657,SET DE TORNILLOS Y BARRAS PARA DISTRACTOR FACIAL EXTERNO   UNIDAD,UNIDAD,I
31099,"PLACA ""L"" A LA DERECHA 6 AGUJEROS   UNIDAD",UNIDAD,I
32714,BRAZALETE DE IDENTIFICACION ADULTO (CELESTE)   UNIDAD,UNIDAD,I
22634,CATETER DE DRENAJE MULTIUSOS CON COLA DE CHANCHO CON TRABA Nº 10 G X 25 cm   UNIDAD,UNIDAD,I
24114,SUTURA DE ACERO INOXIDABLE MONOFILAMENTO 4 C/A 1/2 CIRCULO CORTANTE 48 mm X 45 cm   UNIDAD,UNIDAD,I
42901,SONDA PARA LASER CICLOFOTOCOAGULACION RECTA 268 cm  EMPAQUE POR UNIDAD UNIDAD,UNIDAD,I
28279,PLACA ANGULADA DHS 135º 10 AGUJEROS   UNIDAD,UNIDAD,I
26490,KIT DE VESTUARIO PARA AREA BLANCA DE PREPARACION DE BOLSAS DE NUTRICION PARENTERAL TALLA L X 3 PIEZAS   KIT,KIT,I
52543,CANULA ENDOLUMINAL (STENT) PERIFERICA DE METAL 12 mm X 40 mm   UNIDAD,UNIDAD,I
31467,SET DE TUBULADURA PARA CICLADORA DE DIALISIS PERITONEAL   UNIDAD,UNIDAD,I
42101,CLAVO KIRSCHNER 1.8 mm X 300 mm DOBLE PUNTA   UNIDAD,UNIDAD,I
25564,PLACA PETRI DE PLASTICO ESTERIL 20 mm X 150 mm   UNIDAD,UNIDAD,I
35631,OCLUSOR PERCUTANEO PARA DEFECTO SEPTAL INTERAURICULAR Nº 18   UNIDAD,UNIDAD,I
22163,PIPETA PASTEUR DE PLASTICO ESTERIL 3 mL X 500 UNIDADES   UNIDAD,UNIDAD,I
27622,ELTROMBOPAG 25 mg  TABLETA,TABLETA,M
42923,CANULA ENDOLUMINAL (STENT) PERIFERICA DE METAL 10 mm X 23.0 mm 6 FR X 120 cm   UNIDAD,UNIDAD,I
28276,CATETER IMPLANTABLE CON PUERTO DE TITANIO 7 FR X 60 cm X 12.1 mm   UNIDAD,UNIDAD,I
34815,ESPIRAL PARA EMBOLIZACION ENDOVASCULAR 2 mm X 4 cm   UNIDAD,UNIDAD,I
31159,PUNTA DESCARTABLE DE RADIOFRECUENCIA BIPOLAR 90º X 3.5 mm   UNIDAD,UNIDAD,I
43443,BARRA DE FIJACION RECTA DE CROMO COBALTO 5.5 mm x 30 cm   UNIDAD,UNIDAD,I
42888,TIOTEPA 100 mg  INYECTABLE,INYECTABLE,M
44605,"COLORANTE OCULAR PARA EL SEGMENTO POSTERIOR  TWIN  0,7 mL UNIDAD",UNIDAD,I
47623,PIE AJUSTABLE PARA PROTESIS DE MIEMBRO INFERIOR TRANSFEMORAL BILATERAL ADULTO   UNIDAD,UNIDAD,I
3983,MULTIVITAMINICOS Y HIERRO  240 mL JARABE,JARABE,M
30266,VALVULA DE SUCCION DE METAL DE PROTESIS DE MIEMBRO INFERIOR   UNIDAD,UNIDAD,I
46830,PLACA AGAR CHOCOLATE BASE GONOCOCO CON SUPLEMENTO Y HEMOGLOBINA 15 mm X 90 mm X  10   UNIDAD,UNIDAD,I
43750,TUBO DE PACIENTE 4 mm X 250 cm CON 2 VALVULAS ANTIREFLUJO DESCARTABLE PARA INYECTOR DE CONTRASTE   UNIDAD,UNIDAD,I
40671,SENSOR DE SATURACION DE OXIGENO NEONATO PARA OXIMETRO DE PULSO MASIMO   UNIDAD,UNIDAD,I
33395,MEDIA ELASTICA TALLA N° 14   UNIDAD,UNIDAD,I
33885,CANULA NASAL PARA SISTEMA CPAP DE BURBUJA N° 10.5   UNIDAD,UNIDAD,I
36962,ENCAJE DE RESINA DE SOCKET DEBAJO DE RODILLA PARA PROTESIS   UNIDAD,UNIDAD,I
26126,EQUIPO DESCARTABLE DE SUCCION QUIRURGICA PORTATIL 400 mL   UNIDAD,UNIDAD,I
29931,PUNTA DESCARTABLE DE RADIOFRECUENCIA 50º X 3.5 mm   UNIDAD,UNIDAD,I
47058,INJERTO VASCULAR BIFURCADO DE DACRON  8 mm X 16 mm X 40 cm UNIDAD,UNIDAD,I
36736,SET DE FIJACION PARA ALARGAMIENTO OSEO X 3 PIEZAS   UNIDAD,UNIDAD,I
34082,"GUIA METALICA RIGIDA RECTA 0.035"" X 2.60 m   UNIDAD",UNIDAD,I
30371,IBUPROFENO 5 mg/mL 2 mL INYECTABLE,INYECTABLE,M
47837,MASCARA NEBULARIZADORA PARA CANULA DE TRAQUEOSTOMIA PEDIATRICA   UNIDAD,UNIDAD,I
27577,CLAVO KIRSCHNER 1.8 mm X 230 mm PUNTA ROSCADA   UNIDAD,UNIDAD,I
23031,PLACA PETRI DE PLASTICO ESTERIL 15 mm X 100 mm   UNIDAD,UNIDAD,I
38116,MANGA MIXTA PARA ESTERILIZAR CON VAPOR Y/O OXIDO DE ETILENO SIN FUELLE 15 cm   UNIDAD,UNIDAD,I
39640,ARCO NITI REDONDOS SUPERIORES N° 18   UNIDAD,UNIDAD,I
43081,CONO DE GUTAPERCHA SET N° 30 DE 30 mm X 6   UNIDAD,UNIDAD,I
10213,ALAMBRE QUIRURGICO 1.2 mm   UNIDAD,UNIDAD,I
45421,ADHESIVO TISULAR SINTÉTICO PARA CIERRE DE HERIDAS CON PUNTA APLICADORA X 0.5 mL   UNIDAD,UNIDAD,I
20541,CATETER VISCERAL COBRA 5.0 FR X 80 cm   UNIDAD,UNIDAD,I
30393,BOLSA CUADRUPLE DE EXTRACCION DE SANGRE CON CPDA X 450  mL   UNIDAD,UNIDAD,I
55500,DISPOSITIVO PARA VITRIFICACION DE EMBRIONES - 0.1 uL UNIDAD,UNIDAD,I
16904,PLACA EN T PARA TIBIA 5 ORIFICIOS   UNIDAD,UNIDAD,I
49251,PUNTERA DESCARTABLE PARA PIPETA 1 - 5 mL  X 200 UNIDAD,UNIDAD,I
54349,GUIA HIDROFILICA ESTERIL PUNTA RECTA DESCARTABLE - 0.035 in X 4.5 m UNIDAD,UNIDAD,I
40604,CATETER ENDOVENOSO PERIFERICO Nº 16 G x 3/4 ?   UNIDAD,UNIDAD,I
11901,SONDA RECTAL N° 14 F   UNIDAD,UNIDAD,I
39299,CAMPO QUIRURGICO ESTERIL DESCARTABLE 1.50 m x 2.50 m   UNIDAD,UNIDAD,I
23086,TERLIPRESINA 1 mg  INYECTABLE,INYECTABLE,M
26155,"ESPONJA NEUROQUIRURGICA CON HILO RADIOPACO 1"" X 3"" X 10 UNIDADES   UNIDAD",UNIDAD,I
49231,SISTEMA CAROTIDEO AUTOEXPANDIBLE PARA LA PEVENCION EMBOLICA  8.0 mm x 30 mm   UNIDAD,UNIDAD,I
22531,DOSAJE DE TIEMPO DE PROTROMBINA  100 DET KIT,KIT,I
28816,TUBULADURA DESCARTABLE CON ACCESORIOS PARA ASPIRADOR ULTRASONICO 23 KHZ   UNIDAD,UNIDAD,I
46638,TUBO NASOFARINGEO DESCARTABLE Nº 7.5  UNIDAD,UNIDAD,I
48192,PLACA BLOQUEADA PARA FEMUR DISTAL 14 AGUJEROS X 4.5 mm LADO DERECHO   UNIDAD,UNIDAD,I
38315,PINZA BIPOLAR PARA CIRUGIA ABIERTA 22 cm   UNIDAD,UNIDAD,I
39646,ARCO NITI REDONDOS INFERIORES N° 12   UNIDAD,UNIDAD,I
53057,CUCHILLA DESCARTABLE PARA EQUIPO CONECTOR ESTERIL DE TUBULADURA   UNIDAD,UNIDAD,I
11395,LAPIZ MONOPOLAR PARA ELECTROBISTURI   UNIDAD,UNIDAD,I
22633,CATETER DE DRENAJE MULTIUSOS CON COLA DE CHANCHO CON TRABA Nº 8 G X 25 cm   UNIDAD,UNIDAD,I
50266,ANTICUERPO ANTI HERPES VIRUS 2 IgG  X 100 DETERMINACIONES UNIDAD,UNIDAD,I
21977,SUTURA DE POLIPROPILENO AZUL MONOFILAMENTO 4/0 C/DOBLE AGUJA 1/2 CIRCULO REDONDA 15 mm X 75 cm   UNIDAD,UNIDAD,I
44435,SUPLEMENTO NUTRICIONAL SIN FENILALANINA  500 g UNIDAD,UNIDAD,I
44082,CATETER URETERAL DOBLE J 4.0 FR X 16 cm   UNIDAD,UNIDAD,I
22227,SUTURA DE POLIDIOXANONA 5/0 C/A 3/8 CIRCULO REDONDA 13 mm X 75 cm   UNIDAD,UNIDAD,I
44516,KIT DE INSERCION PARA CANULA VASCULAR PERCUTANEA   UNIDAD,UNIDAD,I
31622,PUNTERA (TIPS) AMARILLA PARA PIPETA AUTOMATICA 5 uL - 200 uL X 500   UNIDAD,UNIDAD,I
28282,CLAVO DE TITANIO INTRAMEDULAR ELASTICO 2.5 mm X 440 mm   UNIDAD,UNIDAD,I
28455,SUTURA ACIDO POLIGLACTIN 3/0 C/A 1/2 CIRCULO CORTANTE 25 mm X 70 cm   UNIDAD,UNIDAD,I
43745,RECARGA PARA GRAPADORA QUIRURGICA LINEAL CORTANTE ENDOSCOPICA 60 mm X 4.1 mm   UNIDAD,UNIDAD,I
30413,COPLE ARTICULADO DE PROTESIS DE MIEMBRO SUPERIOR   UNIDAD,UNIDAD,I
15252,BIBERON DE PLASTICO X 8 fl oz   UNIDAD,UNIDAD,I
31637,BASTON TIPO CANADIENSE P/ADULTO MANGO DE POLIPROPILENO   UNIDAD,UNIDAD,I
10305,ARANDELA PARA TORNILLO ESPONJOSO 4.5 mm   UNIDAD,UNIDAD,I
12404,SUTURA SEDA NEGRA TRENZADA 2/0 C/A 1/2 CIRCULO CORTANTE 20 mm X 75 cm   UNIDAD,UNIDAD,I
48318,ANTICUERPO PARA INMUNOHISTOQUIMICA PD-L1 X 1 mL   UNIDAD,UNIDAD,I
34209,ENDOPROTESIS PARA VIA BILIAR 8.5 FR X 7 cm   UNIDAD,UNIDAD,I
55313,ELECTRODO DESCARTABLE TIPO AGUJA TRENZADO PARA SISTEMA DE MONITOREO INTRAOPERATORIO 27 G - 13 mm X 2m UNIDAD,UNIDAD,I
43712,INTRODUCTOR VASCULAR 8 FR X 70 cm   UNIDAD,UNIDAD,I
25056,PLACA DE RETORNO INDIFERENTE NEONATAL   UNIDAD,UNIDAD,I
39754,"CLORHEXIDINA GLUCONATO + CETRIMIDA 4 g/100 mL + 15 g/100 mL 3,785 L JABON LIQUIDO",JABON LIQUIDO,I
28318,PLACA DE BLOQUEO EN T 1.5 mm DE 8 + 4 AGUJEROS   UNIDAD,UNIDAD,I
20366,MEDIAS ANTIEMBOLICAS MUSLO SMALL   UNIDAD,UNIDAD,I
42446,CATETER BALON PARA ANGIOPLASTIA PERIFERICA 12 mm X 4 cm DE 7 FR X 110 cm  UNIDAD UNIDAD,UNIDAD,I
31454,COLORANTE CRISTAL VIOLETA  1 L SOLUCION,SOLUCION,I
54057,SISTEMA DE ESTIMULACION TRANSCATETER CON MARCAPASO MONOCAMERAL - - UNIDAD,UNIDAD,I
28909,ESPIRAL PARA EMBOLIZACION ENDOVASCULAR 4 mm X 8 cm   UNIDAD,UNIDAD,I
18386,INMOBILIZADOR DE HOMBRO MEDIANO   UNIDAD,UNIDAD,I
31752,PLACA DE TITANIO RECTA 16 ORIFICIOS SISTEMA 2.3 mm   UNIDAD,UNIDAD,I
28664,PUNTERA DESCARTABLE PARA PIPETA 20 uL - 200 uL X 1000   UNIDAD,UNIDAD,I
23041,SUTURA ACIDO POLIGLACTIN 5/0 C/A 1/2 CIRCULO REDONDA 15 mm X 70 cm   UNIDAD,UNIDAD,I
33103,MARCADOR TUMORAL CA 19-9  100 DET KIT,KIT,I
37842,AMILASA CINETICA  100 DET KIT,KIT,I
53771,CANULA ENDOLUMINAL (STENT) CORONARIA DE METAL MEDICADA 2.75 mm X 19 mm   UNIDAD,UNIDAD,I
45869,CANULA PARA TRAQUEOSTOMIA SIN BALON  N° 4.0 UNIDAD,UNIDAD,I
19576,CLAVO DE TITANIO ENDOMEDULAR ELASTICO 3.0 mm   UNIDAD,UNIDAD,I
26446,ACIDO ESTEARICO USP  1 Kg UNIDAD,UNIDAD,I
30282,PROTESIS M.END. BK (TRANSTIBIAL) SOCKET DE PP -  PIE SACH (ADULTO)   UNIDAD,UNIDAD,I
29447,ANTI HEPATITIS C METODO ELISA  1 DET KIT,KIT,I
30927,TORNILLO DE BLOQUEO 3.5 mm X 46 mm   UNIDAD,UNIDAD,I
54255,IODURO SODICO (I-131) 100 mCi - TABLETA,TABLETA,M
33719,MANGA COMPLETA ELASTICA TALLA N° 12   UNIDAD,UNIDAD,I
22422,ELECTRODO DE ASA LEEP DE 25 mm X 10 mm X 12 cm CON ALAMBRE DE TUNGSTENO   UNIDAD,UNIDAD,I
33609,MUÑEQUERA CON FIJACION A DEDO PULGAR ELASTICA TALLA N°4   UNIDAD,UNIDAD,I
40521,SUSTITUTO DE DURAMADRE BIOLOGICA SUTURABLE 7.5 cm x 7.5 cm   UNIDAD,UNIDAD,I
37781,"INJERTO OSEO CORTICAL DE FEMUR CONGELADO 1/3"" X 20 cm   UNIDAD",UNIDAD,I
20058,GAMMA GLUTAMIL TRANSPEPTIDASA  50 DET KIT,KIT,I
49052,BROCA 2.8 mm X150 mm   UNIDAD,UNIDAD,I
37346,DEPOSITO DE POLIURETANO PARA DESCARTE DE MATERIAL PUNZOCORTANTE X 8 L   UNIDAD,UNIDAD,I
39133,BROCA 2.8 mm x 100 mm   UNIDAD,UNIDAD,I
28589,AGUJA KIRSCHNER CON DOBLE PUNTA TROCAR 1.10 mm x 152 mm   UNIDAD,UNIDAD,I
28472,LIMAS SET PARA ENDODONCIA Nº 10 DE 21 mm X 6   UNIDAD,UNIDAD,I
41001,FRASCO DE VIDRIO GRADUADO X 60 mL CON TAPA   UNIDAD,UNIDAD,I
40787,PLACA DCP 3.5 mm 6 AGUJEROS   UNIDAD,UNIDAD,I
18372,BRIMONIDINA (SOLUCION OFTALMICA) 1.5 mg/mL 5 mL SOLUCION,SOLUCION,M
54467,EMPAQUE TIPO TYVECK PARA ESTERILIZACION POR PLASMA 20 cm - METRO UNIDAD,UNIDAD,I
4352,LEUPRORELINA ACETATO 7.5 mg  INYECTABLE,INYECTABLE,M
49554,"ANTISUERO ANTI SALMONELLA ""O"" GRUPO B (1,4,12)  X 3 mL UNIDAD",UNIDAD,I
50503,MICROCATETER COMPATIBLE PARA STENT DE TROMBECTOMIA 150 cm X 0.027 mm   UNIDAD,UNIDAD,I
5587,PREDNISONA 5 mg/5 mL 60 mL JARABE,JARABE,M
39504,CATETER GUIA PARA CAROTIDA 6 FR x 90 cm   UNIDAD,UNIDAD,I
42457,CATETER DE IMPEDANCIA (6 CANALES) - PH (1 CANAL) PARA INFANTE 15 cm   UNIDAD,UNIDAD,I
36919,TUBO DE POLIPROPILENO PARA INDICADOR DE CRECIMIENTO MYCOBACTERIUM TUBERCULOSIS X 7 mL   UNIDAD,UNIDAD,I
25099,ALAMBRE PARA CERCLAJE 2.0 mm X 1 m   UNIDAD,UNIDAD,I
33440,GUANTE DEDOS PARCIALMENTE CUBIERTOS ELASTICO TALLA N° 4   UNIDAD,UNIDAD,I
29422,CLIP DE ANEURISMA MINI RECTO 6 mm   UNIDAD,UNIDAD,I
37191,PUNTA DE DISECTOR MARYLAND MODIFICADA DESCARTABLE X 22.6 mm   UNIDAD,UNIDAD,I
26191,TORNILLO ESPONJOSO 6.5 mm X 45 mm   UNIDAD,UNIDAD,I
36080,AGUJA KIRSCHNER CON DOBLE PUNTA TROCAR 1.60 mm X 150 mm   UNIDAD,UNIDAD,I
44392,MAMELUCO DESCARTABLE IMPERMEABLE CON CAPUCHA Y BOTAS TALLA M   UNIDAD,UNIDAD,I
11569,PEROXIDO DE HIDROGENO USP (AGUA OXIGENADA 10 V) 3 % 120 mL SOLUCION,SOLUCION,M
12326,SUTURA SEDA NEGRA 2/0 C/A 1/2 CIRCULO REDONDA 35 mm X 75 cm   UNIDAD,UNIDAD,I
34144,PLACA LC-DCP 7 AGUJEROS X 3.5 mm   UNIDAD,UNIDAD,I
29400,TUBO ENDOTRAQUEAL CON LUMEN DE SUCCION INTEGRADO EN EL AREA SUBGLOTICA Nº 7.0   UNIDAD,UNIDAD,I
38795,PLACA LCP DE ANGULO VARIABLE DE 2.7/3.5 mm DE 6 AGUJEROS PARA OLECRANON IZQUIERDO DE ACERO   UNIDAD,UNIDAD,I
33490,GRAPADORA QUIRURGICA LINEAL CORTANTE ENDOSCOPICA 60 mm x 4.8 mm   UNIDAD,UNIDAD,I
44218,LINEA PARA BOMBA DE INFUSION CON FILTRO DE 0.2 µm   UNIDAD,UNIDAD,I
40708,CANULA ENDOLUMINAL (STENT) CORONARIA DE METAL MEDICADA 2.25 mm x 12 mm   UNIDAD,UNIDAD,I
35510,FRESA PARA CRANEOTOMO DE ACERO PARA CORTE PEDIATRICO DE 1.5 mm X 11.1 mm   UNIDAD,UNIDAD,I
33392,MEDIA ELASTICA TALLA N° 8   UNIDAD,UNIDAD,I
35590,REACTIVO THEVENON  25 DET KIT,KIT,I
40375,ESPIRAL PARA EMBOLIZACION ENDOVASCULAR 9 mm x 33 cm   UNIDAD,UNIDAD,I
20710,TORNILLO DE TITANIO 1.2 mm X 4 mm   UNIDAD,UNIDAD,I
19410,PREGABALINA 150 mg  TABLETA,TABLETA,M
38626,TUBO DE ALUMINIO PARA FIJACION EXTERNA 8 mm x 20 cm   UNIDAD,UNIDAD,I
30561,TORNILLO ESPONJOSO 6.5 mm ROSCA 32 mm X 60 mm   UNIDAD,UNIDAD,I
54877,SET DE RECUPERACION DE FILTRO VENA CAVA - 9 FR X 570 cm UNIDAD,UNIDAD,I
39970,CATETER BALON PARA ANGIOPLASTIA PERIFERICA 4 FR x 120 mm x 135 cm   UNIDAD,UNIDAD,I
53823,JUEGO DE TROCAR PARA CIRUGIA LAPAROSCOPICA ESTERIL DE 10 mm DE DIAMETRO DESCARTABLE N/A X 8 PIEZAS UNIDAD,UNIDAD,I
36161,AGUJA PARA BIOPSIA TIPO CHIBA N° 18 G X 20 cm   UNIDAD,UNIDAD,I
47473,TROCAR TORAXICO RIGIDO DE 11.5 mm DE DIAMETRO DESCARTABLE   UNIDAD,UNIDAD,I
54391,ACEITE DE COCO - X 1 L UNIDAD,UNIDAD,I
40320,TUBO PARA EXTRACCION DE SANGRE CON SISTEMA DE VACIO DE POLIPROPILENO DE 1.8 mL CON CITRATO DE SODIO AL 3.2% X 100   UNIDAD,UNIDAD,I
43468,LANOLINA SOLIDA  1 g UNIDAD,UNIDAD,I
35200,FILTRO DE RESPIRADORES PARA PROTECCION CONTRA PARTICULAS Y GASES   UNIDAD,UNIDAD,I
32859,MASCARILLA PARA RESUCITADOR MANUAL NEONATAL   UNIDAD,UNIDAD,I
33383,TOBILLERA ELASTICA N° 6   UNIDAD,UNIDAD,I
26516,AGUJA DE PUNCION PUNTA REDONDA 19 G X 8 cm PARA ECOENDOSCOPIA   UNIDAD,UNIDAD,I
40896,TUBO PARA EXTRACCION DE SANGRE CON SISTEMA DE VACIO DE POLIPROPILENO DE 4 mL CON HEPARINA   UNIDAD,UNIDAD,I
29679,FRESA QUIRURGICA REDONDA 5.0 mm X 60 mm   UNIDAD,UNIDAD,I
32752,HEPATITIS B ANTI CORE TOTAL QUIMIOLUMINISCENCIA  100 DET KIT,KIT,I
30298,FERULA PARA MIEMBRO INFERIOR DENNIS BROWNE   UNIDAD,UNIDAD,I
41601,PLACA VOLAR DE 3 AGUJEROS X 2.7 mm PARA RADIO DISTAL IZQUIERDO   UNIDAD,UNIDAD,I
51078,HIDROCLOROTIAZIDA + NEBIVOLOL CLORHIDRATO 12.5 mg + 5 mg   TABLETA,TABLETA,M
28208,PLACA DE TITANIO PARA PISO ORBITAL 0.3 mm   UNIDAD,UNIDAD,I
27359,FRESA PARA CRANEOTOMO DE ACERO PARA DRILADO DIAMANTADA DE 4 mm DE DIAMETRO X 70 mm   UNIDAD,UNIDAD,I
36102,CANULA ARTERIAL FEMORAL N° 23   UNIDAD,UNIDAD,I
40834,TORNILLO ESPONJOSO ROSCA TOTAL 4.0 mm X 36 mm   UNIDAD,UNIDAD,I
30669,CANULA ENDOLUMINAL (STENT) CORONARIA DE METAL 3.0 mm X 24 mm   UNIDAD,UNIDAD,I
36285,GLATIRAMERO ACETATO 40 mg/mL 1 mL INYECTABLE,INYECTABLE,M
22972,SUTURA ACIDO POLIGLACTIN 1/0 C/A 1/2 CIRCULO REDONDA 36.4 mm X 70 cm   UNIDAD,UNIDAD,I
31803,CANULA PARA TRAQUEOSTOMIA Nº 4 FENESTRADA   UNIDAD,UNIDAD,I
1826,CIPROFLOXACINO + DEXAMETASONA (SUSPENSION OFTALMICA) 3 mg + 1 mg/mL 5 mL SUSPENSION,SUSPENSION,M
39622,HOJA DE SIERRA RECIPROCANTE PARA ESTERNOTOMO 0.7 mm x 7.5 mm x 34 mm   UNIDAD,UNIDAD,I
32531,AGUJA DESCARTABLE 25 G X 4 mm INYECTOR DE ESCLEROTERAPIA 1.8 mm X 200 cm PARA ENDOSCOPIO   UNIDAD,UNIDAD,I
32940,PINZA DE BIOPSIA GASTRICA DE 160 cm X 2.4 mm X 2.8 mm CON AGUJA Y QUIJADA DENTADA   UNIDAD,UNIDAD,I
38010,TORNILLO CORTICAL 4.5 mm X 62 mm   UNIDAD,UNIDAD,I
20869,"VENDA ACRILICA 4"" X 4 yd   UNIDAD",UNIDAD,I
50686,L-ASPARAGINA P.A.  1 kg UNIDAD,UNIDAD,I
52905,GUANTE ESTETICO DE MANO DERECHA PARA CABALLERO   UNIDAD,UNIDAD,I
30403,ELECTRODO DE AGUJA RECTO PARA ELECTROBISTURI   UNIDAD,UNIDAD,I
21562,OXCARBAZEPINA 300 mg/5 mL 100 mL JARABE,JARABE,M
26344,CORDON DE ELECTROBISTURI   UNIDAD,UNIDAD,I
44826,PLACA DE BLOQUEO DE 5 AGUJEROS 2.7/3.5 mm PARA HUMERO DISTAL MEDIAL DERECHA   UNIDAD,UNIDAD,I
41043,SISTEMA DE PLACA DCP RECTA LIVIANA (ESTRECHA) DE 4.5 mm   UNIDAD,UNIDAD,I
31058,PLACA DE COMPRESION Y BLOQUEO ANCHA DE LCP DE 10 AGUJEROS X 4.5 mm																								   UNIDAD,UNIDAD,I
29455,BACHA PARA MIEMBROS INFERIORES   UNIDAD,UNIDAD,I
54303,BALON DILATADOR DE COLON DE 13.5 mm X 5.5 cm Y CATETER DE 240 cm - - UNIDAD,UNIDAD,I
19957,PLACA DCP ANCHA DE 8 AGUJEROS X 4.5 mm   UNIDAD,UNIDAD,I
19927,"INTRODUCTOR 6 FR CON GUIA RECTA 0.035""   UNIDAD",UNIDAD,I
21519,SUTURA CATGUT CROMICO 2/0 C/A 1/2 CIRCULO REDONDA 40 mm X 100 cm   UNIDAD,UNIDAD,I
54155,CATETER BALON DE BAJO PERFIL  5 mm X 6 cm DE 5 FR X 1 UNIDAD,UNIDAD,I
23853,TORNILLO CORTICAL 2.7 mm X 18 mm   UNIDAD,UNIDAD,I
42269,AGUJA DE ASPIRACION DE MÉDULA OSEA Nº 15 G X 50 mm   UNIDAD,UNIDAD,I
54965,PLACA DE BLOQUEO LCP DE ACERO INOXIDABLE PARA TIBIA DISTAL MEDIAL DERECHA DE 6 AGUJEROS X 3.5 mm,UNIDAD,I
40966,POLVO PARA OSTOMIA X 25 g   UNIDAD,UNIDAD,I
39043,PLACA LCP DE 6 AGUJEROS x 3.5 mm PARA CLAVICULA   UNIDAD,UNIDAD,I
49288,GLICEROL 99% GRADO BIOLOGIA MOLECULAR  X 1 L UNIDAD,UNIDAD,I
43383,CANULA ENDOLUMINAL (STENT) CORONARIA DE METAL MEDICADA  2.25 mm x 16 mm UNIDAD,UNIDAD,I
31382,LAMINA DE GEL DE SILICONA 2 mm X 12 cm X 15 cm   UNIDAD,UNIDAD,I
19108,SUTURA NAILON AZUL MONOFILAMENTO 2/0 C/A 3/8 CIRCULO CORTANTE 30 mm X 75 cm   UNIDAD,UNIDAD,I
40437,PIEDRA MONTADA PARA DESGASTAR ACRILICO FORMA DE BALA MEDIANA ROSADA   UNIDAD,UNIDAD,I
18117,TAMBOR DE ACERO CHICO   UNIDAD,UNIDAD,I
27389,KIT DE VESTUARIO PARA AREA GRIS DE ACONDICIONAMIENTO (ALMACEN) DE BOLSAS DE NUTRICION PARENTERAL TALLA M X 5 PIEZAS   KIT,KIT,I
23022,ANTISUERO ANTI SHIGUELLA FLEXNERI POLIVALENTE  3 mL INYECTABLE,INYECTABLE,I
32791,HORMONA INSULINA AUTOMATIZADA  1 DET KIT,KIT,I
34520,AZUL DE TRIPAN 800 µg/mL 1 mL SOLUCION,SOLUCION,I
33048,TORNILLO CANULADO 4.0 mm X 60 mm   UNIDAD,UNIDAD,I
30114,BARRA DE CONEXION DE TITANIO PARCIALMENTE DENTADA 19 cm   UNIDAD,UNIDAD,I
41961,PLACA DE BLOQUEO 3.5 mm DE 10 AGUJEROS PARA TIBIA DISTAL ANTERIOR IZQUIERDA   UNIDAD,UNIDAD,I
22706,"LAMINA PORTA OBJETO BISELADA 3"" X 1""  50 UNIDADES UNIDAD",UNIDAD,I
38764,HORMONA FOLICULO ESTIMULANTE (FSH)  1 DET KIT,KIT,I
30051,TORNILLO DE BLOQUEO DE TITANIO AUTORROSCANTE 3.5 mm X 26 mm   UNIDAD,UNIDAD,I
16323,EQUIPO PARA PRESION VENOSA CENTRAL   UNIDAD,UNIDAD,I
42750,TORNILLO PEDICULAR POLIAXIAL DE TITANIO 3.50 mm X 10 mm  UNIDAD UNIDAD,UNIDAD,I
33503,ALCANFOR Q.P.  1 Kg UNIDAD,UNIDAD,I
15259,BOLSA COLECTORA DE ORINA  X 2 L   UNIDAD,UNIDAD,I
54776,GEL LUBRICANTE OCULAR CON DEXPANTENOL 5% - X 10 g UNIDAD,UNIDAD,I
26553,PLACA DE BLOQUEO DE 8 AGUJEROS X 3.5 mm   UNIDAD,UNIDAD,I
55689,ACIDO TRANEXAMICO USP - X 200 mL UNIDAD,UNIDAD,I
35436,ANTISUERO ANTI E.COLI ENTEROINVASIVA POLI B X 3 mL   UNIDAD,UNIDAD,I
54380,HORMONA ADRENOCORTICOTROPICA (ACTH) - X DETERMINACION KIT,KIT,I
32160,LANOLINA ANHIDRA  1 Kg SOLUCION,SOLUCION,I
24166,CALDO VERDE BRILLANTE BILIS LACTOSA  500 g UNIDAD,UNIDAD,I
41000,PLACA LCP DE 14 AGUJEROS 4.5/5.0 mm PARA FÉMUR DISTAL   UNIDAD,UNIDAD,I
29617,TORNILLO DE TITANIO 1.95 mm X 6 mm   UNIDAD,UNIDAD,I
4378,LEVOSULPIRIDA 25 mg  TABLETA,TABLETA,M
23931,TORNILLO DE BLOQUEO 5.0 mm x 46 mm   UNIDAD,UNIDAD,I
39326,PLACA DE BLOQUEO PARA TIBIA DISTAL DE 9 AGUJEROS x 3.5 mm   UNIDAD,UNIDAD,I
146,ACICLOVIR 800 mg  TABLETA,TABLETA,M
24770,VENDITA ADHESIVA 19 mm X 76 mm X 100   UNIDAD,UNIDAD,I
20422,COLORANTE ZIEHL NIELSEN  1 L SOLUCION,SOLUCION,I
30224,PROTESIS DE MIEMBRO SUPERIOR DEBAJO DE CODO DE POLIPROPILENO SIN ACCESORIO TERMINAL -COPLE FIJO   UNIDAD,UNIDAD,I
41677,LANCETA DESCARTABLE NO RETRACTIL 28 G   UNIDAD,UNIDAD,I
49411,MANIPULADOR UTERINO DESCARTABLE 35 mm   UNIDAD,UNIDAD,I
11049,FORMOCRESOL LIQUIDO (USO DENTAL)  20 mL SOLUCION,SOLUCION,I
3618,FLUOROMETOLONA (SUSPENSION OFTALMICA) 1 mg/mL 5 mL SUSPENSION,SUSPENSION,M
19931,MICROCATETER 1.8 FR X 1.20 cm   UNIDAD,UNIDAD,I
36634,AGENTE HEMOSTATICO CON APLICADOR PARA ENDOSCOPIA (AGENTE + CANULA) X 230 cm LONGITUD   UNIDAD,UNIDAD,I
33161,TORNILLO ESPONJOSO 4.0 mm X 34 mm   UNIDAD,UNIDAD,I
53347,TORNILLO CANULADO 7.5 mm X 85 mm   UNIDAD,UNIDAD,I
36215,SET DE FIJACION EXTERNA AXIAL DINAMICA X 3 PIEZAS   UNIDAD,UNIDAD,I
28926,BROCA 4.5 mm X 125 mm   UNIDAD,UNIDAD,I
38731,CLIP DE ANEURISMA MINI SEMICURVO 5 mm TEMPORAL   UNIDAD,UNIDAD,I
37899,CASSETTE DE ULTRASONIDO PARA EQUIPO FACOEMULSIFICADOR CENTURION-GRAVITY   UNIDAD,UNIDAD,I
40438,TUBO PARA EVACUADOR DE HUMO DE UNIDAD DE ELECTROCIRUGIA   UNIDAD,UNIDAD,I
40087,ANTIFUNGIGRAMA AUTOMATIZADO PARA LEVADURAS x 20 TARJETAS   UNIDAD,UNIDAD,I
52205,DESMOPRESINA 120 ug  TABLETA,TABLETA,M
35514,HEMOGLOBINA GLICOSILADA  200 DET KIT,KIT,I
20542,EQUIPO DE ASPIRACION DESCARTABLE RECEPTAL   UNIDAD,UNIDAD,I
39310,GUANTE DE JEBE DE USO INDUSTRIAL TALLA L   PAR,PAR,I
44072,MANDIL DESCARTABLE NO ESTERIL REFORZADO EN PECHO Y MANGAS  TALLA M UNIDAD,UNIDAD,I
24655,INJERTO VASCULAR DE POLITETRAFLUOROETILENO (PTFE) 3.5 mm X 50 cm   UNIDAD,UNIDAD,I
43923,CATETER ANGIOGRAFICO HIDROFILICO 4 FR X 100 cm PUNTA TIPO COBRA INTERMEDIO   UNIDAD,UNIDAD,I
34767,CIRCUITO DE PACIENTE NEONATAL DESCARTABLE   UNIDAD,UNIDAD,I
21503,TORNILLO DE TITANIO MULTIAXIAL DE 3.5 mm X 18 mm   UNIDAD,UNIDAD,I
22471,AGAR CETRIMIDA  500 g UNIDAD,UNIDAD,I
25656,PLACA MALLA PARA BASE ORBITARIA 1.3 mm X 0.2 mm   UNIDAD,UNIDAD,I
26696,CLAVO KIRSCHNER 1.6 mm X 225 mm DOBLE PUNTA	   UNIDAD,UNIDAD,I
22416,"CATETER ENDOVENOSO PERIFERICO N° 20 G X 1""   UNIDAD",UNIDAD,I
41560,ELECTRODO DE ASA LEEP DE 20 mm X 20 mm X 12 cm CON ALAMBRE DE TUNGSTENO   UNIDAD,UNIDAD,I
45288,PIE SACH IZQUIERDO UNISEX TALLA 14   UNIDAD,UNIDAD,I
54869,TUBO DE PLASTICO TIPO FALCON FONDO CONICO 50 mL CON TAPA ROSCA - X 500 UNIDAD,UNIDAD,I
19241,APOSITO DE ALGINATO DE CALCIO 10 cm X 10 cm   UNIDAD,UNIDAD,I
48826,SISTEMA DE ANCLAJE DE TITANIO PARA MANO 2.0 mm   UNIDAD,UNIDAD,I
11846,SONDA DE ASPIRACION DE SECRECIONES C/VALVULA CONTROL DE FLUJO N° 10 F   UNIDAD,UNIDAD,I
28394,FILTRO DIALIZADOR 1.6 m2   UNIDAD,UNIDAD,I
11257,CEMENTO HIDROXIDO DE CALCIO EN PASTA BASE + CATALIZADOR  24 g KIT,KIT,I
32412,IMPLANTE LUMBAR DE 25 mm X 28 mm 37-55 mm 20º   UNIDAD,UNIDAD,I
55281,TIJERA ULTRASONICA DE MANDIBULA CURVA DESCARTABLE - 5 mm X 45 cm UNIDAD,UNIDAD,I
33276,MASCARA DE ANESTESIA TRANSPARENTE CON BORDE INFLABLE N° 4   UNIDAD,UNIDAD,I
19113,SUTURA SEDA NEGRA TRENZADA 2/0 C/A 3/8 CIRCULO CORTANTE 15 mm x 75 cm   UNIDAD,UNIDAD,I
45404,CUCHILLA QUIRURGICA OFTALMOLOGICA DESCARTABLE 2.2 mm   UNIDAD,UNIDAD,I
40934,APOSITO HIDROCOLOIDE 5 cm x 10 cm   UNIDAD,UNIDAD,I
44761,CANULA VENOSA PARA OXIGENACION POR MEMBRANA EXTRACORPOREA (ECMO) UN LUMEN 23 FR   UNIDAD,UNIDAD,I
39099,FILTRO CON SISTEMA CERRADO FILTRO DE AIRE 0.2 µm Y FILTRO CONTRA PARTICULAS DE 5 µm PARA PREPARACION DE CITOSTATICOS   UNIDAD,UNIDAD,I
49094,SONDA DE SUCCION CON CONTROL DE FLUJO Nº 16   UNIDAD,UNIDAD,I
53310,FORMULA ALIMENTICIA INFANTIL HIPOALERGENICA  357 g UNIDAD,UNIDAD,I
15889,CLAVO SCHANZ PUNTA ROSCA CORTA 5.0 mm X 12.5 cm   UNIDAD,UNIDAD,I
33954,TORNILLO DE TITANIO 1.5 mm X 0.7 mm   UNIDAD,UNIDAD,I
20077,CLAVO SCHANZ 3.5 mm X 23 cm CON PUNTA ROSCADA   UNIDAD,UNIDAD,I
36902,TUBO DE GASTROSTOMIA DE BOTON DE BAJO PERFIL Y DE REEMPLAZO Nº 12 X 10 mm   UNIDAD,UNIDAD,I
46685,AZUFRE USP  1 KG UNIDAD,UNIDAD,I
46948,FOSFATO MONOPOTASICO P.A.  X 1 kg   UNIDAD,UNIDAD,I
35849,SISTEMA DE FIJACION TRANSPEDICULAR DE TITANIO DORSAL   UNIDAD,UNIDAD,I
43382,CANULA ENDOLUMINAL (STENT) CORONARIA DE METAL MEDICADA  2.75 mm x 16 mm UNIDAD,UNIDAD,I
28886,CANULA PARA EYECTOR DE SALIVA   UNIDAD,UNIDAD,I
24564,TUBO DE DRENAJE TORAXICO Nº 32   UNIDAD,UNIDAD,I
36625,VINBLASTINA SULFATO	 10 mg  INYECTABLE,INYECTABLE,M
33126,CATETER ANGIOGRAFICO TIPO DOBLE J 4 FR X 100 cm   UNIDAD,UNIDAD,I
21911,JERINGA PERFUSORA DESCARTABLE COUER 100 mL P/INYECTOR AUTOMATICO DE TOMOGRAFO ESPIRAL MULTICORTE   UNIDAD,UNIDAD,I
38251,KIT DE 1 JERINGA INSUFLADORA 60 mL ALTA PRESION + MANOMETRO   UNIDAD,UNIDAD,I
30741,"HISOPO DE ALGODON CON MANGO DE MADERA ESTERIL 6""   UNIDAD",UNIDAD,I
40826,KIT DE INMUNOHISTOQUIMICA X 500 DETERMINACIONES   UNIDAD,UNIDAD,I
32117,SIFILIS METODO QUIMIOLUMINISCENCIA  1 DET KIT,KIT,I
40620,TREPANO CORNEAL DESCARTABLE 7.75 mm   UNIDAD,UNIDAD,I
38685,SONDA DE ALIMENTACION DE POLIURETANO 14 FR   UNIDAD,UNIDAD,I
40552,TORNILLO DE TITANIO 2.35 mm x 10 mm   UNIDAD,UNIDAD,I
25993,TORNILLO DE TITANIO TIPO LOCKING 2.0 mm X 12 mm   UNIDAD,UNIDAD,I
35527,AGUJA DE ASPIRACION DE MEDULA OSEA DESCARTABLE Nº 14 G X 40 mm   UNIDAD,UNIDAD,I
32950,CREATINA FOSFOQUINASA TOTAL  1 DET KIT,KIT,I
37384,TORNILLO DE COMPRESION SIN CABEZA 6.5 mm LONG 30-120 mm   UNIDAD,UNIDAD,I
11668,PLACA DCP ANCHA PESADA DE 12 AGUJEROS X 4.5 mm   UNIDAD,UNIDAD,I
52227,MALLA HEMOSTATICA DE CELULOSA OXIDADA 10 cm X 10 cm   UNIDAD,UNIDAD,I
32478,LINEA DE EXTENSION PARA SISTEMA DE DRENAJE DE CICLADORA PARA DIALISIS PERITONEAL   UNIDAD,UNIDAD,I
54924,HIALURONATO SODICO (SOLUCION OFTALMICA),INYECTABLE,I
40293,DISCO DE SENSIBILIDAD DE CEFTAZIDIME 30 µg X 50 DISCOS   UNIDAD,UNIDAD,I
20893,CLAVO KIRSCHNER 1.5 mm X 300 mm DOBLE PUNTA   UNIDAD,UNIDAD,I
33249,CATETER BALON PARA VALVULOPLASTIA PULMONAR 16 mm X 3 cm DE 7 FR X 100 cm   UNIDAD,UNIDAD,I
33873,"CONECTOR RECTO 3/16"" X 1/4"" SIN LUER   UNIDAD",UNIDAD,I
43272,MICROPINZA PARA VITRECTOMIA MANDIBULA COCODRILO 25 G   UNIDAD,UNIDAD,I
36484,TORNILLO ESPONJOSO 6.0 mm X 45 mm   UNIDAD,UNIDAD,I
50970,ANTICUERPO MONOCLONAL PARA INMUNOHISTOQUIMICA CD 30 X 1 mL   UNIDAD,UNIDAD,I
36384,CASQUILLO PARA TORNILLO PEDICULAR MULTIAXIAL DE TITANIO 3.5 mm X 12 mm   UNIDAD,UNIDAD,I
29361,CATETER VENOSO CENTRAL DOBLE LUMEN 14.5 FR X 28 cm   UNIDAD,UNIDAD,I
52257,PLACA LCP DE 3 AGUJEROS 2.7/3.5 mm PARA HUMERO PROXIMAL IZQUIERDO   UNIDAD,UNIDAD,I
52607,DESVENLAFAXINA 50 mg  TABLETA,TABLETA,M
21316,SISTEMA DE PLACA DE BLOQUEO LCP DE 3.5 mm DE DIAMETRO DE 7 AGUJEROS   UNIDAD,UNIDAD,I
48133,CEPA PSEUDOMONAS AERUGINOSA (SCHROETER) MIGULA ATCC 27853   UNIDAD,UNIDAD,I
45529,KIT CIRCUITO DE 3/8 in PARA SISTEMA DE OXIGENACION POR MEMBRANA EXTRACORPOREA (ECMO)   UNIDAD,UNIDAD,I
33134,CONECTOR DE POLICLORURO DE VINILO (PVC) EN FORMA DE ROSCA CON PUNZON DESCARTABLE PARA FRASCO O BOLSA DE NUTRICION EN   UNIDAD,UNIDAD,I
12661,TORNILLO MALEOLAR 4.5mm X 45mm   UNIDAD,UNIDAD,I
34544,FRASCO DE POLIETILENO X 30 mL   UNIDAD,UNIDAD,I
51036,CATETER PERCUTANEO PARA EXTRACCION DE CUERPO EXTRAÑO DE LAZO DE 12 - 20 mm   UNIDAD,UNIDAD,I
21533,FILTRO PARA NUTRICION PARENTERAL NEONATAL PARA SISTEMA BINARIO 0.22 um   UNIDAD,UNIDAD,I
25278,SISTEMA DE FIJACION POSTERIOR PARA COLUMNA VERTEBRAL   UNIDAD,UNIDAD,I
51081,CIRCUITO COAXIAL DESCARTABLE ADULTO CON BOLSA 2 L   UNIDAD,UNIDAD,I
19882,SONDA TRANSPILORICA CON MANDRIL Y LASTRE Nº 8 F   UNIDAD,UNIDAD,I
24463,TORNILLO DE BLOQUEO 4.0 mm X 30 mm   UNIDAD,UNIDAD,I
38985,CATETER PERCUTANEO CON INTRODUCTOR 1.9 FR 1 LUMEN x 30 cm   UNIDAD,UNIDAD,I
29920,MINIPLACA DE TITANIO RECTA 20 AGUJEROS SISTEMA 1.0 mm   UNIDAD,UNIDAD,I
39253,CLAVO STEINMAN 3.5 mm x 250 mm   UNIDAD,UNIDAD,I
29417,TORNILLO DE TITANIO AUTORROSCANTE 2.0 mm X 8 mm   UNIDAD,UNIDAD,I
12232,SUTURA NYLON AZUL MONOFILAMENTO 5/0 C/A 3/8 CIRCULO CORTANTE 20 mm X 75 cm*   UNIDAD,UNIDAD,I
25389,TUBO DE GASTROSTOMIA DE BOTON DE BAJO PERFIL Y DE REEMPLAZO Nº 14 X 1.5 cm   UNIDAD,UNIDAD,I
34933,CLAVO INTRAMEDULAR ANTEROGRADO DE BLOQUEO PARA FEMUR 11 mm X 34 cm   UNIDAD,UNIDAD,I
42218,UREA P.A.  X 1 kg UNIDAD,UNIDAD,I
12616,TORNILLO ESPONJOSO 6.5 mm ROSCA 16 mm X 40 mm   UNIDAD,UNIDAD,I
26023,HOJA DE SIERRA 50 mm X 20 mm X 0.60 mm PARA SIERRA OSCILANTE   UNIDAD,UNIDAD,I
50088,SET TUBULAR PARA BOMBA INFUSORA PARA ABLACION CON CATETER DE IRRIGACION EXTERNA   SET,SET,I
30001,ALAMBRE QUIRURGICO 0.16 mm  X METRO UNIDAD,UNIDAD,I
25055,PLERIXAFOR 24 mg/1.2 mL (20mg/mL) 1.2 mL INYECTABLE,INYECTABLE,M
23951,SUTURA DE POLIPROPILENO 6/0 C/2A 3/8 CIRCULO REDONDA 13 mm X 75 cm   UNIDAD,UNIDAD,I
35615,PROTEINA EN LCR AUTOMATIZADO  1 DET KIT,KIT,I
20092,SISTEMA COLECTOR CON CAMARA AL VACIO 7 mm   UNIDAD,UNIDAD,I
51763,OCLUSOR PERCUTANEO DE PERSISTENCIA DE DUCTUS ARTERIOSO DE 7 mm X 5 mm   UNIDAD,UNIDAD,I
33007,SISTEMA CERRADO DE DRENAJE POST QUIRURGICO DESCARTABLE 400 mL X 6.4 mm   UNIDAD,UNIDAD,I
45266,PROTESIS DE MANO COSMETICA IZQUIERDA PARA DAMA COLOR BEIGE   UNIDAD,UNIDAD,I
36132,MASCARA TERMOPLASTICA PARA RADIOCIRUGIA   UNIDAD,UNIDAD,I
42566,BRAZALETE DESCARTABLE PRESION ARTERIAL NO INVASIVA NEONATAL 8 cm - 15 cm P/MONITOR MULTIPARAMETRO  UNIDAD UNIDAD,UNIDAD,I
43445,CLAVO INTRAMEDULAR DE TITANIO BLOQUEADO PARA FEMUR 10 mm x 34 cm   UNIDAD,UNIDAD,I
47332,ALCOHOL ISOPROPILICO (ISOPROPANOL) 99 % 1 L SOLUCION,SOLUCION,I
53154,CATETER SEPARADOR DE 0.055 in X 175 cm   UNIDAD,UNIDAD,I
42125,SUTURA SEDA NEGRA TRENZADA 0 C/A 1/2 CIRCULO CORTANTE 30 mm X 70 cm   UNIDAD,UNIDAD,I
39136,SET DE ESPACIADORES DIGITALES PARA CONDUCTO 21 mm x 4 UNIDADES   UNIDAD,UNIDAD,I
29239,CANULA ENDOLUMINAL (STENT) CORONARIA DE METAL 3.0 mm X 20 mm   UNIDAD,UNIDAD,I
30457,CLAVO ENDOMEDULAR DE ACERO QUIRURGICO PARA TIBIA DE 12 mm X 38 mm   UNIDAD,UNIDAD,I
21323,ACRILICO LIQUIDO DE CURADO RAPIDO X 8 oz   UNIDAD,UNIDAD,I
50908,FRASCO DE PLASTICO TAPA ROSCA PARA ORINA 100 mL   UNIDAD,UNIDAD,I
49324,FORMULA NUTRICIONAL LIBRE DE AMINOACIDOS DE CADENA RAMIFICADA PARA NIÑOS MAYORES DE 1 AÑO  500 g POLVO,POLVO,M
31702,PLATINA DE VIDRIO 6 cm X 12 cm   UNIDAD,UNIDAD,I
37017,CATETER ANGIOGRAFICO 5 FR EXTERNO 4 FR INTERNO CON PUNTA MPD   UNIDAD,UNIDAD,I
24962,TORNILLO DE TITANIO AUTORROSCANTE 2.0 mm X 12 mm   UNIDAD,UNIDAD,I
22157,SUERO ANTIRRABICO HETEROLOGO 2000 UI 5 mL INYECTABLE,INYECTABLE,M
50913,SOLUCIONES PARA NUTRICION PARENTERAL TOTAL CON AMINOACIDOS PARA INSUFICIENCIA HEPATICA 8% 2 L INYECTABLE,INYECTABLE,M
38292,CATETER DE DRENAJE TORAXICO 28 FR   UNIDAD,UNIDAD,I
39125,LINEA DE INFUSION CON FILTRO INTRAVENOSO DE 0.2 µm   UNIDAD,UNIDAD,I
2496,VITAMINA B - COMPLEJO   TABLETA,TABLETA,M
35629,CAPUCHON DE SILICONA DE 10 mm X 6 mm PARA TROCAR   UNIDAD,UNIDAD,I
10652,CLAVO SCHANZ PUNTA ROSCA CORTA 4.5 mm X 180 mm   UNIDAD,UNIDAD,I
12706,TUBO DE VIDRIO BOROSILICATO 12 mm X 75 mm   UNIDAD,UNIDAD,I
27746,ELECTRODO PARA ELECTROCARDIOGRAMA NIÑO   UNIDAD,UNIDAD,I
32486,PRUEBA RAPIDA PARA ANTIGENO PROSTATICO ESPECIFICO (PSA) TOTAL  30 DET KIT,KIT,I
38904,FILTRO DE AIRE PARA INCUBADORA   UNIDAD,UNIDAD,I
25216,EQUIPO DE INFUSION PARA BOMBA DE INFUSION SIN CAMARA CON FILTRO ANTIBACTERIANO 0.2 µ LIBRE DE DEHP   UNIDAD,UNIDAD,I
45044,OCLUSOR PERCUTANEO PARA DEFECTO SEPTAL MULTIFUNCIONAL 6 mm X 4 mm   UNIDAD,UNIDAD,I
24194,FILTRO PARA HEMODIALISIS DE POLISULFONA 2.0 m2   UNIDAD,UNIDAD,I
40091,PROTESIS VALVULAR AORTICA TRANSCATETER BALON EXPANDIBLE TRANSFEMORAL 20 mm   UNIDAD,UNIDAD,I
35234,SET DE TUBULADURA PARA CICLADORA DE DIALISIS PERITONEAL PEDIATRICO X 4 PIEZAS   UNIDAD,UNIDAD,I
18354,SUCEDANEO DE LA LECHE MATERNA CON LACTOSA  1 Kg POLVO,POLVO,I
36288,TRANSAMINASA GLUTAMICA PIRUVICA (TGP) CINETICA  300 DET KIT,KIT,I
32920,ELECTRODO PARA MARCAPASO EPICARDICO PEDIATRICO   UNIDAD,UNIDAD,I
20345,FAJA ELASTICA ABDOMINAL TALLA L   UNIDAD,UNIDAD,I
34409,PLACA LCP DE 9 AGUJEROS X 2.7/3.5 mm PARA HUMERO DISTAL MEDIAL   UNIDAD,UNIDAD,I
46793,CANULA ENDOLUMINAL (STENT) CORONARIA DE METAL MEDICADA  3.0 mm X 32 mm UNIDAD,UNIDAD,I
17323,SUTURA NAILON AZUL MONOFILAMENTO 5/0 C/A 1/2 CIRCULO CORTANTE 25 mm X 75 cm   UNIDAD,UNIDAD,I
53477,CLAVO CEFALO MEDULAR BLOQUEADO PARA FEMUR DE TITANIO 125° X 11 mm X 240 mm   UNIDAD,UNIDAD,I
42591,PLACA LCP DE 9 AGUJEROS X 2.7/3.5 mm PARA HUMERO DORSO LATERAL  UNIDAD UNIDAD,UNIDAD,I
15936,CLAVO STEINMAN PUNTA REDONDA 3.2 mm X 150 mm   UNIDAD,UNIDAD,I
27318,"PLACA DE TITANIO RECTA  DE 8 ORIFICIOS  X 2.7MM (PLACA EN ""T"" 2.0 PARA RADIOS PROXIMAL CON BLOQUEO)   UNIDAD",UNIDAD,I
28846,CATETER PERCUTANEO CON INTRODUCTOR 4 FR X 60 cm   UNIDAD,UNIDAD,I
39187,PARTICULAS PARA EMBOLIZACION 700 µm   UNIDAD,UNIDAD,I
30930,FERULA ELASTICA PARA MUÑECA   UNIDAD,UNIDAD,I
35098,PLACA LC-DCP ESTRECHA 14 AGUJEROS 4.5 mm   UNIDAD,UNIDAD,I
30566,LIGA CLIPS DE TITANIO PARA LAPAROSCOPIA   UNIDAD,UNIDAD,I
53828,CONTENEDOR  DE POLIPROPILENO  DE BIOSEGURIDAD PARA PRODUCTOS  CITOSTATICOS N/A 7 L UNIDAD,UNIDAD,I
41676,LANCETA DESCARTABLE NO RETRACTIL 23 G   UNIDAD,UNIDAD,I
10933,EQUIPO DE VENOCLISIS OPACO   UNIDAD,UNIDAD,I
28156,SONDA DE ASPIRACION CON CONTROL DE FLUJO DESCARTABLE Nº 06   UNIDAD,UNIDAD,I
30085,CANULA ENDOLUMINAL (STENT) CORONARIA DE METAL MEDICADA 3.5 mm X 24 mm   UNIDAD,UNIDAD,I
39818,CATETER BALON DE BAJO PERFIL 3 mm x 2 cm DE 2.6 FR x 142 cm   UNIDAD,UNIDAD,I
22483,SUTURA ACIDO POLIGLACTIN 3/0 C/A 1/2 CIRCULO REDONDA 20 mm X 70 cm   UNIDAD,UNIDAD,I
32238,ALIMENTO NUTRICIONAL ISOTONICO HIPERPROTICO CON TCM PARA ADULTO  1 L SUSPENSION,SUSPENSION,I
28446,PLACA DE COMPRESION Y BLOQUEO PARA PEQUEÑOS FRAGMENTOS DE LCP DE 5 AGUJEROS X 3.5 mm   UNIDAD,UNIDAD,I
35722,"INTRODUCTOR 4 FR CON GUIA RECTA 0.021"" X 7 cm   UNIDAD",UNIDAD,I
24657,MICROCATETER 2.7 FR X 1.20 cm   UNIDAD,UNIDAD,I
49281,HORMONA GONADOTROFINA CORIONICA (HCG) METODO AUTOMATIZADO  1 DETERMINACION UNIDAD,UNIDAD,I
24776,SISTEMA DE DERIVACION VENTRICULO PERITONEAL  ADULTO   UNIDAD,UNIDAD,I
11534,PASTA PARA PROFILAXIS DENTAL  50 g UNIDAD,UNIDAD,I
51264,CONO DE GUTAPERCHA SET DE 0.25 mm CON CONICIDAD 4% X 60 UNIDADES   UNIDAD,UNIDAD,I
21529,DREN TIPO JACKSO-PRATT C/RESERVORIO N° 10 F   UNIDAD,UNIDAD,I
52858,CIANOCOBALAMINA 10 mg/mL (20 000 ug/2 mL) 2 mL INYECTABLE,INYECTABLE,M
26987,MINIPLACA DE TITANIO RECTA 06 ORIFICIOS x 2.0 mm   UNIDAD,UNIDAD,I
51361,HEPATITIS B ANTICUERPO CONTRA ANTIGENO E (HBeAg) X 100 DETERMINACIONES   UNIDAD,UNIDAD,I
35814,ESPIRAL PARA EMBOLIZACION ENDOVASCULAR 1 mm X 1 cm   UNIDAD,UNIDAD,I
55336,FIBRINOGENO - X 120 DETERMINACIONES UNIDAD,UNIDAD,I
34604,TORNILLO PEDICULAR MULTIAXIAL DE TITANIO 5.5 mm X 35 mm TULIPA LARGA   UNIDAD,UNIDAD,I
33419,MUSLERA CON PRETINA ELASTICA TALLA N° 2   UNIDAD,UNIDAD,I
40660,TREPANO CORNEAL BARRON DESCARTABLE 8.00 mm   UNIDAD,UNIDAD,I
18111,ALCOHOL ETILICO (ETANOL) 96° 200 L SOLUCION,SOLUCION,I
32893,BABERO DESCARTABLE ADULTO   UNIDAD,UNIDAD,I
23225,TORNILLO CORTICAL 1.5 mm X 4 mm   UNIDAD,UNIDAD,I
54051,SET DE ACCESORIOS PARA LIGAMENTO CRUZADO POSTERIOR (LCP) - X 5 PIEZAS UNIDAD,UNIDAD,I
29365,CATETER BALON DILATADOR DE ESOFAGO 12 mm - 13.5 mm - 15 mm DE DIAMETRO X 5.5 cm X 180 cm   UNIDAD,UNIDAD,I
43083,CONO DE GUTAPERCHA SET N° 40 DE 30 mm X 6   UNIDAD,UNIDAD,I
26243,APOSITO DE HIDROFIBRA 10 cm X 10 cm CON CONCENTRADO DE PLATA AL 1.2%   UNIDAD,UNIDAD,I
47052,BARRA DE TITANIO 5.5 mm X 500 mm PARA COLUMNA VERTEBRAL   UNIDAD,UNIDAD,I
47728,ESPIRAL PARA EMBOLIZACION ENDOVASCULAR 5 mm X 8 cm   UNIDAD,UNIDAD,I
54498,OCLUSOR  PERCUTANEO PARA DEFECTO SEPTAL INTERAURICULAR - N░ 030 UNIDAD,UNIDAD,I
27401,CALZADO ORTOPEDICO TALLA 34 CON ALZA 5 mm   UNIDAD,UNIDAD,I
28126,INJERTO HUESO TENDON HUESO 11 mm X 25 mm X 13 cm   UNIDAD,UNIDAD,I
51796,VASELINA SOLIDA X 200 g   UNIDAD,UNIDAD,I
30341,FERULA DE MIEMBRO SUPERIOR OPONENTE DEL PULGAR/ BARRA EN C - TOPE LUMBRICAL DE PVC   UNIDAD,UNIDAD,I
29584,FORMULA INFANTIL A BASE DE AMINOACIDOS LIBRES  400 g POLVO,POLVO,I
37811,SUTURA SEDA NEGRA MULTIEMPAQUE 1 S/A X 50 cm   UNIDAD,UNIDAD,I
18023,SISTEMA DE DRENAJE Y MONITOREO EXTERNO   UNIDAD,UNIDAD,I
39936,FRESA CORTANTE 4.5 mm DE DIAMETRO x 70 mm DE LONGITUD   UNIDAD,UNIDAD,I
52933,MARCAPASO UNICAMERAL DEFINITIVO CON ELECTRODO EPICARDICO   UNIDAD,UNIDAD,I
40222,"CASSETTE DE MICROELECTRODOS PARA CLORO X 25 DETERMINACIONES, PANEL COMPLETO PARA EQUIPO DE GASES ARTERIALES   UNIDAD",UNIDAD,I
44206,METILFENIDATO CLORHIDRATO (TABLETA LIBERACION MODIFICADA) 27 mg  TABLETA,TABLETA,M
23914,CATETER PARA ANGIOGRAFIA CEREBRAL HN1 5 FR X 100 cm   UNIDAD,UNIDAD,I
24793,BROCA 1.1 mm X 5 mm CON TOPE   UNIDAD,UNIDAD,I
36679,CLIP DE TITANIO TALLA S   UNIDAD,UNIDAD,I
37350,ROMIPLOSTIM 250 µg 0.5 mL INYECTABLE,INYECTABLE,M
20993,PLACA DCP PEQUEÑOS FRAGMENTOS DE 05 AGUJEROS X 3.5 mm   UNIDAD,UNIDAD,I
15278,BOMBILLA DE JEBE PARA ASPIRACION Nº 02   UNIDAD,UNIDAD,I
32312,TUBO NASOFARINGEO DESCARTABLE Nº 6   UNIDAD,UNIDAD,I
38364,CAMPO QUIRURGICO ESTERIL 30 cm x 30 cm   UNIDAD,UNIDAD,I
33439,GUANTE DEDOS PARCIALMENTE CUBIERTOS ELASTICO TALLA N° 2   UNIDAD,UNIDAD,I
38730,CLIP DE ANEURISMA RECTO 7 mm TEMPORAL   UNIDAD,UNIDAD,I
20417,FRASCO DE VIDRIO COLOR AMBAR CON TAPA Y SELLO DE SEGURIDAD X 60 mL   UNIDAD,UNIDAD,I
43176,COMPRESA TRAQUEAL DE POLIURETANO DE 1 CAPA 7.2 cm X 7.2 cm   UNIDAD,UNIDAD,I
31764,ACIDO SULFOSALICILICO P.A.  1 g UNIDAD,UNIDAD,I
53825,CANULA VENOSA FEMORAL PEDIATRICA N/A 19 FR UNIDAD,UNIDAD,I
26807,MASCARILLA DESCARTABLE BUCONASAL X 50   UNIDAD,UNIDAD,I
23183,TUBO ENDOTRAQUEAL ANILLADO DESCARTABLE Nº 4.0 CON BALON CON GUIA   UNIDAD,UNIDAD,I
51949,SUTURA ACIDO POLIGLACTIN 0 C/A 1/2 CIRCULO REDONDA 20 mm X 75 cm   UNIDAD,UNIDAD,I
35368,CANULA DE CARDIOPLEJIA ANTEROGRADA AORTICA 9 FR   UNIDAD,UNIDAD,I
54230,DISECTOR INALAMBRICO ULTRASONICO DE MANDIBULA CURVA DESCARTABLE  5 mm X 9 cm UNIDAD,UNIDAD,I
34628,CALCIO  1 DET KIT,KIT,I
36373,KIT DRENAJE CERRADO DE SILICONA PLANO CON RESERVORIO TIPO PERA   UNIDAD,UNIDAD,I
39832,RIBOFLAVINA SOLUCION ISOTONICA 0.1 % (CON HIDROXIPROPILMETILCELULOSA)  1.5 mL INYECTABLE,INYECTABLE,I
33952,TORNILLO DE TITANIO 2.0 mm X 0.5 mm   UNIDAD,UNIDAD,I
42559,IMPLANTE ORBITAL DE POLIETILENO POROSO 20 mm   UNIDAD,UNIDAD,I
23271,TUBO DE PLASTICO PARA RECOLECCION DE MUESTRA DE LIQUIDOS BIOLOGICOS 15 mL   UNIDAD,UNIDAD,I
38062,AGUJA PARA BIOPSIA TIPO TRUCUT DESCARTABLE 18 G X 15 cm   UNIDAD,UNIDAD,I
48575,CATETER VENOSO CENTRAL DE INSERCION PERIFERICA DOBLE LUMEN 3 FR X 50 cm   UNIDAD,UNIDAD,I
33575,"ELASTICO PARA ORTODONCIA 3/16"" INTERMAXILAR   UNIDAD",UNIDAD,I
33281,JUEGO DE TROCAR PARA CIRUGIA LAPAROSCOPICA DE 10 mm DE DIAMETRO X 7 PIEZAS   UNIDAD,UNIDAD,I
23188,SUTURA NAILON NEGRO MONOFILAMENTO 5/0 C/A 3/8 CIRCULO CORTANTE 16 mm X 45 cm   UNIDAD,UNIDAD,I
34234,PELICULA RADIOGRAFICA DIGITAL 8 in x 10 in   UNIDAD,UNIDAD,I
34146,CLAVO KIRSCHNER 1.25 mm X 150 mm   UNIDAD,UNIDAD,I
29711,CALDO DE ENRIQUECIMIENTO PARA SALMONELLA RAPPAPORT VASSILIADIS USP  500 g SOLUCION,SOLUCION,I
32534,BOQUILLA PEDIATRICO PARA ENDOSCOPIO   UNIDAD,UNIDAD,I
22295,ANTISUERO ANTISALMONELLA SOMATICO GRUPO C1  3 mL SOLUCION,SOLUCION,I
721,AMOXICILINA + ACIDO CLAVULANICO 250 mg + 62.5 mg/5 mL 120 mL SUSPENSION,SUSPENSION,M
26451,UREA USP  1 Kg UNIDAD,UNIDAD,I
45626,COMPRESA DE GASA QUIRURGICA 50 cm X 50 cm   UNIDAD,UNIDAD,I
53739,CATETER PERCUTANEO CON INTRODUCTOR Nº 6 FR 11   UNIDAD,UNIDAD,I
42455,CATETER DE IMPEDANCIA (6 CANALES) - PH (1 CANAL) PARA NEONATO 15 cm   UNIDAD,UNIDAD,I
36828,CONECTOR DE TITANIO TRANSVERSAL 60 mm PARA BARRA DE FIJACION RECTA 5.5 mm   UNIDAD,UNIDAD,I
29655,MEDIO DE TRANSPORTE CARY BLAIR EN TUBO C/HISOPO   UNIDAD,UNIDAD,I
39037,PAPEL TERMICO DE IMPRESION PARA DESFIBRILADOR 50 mm x 20 m   UNIDAD,UNIDAD,I
19471,PLACA ANGULADA 90º DE 3 AGUJEROS   UNIDAD,UNIDAD,I
52204,TOBRAMICINA 300 mg/4 mL 4 mL SOLUCION,SOLUCION,M
42911,SUTURA ACIDO POLIGLACTIN 7/0 C/DOBLE AGUJA 3/8 CIRCULO ESPATULADA 6.5 mm X 45 cm  SOBRE X UNIDAD UNIDAD,UNIDAD,I
38281,PLACA DCP RECTA LIVIANA (ESTRECHA) DE 14 AGUJEROS x 3.5 mm   UNIDAD,UNIDAD,I
50024,FILTRO ESTERIL P/JERINGA C/ 0.22 µm X 25 mm X 50   UNIDAD,UNIDAD,I
36809,BROCA DE ACERO INOXIDABLE 2.7 mm DE DIAMETRO X 125 mm   UNIDAD,UNIDAD,I
36905,SET DE LIMPIEZA PARA UNIDAD OPTICA DEL HEMOGLOBINOMETRO X 5 UNIDADES   UNIDAD,UNIDAD,I
42094,CATETER EPIDURAL Nº 18 G X 3 1/2 in   UNIDAD,UNIDAD,I
34777,CREATINA FOSFOQUINASA TOTAL  200 DET KIT,KIT,I
26681,LLAVE DOBLE VIA CON EXTENSION X 50 cm   UNIDAD,UNIDAD,I
45116,FILTRO ANTIBACTERIANO PARA TUBO DE TRAQUEOTOMIA PEDIATRICO DE 10 mm X 10 mm   UNIDAD,UNIDAD,I
42153,TORNILLO DE BLOQUEO 1.5 mm X 12 mm  UNIDAD UNIDAD,UNIDAD,I
21948,TORNILLO DE BLOQUEO 2.0 mm X 6 mm   UNIDAD,UNIDAD,I
36042,EQUIPO CPAP DESCARTABLE Nº 2   UNIDAD,UNIDAD,I
46840,BROCA 2.5 mm X 150 mm   UNIDAD,UNIDAD,I
25359,TORNILLO DE TITANIO 1.5 mm X 8 mm   UNIDAD,UNIDAD,I
30258,ARTICULACION DE RODILLA MODELO 3R-20   UNIDAD,UNIDAD,I
31753,TUBO DE DRENAJE JACKSON PRATT Nº 7 CON RESERVORIO X 100 mL   UNIDAD,UNIDAD,I
15411,CATETER  PARA EMBOLECTOMIA N° 2   UNIDAD,UNIDAD,I
26562,"MANGO COAGULADOR DE RADIOFRECUENCIA DESCARTABLE, DISECTOR Y SELLANTE   UNIDAD",UNIDAD,I
36773,FRESA PARA CRANEOTOMO DE ACERO PARA DRILADO DIAMANTADA DE 3.1 mm DE DIAMETRO X 70 mm   UNIDAD,UNIDAD,I
19975,CHASIS (CASSETTE) PARA PELICULA RADIOGRAFICA CON PANTALLA SENSIBLE AL VERDE 14'' x 14''   UNIDAD,UNIDAD,I
21976,SUTURA DE POLIPROPILENO AZUL MONOFILAMENTO 3/0 C/DOBLE AGUJA 1/2 CIRCULO REDONDA 17 mm X 75 cm   UNIDAD,UNIDAD,I
34245,ANTIGENO CARCINOEMBRIONARIO (CEA) X 100 DETERMINACIONES   KIT,KIT,I
27779,CAMPO QUIRURGICO DESCARTABLE 25 cm X 25 cm   UNIDAD,UNIDAD,I
22695,YODURO DE POTASIO Q.P.  1 Kg UNIDAD,UNIDAD,I
45071,PROTECTOR OCULAR DESCARTABLE PARA FOTOTERAPIA RECIEN NACIDO DE 20-28 cm   UNIDAD,UNIDAD,I
34059,"AGUJA ESPINAL DESCARTABLE 27 G X 4""   UNIDAD",UNIDAD,I
39841,AGUJA DE BLOQUEO NERVIOSO PERIFERICO DESCARTABLE 20 G x 12 cm   UNIDAD,UNIDAD,I
46470,IMPLANTE DE REPARACION DE MENISCO CON PISTOLA DE DESPLIEGUE   UNIDAD,UNIDAD,I
26313,TORNILLO DE BLOQUEO 3.0 mm X 16 mm   UNIDAD,UNIDAD,I
23577,CATETER VENOSO CENTRAL UN LUMEN 16 G X 13 cm   UNIDAD,UNIDAD,I
5609,PROGESTERONA 50 mg 1 mL INYECTABLE,INYECTABLE,M
27313,COLESTEROL LDL DIRECTO  200 DET KIT,KIT,I
41033,CATETER DE CANASTILLA (DORMIA) PARA CANAL DE 3 FR   UNIDAD,UNIDAD,I
52114,CATETER BALON PARA VALVULOPLASTIA PULMONAR 23 mm X 4 cm DE 9 FR X 100 cm   UNIDAD,UNIDAD,I
12009,SUTURA CATGUT CROMICO 1 C/2A 1/2 CIRCULO REDONDA 30 mm X 70 cm   UNIDAD,UNIDAD,I
39680,CONECTOR AXIAL DE UNION BARRA A BARRA DE 3.5 mm   UNIDAD,UNIDAD,I
39456,SONDA LAGRIMAL CRAWFORD 23 G   UNIDAD,UNIDAD,I
45661,FERULA DE ALUMINIO PARA MUÑECA IZQUIERDA TALLA XL   UNIDAD,UNIDAD,I
38024,SUTURA DE POLIPROPILENO AZUL MONOFILAMENTO 6/0 C/DOBLE AGUJA 1/2 CIRCULO REDONDA 15 mm X 75 cm   UNIDAD,UNIDAD,I
45961,PLACA DE BLOQUEO PARA FIBULA LATERAL DE 06 AGUJEROS  103 mm UNIDAD,UNIDAD,I
33063,PROTOTIPO BIOMEDICO CRANEO COMUN EFECTO REAL   UNIDAD,UNIDAD,I
26868,CORSE RIGIDO DORSO LUMBAR MILWAKEE PEDIATRICO   UNIDAD,UNIDAD,I
42339,BRAZALETE DE IDENTIFICACION NEONATAL PARA IMPRESORA TERMICA DE PULSERAS CON CIERRE ADHESIVO   UNIDAD,UNIDAD,I
19472,PLACA DCP PEQUEÑOS FRAGMENTOS DE 04 AGUJEROS X 3.5 mm   UNIDAD,UNIDAD,I
38715,LIGADURA DE SILICONA VASCULAR 1.0 mm x 457 mm   UNIDAD,UNIDAD,I
21915,"TUBO DE CONEXION ""Y"" DESCARTABLE P/BOMBA DE INYECTOR AUTOMATICO DE TOMOGRAFO ESPIRAL MULTICORTE   UNIDAD",UNIDAD,I
16001,CLIP DE ANEURISMA RECTO X 10 mm   UNIDAD,UNIDAD,I
11567,PEROXIDO DE HIDROGENO 10 V  1 L SOLUCION,SOLUCION,M
30067,PAÑO HUMEDO PARA BEBE X 48 HOJAS   UNIDAD,UNIDAD,I
10348,BILIRRUBINA TOTAL Y DIRECTA  200 DET KIT,KIT,I
40542,CARBONATO DE MAGNESIO (TABLETA EFERVESCENTE) 0.8334 g  TABLETA,TABLETA,M
52299,FORMULA INFANTIL A BASE DE PROTEINAS DE SUERO HIDROLIZADO  360 g UNIDAD,UNIDAD,I
51721,CANULA ENDOLUMINAL (STENT) CORONARIA DE METAL MEDICADA 3.5 mm X 26 mm   UNIDAD,UNIDAD,I
25730,YESO PARIS (USO ODONTOLOGICO)  1 Kg UNIDAD,UNIDAD,I
28671,LAPIZ ELECTROCAUTERIO BIPOLAR PUNTA DESCARTABLE   UNIDAD,UNIDAD,I
19831,TORNILLO CORTICAL 2.7 mm X 10 mm   UNIDAD,UNIDAD,I
22518,MALLA HEMOSTATICA DE CELULOSA OXIDADA 10.2 cm X 20.3 cm   UNIDAD,UNIDAD,I
32239,MINI FIJADOR EXTERNO DE HUESOS PEQUEÑOS   UNIDAD,UNIDAD,I
40929,JABON DE TOCADOR LIQUIDO x 1 L   UNIDAD,UNIDAD,I
12606,TORNILLO PARA HUESO ESPONJOSO 4.0 mm X 36 mm   UNIDAD,UNIDAD,I
10645,CLAVO RUSH 5.0 mm X 30 cm   UNIDAD,UNIDAD,I
22209,DOSAJE DE TIEMPO DE PROTROMBINA  400 DET KIT,KIT,I
46646,PAPEL MILIMETRADO PARA ELECTROCARDIOGRAMA 108 mm X 140 mm X 200 HOJAS UNIDAD,UNIDAD,I
42466,GUANTE PARA EXAMEN DESCARTABLE DE NITRILO SIN POLVO TALLA M X 50  UNIDAD UNIDAD,UNIDAD,I
20550,MEDIO PARA HEMOCULTIVO ADULTO AUTOMATIZADO EN FRASCO  30 mL UNIDAD,UNIDAD,I
42927,SOMATROPINA 18 UI 1.03 ML INYECTABLE,INYECTABLE,M
47406,PASTILLERO DE PLASTICO 1 TOMA DIARIA X 7 DIAS   UNIDAD,UNIDAD,I
39274,CATETER INTRACRANEAL DE SOPORTE DISTAL 5 FR x 125 cm   UNIDAD,UNIDAD,I
20659,TORNILLO CORTICAL 4.5 mm X 12 mm   UNIDAD,UNIDAD,I
10173,ALAMBRE PARA CERCLAJE 1.0 mm X 1 m   UNIDAD,UNIDAD,I
10224,ALCOHOL ETILICO (ETANOL) 70° 500 mL SOLUCION,SOLUCION,M
11037,FLUORURO DE AMINO DE PLATA (FLUOR SELLANTE)   SOLUCION,SOLUCION,I
21958,CONECTOR DE TITANIO TRANSVERSAL DE PERFIL BAJO 31.5 mm-34 mm PARA BARRA DE DIAMETRO 6 mm   UNIDAD,UNIDAD,I
30247,PROTESIS DE MANO COSMETICA IZQUIERDA PARA UNISEX NIÑO COLOR BEIGE   UNIDAD,UNIDAD,I
42000,CUCHILLAS DESCARTABLES DE PERFIL BAJO X 50 UNI (SET)   UNIDAD,UNIDAD,I
42417,TEST DEL ALIENTO PARA HELICOBACTER PYLORI X 1 DETERMINACION   UNIDAD,UNIDAD,I
27604,CANULA DE ASPIRACION YANKAUER 23 cm   UNIDAD,UNIDAD,I
19060,SUTURA ACIDO POLIGLICOLICO 0 C/A 1/2 CIRCULO REDONDA  25 mm x 70 cm   UNIDAD,UNIDAD,I
48541,MALLA DE POLIPROPILENO MONOFILAMENTO 15 cm X 15 cm   UNIDAD,UNIDAD,I
35154,PLACA DE RECONSTRUCCION MANDIBULAR 12 ORIFICIOS X 2.5 mm SISTEMA 2.4 mm   UNIDAD,UNIDAD,I
34837,HISOPO DE DACRON ESTERIL NASAL CON MANGO DE PLASTICO X 100   UNIDAD,UNIDAD,I
42826,CITOMEGALOVIRUS IGG AUTOMATIZADO  X 1 DETERMINACION UNIDAD,UNIDAD,I
54953,BOLSA DE EXTRACCION DE ESPECIMEN PARA PUERTO DESCARTABLE,UNIDAD,I
32620,EQUIPO DE TRANSFUSION DE SANGRE Y PLASMA   UNIDAD,UNIDAD,I
29556,AGUJA DE GUIA DE 1.25 mm DIAMETRO X 50 mm DE LONGITUD   UNIDAD,UNIDAD,I
36543,METRONIDAZOL Q.P.  100 g UNIDAD,UNIDAD,I
26831,TORNILLO DE TITANIO AUTORROSCANTE 2.0 mm X 7 mm   UNIDAD,UNIDAD,I
44406,INTRODUCTOR FEMORAL CON CUBIERTA HIDROFILICA 7 FR X 70 cm   UNIDAD,UNIDAD,I
28032,CRIOVIAL DE PLASTICO ESTERIL 2.0 mL CON TAPA ROSCA X 500   UNIDAD,UNIDAD,I
40241,CANULA ENDOLUMINAL (STENT) CORONARIA DE METAL MEDICADA 3.0 mm x 23 mm   UNIDAD,UNIDAD,I
26684,CLAVO KIRSCHNER 1.8 mm X 225 mm DOBLE PUNTA   UNIDAD,UNIDAD,I
5246,OXITETRACICLINA + POLIMIXINA B 500 mg + 1000000 UI/100 g 6 g UNGÜENTO,UNGUENTO,M
38833,OCLUSOR DE COMUNICACION INTERAURICULAR (CIA) Nº 16   UNIDAD,UNIDAD,I
40436,ESCOBILLA DE CERDA BLANCA PARA PULIR DE 8.5 cm DE DIAMETRO CON BASE DE PLASTICO   UNIDAD,UNIDAD,I
10391,BROCA 2.7 mm   UNIDAD,UNIDAD,I
35236,SUPLEMENTO NUTRICIONAL CON VITAMINA D Y OMEGA 3  237 mL SOLUCION,SOLUCION,I
38539,ESPIRAL PARA EMBOLIZACION ENDOVASCULAR 7 mm x 31 cm   UNIDAD,UNIDAD,I
33771,TUBO DE GASTROSTOMIA DE BOTON DE BAJO PERFIL Y DE REEMPLAZO Nº 16 X 1.5 mm   UNIDAD,UNIDAD,I
28465,LACOSAMIDA 50 mg  TABLETA,TABLETA,M
41905,TUBO DE POLIPROPILENO PARA MICROCENTRIFUGA DE 1.5 mL X 500   UNIDAD,UNIDAD,I
30597,APOSITO DE HIDROFIBRA 15 cm X 15 cm CON CONCENTRADO DE PLATA 1.2%   UNIDAD,UNIDAD,I
45649,TUBO DE POLIPROPILENO 0.2 mL PARA PCR X 1000   UNIDAD,UNIDAD,I
6076,TERBINAFINA 1 g/100 g 15 g CREMA,CREMA,M
23549,TORNILLO ESPONJOSO 6.5 mm ROSCA 32 mm X 65 mm   UNIDAD,UNIDAD,I
37926,ESCOBILLA DE NAILON PARA LAVADO DE INSTRUMENTAL 36 mm X 18.3 cm DOBLE CABEZA   UNIDAD,UNIDAD,I
33390,MEDIA ELASTICA TALLA N° 4   UNIDAD,UNIDAD,I
20141,MECHA DE GASA QUIRURGICA 1.5 cm X 50 cm   UNIDAD,UNIDAD,I
45212,SET DE CATETER  PARA ATEROTROMBECTOMIA 8FR X 85 cm   UNIDAD,UNIDAD,I
34284,CHALECO MANGA LARGA ELASTICA TALLA N° 10   UNIDAD,UNIDAD,I
19626,TAZA DE GOMA PARA PREPARAR ALGINATO (USO DENTAL)   UNIDAD,UNIDAD,I
35864,TUBO PARA EXTRACCION DE SANGRE CON SISTEMA DE VACIO DE POLIPROPILENO DE 1 mL CON EDTA TRIPOTASICO   UNIDAD,UNIDAD,I
24095,MINIPLACA DE TITANIO RECTA 02 ORIFICIOS SISTEMA 16.5 mm   UNIDAD,UNIDAD,I
38760,TORNILLO DE COMPRESION AUTOPERFORANTE HCS 6.5 mm x 60 mm   UNIDAD,UNIDAD,I
27404,CORSE RIGIDO TORAXICO LUMBAR MILWAUKEE ADOLESCENTE   UNIDAD,UNIDAD,I
20892,SUTURA SEDA NEGRA TRENZADA 0 S/A MULTIEMPAQUE 8 mm X 50 cm   UNIDAD,UNIDAD,I
54161,CONO DE GUTAPERCHA SET DE 0.30 mm CON CONICIDAD 4%  X 120 UNIDADES UNIDAD,UNIDAD,I
47828,ELECTRODO ELECTROQUIRURGICO TIPO BOLA DE 5 mm   UNIDAD,UNIDAD,I
23017,SUTURA CATGUT CROMICO 4/0 C/A 1/2 CIRCULO REDONDA 35 mm X 70 cm   UNIDAD,UNIDAD,I
37116,GUANTE PARA EXAMEN DE NITRILO TALLA L   UNIDAD,UNIDAD,I
36761,FRASCO DE POLIETILENO X 500 mL CON TAPA ROSCA   UNIDAD,UNIDAD,I
21916,SOMATROPINA 10 UI  INYECTABLE,INYECTABLE,M
15202,ALCOHOL ETILICO (ETANOL) 96° 120 mL SOLUCION,SOLUCION,I
39688,SISTEMA DE ANCLAJE DE POLIETERETERCETONA (PEEK) PARA HOMBRO 5.5 mm   UNIDAD,UNIDAD,I
27649,INFUSOR PEQUEÑO VOLUMEN PARA 1 DIA DESCARTABLE   UNIDAD,UNIDAD,I
50528,SISTEMA PARA IDENTIFICACION + ANTIBIOGRAMA DE BACTERIAS GRAM POSITIVAS  25 DETERMINACIONES UNIDAD,UNIDAD,I
38895,KIT TROCARES DESCARTABLES PARA CIRUGIA LAPAROSCOPICA X 7 PIEZAS   KIT,KIT,I
50073,SET DE MATERIAL PARA REPARACION DE PROLAPSO ANTERIOR APICAL X 4 PIEZAS   UNIDAD,UNIDAD,I
48198,TUBO CAPILAR SIN HEPARINA  X 1000 UNIDAD,UNIDAD,I
52570,ESCOBILLA DE CERDA PLASTICA 15 cm   UNIDAD,UNIDAD,I
24355,TUBO DE POLIPROPILENO FONDO CONICO ESTERIL X 15 mL   UNIDAD,UNIDAD,I
46282,GUIA TEFLONADA CURVA  0.035 in X 180 mm UNIDAD,UNIDAD,I
33739,SOPORTE DE MENTON Y CUELLO ELASTICO TALLA N° 10   UNIDAD,UNIDAD,I
44377,RESPIRADOR DE CARA COMPLETA DE SILICONA TAMAÑO GRANDE   UNIDAD,UNIDAD,I
52323,SUTURA ACIDO POLIGLACTIN 1 C/A 1/2 CIRCULO REDONDA 48 mm X 90 cm   UNIDAD,UNIDAD,I
54210,CUBIERTA PROTECTORA DESCARTABLE ESTERIL PARA TRANSDUCTOR  8.9 cm X 61 cm N/A,UNIDAD,I
23083,MACROGOL 3350 (POLIETILENGLICOL 3350) 6.8 g 17 g POLVO,POLVO,M
34827,HORMONA FOLICULO ESTIMULANTE (FSH)  100 DET KIT,KIT,I
26574,SUTURA DE POLIPROPILENO AZUL MONOFILAMENTO 7/0 C/2A 3/8 CIRCULO CORTANTE 8 mm X 60 cm   UNIDAD,UNIDAD,I
24469,COLESTEROL HDL  100 DET KIT,KIT,I
45106,PLACA LCP DE 5 AGUJEROS X 4.5/5.0 mm PARA TIBIA LATERAL PROXIMAL IZQUIERDA   UNIDAD,UNIDAD,I
36332,CERA LANETTE SX  1 Kg UNIDAD,UNIDAD,I
38424,OXIGENADOR DE MEMBRANA CON FILTRO ARTERIAL INTEGRADO ADULTO   UNIDAD,UNIDAD,I
12570,TORNILLO CORTICAL 4.5 mm X 45 mm   UNIDAD,UNIDAD,I
18774,LENTE INTRAOCULAR DIOPTRIA 16.0 CAMARA POSTERIOR NO PLEGABLE 3 PIEZAS   UNIDAD,UNIDAD,I
11836,SONDA DE ALIMENTACION Nº 10   UNIDAD,UNIDAD,I
54173,SOLUCION PARA DIALISIS PERITONEAL 2.5% 6 L SOLUCION,SOLUCION,M
21315,VALVULA DERIVACION VENTRICULO PERITONEAL PRESION BAJA ADULTO   UNIDAD,UNIDAD,I
22234,ZINC SULFATO 10 mg de Zn/5 mL 100 mL SOLUCION,SOLUCION,M
25494,BALON PARA ANGIOPLASTIA CORONARIA DESCARTABLE 3.0 mm X 15 mm   UNIDAD,UNIDAD,I
18329,SONDA NASOYEYUNAL 100% SILICONA CON LASTRE 8 FR   UNIDAD,UNIDAD,I
32105,KIT DE VISCOELASTICO PARA PROCEDIMIENTO QUIRURGICO OFTALMICO   KIT,KIT,I
30675,FORMULA MODULAR PROTEICA LIQUIDA  887 mL SOLUCION,SOLUCION,I
45236,"VACUNA CONTRA COVID-19 (VIRUS INACTIVADO), BEIJING INSTITUTE OF BIOLOGICAL PRODUCTS Co, Ltd. (BIBP) CHINA, BEIJI 0.5 mL/DOSIS 1 DOSIS INYECTABLE",INYECTABLE,M
51209,INTRODUCTOR VASCULAR 14 FR X 85 cm   UNIDAD,UNIDAD,I
26679,MASCARA DE OXIGENO DESCARTABLE PARA NEBULIZACION PEDIATRICO CON NIPLE   UNIDAD,UNIDAD,I
33137,"JERINGA DESCARTABLE 10 mL CON AGUJA 21 G X 1/2""   UNIDAD",UNIDAD,I
37227,SET DE ANESTESIA COMPLETO PARA ADULTO   SET,SET,I
38840,PLACA BLOQUEADA PARA FEMUR DISTAL 9 AGUJEROS x 4.5 mm   UNIDAD,UNIDAD,I
20631,"VENDA DE ALGODON 6"" X 3 yd   UNIDAD",UNIDAD,I
25351,TORNILLO DE TITANIO AUTORROSCANTE 2.0 mm X 10 mm   UNIDAD,UNIDAD,I
24812,IMPLANTE PARA GLAUCOMA NO VALVULADO PARA ADULTO   UNIDAD,UNIDAD,I
24734,FRESA PARA CRANEOTOMO DE CARBURO DE TUNGSTENO PARA PERFORACION TIPO BELLOTA 5 mm X 9 cm   UNIDAD,UNIDAD,I
46164,FRASCO DE VIDRIO COLOR AMBAR CON TAPA  20 mL UNIDAD,UNIDAD,I
42892,BARIO SULFATO ADMINISTRACION RECTAL 94 g/100 g 397 g POLVO,POLVO,M
44038,FRESA DE ACERO INOXIDABLE REDONDA 1.8 mm X 7 cm PARA HUESO TEMPORAL   UNIDAD,UNIDAD,I
24308,SUTURA NAILON NEGRO MONOFILAMENTO 9/0 C/A 3/8 CIRCULO REDONDA 5.15 mm X 15 cm	   UNIDAD,UNIDAD,I
4253,KETOROLACO (SOLUCION OFTALMICA) 5 mg/mL 5 mL SOLUCION,SOLUCION,M
24815,SISTEMA DE DRENAJE PARA NEUROCIRUGIA   UNIDAD,UNIDAD,I
30359,CORSE DE TAYLOR PARA ADULTO   UNIDAD,UNIDAD,I
5910,SODIO FOSFATO DIBASICO + SODIO FOSFATO MONOBASICO (SOLUCION RECTAL) 5.93 g + 16.1 g/100 mL 130 mL SOLUCION,SOLUCION,M
51224,SODIO FOSFATO DIBASICO+ SODIO FOSFATO MONOBASICO (SOLUCION RECTAL) 6 g + 16 g/100 mL 120 mL SOLUCION,SOLUCION,M
32762,POTE DE PLASTICO CON TAPA X 100 g   UNIDAD,UNIDAD,I
54812,KIT DE TROCARES DESCARTABLES CON FIJACION PARA CIRUGIA LAPAROSCOPICA - X 5 PIEZAS UNIDAD,UNIDAD,I
35197,ABREBOCA CON ALETAS DE PLASTICO TIPO CARRILLO 8 cm APROX.   UNIDAD,UNIDAD,I
17476,TUBO ENDOTRAQUEAL SIN GLOBO N° 2 F   UNIDAD,UNIDAD,I
45512,GLICERINA BIDESTILADA P.A. X 1 L   UNIDAD,UNIDAD,I
3411,FENAZOPIRIDINA 100 mg  TABLETA,TABLETA,M
19415,RECOLECTOR BIOLOGICO ESTERIL PARA ORINA  100 mL UNIDAD,UNIDAD,I
28359,MINITORNILLO DE TITANIO 1.6 X 5 mm   UNIDAD,UNIDAD,I
40771,PINZA BIPOLAR PARA SELLADO DE VASOS CON CUCHILLA DE CORTE DE 5 mm X 25 cm PUNTA CURVA   UNIDAD,UNIDAD,I
46670,KIT DE RECOLECCION Y MEDIO DE TRANSPORTE VIRAL X 3mL   UNIDAD,UNIDAD,I
35668,UREA P.A.  500 g UNIDAD,UNIDAD,I
33114,CATETER BALON DE ATRIOSEPTOSTOMIA 9.5 mm X 50 mm   UNIDAD,UNIDAD,I
30353,CORSE DE BOSTON PARA NIÑO   UNIDAD,UNIDAD,I
36133,TACROLIMUS 0.5 mg  TABLETA,TABLETA,M
5221,OXCARBAZEPINA 300 mg  TABLETA,TABLETA,M
52159,"KIT DE CONTROLES NIVELES 1, 2 Y 3 PARA ANALIZADOR DE ELECTROLITOS - LITIO X 10 mL C/U   UNIDAD",UNIDAD,I
30713,FRASCO DE VIDRIO PARA DRENAJE TORACICO COMPLETO 1 L CON DOS PIPETAS   UNIDAD,UNIDAD,I
40243,BROCA 1.3 mm x 50 mm CON TOPE   UNIDAD,UNIDAD,I
43588,TERMOHIGROMETRO DIGITAL   UNIDAD,UNIDAD,I
35843,INJERTO VASCULAR RECTO DE DACRON NO ANILLADO  28 mm X 40 cm UNIDAD,UNIDAD,I
31096,MANDIL DESCARTABLE IMPERMEABLE ESTERIL TALLA M   UNIDAD,UNIDAD,I
41004,LAMINA PORTA OBJETO 22 mm X 22 mm X 100   UNIDAD,UNIDAD,I
52845,CONTENEDOR DE POLIPROPILENO X 3 L   UNIDAD,UNIDAD,I
10930,EQUIPO DE VENOCLISIS PARA BOMBA DE INFUSION CLARA   UNIDAD,UNIDAD,I
35208,CEPA ESCHERICHIA COLI ATCC 25922   UNIDAD,UNIDAD,I
42556,IMPLANTE ORBITAL DE POLIETILENO POROSO 18 mm   UNIDAD,UNIDAD,I
39109,AGUJA DE BLOQUEO NERVIOSO PERIFERICO DESCARTABLE 21 G x 10 cm   UNIDAD,UNIDAD,I
22686,METOTREXATO 50 mg  INYECTABLE,INYECTABLE,M
39311,GUANTE DE JEBE DE USO INDUSTRIAL TALLA   PAR,PAR,I
42546,CAMPO FENESTRADO DESCARTABLE ADHESIVO 40 cm X 40 cm  UNIDAD UNIDAD,UNIDAD,I
36857,AGUJA DESCARTABLE 23 G X 5 mm INYECTOR DE ESCLEROTERAPIA 0.7 mm X 180 cm PARA ENDOSCOPIA   UNIDAD,UNIDAD,I
54556,ANTICARDIOLIPINA IgG QUIMIOLUMINISCENCIA - X DET UNIDAD,UNIDAD,I
33648,TORNILLO ESPONJOSO ROSCA TOTAL 4.0 mm X 24 mm   UNIDAD,UNIDAD,I
36329,"CONECTOR RECTO 1/4"" CON LUER MACHO   UNIDAD",UNIDAD,I
36701,KIT DE INMUNOHISTOQUIMICA  200 DET UNIDAD,UNIDAD,I
50972,ANTICUERPO MONOCLONAL PARA RECEPTOR DE ESTROGENO X 1 mL   UNIDAD,UNIDAD,I
47493,ACIDO DIMERCAPTOSUCCINICO 1 mg  INYECTABLE,INYECTABLE,M
22278,ANTISUERO ANTI E. COLI ENTEROPATOGENA B POLIVALENTE  3 mL SOLUCION,SOLUCION,I
53269,CAMISA DE ACCESO URETERAL DE 11-12 FR X 38 cm LONGITUD   UNIDAD,UNIDAD,I
40788,PLACA DE BLOQUEO PARA TIBIA LATERAL PROXIMAL DE 7 AGUJEROS X 4.5 mm   UNIDAD,UNIDAD,I
28489,GANCHO LAMINAR TSRH PARA COLUMNA VERTEBRAL   UNIDAD,UNIDAD,I
53689,CATETER PARA MARCAPASO TEMPORAL 5 FR X 120 cm   UNIDAD,UNIDAD,I
32157,FRASCO DE VIDRIO X 500 mL CON TAPA   UNIDAD,UNIDAD,I
34052,KIT DE ROPA DESCARTABLE PARA PARTO X 4 PIEZAS   KIT,KIT,I
33892,PAPEL TOALLA 20 cm X 22 cm X 100 HOJAS X 2   UNIDAD,UNIDAD,I
45546,CANULA DE HIDRODISECCION DE ACERO INOXIDABLE  Nº 22 G UNIDAD,UNIDAD,I
44401,MASCARILLA DE PARTICULA   UNIDAD,UNIDAD,I
34387,SENSOR BIS PARA EQUIPO DE ANESTESIA PEDIATRICO   UNIDAD,UNIDAD,I
17049,"SONDA VESICAL TIPO FOLEY 3 VIAS N° 18 F, BALON 50 mL   UNIDAD",UNIDAD,I
41237,CIRCUITO DE PRESION POSITIVA CONTINUA NASAL DE BURBUJAS CON MASCARILLA TALLA L  UNIDAD UNIDAD,UNIDAD,I
38911,MASCARILLA DESCARTABLE EFICIENCIA DE FILTRADO 95% TALLA S   UNIDAD,UNIDAD,I
24819,CANULA PARA TRAQUEOSTOMIA Nº 4.5 SIN CAMISA   UNIDAD,UNIDAD,I
32255,HEMOGRAMA AUTOMATIZADO 25 PARAMETROS  1 DET UNIDAD,UNIDAD,I
55063,CAMPO DESCARTABLE DE PAPEL ABSORBENTE - 33 cm X 45 cm UNIDAD,UNIDAD,I
55308,MEDIO DE CULTIVO DE EMBRIONES HUMANOS DE CIGOTO A BLASTOCITO - X 30 mL UNIDAD,UNIDAD,I
29544,CANULA ENDOLUMINAL (STENT) CORONARIA DE METAL 3.0 mm X 12 mm   UNIDAD,UNIDAD,I
21410,SUTURA DE POLIPROPILENO AZUL MONOFILAMENTO 4/0 C/DOBLE AGUJA 1/2 CIRCULO REDONDA 20 mm X 75 cm   UNIDAD,UNIDAD,I
22919,PARAMONOCLOROFENOL ALCANFORADO LIQUIDO  15 mL UNIDAD,UNIDAD,I
36861,ACIDO ORTOFOSFORICO GEL (ACIDO GRABADOR DE ESMALTE) 37% 12 g UNIDAD,UNIDAD,I
31810,ESPATULA DE PLASTICO PARA YESO   UNIDAD,UNIDAD,I
4642,MENTOL + METILSALICILATO 7.5 g + 29 g/100 g 100 g UNGÜENTO,UNGUENTO,M
54468,EMPAQUE TIPO TYVECK PARA ESTERILIZACION POR PLASMA 15 cm - METRO UNIDAD,UNIDAD,I
43630,SUJETADOR DE TELA HIPOALERGENICA CON TIRAS DE SILICONA DE 35 cm PARA SONDA O CATETER   UNIDAD,UNIDAD,I
27247,HAPTOGLOBINA  1 DET KIT,KIT,I
49301,DIAZOXIDO 100 mg  TABLETA,TABLETA,M
54889,SUERO CONTROL BIOQUIMICO NORMAL - 20 FRASCOS X 5 ml UNIDAD,UNIDAD,I
44805,INDICADOR QUIMICO INTERNO DE LIMPIEZA DE INSTRUMENTAL QUIRURGICO EN LAVADORA DESINFECTADORA   UNIDAD,UNIDAD,I
52296,NITRATO DE PLATA P.A. X 500 g   UNIDAD,UNIDAD,I
24824,DOSAJE DE METABOLITOS COCAINA CASSETTE METODO INMUNOCROMATOGRAFICO  1 DET KIT,KIT,I
35534,PLACA PARA RECUENTO DE E.COLI Y COLIFORMES X 50   UNIDAD,UNIDAD,I
40144,SISTEMA DE CIERRE DE VASOS FEMORALES MEDIADO POR SUTURA 6 FR   UNIDAD,UNIDAD,I
54257,IODURO SODICO (I-131) 150 mCi - TABLETA,TABLETA,M
26380,CATETER PARA ANGIOGRAFIA CEREBRAL H1 4 FR X 100 cm   UNIDAD,UNIDAD,I
25921,ENDOPROTESIS PARA VIA BILIAR 10 FR X 10 cm   UNIDAD,UNIDAD,I
28110,TORNILLO DE BLOQUEO AUTORROSCANTE 3.5 mm X 40 mm   UNIDAD,UNIDAD,I
50152,PLACA DE BLOQUEO PARA RADIO PROXIMAL EN T DE 6 AGUJEROS X 2.0 mm   UNIDAD,UNIDAD,I
28461,AGUJA PARA BIOPSIA CON ULTRASONIDO DESCARTABLE 22 G X 8 cm PUNTA BISELADA 5.2 FR   UNIDAD,UNIDAD,I
29983,TUBO TRAQUEAL EN T 10 mm   UNIDAD,UNIDAD,I
54583,TORNILLO DE BLOQUEO DE ACERO AUTORROSCANTE - 5.0 mm X 25 mm UNIDAD,UNIDAD,I
30305,ORTESIS SCOTISH RITE   UNIDAD,UNIDAD,I
30285,SOPORTE METALICO LARGO CON APOYO ISQUIATICO (METALICO) CON PINZAS PLANAS PARA NIÑO   UNIDAD,UNIDAD,I
47799,PROBETA DE VIDRIO GRADUADA 50 mL   UNIDAD,UNIDAD,I
28479,PLANTILLA ORTOPEDICA   UNIDAD,UNIDAD,I
12592,TORNILLO ESPONJOSO 3.5 mm x 50 mm   UNIDAD,UNIDAD,I
33027,PROTEINA C REACTIVA CUANTITATIVA  100 DET KIT,KIT,I
38725,VIOLETA DE GENCIANA Q.P.  1 g UNIDAD,UNIDAD,I
28135,ENDOPROTESIS PARA VIA BILIAR 10 FR x 9 cm   UNIDAD,UNIDAD,I
44286,CATETER VENOSO CENTRAL DOBLE LUMEN DE LARGA PERMANENCIA PARA HEMODIALISIS 12 FR X 16 cm   UNIDAD,UNIDAD,I
38949,LAURIL SULFATO DE SODIO (SDS) x 1 kg   UNIDAD,UNIDAD,I
22348,PLACA DCP ANCHA 14 AGUJEROS X 4.5 mm   UNIDAD,UNIDAD,I
22754,SUSTITUTO DE XILENO  5 L UNIDAD,UNIDAD,I
38115,MANGA MIXTA PARA ESTERILIZAR CON VAPOR Y/O OXIDO DE ETILENO SIN FUELLE 25 cm   UNIDAD,UNIDAD,I
42102,HEPATITIS B ANTI CORE TOTAL MÉTODO ELISA  DETERMINACION UNIDAD,UNIDAD,I
20787,TORNILLO ESPONJOSO 6.5 mm X 55 mm   UNIDAD,UNIDAD,I
28226,HOJA DE SIERRA 70/49 mm X 10 mm X 0.60/0.40 mm PARA SIERRA OSCILANTE CON ANCLAJE AO/ASIF   UNIDAD,UNIDAD,I
29759,"CORTICOIDE, ANESTESICO Y ANTIINFECCIOSOS EN COMBINACION  10 mL SOLUCION",SOLUCION,M
51265,CONO DE GUTAPERCHA SET DE 0.30 mm CON CONICIDAD 4% X 60 UNIDADES   UNIDAD,UNIDAD,I
8126,NICLOSAMIDA 500 mg  TABLETA,TABLETA,M
43497,CLAVO SCHANZ ROSCA DISTAL 4.0 mm X 300 mm   UNIDAD,UNIDAD,I
22595,ALBUMINA  500 DET KIT,KIT,I
21267,CLIP DE ANEURISMA RECTO X 12 mm   UNIDAD,UNIDAD,I
36174,17 OHP (ALFA HIDROXIPROGESTERONA) NEONATAL  1 DET KIT,KIT,I
46816,GEL ANTIBACTERIAL PARA MANOS  300 mL APROX. UNIDAD,UNIDAD,I
29120,SOLUCION TAMPON (BUFFER) pH 7.00 +/- 0.01 (25 ºC)  500 mL UNIDAD,UNIDAD,I
51187,ALBUMINA BOVINA 22%  mL UNIDAD,UNIDAD,I
47120,BETAINA ANHIDRA 1 g  POLVO,POLVO,M
33291,SUTURA ACIDO POLIGLICOLICO 1 C/A 1/2 CIRCULO REDONDA 40 mm X 75 cm   UNIDAD,UNIDAD,I
26276,COBRE TETRAMIBI TETRAFLUOROBORATO 1 mg  INYECTABLE,INYECTABLE,M
37452,"CONECTOR RECTO 3/8"" CON LUER   UNIDAD",UNIDAD,I
44090,FRASCO DE POLICARBONATO DE ASPIRACIoN COMPLETO PARA ASPIRADORA DE SECRECIONES X 2 L   UNIDAD,UNIDAD,I
33124,PLACA LC-DCP ESTRECHA 8 AGUJEROS 4.5 mm X 142 mm   UNIDAD,UNIDAD,I
42576,ANTICUERPO ANTIPEROXIDASA TIROIDEA (ANTI-TPO) QUIMIOLUMINISCENCIA  DETERMINACIONES UNIDAD,UNIDAD,I
25333,TAPA PARA CANAL DE BIOPSIA DE EQUIPO ENDOSCOPICO   UNIDAD,UNIDAD,I
46828,CATETER PARA ANGIOGRAFIA CORONARIA PIGTAIL 5FR X 110 cm   UNIDAD,UNIDAD,I
22672,CINTA MATRIZ CELULOIDE RECTA 10 mm X 0.05 mm   UNIDAD,UNIDAD,I
23833,KETOTIFENO  (SOLUCION OFTALMICA) 0.25 mg/mL 10 mL SOLUCION,SOLUCION,M
39442,CAMPO FENESTRADO DESCARTABLE 60 cm x 60 cm   UNIDAD,UNIDAD,I
11231,COLESTEROL HDL DIRECTO  100 DET KIT,KIT,I
37496,CAMPO QUIRURGICO DESCARTABLE 45 cm X 56 cm   UNIDAD,UNIDAD,I
32357,TORNILLO DE EMERGENCIA 1.9 mm X 5 mm   UNIDAD,UNIDAD,I
36774,CREATINA QUINASA TOTAL CINETICA  100 DET KIT,KIT,I
52723,CATETER ENDOVENOSO PERIFERICO 24 G X 3/4 in CON DISPOSITIVO DE BIOSEGURIDAD Y ALAS DE FIJACION   UNIDAD,UNIDAD,I
45655,BARRA DE TITANIO 5.0 mm X 120 mm PARA COLUMNA VERTEBRAL   UNIDAD,UNIDAD,I
40047,SISTEMA DE ANCLAJE DE TITANIO PARA TENDON DE AQUILES 5.5 mm   UNIDAD,UNIDAD,I
36932,CASEINA HIDROLIZADA DE PANCREAS X 500 g   UNIDAD,UNIDAD,I
12712,"TUBO ENDOTRAQUEAL  DESCARTABLE SIN BALON  2,5 UNIDAD",UNIDAD,I
44691,PLACA DE BLOQUEO DE CADERA LCP 120º DE 5.0 mm X 95 mm   UNIDAD,UNIDAD,I
43800,PAPEL TOALLA HOJA SIMPLE BLANCO  200 m UNIDAD,UNIDAD,I
37289,SUTURA SEDA NEGRA TRENZADA 3/0 C/A 1/2 CIRCULO REDONDA 26 mm x 75 cm   UNIDAD,UNIDAD,I
1290,BRINZOLAMIDA (SUSPENSION OFTALMICA) 10 mg/mL 5 mL SUSPENSION,SUSPENSION,M
37358,TORNILLO CANULADO 3.5 mm X 46 mm   UNIDAD,UNIDAD,I
36950,CUBIERTA DESCARTABLE PARA SONDA DE TERMOMETRO CLINICO ELECTRONICO   UNIDAD,UNIDAD,I
48300,ANTICUERPO MONOCLONAL PARA INMUNOHISTOQUIMICA CD 21-1F8  X 1 mL UNIDAD,UNIDAD,I
27996,SISTEMA DE ANCLAJE DE TITANIO PARA CADERA 5.0 mm   UNIDAD,UNIDAD,I
44424,SUTURA SEDA NEGRA TRENZADA 3/0 C/A 3/8 CIRCULO REDONDA 15 mm X 75 cm   UNIDAD,UNIDAD,I
25511,PLACA DE BLOQUEO DE HUMERO PROXIMAL 5 AGUJEROS X 112 mm   UNIDAD,UNIDAD,I
39357,AGUJA KIRSCHNER 1.1 mm x 150 mm   UNIDAD,UNIDAD,I
36312,FUNDA DE POLIETILENO ESTERIL 1.32 m X 3.91 m PARA MICROSCOPIO   UNIDAD,UNIDAD,I
36650,TORNILLO DE BLOQUEO 3.5 mm X 35 mm   UNIDAD,UNIDAD,I
23184,TUBO ENDOTRAQUEAL ANILLADO DESCARTABLE C/CUFF CON GUIA Nº 4.5   UNIDAD,UNIDAD,I
50033,DESINFECTANTE LIMPIADOR AROMATICO  X 5 L UNIDAD,UNIDAD,I
52806,KIT DE CATETER VENOSO CENTRAL TEMPORAL DE DOBLE LUMEN CON EXTENSIONES CURVAS PARA HEMODIALISIS 8.5 FR X 12 cm   UNIDAD,UNIDAD,I
21960,IMPLANTE PARA REFLUJO VESICOURETERAL MODELO VANTRIS X 1 mL   UNIDAD,UNIDAD,I
28457,PUNTA DE ASPIRACION CORTA RACTA 1.6 mm RECTA MICRO PARA ASPIRADOR ULTRASONICO   UNIDAD,UNIDAD,I
17552,"JERINGA DESCARTABLE DE INSULINA 1 mL CON AGUJA 26 G X 1/2""   UNIDAD",UNIDAD,I
54655,AGUJA EPIDURAL DESCARTABLE - N║ 17 G X 3 1/8 in UNIDAD,UNIDAD,I
19897,"ASPIRADOR PERICARDICO 15"" CON CONECTOR 1/4""   UNIDAD",UNIDAD,I
47925,TUBO ENDOTRAQUEAL CON GUIA Y LUMEN  DE SUCCION INTEGRADO EN EL AREA SUBGLOTICA  Nº 8.5 UNIDAD,UNIDAD,I
35794,CANULA PARA DRENAJE DE VENTRICULO IZQUIERDO 15 FR X 38 cm   UNIDAD,UNIDAD,I
49271,ANTICUERPO ANTI CHLAMYDIA PNEUMONIAE IgM   KIT,KIT,I
37628,AGUJA PARA BIOPSIA DE HUESO DESCARTABLE 11 G X 10 cm   UNIDAD,UNIDAD,I
54689,IRRIGADOR DE SUCCION QUIRURGICO PARA SISTEMA DE CIRUGIA ROBOTICA DESCARTABLE - X 8 mm UNIDAD,UNIDAD,I
31106,CINTA DE SUJECION CERVICAL TIPO VELCRO 4 cm X 50 cm   UNIDAD,UNIDAD,I
25786,CATETER URETERAL DOBLE J 4.8 FR X 26 cm   UNIDAD,UNIDAD,I
12581,TORNILLO CORTICAL 4.5 mm X 70 mm   UNIDAD,UNIDAD,I
40675,RECIPIENTE DE PLASTICO CON FORMALDEHIDO 4% ENCAPSULADO 60 mL PARA MUESTRA DE 3 cm3   UNIDAD,UNIDAD,I
38543,SONDA VESICAL 3 VIAS DE SILICONA DE LARGA PERMANENCIA Nº 18   UNIDAD,UNIDAD,I
37838,CATETER BALON PARA ANGIOPLASTIA PERIFERICA 5 FR X 3 mm X 150 mm   UNIDAD,UNIDAD,I
51407,CANULA PEDIATRICA PARA TERAPIA DE ALTO FLUJO TALLA XS   UNIDAD,UNIDAD,I
18612,IOBITRIDOL 300 mg I/100 mL 50 mL INYECTABLE,INYECTABLE,M
38910,MALLA DE TITANIO 10 mm x 10 mm x 0.1 mm   UNIDAD,UNIDAD,I
36167,PAPEL MILIMETRADO PARA ELECTROCARDIOGRAMA 50 mm X 45 m   UNIDAD,UNIDAD,I
29557,CANULA ENDOLUMINAL (STENT) CORONARIA DE METAL MEDICADA 3.0 mm X 16 mm   UNIDAD,UNIDAD,I
15722,CATETER URETRAL N° 6 F   UNIDAD,UNIDAD,I
51098,ANTISUERO ANTI SHIGUELLA DYSENTERIAE TIPO 2 X 3ML   UNIDAD,UNIDAD,I
22542,CONECTOR DE TITANIO TRANSVERSAL 60 mm PARA BARRA DE TITANIO DE DIAMETRO 3.5 mm   UNIDAD,UNIDAD,I
28273,TUBO POST LARINGECTOMIA DE SILICONA NO ESTERIL NO FENESTRADA 8 mm X  36 mm   UNIDAD,UNIDAD,I
38375,SOPORTE IMPREGNADO CON MANZANILLA 20 cm x 30 cm   UNIDAD,UNIDAD,I
38518,TORNILLO CANULADO 3.5 mm X 29 mm   UNIDAD,UNIDAD,I
45205,ANTICUERPO ANTI HERPES VIRUS 1 IgG ELISA  DETERMINACION UNIDAD,UNIDAD,I
35094,SISTEMA PARA IDENTIFICACION + ANTIBIOGRAMA DE BACTERIAS GRAM NEGATIVAS (SECRECIONES)  1 DET KIT,KIT,I
53304,ESPIRAL PARA EMBOLIZACION ENDOVASCULAR 13 mm X 48 cm   UNIDAD,UNIDAD,I
54304,BALON DILATADOR DE COLON DE 11 mm X 5.5 cm Y CATETER DE 240 cm - - UNIDAD,UNIDAD,I
4162,ISOFLURANO 100 % 100 mL SOLUCION,SOLUCION,M
28491,INSULINA DETEMIR 100 UI/ mL 3 mL INYECTABLE,INYECTABLE,M
36091,CATETER DE DRENAJE MULTIPROPOSITO 8 FR X 25 cm   UNIDAD,UNIDAD,I
28884,CATETER VENOSO CENTRAL DOBLE LUMEN 10 FR X 18 cm   UNIDAD,UNIDAD,I
15799,CLAVO KUNTSCHER 10 mm X 30 cm   UNIDAD,UNIDAD,I
51602,ANTICUERPO ANTI TOXOPLASMA GONDII IgG ELISA X 96 DETERMINACIONES   UNIDAD,UNIDAD,I
12637,TORNILLO ESPONJOSO 6.5 mm ROSCA 32 mm X 75 mm   UNIDAD,UNIDAD,I
38972,MALLA DE TITANIO 10 mm x 10 mm   UNIDAD,UNIDAD,I
33181,PINZA BIPOLAR PARA SELLADO DE VASOS CON CUCHILLA DE CORTE DE 5 mm X 35 cm PUNTA CURVA	   UNIDAD,UNIDAD,I
33382,TOBILLERA ELASTICA N° 4   UNIDAD,UNIDAD,I
25480,TORNILLO MALEOLAR 4.5 mm X 42 mm   UNIDAD,UNIDAD,I
52009,ELECTRODO AUTOADHESIVO PARA ELECTROTERAPIA 5 X 9 cm   UNIDAD,UNIDAD,I
53349,CONO DE GUTAPERCHA SET Nº 20 DE 28 mm X 6   UNIDAD,UNIDAD,I
45093,PROTESIS VALVULAR AORTICA EXPANDIBLE TRANSCATETER TRANSFEMORAL 29 mm   UNIDAD,UNIDAD,I
23020,ANTISUERO ANTI SHIGUELLA BOYDII TIPO 3  3 mL INYECTABLE,INYECTABLE,I
31646,ELECTRODO TIPO ESPATULA PARA ELECTROBISTURI 2.4 mm X 4.7 cm   UNIDAD,UNIDAD,I
22180,BOLSA INFUSORA DE PRESION X 1 L   UNIDAD,UNIDAD,I
26472,PROPILENGLICOL USP  1 Kg UNIDAD,UNIDAD,I
34814,TAPENTADOL (TABLETA LIBERACION MODIFICADA) 100 mg  TABLETA,TABLETA,M
35317,INJERTO VASCULAR BIFURCADO DE DACRON 10 mm X 20 mm X 40 cm   UNIDAD,UNIDAD,I
24074,ESPARADRAPO ANTIALERGICO PLASTIFICADO 5 cm X 9.1 m   UNIDAD,UNIDAD,I
19400,CALDO UREA  500 g SOLUCION,SOLUCION,I
45004,FRESA PARA CRANEOTOMO DE ACERO PARA PERFORACION TIPO CERILLO DE 3.0 mm X 14 cm   UNIDAD,UNIDAD,I
30288,SOPORTE METALICO LARGO MONOTUTOR CON PINZAS PLANAS PARA NIÑO   UNIDAD,UNIDAD,I
34689,GASA QUIRURGICA RADIOPACA ESTERIL CON HILO 10 cm X 10 cm X 10   UNIDAD,UNIDAD,I
45216,CATETER DE ULTRASONIDO INTRAVASCULAR 3 FR X 135 cm   UNIDAD,UNIDAD,I
51929,COBERTOR DESCARTABLE ESTERIL 60 in X 96 in	   UNIDAD,UNIDAD,I
36582,CLORHEXIDINA GLUCONATO + CETRIMIDA 1.5 g/100 mL + 15 g/100 mL 1 gal SOLUCION,SOLUCION,I
32768,APOSITO HIDROCELULAR DE POLIURETANO NO ADHESIVO ESTERIL DE 3 CAPAS 15 cm X 15 cm   UNIDAD,UNIDAD,I
16886,PLACA DE COMPRESION Y BLOQUEO ESTRECHA DE LCP DE 10 AGUJEROS X 4.5 mm   UNIDAD,UNIDAD,I
33319,AGAR SELENITO  500 g UNIDAD,UNIDAD,I
11430,LINEA ARTERIAL PARA MAQUINA HEMODIALISIS   UNIDAD,UNIDAD,I
12630,TORNILLO ESPONJOSO 6.5 mm ROSCA 32 mm X 40 mm   UNIDAD,UNIDAD,I
51334,COLORANTE AZUL BRILLANTE 0.25 mg/mL X 1.0 mL   UNIDAD,UNIDAD,I
24918,CLAVO ENDOMEDULAR ELASTICO DE TITANIO 1.5 mm   UNIDAD,UNIDAD,I
27178,CANULA ARTERIAL FEMORAL N° 20   UNIDAD,UNIDAD,I
46710,FORMULA NUTRICIONAL CON PROTEINAS  850 GR POLVO,POLVO,M
18189,SUTURA CATGUT  CROMICO 3/0 C/A 1/2 MEDIO CIRCULO REDONDA 15 mm X 70 cm   UNIDAD,UNIDAD,I
49555,"ANTISUERO ANTI SALMONELLA ""O"" GRUPO C1 (6,7)  X 3 mL UNIDAD",UNIDAD,I
15267,BOLSA DE JEBE PARA AGUA CALIENTE X 2 L   UNIDAD,UNIDAD,I
2848,DIETILESTILBESTROL 1 mg  TABLETA,TABLETA,M
24529,SET DE LINEA ARTERIAL Y VENOSA PARA HEMODIALIS PEDIATRICA   UNIDAD,UNIDAD,I
33854,FRESA PILOTO 1.3 mm EXTENDIDA   UNIDAD,UNIDAD,I
40411,INTRODUCTOR FEMORAL DE 7 FR x 70 cm PARA ANGIOGRAFIA   UNIDAD,UNIDAD,I
42942,INDICADOR BIOLOGICO DE ESTERILIZACION A CALOR HUMEDO LECTURA RAPIDA  X 50 UNIDAD,UNIDAD,I
47299,TORNILLO DE BLOQUEO 4.0 mm X 45 mm   UNIDAD,UNIDAD,I
45002,SOPORTE MOLDEABLE DE ALUMINIO PARA TERAPIA INTRAVENOSA 6 cm X 16 cm   UNIDAD,UNIDAD,I
27676,MARCADOR ENDOSCOPICO  5 mL UNIDAD,UNIDAD,I
46095,GAS PERFLUOROPROPANO (C3 F8) M3 UND. UNIDAD,UNIDAD,I
33233,CATETER CORONARIO TIPO AMPLATZ IZQUIERDO 5 FR X 100 cm ASA N° 1   UNIDAD,UNIDAD,I
25507,IMPLANTE CONDILAR MANDIBULAR DERECHO   UNIDAD,UNIDAD,I
54081,GRAPADORA QUIRURGICA LINEAL ENDOSCOPICA CORTANTE ARTICULADA 60 mm X 34 cm - 60 mm X 34 cm UNIDAD,UNIDAD,I
50637,AUDIFONO RETROAURICULAR DIGITAL PROGRAMABLE DE GANANCIA ACUSTICA DE 50 - 60 dB 9 CANALES   UNIDAD,UNIDAD,I
27827,MICROPLACA RECTANGULAR ( 4 X2) DE 4 ORIFICIOS DE DIAMETRO1.5 mm   UNIDAD,UNIDAD,I
50373,PLACA DE MALLA PREFORMADA PARA OSTEOSINTESIS CRANEAL X 200 mm x 200 mm x 0.9 mm   UNIDAD,UNIDAD,I
50829,SOLUCION DE REFERENCIA PARA OSMOMETRO X 2 mL   UNIDAD,UNIDAD,I
25465,FRESA PARA CRANEOTOMIA DE ACERO PARA CORTE ADULTO 1.5 mm X 11.1 mm   UNIDAD,UNIDAD,I
36812,CAJA DE CARTON DESCARTABLE PARA MATERIAL PUNZOCORTANTE X 7 L   UNIDAD,UNIDAD,I
30436,EFAVIRENZ + EMTRICITABINA + TENOFOVIR 600 mg + 200 mg + 300 mg	  TABLETA,TABLETA,M
33394,MEDIA ELASTICA TALLA N° 12   UNIDAD,UNIDAD,I
26398,"MICRO GUIA 0.14""   UNIDAD",UNIDAD,I
30936,SUTURA LINO MULTIEMPAQUE 4/0 S/A 10 HEBRAS X 75 cm   UNIDAD,UNIDAD,I
11323,INTRODUCTOR CON VALVULA ANTREFLUJO 4 F X 13 cm   UNIDAD,UNIDAD,I
33013,CASSETTE DE ULTRASONIDO PARA EQUIPO FACOEMULSIFICADOR LAUREATE   UNIDAD,UNIDAD,I
47303,BROCA 2.2 mm X 250 mm   UNIDAD,UNIDAD,I
41250,LEVOFLOXACINO 25 mg/mL 20 mL INYECTABLE,INYECTABLE,M
29684,BROCA DE 2.7 mm DE DIAMETRO X 100 mm   UNIDAD,UNIDAD,I
22737,PLACA SEMITUBULAR DE 4 AGUJEROS X 4.5 mm   UNIDAD,UNIDAD,I
24037,REACTIVO DE FOSFATASA ALCALINA  125 DET KIT,KIT,I
41954,TUBO ENDOTRAQUEAL ANILLADO Nº 5.5 CON BALON SIN GUIA   UNIDAD,UNIDAD,I
51593,SUPLEMENTO NUTRICIONAL DIETETICO INFANTIL DE SEGUIMIENTO PLV 350 g  350 g UNIDAD,UNIDAD,M
22293,ANTISUERO ANTISALMONELLA SOMATICO B  3 mL SOLUCION,SOLUCION,I
36708,CASSETTE RANURADO PARA INCLUSION DE BIOPSIAS X 500   UNIDAD,UNIDAD,I
24109,SUTURA LINO MULTIEMPAQUE 0 S/A 10 HEBRAS X 75 cm   UNIDAD,UNIDAD,I
39676,TORNILLO PEDICULAR POLIAXIAL DE TITANIO 4.50 mm X 30 mm   UNIDAD,UNIDAD,I
21226,ALAMBRE QUIRURGICO 1.2 mm X 50 cm   UNIDAD,UNIDAD,I
37038,PLACA DE OSTEOSINTESIS DE ACERO INOXIDABLE PARA FEMUR DISTAL LATERAL CON SISTEMA PARA TORNILLOS DE BLOQUEO X 7 AGUJE   UNIDAD,UNIDAD,I
19187,FILTRO ANTIBACTERIAL DESCARTABLE PARA EQUIPO DE ANESTESIA   UNIDAD,UNIDAD,I
25495,TORNILLO DE EMERGENCIA 2.4 mm X 6 mm   UNIDAD,UNIDAD,I
44527,AGUJA KIRSCHNER CON DOBLE PUNTA TROCAR 0.9 mm X 152 mm   UNIDAD,UNIDAD,I
42302,FILTRO DIALIZADOR DE ALTO FLUJO DE MEMBRANA SINTÉTICA 1.9 m2   UNIDAD,UNIDAD,I
49986,FRASCO DE VIDRIO BOROSILICATO X 500 mL CON TAPA ROSCA   UNIDAD,UNIDAD,I
38025,BROCA DE ANCLAJE RAPIDO 2.5 mm X 130 mm   UNIDAD,UNIDAD,I
35727,GEL LUBRICANTE NO ESPERMICIDA  5 g UNIDAD,UNIDAD,I
41554,INJERTO DE TEJIDO OSEO ESPONJOSO CHIPS 20 mL   UNIDAD,UNIDAD,I
33949,PLACA VOLAR DE 4 AGUJEROS X 3.5 mm PARA RADIO DISTAL DERECHO   UNIDAD,UNIDAD,I
40949,LINEA DE INFUSION DE 4 m DE LONGITUD PARA BOMBA DE LLENADO DE MEDIDOR DE URODINAMIA   UNIDAD,UNIDAD,I
10140,"AGUJA PARA EXTRACCION AL VACIO MULTIPLE 21 G X 1""   UNIDAD",UNIDAD,I
33849,"TUBO DE DRENAJE PEN ROSE 1/4"" X 17""   UNIDAD",UNIDAD,I
22011,EQUIPO DE ASPIRACION PORTATIL DESCARTABLE Nº 4.8   UNIDAD,UNIDAD,I
41599,MEDIO DE TRANSPORTE PARA CULTIVO   UNIDAD,UNIDAD,I
29683,MANGA MIXTA PARA ESTERILIZAR CON VAPOR Y/O OXIDO DE ETILENO CON FUELLE 15 cm   UNIDAD,UNIDAD,I
51266,CONO DE GUTAPERCHA SET DE 0.30 mm CON CONICIDAD 6% X 60 UNIDADES   UNIDAD,UNIDAD,I
42642,HORMONA INSULINA X 100 DETERMINACIONES  X 100 DETERMINACIONES UNIDAD,UNIDAD,I
44184,DESPARAFINIZANTE Y ACLARANTE PARA HISTOPATOLOGIA X 5 L   UNIDAD,UNIDAD,I
37676,TREPANO CORNEAL BARRON DESCARTABLE 8.75 mm   UNIDAD,UNIDAD,I
33736,SOPORTE DE MENTON Y CUELLO ELASTICO TALLA N° 4   UNIDAD,UNIDAD,I
29203,TORNILLO DE BLOQUEO 4.0 mm X 38 mm   UNIDAD,UNIDAD,I
48478,MECHA DE GASA PARA CIRUGIA DE 1.5 cm X 50 cm  X 5 UNIDADES UNIDAD,UNIDAD,I
2896,DIMETICONA + MAGALDRATO 40 mg + 540 mg/5 mL 150 mL SUSPENSION,SUSPENSION,M
34512,PROTESIS DE RESECCION MODULAR BI-COMPARTIMENTAL DE FEMUR DISTAL CON ARTICULACION DE RODILLA IZQUIERDA CEMENTADA   UNIDAD,UNIDAD,I
34515,PLACA DCS 95° 10 AGUJEROS   UNIDAD,UNIDAD,I
45998,TRAJE DESCARTABLE PARA PROTECCION TIPO MAMELUCO EN TELA NO TEJIDA DE POLIETILENO DE ALTA DENSIDAD TALLA XL   UNIDAD,UNIDAD,I
37105,"CATETER EPIDURAL Nº 20 G X 3 1/4""   UNIDAD",UNIDAD,I
39656,MANGA DE POLIETILENO ESTERIL PARA LAPAROSCOPIA 20 cm x 2.5 m   UNIDAD,UNIDAD,I
24255,TORNILLO ESPONJOSO 6.5 mm X 32 mm   UNIDAD,UNIDAD,I
48167,ESTANDAR ESCALA MC FARLAND LATEX 1.0 (KIT)   KIT,KIT,I
19974,CHASIS (CASSETTE) PARA PELICULA RADIOGRAFICA CON PANTALLA SENSIBLE AL VERDE 11'' x 14''   UNIDAD,UNIDAD,I
38607,ANTICUERPO ANTI TREPONEMA PALLIDUM TOTAL METODO QUIMIOLUMINISCENCIA  100 DET KIT,KIT,I
42925,CONECTOR PARA UNION CERVICO-DORSAL DE BARRA 3.2 mm CON BARRA DE 5.5 mm  UNIDAD UNIDAD,UNIDAD,I
39759,ASA DE CORTE MONOPOLAR PARA RESECTOSCOPIO 26 CHARR   UNIDAD,UNIDAD,I
21065,TORNILLO INTERMAXILAR 2.0 mm X 9 mm   UNIDAD,UNIDAD,I
24925,PLACA DE PACIENTE CON ADHESIVO HIDROGEL SIN CORDON   UNIDAD,UNIDAD,I
16422,FILTRO ANTIBACTERIANO PARA VENTILADOR MECANICO ESPIRATORIO   UNIDAD,UNIDAD,I
34255,TORNILLO DE BLOQUEO 4.0 mm X 28 mm   UNIDAD,UNIDAD,I
33638,TORNILLO MALEOLAR 4.5 mm X 34 mm   UNIDAD,UNIDAD,I
26000,SUTURA POLIPROPILENO MONOFILAMENTO 6/0 C/A 3/8 CIRCULO CORTANTE 10 mm X 75 cm   UNIDAD,UNIDAD,I
29813,EMPAQUE TIPO TYVECK PARA ESTERILIZACION CON PEROXIDO DE HIDROGENO 25.0 cm X 70 m   UNIDAD,UNIDAD,I
39847,TRIOXIDO DE ARSENICO 1 mg/mL 10 mL INYECTABLE,INYECTABLE,M
39146,CATETER DE DIAGNOSTICO MILIMETRADO DOBLE J 5 FR x 100 cm   UNIDAD,UNIDAD,I
49261,ESPARADRAPO HIPOALERGENICO DE TELA 7.62 cm X 9.10 m APROX.   UNIDAD,UNIDAD,I
22248,INSULINA GLARGINA 100 UI/mL 10 mL INYECTABLE,INYECTABLE,M
41007,FRASCO DE VIDRIO COLOR AMBAR CON TAPA 120 mL   UNIDAD,UNIDAD,I
17775,CARMUSTINA 100 mg  INYECTABLE,INYECTABLE,M
28756,PLACA LCP DE 7 AGUJEROS 4.5/5.0 mm PARA TIBIA PROXIMAL EXTERNA DERECHA   UNIDAD,UNIDAD,I
37092,MARCADOR TUMORAL CA 15-3  100 DET KIT,KIT,I
54897,TREPANO CORNEAL DONANTE SIN VACIO DESCARTABLE - X 7.75 mm UNIDAD,UNIDAD,I
26791,COLORANTE GRAM  500 mL (4 FRASCOS) UNIDAD,UNIDAD,I
34952,GASA DOBLADA ESTERIL 10 cm X 10 cm X 8 CAPAS   UNIDAD,UNIDAD,I
33690,CHALECO MANGA LARGA ELASTICA TALLA N° 8   UNIDAD,UNIDAD,I
20157,MALLA DE TITANIO CILINDRICA DE REEMPLAZO DE CUERPO VERTEBRAL 19 mm X 90 mm   UNIDAD,UNIDAD,I
30760,REACTIVO BENEDICT  500 mL SOLUCION,SOLUCION,I
51803,DISPOSITIVO DE COMPRESION DE ARTERIA RADIAL ESTANDAR   UNIDAD,UNIDAD,I
33403,PANTALONETA COMPLETA ELASTICA TALLA N° 10   UNIDAD,UNIDAD,I
47425,KIT AGENTE ESCLEROSANTE X 3g   UNIDAD,UNIDAD,I
30217,TORNILLO DE TITANIO AUTORROSCANTE 2.4 mm X 8 mm   UNIDAD,UNIDAD,I
25553,TRANSAMINASA GLUTAMICA PIRUVICA (TGP) CINETICA  100 DET KIT,KIT,I
31694,CLAMP DENTAL   UNIDAD,UNIDAD,I
54851,INYECTOR DE ESCLEROTERAPIA DE 2.8 mm X 230 cm PARA GASTROSCOPIO CON AGUJA - N░23 G X 6 mm UNIDAD,UNIDAD,I
41822,CREATINA QUINASA CK-MB CINETICA X 100 DETERMINACIONES  100 DET KIT,KIT,I
24055,ESPONJA HEMOSTATICA DE CELULOSA 10 cm X 20 cm   UNIDAD,UNIDAD,I
31198,CEREAL INSTANTANEO  250 g UNIDAD,UNIDAD,I
29530,CLAVO STEINMAN 4.5 mm x 300 mm   UNIDAD,UNIDAD,I
49264,AGUJA PARA LOCALIZACION DE LESION NO PALPABLE EN MAMA 20 G X 15 cm   UNIDAD,UNIDAD,I
42525,SUTURA DE POLIPROPILENO AZUL MONOFILAMENTO 2/0 C/DOBLE AGUJA 1/2 CIRCULO REDONDA 22 mm X 75 cm   UNIDAD,UNIDAD,I
22630,INFUSOR GRAN VOLUMEN PARA 7 DIAS DESCARTABLE   UNIDAD,UNIDAD,I
26707,PLACA LC-DCP ANCHA 16 AGUJEROS 4.5 mm   UNIDAD,UNIDAD,I
34105,STENT METALICO CUBIERTO PARA ARTERIA AORTA Y PULMONAR DE 2.8 cm X 8 mm   UNIDAD,UNIDAD,I
52708,TREHALOSA + HIALURONATO DE SODIO + CARBOMERO 3% + 0.15% + 0.25% GEL OFT X 0.4 g   UNIDAD,UNIDAD,I
53367,LIGADURA DE SILICONA VASCULAR 1.0 mm X 406 mm   UNIDAD,UNIDAD,I
21902,METFORMINA + SITAGLIPTINA 500 mg + 50 mg  TABLETA,TABLETA,M
36948,AGUJA DE BIOPSIA TIPO TRUCUT DESCARTABLE 14 G X 10 cm   UNIDAD,UNIDAD,I
44987,SOPORTE MOLDEABLE DE ALUMINIO PARA TERAPIA INTRAVENOSA 7 cm X 21 cm   UNIDAD,UNIDAD,I
48456,LIMA K N° 15 DE 25 mm X 6   UNIDAD,UNIDAD,I
26769,DISCO DE SENSIBILIDAD DE SULFAMETOXAZOL 25 ug 50 DISCOS UNIDAD,UNIDAD,I
11822,SOLUCION DE BUROW 5% 120 mL SOLUCION,SOLUCION,M
53874,JERINGA DESCARTABLE DE INSULINA 1 mL CON AGUJA 31 G X 5/16 in N/A - UNIDAD,UNIDAD,I
23160,SUTURA ACIDO POLIGLICOLICO 6/0 C/A 1/2 CIRCULO REDONDA 15 mm X 70 cm   UNIDAD,UNIDAD,I
36725,BIFONAZOL USP  1 g UNIDAD,UNIDAD,I
29011,CLIP PARA ENDOSCOPIA DIGESTIVA ROTABLE 90° 6 mm   UNIDAD,UNIDAD,I
49923,TORUNDA DE GASA ESTERIL  X 3 UNI UNIDAD,UNIDAD,I
41843,PUNTA DE IRRIGACION ASPIRACION CON CABEZAL DE SILICONA DE 0.3 mm CURVA   UNIDAD,UNIDAD,I
54549,"KIT PARA TRATAMIENTO DE HERIDAS (ESPONJA DE POLIURETANO, LAMINAS ADHESIVAS, DISCO DE TRIPLE LUMEN Y CONECTOR EN Y) M - - UNIDAD",UNIDAD,I
27303,CAMPO QUIRURGICO ESTERIL DESCARTABLE 80 cm X 60 cm   UNIDAD,UNIDAD,I
10220,ALCOHOL ETILICO (ETANOL) 70° 100 mL SOLUCION,SOLUCION,M
42449,CANULA ENDOLUMINAL (STENT) CORONARIA DE METAL MEDICADA  3.5 mm X 20 mm UNIDAD,UNIDAD,I
52020,RECARGA PARA GRAPADORA QUIRURGICA LINEAL CORTANTE ENDOSCOPICA 60 mm X 3.6 mm   UNIDAD,UNIDAD,I
2272,CLOTRIMAZOL + DEXAMETASONA + GENTAMICINA 1 g + 40 mg + 100 mg/100 g 20 g CREMA,CREMA,M
37882,CANISTERS DE PLASTICO X 1 L   UNIDAD,UNIDAD,I
29841,MANGA MIXTA PAPEL Y PLASTICO PARA ESTERILIZACION CON FUELLE DE 2.5 cm X 7.5 cm X 100 m   UNIDAD,UNIDAD,I
48441,TROCAR PARA CIRUGIA LAPAROSCOPICA DE 5.5 mm DE DIAMETRO   UNIDAD,UNIDAD,I
50431,SUSTITUTO SINTETICO OSEO DE HIDROXIPATITA Y FOSFATO TRICALCICO TIPO CUÑA DE 20 mm X 15 mm X 8 mm   UNIDAD,UNIDAD,I
24048,MANTA TERMICA PEDIATRICA DE 152 cm X 81 cm   UNIDAD,UNIDAD,I
43524,CANULA ENDOLUMINAL (STENT) CORONARIA DE METAL MEDICADA  2.25 mm X 20 mm UNIDAD,UNIDAD,I
35564,TAMBOR DE ACERO QUIRURGICO 12 cm X 10 cm   UNIDAD,UNIDAD,I
31782,LENTE INTRAOCULAR DIOPTRIA 25.5 CAMARA POSTERIOR PLEGABLE 1 PIEZA   UNIDAD,UNIDAD,I
33248,CATETER BALON PARA VALVULOPLASTIA PULMONAR 18 mm X 4 cm DE 8 Fr X 100 cm   UNIDAD,UNIDAD,I
37653,TIPS PARA ASPIRACION 0.3 mm	   UNIDAD,UNIDAD,I
35074,CATETER MULTIPROPOSITO VERTEBRAL 4 FR X 100 cm   UNIDAD,UNIDAD,I
32266,CANULA BINASAL PARA OXIGENO NEONATO DE SILICONA 6 FR X 2.00 mm   UNIDAD,UNIDAD,I
31789,SUTURA SEDA NEGRA TRENZADA MULTIEMPAQUE 0 S/A 8 mm X 50 cm   UNIDAD,UNIDAD,I
19964,TORNILLO ESPONJOSO 3.5 mm X 24 mm   UNIDAD,UNIDAD,I
50309,PEPTIDO C AUTOMATIZADO   UNIDAD,UNIDAD,I
43790,FIJADOR EXTERNO DE MUÑECA   UNIDAD,UNIDAD,I
54103,CINTA ADHESIVA PARA FIJAR TUBOS ENDOTRAQUEALES - 5 cm X 5 m UNIDAD,UNIDAD,I
17658,MORFINA 1 o/oo/100 mL 500 mL SOLUCION,SOLUCION,M
25264,ANTIGENO BRUCELLAS ABORTUS PARA PRUEBA DE ROSA DE BENGALA X 5 mL  160 DOSIS UNIDAD,UNIDAD,I
47600,GUANTE RESISTENTE A AGENTES QUIMIOTERAPEUTICOS DE ALTO RIESGO DESCARTABLE DE NITRILO SIN POLVO  TALLA S UNIDAD,UNIDAD,I
26816,PROTESIS MIEMBRO INFERIOR ARRIBA DE RODILLA DERECHA DE POLIPROPILENO   UNIDAD,UNIDAD,I
25890,SUERO BOVINO FETAL  500 mL UNIDAD,UNIDAD,I
33692,CHALECO MANGA LARGA ELASTICA TALLA S   UNIDAD,UNIDAD,I
42110,APOSITO TRANSPARENTE ADHESIVO 6.5 cm X 7 cm   UNIDAD,UNIDAD,I
44919,CAJA DE POLIETILENO PARA ARCHIVO DE BLOQUES DE RESINA 36 mm X 57 mm X 79 mm APROX.   UNIDAD,UNIDAD,I
50458,KIT DE ADN PARA LEUCEMIA LINFOBLASTICA  20 DETERMINACIONES KIT,KIT,I
11971,SUTURA NAILON AZUL MONOFILAMENTO 5/0 C/A 3/8 CIRCULO CORTANTE 15 mm X 45 cm	   UNIDAD,UNIDAD,I
42329,CAJA INTERSOMATICA LUMBAR 7 mm X 10 mm X 27 mm  UNIDAD UNIDAD,UNIDAD,I
41953,TUBO ENDOTRAQUEAL ANILLADO Nº 4.5 CON BALON SIN GUIA   UNIDAD,UNIDAD,I
39692,OCLUSOR VASCULAR II 12 mm x 9 mm   UNIDAD,UNIDAD,I
30518,HOJA DESCARTABLE Nº 2 PARA LARINGOSCOPIO   UNIDAD,UNIDAD,I
30605,LAMINILLA CUBRE OBJETO 22 mm X 22 mm X 100   UNIDAD,UNIDAD,I
49294,HORMONA DE CRECIMIENTO  1 DETERMINACION UNIDAD,UNIDAD,I
49608,CATETER BALON PARA ANGIOPLASTIA TRANSLUMINAL PERCUTANEA 6 mm X 40 mm X 5 FR X 135 cm   UNIDAD,UNIDAD,I
46468,GRAPADORA QUIRURGICA LINEAL CORTANTE ENDOSCOPICA CON MANGO ELECTRICO   UNIDAD,UNIDAD,I
21268,CLIP DE ANEURISMA RECTO 7 mm   UNIDAD,UNIDAD,I
49801,TUBO DE ENSAYO DE VIDRIO BOROSILICATO 16 mm X 100 mm   UNIDAD,UNIDAD,I
32325,JERINGA DESCARTABLE 50 mL PICO ROSCA SIN AGUJA   UNIDAD,UNIDAD,I
26509,TORNILLO DE BLOQUEO 5.0 mm X 55 mm   UNIDAD,UNIDAD,I
22955,CRIOVIAL DE POLIPROPILENO 2.0 mL GRADUADO CON ZONA DE ROTULADO X 100   UNIDAD,UNIDAD,I
30251,PIE SACH DE PROTESIS DE MIEMBRO INFERIOR   UNIDAD,UNIDAD,I
40076,SET INSTRUMENTAL QUIRURGICO PARA CIRUGIA DE ABDOMEN X 24 PIEZAS   SET,SET,I
19567,CATETER TORAXICO C/GUIA SILICONA Nº 14   UNIDAD,UNIDAD,I
1253,BISMUTO SUBSALICILATO 87.33 mg/5 mL 100 mL SUSPENSION,SUSPENSION,M
33425,MUSLERA CON PRETINA ELASTICA TALLA N° 8   UNIDAD,UNIDAD,I
26518,TORNILLO CORTICAL DE TITANIO AUTORROSCANTE 2.0 mm X 6 mm   UNIDAD,UNIDAD,I
25438,FRASCO DE VIDRIO CLASE A BOCA ANCHA GRADUADO X 1 L CON TAPA ROSCA RESISTENTE A 140ºC   UNIDAD,UNIDAD,I
39598,"MANTA ABSORBENTE DE FLUIDOS DE SUPERFICIE DE POLIPROPILENO 32"" X 40""   UNIDAD",UNIDAD,I
22073,PLACA DCP ANGOSTA DE 06 AGUJEROS X 4.5 mm   UNIDAD,UNIDAD,I
43215,PINZA PARA EXTRACCION DE CUERPO EXTRAÑO MANDIBULA DE COCODRILO CRUZ SERRADA 2.3 mm X 230 cm   UNIDAD,UNIDAD,I
32330,PLACA PETRI DE PLASTICO ESTERIL DESCARTABLE 15 mm X 100 mm X 500   UNIDAD,UNIDAD,I
18885,ESPARADRAPO IMPERMEABLE DE TELA 5 cm X 5 m   UNIDAD,UNIDAD,I
39684,PRUEBA DE RASTREO DE ANTICUERPOS IRREGULARES ANTIERITROCITARIOS  1 DET KIT,KIT,I
48408,SUTURA DE POLIPROPILENO AZUL MONOFILAMENTO 4/0 C/AGUJA 1/2 CIRCULO REDONDA 20 mm X 75 cm   UNIDAD,UNIDAD,I
17653,LETROZOL 2.5 mg  TABLETA,TABLETA,M
41904,TORNILLO CORTICAL  4.0MM X 32 MM UNIDAD,UNIDAD,I
31385,LAMINA PORTA OBJETO 25 mm X 75 mm   UNIDAD,UNIDAD,I
33864,TROCAR PARA CIRUGIA LAPAROSCOPICA DE 11 mm DE DIAMETRO DESCARTABLE   UNIDAD,UNIDAD,I
5612,PROGESTERONA 100 mg  TABLETA,TABLETA,M
11349,JERINGA DE VIDRIO 10 mL   UNIDAD,UNIDAD,I
18895,GENTAMICINA (SOLUCION OFTALMICA) 3 mg/mL 5 mL SOLUCION,SOLUCION,M
38298,LIGA CLIPS DE TITANIO TAMAÑO MICRO PARA LAPAROSCOPIA   UNIDAD,UNIDAD,I
38697,KIT PARA NEFROSTOMIA PERCUTANEA 10.2 FR   KIT,KIT,I
54631,LUGOL - X 30 mL UNIDAD,UNIDAD,I
53342,CONTENEDOR DE POLIPROPILENO X 7 L   UNIDAD,UNIDAD,I
33593,GUANTE DEDOS PARCIALMENTE CUBIERTOS ELASTICO TALLA N° 12   UNIDAD,UNIDAD,I
33447,TORNILLO ESPONJOSO ROSCA TOTAL 4.0 mm X 20 mm   UNIDAD,UNIDAD,I
16418,FIJADOR PARA FEMUR   UNIDAD,UNIDAD,I
51418,CANULA PEDIATRICA PARA TERAPIA DE ALTO FLUJO TALLA M   UNIDAD,UNIDAD,I
40307,SONDA DE GASTROSTOMIA 24 FR   UNIDAD,UNIDAD,I
29095,ALCOHOL ETILICO (ETANOL) 99.9% 1 L SOLUCION,SOLUCION,I
45760,KIT PARA IDENTIFICACION DE ANTICUERPOS IRREGULARES ANTIERITROCITARIOS  X DETERMINACION UNIDAD,UNIDAD,I
26115,TORNILLO ESPONJOSO 4.0 mm X 10 mm   UNIDAD,UNIDAD,I
42872,PROTECTOR DE POLIPROPILENO DESCARTABLE 90 cm X 60 cm PARA CAMA  UNIDAD UNIDAD,UNIDAD,I
19589,LITIO CARBONATO  250 g UNIDAD,UNIDAD,I
3930,HIDROCORTISONA + OXITETRACICLINA + POLIMIXINA B (UNGÜENTO OFTALMICO) 1 g + 500 mg + 1000000 UI/100 g 3.5 g UNGÜENTO,UNGUENTO,M
50837,AUDIFONO RETROAURICULAR DE GANANCIA ACUSTICA DE 70 - 90 dB   UNIDAD,UNIDAD,I
36564,PAPEL GLASSINE 75 cm X 50 cm   UNIDAD,UNIDAD,I
28855,VALVULA INTERNA PARA TROCAR DE POLIMERO DE 10 mm   UNIDAD,UNIDAD,I
25593,ESPIRAL PARA EMBOLIZACION ENDOVASCULAR 8 mm X 20 cm   UNIDAD,UNIDAD,I
10425,CANULA PARA TRAQUEOSTOMIA Nº 5 X 44 mm   UNIDAD,UNIDAD,I
24932,"RESINA FOTOCURABLE X 4 g COLOR (A2, A3, A3.5)   KIT",KIT,I
18517,TINTURA DE BENJUI  1 L SOLUCION,SOLUCION,I
45900,BUROSUMAB 30 mg/mL 1 mL INYECTABLE,INYECTABLE,M
48930,PUNTA ESTERIL DESCARTABLE 2 mm PARA PINZA BIPOLAR   UNIDAD,UNIDAD,I
38946,BLOQUEO CON LANZADERA DE METAL PARA FUNDA DE SILICONA PARA PROTESIS DE MIEMBRO INFERIOR   UNIDAD,UNIDAD,I
30975,TABLA ESPINAL   UNIDAD,UNIDAD,I
29765,TORNILLO DE COMPRESION DHS/DCS DE 2.6 mm DE DIAMETRO X 75 mm DE LONGITUD   UNIDAD,UNIDAD,I
26618,TORNILLO DE BLOQUEO 5.0 mm X 32 mm   UNIDAD,UNIDAD,I
51687,SET DE ACCESO NO VASCULAR X 3 PIEZAS - AGUJA 22 G X 15 cm   UNIDAD,UNIDAD,I
24361,CLAVO INTRAMEDULAR BLOQUEADO PARA FEMUR DIAMETRO 12 mm   UNIDAD,UNIDAD,I
37037,PLACA MALLA PARA BASE ORBITARIA 0.2 mm X 60 mm X 120 mm   UNIDAD,UNIDAD,I
33012,PRO CALCITONINA (PCT) CUANTITATIVA  1 DET KIT,KIT,I
19143,JERINGA ASEPTO DESCARTABLE 100 mL   UNIDAD,UNIDAD,I
35112,TIRA DE LIJA DE 4 mm PARA RESINA X 150   UNIDAD,UNIDAD,I
48701,BASILIXIMAB CON DILUYENTE 20 mg  INYECTABLE,INYECTABLE,M
38402,PLACA LCP DE 8 AGUJEROS x 4.5 mm PARA CLAVICULA IZQUIERDA   UNIDAD,UNIDAD,I
45906,ANTICUERPO MONOCLONAL KAPPA CON PACIFIC BLUE  0.4 mL UNIDAD,UNIDAD,I
38790,ESPIRAL PARA EMBOLIZACIoN ENDOVASCULAR 1.5 mm x 1 cm   UNIDAD,UNIDAD,I
50085,MANGA MIXTA PAPEL Y PLASTICO PARA ESTERILIZACION CON FUELLE DE 5 cm X 10 cm X 100 m   UNIDAD,UNIDAD,I
54576,SUTURA DE POLIESTER TRENZADO VERDE 2/0 C/DOBLE AGUJA C/ALMOHADILLA DE TEFLON 1/2 CIRUCLO REDONDA - 22 mm x 75 cm UNIDAD,UNIDAD,I
12586,TORNILLO DE TITANIO 2.0 mm X 11 mm   UNIDAD,UNIDAD,I
16132,CONO DE GUTAPERCHA SET DEL 45-80 (2da SERIE)   UNIDAD,UNIDAD,I
29894,CIRCUITO DE PRESION POSITIVA CONTINUA (CPAP) NASAL N° 10.5   UNIDAD,UNIDAD,I
41864,ADHESIVO FIJADOR DE MALLA PARA HERNIA   UNIDAD,UNIDAD,I
19457,FILTRO ARTERIAL PEDIATRICO   UNIDAD,UNIDAD,I
47450,PROTESIS DE RESECCION DE CUBITO PROXIMAL CON CODO ARTICULADO   UNIDAD,UNIDAD,I
42230,TORNILLO DE BLOQUEO 2.7 mm X 26 mm   UNIDAD,UNIDAD,I
22676,SUTURA SEDA NEGRA TRENZADA 3/0 C/A 3/8 CIRCULO CORTANTE 24 mm X 45 cm   UNIDAD,UNIDAD,I
49602,STENT TRAQUEOCARINOBRONQUICO DE SILICONA EN FORMA Y de 14 mm X 50 mm X 110 mm   UNIDAD,UNIDAD,I
47201,SET DE CATERIZACION ARTERIAL RADIAL Nº 20 G 3.81 cm UNIDAD,UNIDAD,I
43049,CABLE MONOPOLAR PARA PINZA LAPAROSCOPICA   UNIDAD,UNIDAD,I
31089,MICROPLACA DE TITANIO RECTA 10 AGUJEROS SISTEMA 1.6 mm   UNIDAD,UNIDAD,I
15112,AGUJA DE SUTURA 3/8 CIRCULO CORTANTE 40 mm   UNIDAD,UNIDAD,I
43598,LIGA CLIPS DE TITANIO PARA LAPAROSCOPIA X 6   UNIDAD,UNIDAD,I
22986,SUTURA DE POLIPROPILENO AZUL MONOFILAMENTO 2/0 C/DOBLE AGUJA 1/2 CIRCULO REDONDA 26 mm X 90 cm   UNIDAD,UNIDAD,I
33149,HEMOGRAMA AUTOMATIZADO 18 PARAMETROS  2000 DET KIT,KIT,I
30611,CATETER BALON DILATADOR DE ESOFAGO 15 mm - 16.5 mm - 18 mm DE DIAMETRO X 5.5 cm X 180 cm   UNIDAD,UNIDAD,I
51921,CEPILLO DE LIMPIEZA 1.7 mm DE DIAMETRO X 2.18 m DE LONGITUD DE GASTROSCOPIO FUJINOM   UNIDAD,UNIDAD,I
39641,ARCO NITI REDONDOS SUPERIORES N° 16   UNIDAD,UNIDAD,I
44885,APOSITO DE POLIURETANO NEGRO CON SUCCION AL VACIO 18 cm X 12 cm X 3.3 cm   UNIDAD,UNIDAD,I
30232,PROTESIS DE MIEMBRO INFERIOR SYME/ PIROGOFF DE RESINA   UNIDAD,UNIDAD,I
23139,SUTURA NAILON AZUL MONOFILAMENTO 3/0 C/A 1/2 CIRCULO REDONDA 15 mm X 75 cm   UNIDAD,UNIDAD,I
10921,EOSINA Y (AMARILLENTA) BSC COLORANTE POLVO  25 g SOLUCION,SOLUCION,I
33646,TORNILLO ESPONJOSO ROSCA PARCIAL 4.0 mm X 60 mm   UNIDAD,UNIDAD,I
54233,PALIPERIDONA 100 mg 1 mL INYECTABLE,INYECTABLE,M
30302,TWISTER ELASTICO DE 2 in   UNIDAD,UNIDAD,I
29615,COMPLEJO PROTROMBINICO HUMANO 500 UI  INYECTABLE,INYECTABLE,M
34453,PAPEL TERMICO DE IMPRESION PARA REGLA BIOMETRICA 110 mm X 13 m   UNIDAD,UNIDAD,I
30087,TORNILLO ESPONJOSO 3.5 mm X 16 mm   UNIDAD,UNIDAD,I
43719,OCLUSOR PERCUTANEO PARA DEFECTO SEPTAL INTERAURICULAR N° 21   UNIDAD,UNIDAD,I
35251,TORNILLO DE TITANIO PARA REDUCCION DE CIERRE 5.5 mm X 50 mm   UNIDAD,UNIDAD,I
54374,PINZA DE BIOPSIA COPA OVAL SIN AGUJA DESCARTABLE - 1.8 mm X 120 cm -,UNIDAD,I
26196,MARCADOR REFLECTANTE DESCARTABLE DE INSTRUMENTAL QUIRURGICO PARA NEURONAVEGACION   UNIDAD,UNIDAD,I
45946,TORNILLO CORTICAL AUTORROSCANTE  4.5 mm X 46 mm UNIDAD,UNIDAD,I
30019,ACRILICO LIQUIDO DE CURADO RAPIDO X 240 mL   UNIDAD,UNIDAD,I
20822,CANULA PARA TRAQUEOSTOMIA Nº 4.5 CON CAMISA   UNIDAD,UNIDAD,I
22852,"DIQUE DE GOMA LATEX PURO 5"" X 5"" X 50   UNIDAD",UNIDAD,I
40109,PINZA DE BIOPSIA TRANSBRONQUIAL FENESTRADA SIN DIENTE X 120 cm DE LONGITUD   UNIDAD,UNIDAD,I
26137,FRESA QUIRURGICA DIAMANTADA ESFERICA PULIDORA 5 mm   UNIDAD,UNIDAD,I
35815,ESPIRAL PARA EMBOLIZACION ENDOVASCULAR 1 mm X 2 cm   UNIDAD,UNIDAD,I
27505,CONDROITINA SULFATO SODICO + GLUCOSAMINA SULFATO + METILSULFONILMETANO 1.2 g + 1.5 g + 2.4 g 8 g POLVO,POLVO,M
28657,CARTUCHO PARA ANALIZADOR DE GASES ARTERIALES Y ELECTROLITOS CHEM8+   UNIDAD,UNIDAD,I
19537,SUTURA NAILON AZUL MONOFILAMENTO 3/0 C/A 1/2 CIRCULO REDONDA 35 mm X 75 cm   UNIDAD,UNIDAD,I
30097,FRESA DE DIAMANTE DE ALTA VELOCIDAD ESFERICA MEDIANA   UNIDAD,UNIDAD,I
51141,TARJETA P/FENOTIPO RH   UNIDAD,UNIDAD,I
39546,ESPIRAL PARA EMBOLIZACION ENDOVASCULAR 32 mm x 60 cm   UNIDAD,UNIDAD,I
17514,VASELINA SOLIDA  5 g UNIDAD,UNIDAD,I
37275,SUTURA DE POLIPROPILENO 7/0 CON DOBLE AGUJA 3/8 CIRCULO REDONDA 9.3 mm X 75 cm   UNIDAD,UNIDAD,I
54202,KIT DE TUBO CORRUGADO Y CANULA DESCARTABLE PEDIATRICA PARA  TERAPIA RESPIRATORIA DE ALTO FLUJO  - UNIDAD,UNIDAD,I
30338,FERULA DE MIEMBRO SUPERIOR DEDILES DE ORTHOPLAST   UNIDAD,UNIDAD,I
42564,BRAZALETE DESCARTAB. PRESION ARTERIAL NO INVASIVA NEONATAL 4.3 cm - 8 cm P/MONITOR MULTIPARAMETRO   UNIDAD,UNIDAD,I
54293,INTRODUCTOR FEMORAL CON CUBIERTA HIDROFILICA - 11 FR X 23 cm UNIDAD,UNIDAD,I
37974,TREPANO CORNEAL BARRON DESCARTABLE 7.25 mm   UNIDAD,UNIDAD,I
43751,INTRODUCTOR FEMORAL CON CUBIERTA HIDROFILICA 6 FR X 10 cm   UNIDAD,UNIDAD,I
3256,ESTRADIOL 1 mg  TABLETA,TABLETA,M
38489,CLIP DE ANEURISMA RECTO 11 mm TEMPORAL   UNIDAD,UNIDAD,I
48546,FORMULA POLIMERICA PARA PACIENTE CON INSUFICIENCIA RENAL NO DIALIZADO  200 mL UNIDAD,UNIDAD,M
49286,CLAVO KIRSCHNER 0.8 mm X 300 mm   UNIDAD,UNIDAD,I
43788,INJERTO OSEO DE TIRA ILIACA TRICORTICAL 10 mm X 20 mm X 29 mm   UNIDAD,UNIDAD,I
25926,CUCHILLA QUIRURGICA OFTALMOLOGICA DESCARTABLE 2.2 mm   UNIDAD,UNIDAD,I
12281,SUTURA POLIESTER TRENZADA 3/0  C/2A 1/2 CIRCULO REDONDA 15 mm X 75 cm   UNIDAD,UNIDAD,I
23104,MALLA DE TITANIO 75 mm X 110 mm   UNIDAD,UNIDAD,I
26500,MENTOL USP  250 g UNIDAD,UNIDAD,I
29583,TORNILLO CORTICAL AUTORROSCANTE 1.5 mm X 6 mm   UNIDAD,UNIDAD,I
44608,SONDA DE LASER CURVA ESTERIL DESCARTABLE 23 G PARA FOTOCOAGULADOR   UNIDAD,UNIDAD,I
25955,FACTOR DE COAGULACION VIIa RECOMBINANTE (EPTACOG ALFA) 2 mg (100 KUI)  INYECTABLE,INYECTABLE,M
48437,TAPON DE SEGURIDAD PARA TORNILLO PEDICULAR POLIAXIAL DE TITANIO DE 5.0 mm DE DIAMETRO   UNIDAD,UNIDAD,I
54090,SISTEMA DE DRENAJE CERRADO DE SILICONA ESTERIL PLANO CON 4 CANALES INDEPENDIENTES - 7 mm X 3/4 in UNIDAD,UNIDAD,I
52127,FORMULA MODULAR CALORICA  400 g SOLUCION,SOLUCION,M
42849,IINMUNOGLOBULINA G (IGG) AUTOMATIZADO  X 1 DETERMINACION UNIDAD,UNIDAD,I
33286,SISTEMA DE INTRODUCCION DE PROTESIS BILIAR   UNIDAD,UNIDAD,I
36335,FRASCO DE VIDRIO AMBAR 120 mL CON TAPA Y SOBRE TAPA   UNIDAD,UNIDAD,I
38185,CATETER URETERAL DOBLE J 3.0 FR X 12 cm   UNIDAD,UNIDAD,I
39481,ACIDO FOLICO  100 DET KIT,KIT,I
42967,ACIDOS GRASOS HIPEROXIGENADOS SOLUCION  X 30 mL SOLUCION,SOLUCION,I
50490,PAPEL HIGIENICO (ROLLO PERSONAL) HOJA SIMPLE BLANCO   UNIDAD,UNIDAD,I
29414,CORSE DE TAYLOR (10 A 18 AÑOS EDAD)   UNIDAD,UNIDAD,I
37546,PLACA LCP DE 10 AGUJEROS X 171 mm PARA TIBIA PROXIMAL MEDIAL IZQUIERDA   UNIDAD,UNIDAD,I
29907,SISTEMA DE ANCLAJE DE TITANIO PARA TOBILLO 2.4 mm X 7.5 mm   UNIDAD,UNIDAD,I
28379,TORNILLO DE TITANIO 1.6 mm X 8 mm   UNIDAD,UNIDAD,I
53032,ANTICUERPO MONOCLONAL PARA CD 138 (MI15)  6 mL UNIDAD,UNIDAD,I
34915,OCLUSOR PERCUTANEO DE PERSISTENCIA DE DUCTUS ARTERIOSO DE 6 mm X 4 mm   UNIDAD,UNIDAD,I
39170,CIRCUITO DE CORRUGADO DESCARTABLE ADULTO   UNIDAD,UNIDAD,I
41513,CONECTOR DE TITANIO TRANSVERSAL 75 mm PARA BARRA DE FIJACION RECTA 5.5 mm  UNIDAD UNIDAD,UNIDAD,I
53252,VIDEORINOLARINGOSCOPIO FLEXIBLE ESTERIL DE 3.0 mm DESCARTABLE   UNIDAD,UNIDAD,I
40245,REACTIVO SUDAN III x 100 mL   UNIDAD,UNIDAD,I
31674,TEST DE ANTIGENO CA 19-9 METODO AUTOMATIZADO  1 DET KIT,KIT,I
49795,FILTRO DIALIZADOR 0.9 m2   UNIDAD,UNIDAD,I
25235,SUTURA DE POLIPROPILENO AZUL MONOFILAMENTO 5/0 C/DOBLE AGUJA 1/2 CIRCULO REDONDA 15 mm X 75 cm   UNIDAD,UNIDAD,I
47164,HERPES VIRUS 2 IgG ELISA  1 DETERMINACION KIT,KIT,I
55110,MICROGUIA 0.014 in X 300 cm - - UNIDAD,UNIDAD,I
29214,TORNILLO DE BLOQUEO 2.0 mm X 9 mm   UNIDAD,UNIDAD,I
25822,PAPEL CREPADO 1.20 m X 1.20 m (CORTADO)   UNIDAD,UNIDAD,I
36137,CATETER CORONARIO TIPO JUDKINS DERECHO 5 FR X 100 cm ASA Nº 3.5   UNIDAD,UNIDAD,I
22617,TRANSDUCTOR DE CO2  PARA MONITOR MULTIPARAMETRO   UNIDAD,UNIDAD,I
38603,CLIP DE ANEURISMA RECTO 6 mm PERMANENTE   UNIDAD,UNIDAD,I
26699,TORNILLO ESPONJOSO 6.5 mm X 20 mm   UNIDAD,UNIDAD,I
50981,ANTICUERPO MONOCLONAL CD 4 DE RATON CONJUGADO CON FITC X 1 mL   UNIDAD,UNIDAD,I
53883,VIDEOCISTOSCOPIO FLEXIBLE ESTERIL DESCARTABLE N/A 4.0/2.0 mm UNIDAD,UNIDAD,I
46835,AGUJA KIRSCHNER 1.8 mm X 250 mm   UNIDAD,UNIDAD,I
42550,ELECTRODO DE CARBONO DE 43 mm DIAMETRO PARA EQUIPO DE RESONANCIA MAGNETICA   UNIDAD,UNIDAD,I
26507,TORNILLO DE BLOQUEO 5.0 mm X 40 mm   UNIDAD,UNIDAD,I
22664,SUTURA SEDA NEGRA TRENZADA 5/0 C/A 1/2 CIRCULO CORTANTE 15 mm X 75 cm   UNIDAD,UNIDAD,I
12226,SUTURA NAILON AZUL MONOFILAMENTO 4/0 C/A 1/2 CIRCULO CORTANTE 25 mm X 75 cm	   UNIDAD,UNIDAD,I
42253,SISTEMA DE PLACA CONDILEA DE BLOQUEO PEDIATRICA X 5.0 mm   UNIDAD,UNIDAD,I
55298,TELA NO TEJIDA - 2.50 m X 1.20 cm UNIDAD,UNIDAD,I
28341,SUTURA DE POLIPROPILENO AZUL MONOFILAMENTO 2/0 C/DOBLE AGUJA 1/2 CIRCULO REDONDA 20 mm X 75 cm   UNIDAD,UNIDAD,I
22207,FORMULACIONES DE SALES DE REHIDRATACION ORAL PEDIATRICO  1 L SOLUCION,SOLUCION,M
30103,FRASCO DE PLASTICO ESTERIL CON TAPA PARA MUESTRA DE ORINA 100 mL   UNIDAD,UNIDAD,I
38838,SET DE PLACA DE BLOQUEO PARA TIBIA DISTAL DE 10 AGUJEROS x 3.5 mm x 10 PIEZAS   UNIDAD,UNIDAD,I
49048,AGAR COLUMBIA CNA  X 500 g UNIDAD,UNIDAD,I
41309,CLIP ENDOSCOPICO GASTROINTESTINAL DE LARGO PLAZO TIPO TRAMPA DE OSO PUNTIAGUDO LONGITUD DE 165 cm  UNIDAD UNIDAD,UNIDAD,I
23608,SUTURA SEDA NEGRA TRENZADA 1/0 C/A 3/8 CIRCULO CORTANTE 20 mm X 75 cm   UNIDAD,UNIDAD,I
47825,HEPATITIS B ANTIGENO DE SUPERFICIE X AUTOMATIZADO   UNIDAD,UNIDAD,I
35364,CLAVO KIRSCHNER 2.0 mm X 120 mm   UNIDAD,UNIDAD,I
41016,SUTURA ACIDO POLIGLACTIN 6/0 C/A 3/8 CIRCULO CORTANTE 20 mm X 70 cm   UNIDAD,UNIDAD,I
39069,INTRODUCTOR VASCULAR 6 FR x 70 cm   UNIDAD,UNIDAD,I
15153,"AGUJA HIPODERMICA DESCARTABLE N° 16 G X 1 1/2""   UNIDAD",UNIDAD,I
47327,KIT DE MATERIAL MEDICO PARA DRENAJE BILIAR 8 FR X 40 cm   UNIDAD,UNIDAD,I
34739,ALCOHOL YODADO 0.3 g/100 mL 120 mL SOLUCION,SOLUCION,M
17095,SONDA ESOFAGICA SENGSTAKEN BLAKEMORE N° 18 F   UNIDAD,UNIDAD,I
1514,CAPREOMICINA (COMO SULFATO) 1 g  INYECTABLE,INYECTABLE,M
24685,HIALURONATO SODICO 10 mg/mL 0.85 mL INYECTABLE,INYECTABLE,M
40193,SET DE INFUSION INTRAVENOSA RADIOPACO PARA CITOSTATICOS CON BOMBAS   SET,SET,I
52405,CRIOSONDA FLEXIBLE CON TUBO DE EXTRACCION DESCARTABLE 1.1 mm x 1.15 m   UNIDAD,UNIDAD,I
38549,FRESA QUIRURGICA REDONDA DE 8 CANALES DE 4.0 mm DIAMETRO CARBURADA   UNIDAD,UNIDAD,I
29398,TUBO ENDOTRAQUEAL CON LUMEN DE SUCCION INTEGRADO EN EL AREA SUBGLOTICA Nº 7.5   UNIDAD,UNIDAD,I
31188,CATETER PERCUTANEO DOBLE LUMEN CON INTRODUCTOR PELABLE 4.5 FR X 60 cm   UNIDAD,UNIDAD,I
48298,ANTICUERPO MONOCLONAL PARA FACTOR DE TRANSCRIPCION TIROIDEO (TTF-1)  X 1 mL UNIDAD,UNIDAD,I
36451,BROCA 1.3 mm X 100 mm CON TOPE   UNIDAD,UNIDAD,I
33685,TORNILLO DE TITANIO PARA REDUCCION DE CIERRE 5.5 mm X 35 mm   UNIDAD,UNIDAD,I
27092,CATETER BALON PARA ANGIOPLASTIA CORONARIA 2.0 mm X 12 mm   UNIDAD,UNIDAD,I
32068,ALARGADOR DE LAPIZ PARA ELECTROCAUTERIO DE 15.2 cm   UNIDAD,UNIDAD,I
27176,CANULA ARTERIAL FEMORAL N° 12   UNIDAD,UNIDAD,I
54857,SET DE CATETER DE DRENAJE MULTIPROPOSITO 8 FR - X 25 cm UNIDAD,UNIDAD,I
22335,DISCO DE SENSIBILIDAD DE TICARCILINA 75 ug 50 DISCOS UNIDAD,UNIDAD,I
43184,FOSFATO DE SODIO DIBASICO DODECAHIDRATADO USP X 1 KG  1 KG UNIDAD,UNIDAD,I
36908,CAPUCHON DE SILICONA CON ACCESORIOS PARA MICRO TIPS 2.6 mm - 2.75 mm   UNIDAD,UNIDAD,I
38461,PLACA LCP DE 7 AGUJEROS x 4.5/5.0 mm PARA FEMUR DISTAL ADULTO   UNIDAD,UNIDAD,I
20078,CLAVO SCHANZ ROSCA DISTAL 4.0 mm X 250 mm   UNIDAD,UNIDAD,I
42938,PLACA LCP RECTA 12 AGUJEROS X 5.0 mm  UND UNIDAD,UNIDAD,I
50976,ANTICUERPO MONOCLONAL PARA INMUNOHISTOQUIMICA PROTEINA S100 X 1 mL   UNIDAD,UNIDAD,I
19833,TUBO DE GASTROSTOMIA BOTON DE BAJO PERFIL Y DE REEMPLAZO Nº 16 F X 1.2 mm   UNIDAD,UNIDAD,I
21446,LAMINILLA CUBRE OBJETO 22 mm X 40 mm   UNIDAD,UNIDAD,I
38366,CATETER BALON DE BAJO PERFIL 6 mm x 2 cm DE 4 FR X 100 cm   UNIDAD,UNIDAD,I
33448,CLAVO KIRSCHNER 1.2 mm X 200 mm   UNIDAD,UNIDAD,I
44201,CANASTILLA INTERSOMATICA (REEMPLAZO VERTEBRAL) DE TITANIO 10 mm DE DIAMETRO X 27 mm DE LONGITUD   UNIDAD,UNIDAD,I
4256,KETOTIFENO 500 ug/mL 5 mL SOLUCION,SOLUCION,M
20066,PLACA DCP RECTA PESADA (ANCHA) DE 09 AGUJEROS X 4.5 mm   UNIDAD,UNIDAD,I
34446,PAPEL TERMICO DE IMPRESION PARA EQUIPO PERIMETRO COMPUTARIZADO 215 mm X 50 m   UNIDAD,UNIDAD,I
51710,INDICADOR BIOLOGICO DE ESTERILIZACION A CALOR SECO (HORNO)   UNIDAD,UNIDAD,I
54708,PINZA ROBOTICA BIPOLAR FENESTRADA CON ANGULO DE APERTURA DE MANDIBULA 45░ - 28 mm X 327.7 mm UNIDAD,UNIDAD,I
48996,SUTURA DE POLIDIOXANONA 2/0 C/1A 1/2 CIRCULAR REDONDO 26 mm X 20 cm UNIDIRECCIONAL   UNIDAD,UNIDAD,I
33401,PANTALONETA COMPLETA ELASTICA TALLA N° 6   UNIDAD,UNIDAD,I
36307,TERMOMETRO DE VIDRIO RANGO -20 ºC A 110 ºC   UNIDAD,UNIDAD,I
43918,CATETER DE ASPIRACION PERIFERICA DE 6.0 FR X 135 cm   UNIDAD,UNIDAD,I
47286,ANCLA DE SUTURA ATORNILLADO 3.0 mm X 9 mm   UNIDAD,UNIDAD,I
28794,SEGMENTO DE ANILLO CORNEAL INTRAESTROMAL DIAMETRO 5 mm APERTURA DE ARCO 160º ESPESOR 150 micras   UNIDAD,UNIDAD,I
29895,CIRCUITO DE PRESION POSITIVA CONTINUA (CPAP) NASAL N° 12   UNIDAD,UNIDAD,I
47033,FRESA PARA CRANEOTOMO DE ACERO PARA PERFORACION Y DESBASTE TIPO REDONDA DE 3.0 mm X 10 cm   UNIDAD,UNIDAD,I
33147,CATETER URETERAL DOBLE J 3.0 FR X 16 cm   UNIDAD,UNIDAD,I
32449,"AGUJA DENTAL TIPO CARPULE DESCARTABLE Nº 30 G X 1 3/16""   UNIDAD",UNIDAD,I
28854,VALVULA INTERNA PARA TROCAR DE POLIMERO DE 5 mm   UNIDAD,UNIDAD,I
31914,"ARCO PREFORMADO DE NIQUEL, TITANIO (NITINOL) REDONDO SUPERIOR 0.012""   UNIDAD",UNIDAD,I
23439,BILIRRUBINA TOTAL Y DIRECTA  250 DET KIT,KIT,I
40906,BOLSA DE POLIETILENO 2 µm X 58 cm X 72 cm APROX. COLOR ROJO   UNIDAD,UNIDAD,I
54320,MANTA TERMICA PEDIATRICA - 84.5 cm X 44.1 cm UNIDAD,UNIDAD,I
30865,CATETER DE DIAGNOSTICO CUADRUPOLAR 6 FR X 110 cm   UNIDAD,UNIDAD,I
45282,PIE SACH DERECHO UNISEX TALLA 17 COLOR BEIGE   UNIDAD,UNIDAD,I
17569,"JERINGA DESCARTABLE 5 mL CON AGUJA 22 G X 1 1/2""   UNIDAD",UNIDAD,I
38390,CLAVO STEINMAN 2.5 mm x 250 mm   UNIDAD,UNIDAD,I
30011,"BOLSA DE POLIPROPILENO DE BIOSEGURIDAD PARA AUTOCABLE DE 24 "" X 36 "" X100   UNIDAD",UNIDAD,I
54679,RECARGA PARA GRAPADORA ROBOTICA NO CORTANTE COLOR VERDE DESCARTABLE - 4.3 mmm X 45 mm UNIDAD,UNIDAD,I
37731,APOSITO HIDROPOLIMERO 12.5 cm x 12.5 cm CON CONCENTRADO DE PLATA 0.95%	   UNIDAD,UNIDAD,I
52790,TELA NO TEJIDA PARA ESTERILIZACION  1.20 m X 1.20 m UNIDAD,UNIDAD,I
52084,CLAVO INTRAMEDULAR DE TITANIO PARA TIBIA DE 8.5 mm X 30 cm   UNIDAD,UNIDAD,I
36799,PERFORADOR AORTICO 4.8 mm   UNIDAD,UNIDAD,I
31133,AUDIFONO DIGITAL PROGRAMABLE DE 50 - 60 dB   UNIDAD,UNIDAD,I
29839,INDICADOR BIOLOGICO DE ESTERILIZACION A PEROXIDO DE HIDROGENO   UNIDAD,UNIDAD,I
32069,TORNILLO CANULADO AUTOPERFORANTE DE COMPRESION ROSCA LARGA 3.0 mm X 30 mm   UNIDAD,UNIDAD,I
51587,ESPONJA DE ESPUMA DE FIBRA POLIÉSTER IMPREGNADA CON ALOE VERA Y MANZANILLA DE 1 CM X 12 CM X 20 CM   UNIDAD,UNIDAD,I
37824,PAPEL HIGIENICO (ROLLO PERSONAL) BLANCO DE DOBLE HOJA   UNIDAD,UNIDAD,I
38722,PODOFILINA USP  1 g UNIDAD,UNIDAD,I
20208,LENTE INTRAOCULAR CAMARA POSTERIOR 3 PIEZAS DIOPTRIA + 10.0 A + 30.0 DIOPTER   UNIDAD,UNIDAD,I
31771,KIT DE ROPA DESCARTABLE PARA CIRUGIA VAGINAL   KIT,KIT,I
27087,CATETER BALON PARA ANGIOPLASTIA CORONARIA 3.0 mm X 20 mm   UNIDAD,UNIDAD,I
21162,BRAZALETE DE TENSIOMETRO ADULTO   UNIDAD,UNIDAD,I
41314,AGAR CROMOGÉNICO PARA LEVADURAS 5 L   UNIDAD,UNIDAD,I
44935,MINIPLACA DE TITANIO RECTA 8 AGUJEROS SISTEMA 2.4 mm   UNIDAD,UNIDAD,I
29823,INDICADOR BIOLOGICO DE ESTERILIZACION A GAS LECTURA RAPIDA  50 UNIDADES UNIDAD,UNIDAD,I
19673,TRANSAMINASA GLUTAMICA PIRUVICA (TGP) CINETICA  200 DET KIT,KIT,I
43716,OCLUSOR PERCUTANEO PARA DEFECTO SEPTAL INTERAURICULAR N° 15   UNIDAD,UNIDAD,I
31563,TUBO ENDOTRAQUEAL DOBLE LUMEN Nº 35 IZQUIERDO   UNIDAD,UNIDAD,I
47655,EXPANSOR TISULAR RECTANGULAR LISO X 700 ML   UNIDAD,UNIDAD,I
31417,PLACA DCP ANGOSTA DE 9 AGUJEROS   UNIDAD,UNIDAD,I
54234,PALIPERIDONA 75 mg 0.75 mL INYECTABLE,INYECTABLE,M
15768,CAUCHO PARA RESINAS Y AMALGAMA C/A FORMA DE COPA   UNIDAD,UNIDAD,I
31830,SUTURA DE ACERO INOXIDABLE MONOFILAMENTO 3 C/A 1/2 CIRCULO CORTANTE 50 mm X 45 cm   UNIDAD,UNIDAD,I
2672,DEXTRAN + HIPROMELOSA (SOLUCION OFTALMICA) 1 mg + 3 mg/mL 15 mL SOLUCION,SOLUCION,M
51388,CLIP PARA ENDOSCOPIA DIGESTIVA ROTABLE 90° x 16 mm   UNIDAD,UNIDAD,I
26234,"TUBO DE DRENAJE PEN ROSE 1/2"" X 17""   UNIDAD",UNIDAD,I
40140,TORNILLO DE EMERGENCIA 2.25 mm X 4 mm   UNIDAD,UNIDAD,I
38409,DOSAJE DE VITAMINA B12  100 DET KIT,KIT,I
41802,SUTURA DE POLIETILENO MONOFILAMENTO 0 C/A 1/2 CIRCULO REDONDA 26 mm X 91 cm   UNIDAD,UNIDAD,I
40670,SENSOR DE SATURACION DE OXIGENO   UNIDAD,UNIDAD,I
23768,SUTURA NAILON NEGRO MONOFILAMENTO 6/0 C/A 3/8 CIRCULO CORTANTE 15 mm X 45 cm   UNIDAD,UNIDAD,I
52802,"SOLUCION PARA NUTRICION PARENTERAL EN BOLSA DE DOS CAMARAS PRELLENADO CON 70 g AMINOACIDOS (500 mL), 240 g GLUCOSAI  1 L INYECTABLE",INYECTABLE,M
27351,LIGADURA VASCULAR DE SILICONA 1.3 mm x 559 mm   UNIDAD,UNIDAD,I
54905,TREPANO CORNEAL RECEPTOR DESCARTABLE - X 8.25 mm UNIDAD,UNIDAD,I
19185,EQUIPO DE ASPIRACION PORTATIL DESCARTABLE Nº 16   UNIDAD,UNIDAD,I
47374,SET DE MATERIAL INTRODUCTOR DE CATETER  RADIAL CON CUBIERTA HIDROFILICA  6 FR X 10 cm UNIDAD,UNIDAD,I
30278,SOPORTE ESTABILIZADOR MEDIO LATERAL DE TOBILLO PVC PARA ADULTO   UNIDAD,UNIDAD,I
17487,TUBO ENDOTRAQUEAL SIN GLOBO N° 5.5 F   UNIDAD,UNIDAD,I
20423,REACTIVO DE GLUCOSA ENZIMATICA  200 DET KIT,KIT,I
31323,VALVULA DE HEIMLICH   UNIDAD,UNIDAD,I
28692,CONTENEDOR DE PLASTICO DE BIOSEGURIDAD PORTATIL DE 5 L   UNIDAD,UNIDAD,I
22205,SUTURA NAILON NEGRO MONOFILAMENTO 3/0 C/A 3/8 CIRCULO CORTANTE 19 mm X 45 cm   UNIDAD,UNIDAD,I
42653,TORNILLO CORTICAL DE TITANIO AUTORROSCANTE 3.5 mm X 30 mm   UNIDAD,UNIDAD,I
38352,DILUYENTE PARA VACUNA ANTIVARICELA 1400 UFP INY 0.7 mL   INYECTABLE,INYECTABLE,M
24329,TORNILLO DE BLOQUEO 5.0 mm X 36 mm   UNIDAD,UNIDAD,I
54295,SET DE FIJACION TRANSPENDICULAR PARA COLUMNA VERTEBRAL - X 35 PIEZAS UNIDAD,UNIDAD,I
30622,TARJETA LISS COOMBS PARA SISTEMA DE MICROTIPIFICACION EN GEL   UNIDAD,UNIDAD,I
38197,SUTURA LINO MULTIEMPAQUE 2 S/A 8 HEBRAS X 70 cm   UNIDAD,UNIDAD,I
33756,MASCARA CERRADA ELASTICA TALLA N° 4   UNIDAD,UNIDAD,I
30029,AGUJA HUBER Nº 19 G X 20 mm   UNIDAD,UNIDAD,I
31972,SISTEMA DE DRENAJE TORAXICO DESCARTABLE 1 SOLA CAMARA PEDIATRICO   UNIDAD,UNIDAD,I
52508,TORNILLO DE INTERFERENCIA  7 mm X 20 mm UNIDAD,UNIDAD,I
23590,SUTURA NYLON AZUL MONOFILAMENTO 6/0 C/A 3/8 CIRCULO CORTANTE 15 mm X 75 cm   UNIDAD,UNIDAD,I
31046,ACIDO ORTOFOSFORICO GEL (ACIDO GRABADOR DE ESMALTE) 37 % 6 g UNIDAD,UNIDAD,I
30198,TORNILLO DE EMERGENCIA 2.4 mm X 8 mm   UNIDAD,UNIDAD,I
38012,ACIDO CITRICO ANHIDRO P.A.  1 kg UNIDAD,UNIDAD,I
10359,BOLSA SIMPLE DE EXTRACCION DE SANGRE X 450 mL   UNIDAD,UNIDAD,I
21545,LIDOCAINA CLORHIDRATO 10 g/100 mL 50 mL AEROSOL,AEROSOL,M
4054,INDOMETACINA 25 mg  TABLETA,TABLETA,M
20532,SUTURA SEDA NEGRA TRENZADA 3/0 C/A 1/2 CIRCULO CORTANTE 30 mm X 75 cm   UNIDAD,UNIDAD,I
45187,CIRCUITO CORRUGADO ADULTO PARA VENTILADOR MECANICO DE TRANSPORTE   UNIDAD,UNIDAD,I
31927,"ARCO PREFORMADO DE NIQUEL, TITANIO (NITINOL) REDONDO SUPERIOR 0.014""   UNIDAD",UNIDAD,I
10095,"AGUJA DE ANESTESIA ESPINAL DESCARTABLE Nº 25 G X 3 1/2""   UNIDAD",UNIDAD,I
33190,BROCA DE TITANIO 1.5 mm DE DIAMETRO X 60 mm   UNIDAD,UNIDAD,I
26746,FORMULA INFANTIL A BASE DE PROTEINAS DE SOYA  400 g POLVO,POLVO,I
20346,FAJA ELASTICA ABDOMINAL TALLA M   UNIDAD,UNIDAD,I
44168,AGUJA DE PUNCION PARA MEDULA OSEA Nº 18 G X 3.58 cm   UNIDAD,UNIDAD,I
15927,CLAVO STEINMAN CON ROSCA DISTAL 3.5 mm X 225 mm   UNIDAD,UNIDAD,I
43982,MANDIL DESCARTABLE COLOR AZUL  TALLA XL UNIDAD,UNIDAD,I
45609,FILTRO DE EXHALACION DESCARTABLE PARA VENTILADOR VOLUMETRICO PURITAN BENNET COD. REF. 407640800   UNIDAD,UNIDAD,I
30342,FERULA DE MIEMBRO SUPERIOR OPONENTE DEL PULGAR CON EXTENSOR DE MUÑECA DE PVC   UNIDAD,UNIDAD,I
18468,MANGA DE POLIETILENO 12 cm X 60 m   UNIDAD,UNIDAD,I
51212,ANILLO DE ANULOPLASTIA PARA VALVULA MITRAL Nº 34   UNIDAD,UNIDAD,I
31048,LAMINILLA CUBRE OBJETO 22 mm X 30 mm X 100   UNIDAD,UNIDAD,I
38942,FUNDA DE SILICONA PARA PROTESIS DE MIEMBRO INFERIOR TRANSTIBIAL TALLA L   UNIDAD,UNIDAD,I
20457,FRASCO DE PLASTICO BOCA ANCHA CON TAPA Y CONTRATAPA DE 250 mL   UNIDAD,UNIDAD,I
30956,CABLE BIPOLAR PARA ELECTROBISTURI   UNIDAD,UNIDAD,I
34552,CATETER BALON DE BAJO PERFIL 9 mm X 2 cm DE 4 FR X 65 cm   UNIDAD,UNIDAD,I
27367,SUTURA DE ACERO INOXIDABLE MONOFILAMENTO 5 C/A 1/2 CIRCULO CORTANTE 50 mm X 45 cm	 	   UNIDAD,UNIDAD,I
49090,SISTEMA PARA IDENTIFICACION DE STREPTOCOCCUS   UNIDAD,UNIDAD,I
11463,MASCARA DE OXIGENO DESCARTABLE CON BOLSA RESERVORIO PEDIATRICO   UNIDAD,UNIDAD,I
35453,CATETER ERCP 5 FR X 200 cm PUNTA FINA GUIA 0.035 ''   UNIDAD,UNIDAD,I
26095,VALPROATO SODICO 100 mg/mL 5 mL INYECTABLE,INYECTABLE,M
28493,TORNILLO DE TITANIO 5 mm X 35 mm   UNIDAD,UNIDAD,I
32594,COLLARIN CERVICAL RIGIDO TALLA M   UNIDAD,UNIDAD,I
42322,TORNILLO CANULADO 7.3 mm X 80 mm   UNIDAD,UNIDAD,I
34526,ESPONJA DE POLIURETANO PARA LIMPIEZA   UNIDAD,UNIDAD,I
28426,TORNILLO DE BLOQUEO DE TITANIO AUTORROSCANTE 2.4 mm X 8 mm   UNIDAD,UNIDAD,I
54254,IODURO SODICO (I-131) 30 mCi - TABLETA,TABLETA,M
30036,GEL ANTIBACTERIAL PARA MANOS  500 mL UNIDAD,UNIDAD,I
54071,CLAVO SCHANZ - 4.5 mm X 150 mm UNIDAD,UNIDAD,I
25215,EQUIPO DE INFUSION PARA BOMBA DE INFUSION SIN CAMARA CON FILTRO ANTIBACTERIANO 1.2 µ LIBRE DE DEHP	   UNIDAD,UNIDAD,I
54609,SUTURA DE POLIDIOXANONA 4/0 C/A 3/8 CIRCULO CORTANTE - 20 mm X 70 cm UNIDAD,UNIDAD,I
22536,TUBO DE ALUMINIO PARA FIJACION EXTERNA 10 mm X 38 cm   UNIDAD,UNIDAD,I
40228,SUJETADOR DEL SISTEMA AUTOMATIZADO DE CIERRE DE SUTURA   UNIDAD,UNIDAD,I
40125,BROCA 4.2 mm X 150 mm   UNIDAD,UNIDAD,I
44482,CAJA INTERSOMATICA LUMBAR 7 mm X 10 mm X 28 mm   UNIDAD,UNIDAD,I
20371,RANIBIZUMAB 10 mg/mL 0.3 mL INYECTABLE,INYECTABLE,M
38246,ANTICUERPO MONOCLONAL PARA TUMOR DE WILMS (WT1)  6 mL UNIDAD,UNIDAD,I
40898,TUBO PARA EXTRACCION DE SANGRE CON SISTEMA DE VACIO DE POLIPROPILENO DE 10 mL CON ACTIVADOR DE COAGULO X 100   UNIDAD,UNIDAD,I
33069,KIT DE MICROSENSOR PARA MONITORIZACION DE PRESION INTRACRANEAL (PIC) X 4 PIEZAS   KIT,KIT,I
40374,PLACA LCP DE 10 AGUJEROS 4.5/ 5.0 mm PARA FEMUR DISTAL IZQUIERDO ADULTO   UNIDAD,UNIDAD,I
40175,ESPEJO BUCAL SIN MANGO CON AUMENTO Nº 5   UNIDAD,UNIDAD,I
28046,DIMETICONA + PANCREATINA 80 mg + 230 mg  TABLETA,TABLETA,M
51872,ACEITE LUBRICANTE PARA CRANEOTOMO X 300 mL	   UNIDAD,UNIDAD,I
25992,TORNILLO CORTICAL 2.3 mm X 18 mm   UNIDAD,UNIDAD,I
23557,SUTURA NAILON AZUL MONOFILAMENTO 1/0 C/A 1/2 CIRCULO REDONDA 30 mm X 75 cm   UNIDAD,UNIDAD,I
28072,CANULA DE OSTIUM CORONARIO PEDIATRICO 10 FR X 15 mm   UNIDAD,UNIDAD,I
31838,LENTE INTRAOCULAR DIOPTRIA 16.0 CAMARA POSTERIOR PLEGABLE 1 PIEZA   UNIDAD,UNIDAD,I
36150,"CATETER GUIA PARA ANGIOPLASTIA CORONARIA 0.014"" X 185 cm   UNIDAD",UNIDAD,I
40120,SOLUCION DE LAVADO PARA ANALIZADOR DE ELECTROLITOS x 52 mL   UNIDAD,UNIDAD,I
42370,CLIP DE TITANIO TALLA M   UNIDAD,UNIDAD,I
49696,AGUJA DE ASPIRACION DE MEDULA OSEA DESCARTABLE Nº 18 G X 30/70 mm   UNIDAD,UNIDAD,I
30384,GEL CONDUCTOR HIPOALERGENICO LIBRE DE SAL PARA ELECTROCARDIOGRAMA (ECG) X 250 g   UNIDAD,UNIDAD,I
54511,PLACA DE BLOQUEO LCP DE TITANIO PARA TIBIA DISTAL ANTEROLATERAL DERECHA DE 5 AGUJEROS - X 4.0/3.5 mm UNIDAD,UNIDAD,I
54593,CAMPO QUIRURGICO ESTERIL CON ADHESIVO HIPOALERGICO - 1.20 m X 1.20 m UNIDAD,UNIDAD,I
21996,ROTULA CLAVO - TUBO DOBLE FUNCION   UNIDAD,UNIDAD,I
55280,TORNIQUETE CARDIOVASCULAR - N░ 7 UNIDAD,UNIDAD,I
36386,GUANTE DE JEBE DE USO DOMESTICO TALLA M   PAR,PAR,I
15318,CANASTILLA EXTRACTORA DE CALCULOS DE VIA BILIAR 25 mm   UNIDAD,UNIDAD,I
34572,HIDROXIDO DE POTASIO 10% 500 mL SOLUCION,SOLUCION,I
24265,INTRODUCTOR CON VALVULA 6.0 FR   UNIDAD,UNIDAD,I
54854,KIT DE ROPA DESCARTABLE PARA NUTRICION PARENTERAL TALLA M - X 18 PIEZAS UNIDAD,UNIDAD,I
38423,AGAR CROMOGENICO PARA LEVADURA X 500 g   UNIDAD,UNIDAD,I
21309,"PLACA DE RECONSTRUCCION MANDIBULAR ANGULAR EN FORMA DE ""L"" 6 AGUJEROS X 21 AGUJEROS 2.4 mm   UNIDAD",UNIDAD,I
29078,RECIPIENTE DE POLIMERO PARA RECOGER EXUDADO DE HERIDAS X 500 mL   UNIDAD,UNIDAD,I
42135,NIPLE DE PLASTICO PARA BALON DE OXIGENO   UNIDAD,UNIDAD,I
26971,VALVULA CARDIACA MITRAL MECANICA Nº 25   UNIDAD,UNIDAD,I
39110,CATETER DE DIAGNOSTICO CORONARIO DOBLE J 5 FR x 110 cm   UNIDAD,UNIDAD,I
37303,SET DE CLAVO INTRAMEDULAR DE TITANIO BLOQUEADO PARA TIBIA X 6 PIEZAS   UNIDAD,UNIDAD,I
42160,PINZA BIPOLAR PARA SELLADO DE VASOS CON CUCHILLA DE CORTE DE 5 mm X 24 cm   UNIDAD,UNIDAD,I
38704,SONDA DE ALIMENTACION DE SILICONA 12 FR   UNIDAD,UNIDAD,I
52795,TIJERA METZEMBAUM CURVA PARA LAPAROSCOPIA 36 cm   UNIDAD,UNIDAD,I
30601,APOSITO CON MEMBRANA HIDROFILICA (POLIURETANO) 17 cm X 19 cm   UNIDAD,UNIDAD,I
51335,SUTURA SEDA NEGRA TRENZADA 3/0 C/A 1/2 CIRCULO REDONDA 15 mm X 70 cm   UNIDAD,UNIDAD,I
50830,SOLUCION CONTROL DE OSMOLALIDAD DE ORINA NIVEL 2 X 3 mL   UNIDAD,UNIDAD,I
40182,SISTEMA DE DRENAJE VENTRICULAR EXTERNO ESTERIL CON CATETER DE 1.5 mm x 3.1 mm x 35 cm   UNIDAD,UNIDAD,I
33404,PANTALONETA COMPLETA ELASTICA TALLA N° 12   UNIDAD,UNIDAD,I
39503,CLAVO INTRAMEDULAR BLOQUEADO PARA TIBIA DIAMETRO 09 mm   UNIDAD,UNIDAD,I
39484,HORMONA GONADOTROFINA CORIONICA (METODO QUIMIOLUMINISCENCIA)  100 DETERMINACIONES KIT,KIT,I
33606,GUANTE HASTA CODO ELASTICO TALLA S   UNIDAD,UNIDAD,I
25408,TORNILLO DE INTERFERENCIA  7 mm X 25 mm UNIDAD,UNIDAD,I
42333,PANTALON DESCARTABLE NO ESTERIL TALLA L COLOR AZUL   UNIDAD,UNIDAD,I
40268,TORNILLO ESPONJOSO ROSCA PARCIAL 6.5 mm x 70 mm   UNIDAD,UNIDAD,I
37152,INJERTO VASCULAR RECTO DE DACRON CORRUGADO  26 mm X 50 cm UNIDAD,UNIDAD,I
31226,HOJA DE SIERRA 46/25 mm X 10 mm X 0.60/0.40 mm PARA SIERRA OSCILANTE CON ANCLAJE AO/ASIF   UNIDAD,UNIDAD,I
48505,MEDIO DE CULTIVO CELULAR PARA DIAGNOSTICO PRE NATAL  100 mL UNIDAD,UNIDAD,I
20490,SUTURA ACIDO POLIGLICOLICO MONOFILAMENTO 2/0 C/A 1/2 CIRCULO REDONDA 25 mm X 75 mm   UNIDAD,UNIDAD,I
41971,PLACA DE BLOQUEO PARA CALCANEO IZQUIERDO DE 12 AGUJEROS 3.5 mm X 60 mm   UNIDAD,UNIDAD,I
39833,RIBOFLAVINA SOLUCION ISOTONICA 0.25 % (CON CLORURO DE SODIO 0.87%)  1.8 mL INYECTABLE,INYECTABLE,M
47763,AGAR VERDE BRILLANTE ROJO DE FENOL LACTOSA SACAROSA (BPLS)  500 g UNIDAD,UNIDAD,I
24460,EXPLORADOR DENTAL BIOACTIVO   UNIDAD,UNIDAD,I
40779,BOMBA DE INFUSION ELASTOMÉRICA FLUJO CONTINUO 100 mL DESCARTABLE   UNIDAD,UNIDAD,I
35386,TORNILLO DE BLOQUEO 4.0 mm X 32 mm   UNIDAD,UNIDAD,I
47834,TIRA DE SENSIBILIDAD VANCOMICINA X 100   UNIDAD,UNIDAD,I
26050,PLACA DE RECONSTRUCCION RECTA DE TITANIO 20 AGUJEROS X 2.4 mm   UNIDAD,UNIDAD,I
55060,CAJA INTERSOMATICA CERVICAL - 5 mm X 13 mm X 14 mm UNIDAD,UNIDAD,I
34134,POSICIONADOR DENTAL DE PELICULA RADIOGRAFICA   UNIDAD,UNIDAD,I
26036,TORNILLO DE TITANIO AUTOPERFORANTE 1.6 mm X 4 mm   UNIDAD,UNIDAD,I
45583,"SOPORTE DE SONDA CATETER DE TELA NO TEJIDA 5 cm X 59,5 cm   UNIDAD",UNIDAD,I
37930,SET DE MATERIAL PARA REPARACION DE PROLAPSO ANTERIOR APICAL X 3 PIEZAS   SET,SET,I
54801,CEPILLO DE NAILON PARA LAVADO DE INSTRUMENTAL 22.2 cm - - UNIDAD,UNIDAD,I
41166,ELASTICO PARA ORTODONCIA CADENA DENTAL C/CRISTAL   UNIDAD,UNIDAD,I
28339,SUTURA LINO MULTIEMPAQUE 3/0 S/A 8 HEBRAS X 70 cm   UNIDAD,UNIDAD,I
53904,VENDA DE GASA ESTERIL  50 cm X 50 cm UNIDAD,UNIDAD,I
28353,AGUJA DESCARTABLE PARA NEUROESTIMULACION 21 G X 10 cm   UNIDAD,UNIDAD,I
45736,ALAMBRE PARA CERCLAJE DIAMETRO  1.8 mm X 1 m UNIDAD,UNIDAD,I
26460,OXIDO DE ZINC USP  1 Kg UNIDAD,UNIDAD,I
34799,SISTEMA DE ANCLAJE DE TITANIO PARA CADERA 3.5 mm   UNIDAD,UNIDAD,I
47881,PENTETATO DE CALCIO TRISODICO 20 mg  INYECTABLE,INYECTABLE,M
21429,COLORANTE ORANGE G  1 L UNIDAD,UNIDAD,I
43701,CATETER BALON PARA VALVULOPLASTIA PULMONAR 12 mm X 3 cm DE 8 FR X 100 cm   UNIDAD,UNIDAD,I
53062,TORNILLO CORTICAL 2.3 mm X 7.0 mm   UNIDAD,UNIDAD,I
30481,HEMOFILTRO PEDIATRICO   UNIDAD,UNIDAD,I
50150,CIRCUITO DE PACIENTE DE VENTILADOR NEONATAL   UNIDAD,UNIDAD,I
54018,SUTURA ACIDO POLIGLACTIN 5/0 C/A 1/2 CIRCULO CORTANTE  15 mm X 45 cm UNIDAD,UNIDAD,I
15294,CABESTRILLO SIMPLE ADULTO   UNIDAD,UNIDAD,I
11831,SONDA PARA DRENAJE KEHR No 16 F*   UNIDAD,UNIDAD,I
33541,PUNTA DE IRRIGACION ASPIRACION 0.3 mm CURVA   UNIDAD,UNIDAD,I
32887,DISPOSITIVO REMOVEDOR DE GRAPAS QUIRURGICO DESCARTABLE	   UNIDAD,UNIDAD,I
49657,PLACA VOLAR DE BLOQUEO DE 7 AGUJEROS X 2.7 mm PARA RADIO DISTAL DERECHO   UNIDAD,UNIDAD,I
27312,PINZA CLIPADORA 11 mm x 155 cm   UNIDAD,UNIDAD,I
25463,FRESA PARA CRANEOTOMO DE ACERO PARA PERFORACION Y DESBASTE TIPO REDONDA DE 5.0 mm X 9 cm   UNIDAD,UNIDAD,I
54398,ANTICUERPO PARA CD 30 - X 12 mL UNIDAD,UNIDAD,I
32532,BALON DILATADOR DE COLON DE 8 mm X 5.5 cm Y CATETER DE 240 cm   UNIDAD,UNIDAD,I
47264,ANCLA DE SUTURA ATORNILLADO 2.5 mm X 6.4 mm   UNIDAD,UNIDAD,I
30621,TORNILLO DE BLOQUEO 4.5 mm X 34 mm   UNIDAD,UNIDAD,I
49056,PUNTA FLEXIBLE DE ENDOLASER PARA EQUIPO PUREPOINT 27 G   UNIDAD,UNIDAD,I
31210,CATETER URETERAL 5 FR X 70 cm   UNIDAD,UNIDAD,I
51169,LIJA DE POLIETILENO X 150   UNIDAD,UNIDAD,I
49893,PLACA DE TITANIO PARA APOFISIS DE CUBITO IZQUIERDO PEQUEÑO   UNIDAD,UNIDAD,I
45244,CATETER BALON PARA ANGIOPLASTIA TRANSLUMINAL PERCUTANEA 12 mm X 40 mm DE 8 FR X 135 cm   UNIDAD,UNIDAD,I
39581,BOLSA DE POLIETILENO DE BIOSEGURIDAD PARA AUTOCLAVE DE 23 ?x 19 ?COLOR ROJO   UNIDAD,UNIDAD,I
39492,ESCOBILLA PARA CIRUJANO CON CERDAS SUAVES REUSABLE   UNIDAD,UNIDAD,I
18100,BISMUTO SUBSALICILATO 87.33 mg/5 mL 340 mL SUSPENSION,SUSPENSION,M
25562,LAPIZ DE CERA PARA MARCAR VIDRIO COLOR AZUL   UNIDAD,UNIDAD,I
54326,MANTA TERMICA DE POLIPROPILENO PEDIATRICA DESCARTABLE - 61 cm X 94 cm UNIDAD,UNIDAD,I
21204,MINIPLACA DE TITANIO 20 ORIFICIOS   UNIDAD,UNIDAD,I
29738,FORMULA NUTRICIONAL CON PROTEINAS  400 g POLVO,POLVO,I
26610,DURAMADRE BIOLOGICA ADHESIVA 10 cm X 12.5 cm   UNIDAD,UNIDAD,I
20073,TORNILLO CANULADO 3.5 mm X 42 mm   UNIDAD,UNIDAD,I
22903,CLORURO DE SODIO USP  1 Kg UNIDAD,UNIDAD,I
23055,CLIP DE ANEURISMA SEMICURVO 10 mm   UNIDAD,UNIDAD,I
37280,TORNILLO SCHANZ 6.2 mm X 190 mm   UNIDAD,UNIDAD,I
49230,SISTEMA CAROTIDEO AUTOEXPANDIBLE PARA LA PEVENCION EMBOLICA  9.0 mm x 40 mm   UNIDAD,UNIDAD,I
43072,PLACA DE BLOQUEO 3.5 mm DE 11 AGUJEROS PARA TIBIA DISTAL IZQUIERDA   UNIDAD,UNIDAD,I
22855,FENOL EN CRISTALES P.A.  1 Kg UNIDAD,UNIDAD,I
29754,"JERINGA DESCARTABLE 1 mL CON AGUJA 27 G X 1/2"" AUTORETRACTIL   UNIDAD",UNIDAD,I
22861,CONO DE PAPEL SET 15-40 (1era SERIE) X 200   UNIDAD,UNIDAD,I
36207,PLACA EN T DE 4.5 mm PARA TIBIA X 4 ORIFICIOS   UNIDAD,UNIDAD,I
53698,VENDA DE ALGODON LAMINADO PARA YESO 4 in X 3 in   UNIDAD,UNIDAD,I
26700,SISTEMA DE PLACA OCCIPITO CERVICAL   UNIDAD,UNIDAD,I
23881,TIRA REACTIVA PARA GLUCOSA EN SANGRE  25 DET KIT,KIT,I
26897,SUTURA DE POLIDIOXANONA 0 C/A 1/2 CIRCULO REDONDA 35 mm X 70 cm   UNIDAD,UNIDAD,I
50501,CANULA DE ARTROSCOPIA 7 mm X 8.25 cm   UNIDAD,UNIDAD,I
34547,SET DE PLACA DE BLOQUEO PARA TIBIA DISTAL DE 4 ORIFICIOS X 3.5 mm X 10 PIEZAS   UNIDAD,UNIDAD,I
31194,COLORANTE GIEMSA  1 L SOLUCION,SOLUCION,I
52910,SOLUCION PARA NUTRICION PARENTERAL EN BOLSA DE DOS CAMARAS PRELLENADO CON 40 g AMINOACIDOS (400 mL) 80 g GLUCOSA (6  1 L INYECTABLE,INYECTABLE,M
26118,AGUJA KIRSCHNER 1 mm X 150 mm   UNIDAD,UNIDAD,I
46580,DIOXIDO DE TITANIO  1 KG UNIDAD,UNIDAD,I
41790,BOLSA DESCARTABLE DE SISTEMA DE SUCCION DE FLUIDOS X 1.5 L   UNIDAD,UNIDAD,I
43190,CLIPS DE CUERO CABELLUDO ESTERIL RANEY X 10   UNIDAD,UNIDAD,I
45867,CANULA PARA TRAQUEOSTOMIA SIN BALON  N°3.0 UNIDAD,UNIDAD,I
29083,TORNILLO DE INTERFERENCIA  10 mm X 30 mm UNIDAD,UNIDAD,I
49761,CATETER TUNELIZABLE 15 FR X 23 cm   UNIDAD,UNIDAD,I
10623,CLAVO KUNTSCHER 9.0 mm X 34 cm   UNIDAD,UNIDAD,I
5235,OXIMETAZOLINA(SOLUCION OFTALMICA) 250 ug/mL 10 mL SOLUCION,SOLUCION,M
47817,PROTESIS TOTAL DE CADERA CON COPA DE MOVILIDAD DUAL CEMENTADA   UNIDAD,UNIDAD,I
52191,TELA NO TEJIDA PARA ESTERILIZACION  75 cm X 75 cm UNIDAD,UNIDAD,I
19117,SUTURA SEDA NEGRA TRENZADA  5/0 C/A  1/2 CIRCULO  REDONDA  25 mm x 75 cm   UNIDAD,UNIDAD,I
39612,SET DE IRRIGACION EN Y PARA CIRUGIA LAPAROSCOPICA   SET,SET,I
35292,PAPEL TOALLA X 200 m   UNIDAD,UNIDAD,I
22627,CLIP DE ANEURISMA CURVO 5 mm   UNIDAD,UNIDAD,I
28153,ALGODON EN TORUNDA X 1000   UNIDAD,UNIDAD,I
39903,ALAMBRE GUIA PARA CLAVO DE KUNTSCHER   UNIDAD,UNIDAD,I
38820,FORMULA DE NUTRICION ENTERAL COMPLETA BALANCEADA CON FIBRA  200 mL UNIDAD,UNIDAD,I
30306,EXTENSOR DE RODILLA SEMIRIGIDO ADULTO   UNIDAD,UNIDAD,I
27195,CATETER BALON PARA VALVULOPLASTIA PULMONAR 12 mm x 3 cm DE 5 FR X 90 cm   UNIDAD,UNIDAD,I
39134,TORNILLO CORTICAL 2.5 mm x 14 mm   UNIDAD,UNIDAD,I
32045,TORNILLO CANULADO 4.5 mm X 70 mm   UNIDAD,UNIDAD,I
20977,MALLA DE TITANIO 4 mm X 4 mm   UNIDAD,UNIDAD,I
39766,OCLUSOR VASCULAR II 6 mm x 6 mm   UNIDAD,UNIDAD,I
42520,KIT DE MATERIALES PARA LA APLICACION DEL SISTEMA MODULAR DE SOCKETS INMEDIATOS   UNIDAD,UNIDAD,I
37698,COLORANTE FLOXINA B  100 g UNIDAD,UNIDAD,I
53295,BOBINA DESMONTABLE DE ANCLAJE PARA EMBOLIZACION PERIFERICA ESTERIL DE 8 mm x 60 cm   UNIDAD,UNIDAD,I
45142,PLACA LCP DE 12 AGUJEROS X 3.5 mm PARA TIBIA PROXIMAL MEDIAL IZQUIERDA   UNIDAD,UNIDAD,I
49698,BROCA 4.3 mm DE DIAMETRO X 280 mm   UNIDAD,UNIDAD,I
42543,CONTENEDOR DE PLASTICO DE BIOSEGURIDAD PORTATIL DE 7.57 L  UNI UNIDAD,UNIDAD,I
38119,SUTURA NAILON AZUL MONOFILAMENTO 3/0 C/A 3/8 CIRCULO CORTANTE 35 mm X 70 cm   UNIDAD,UNIDAD,I
37519,PARTICULAS PARA EMBOLIZACION 500 µm   UNIDAD,UNIDAD,I
12219,SUTURA NAILON AZUL MONOFILAMENTO 3/0 C/A 1/2 CIRCULO REDONDA 30 mm X 75 cm	   UNIDAD,UNIDAD,I
31986,LIMAS SET PARA ENDODONCIA DEL 40-80 (2da SERIE) DE 31 mm X 6   UNIDAD,UNIDAD,I
50582,HEPATITIS A IGG AUTOMATIZADO   UNIDAD,UNIDAD,I
26607,TIOTEPA 15 mg  INYECTABLE,INYECTABLE,M
12553,TORNILLO CORTICAL 4.5 mm X 10 mm   UNIDAD,UNIDAD,I
40129,TORNILLO ESPONJOSO ROSCA TOTAL 3.5 mm X 16 mm   UNIDAD,UNIDAD,I
33301,LENTE INTRAOCULAR DIOPTRIA 14.0 CAMARA POSTERIOR PLEGABLE 1 PIEZA   UNIDAD,UNIDAD,I
12333,SUTURA SEDA NEGRA 4/0 C/A 3/8 CIRCULO CORTANTE 20 mm X 75 cm   UNIDAD,UNIDAD,I
24396,TORNILLO DE EMERGENCIA 1.8 mm X 5 mm   UNIDAD,UNIDAD,I
33413,PANTALONETA PIERNA CORTA ELASTICA TALLA N° 10   UNIDAD,UNIDAD,I
37095,CATETER GUIA PARA ANGIOPLASTIA JR 4 FR 6.0 ASA   UNIDAD,UNIDAD,I
40742,LUPA ASFERICA 78 DIOPTRIAS   UNIDAD,UNIDAD,I
44921,GLICERINA USP  X 1 Kg UNIDAD,UNIDAD,I
51019,ELECTRODO DE RADIOFRECUENCIA 90º X 3.75 mm BIPOLAR PARA ELECTROBISTURI   UNIDAD,UNIDAD,I
30792,FLUOR GEL ACIDULADO 1.23% 10 mL UNIDAD,UNIDAD,I
23525,SUTURA SEDA NEGRA TRENZADA MULTIEMPAQUE 2/0 S/A X 75 cm   UNIDAD,UNIDAD,I
51254,IVACAFTOR + LUMACAFTOR 125 mg + 200 mg  TABLETA,TABLETA,M
22384,CEMENTO ACRILICO (POLVO + LIQUIDO)  90 g/48 mL KIT,KIT,I
45403,CLAVO INTRAMEDULAR DE TITANIO PARA TIBIA DE 10 mm X 28 cm   UNIDAD,UNIDAD,I
54792,ELECTRODO PARA PINZA HOOK DESMONTABLE TIPO GANCHO ROMO - - UNIDAD,UNIDAD,I
35645,OLODATEROL + TIOTROPIO 2.5 µg + 2.5 µg/DOSIS 30 DOSIS AEROSOL,AEROSOL,M
30863,CATETER DE DIAGNOSTICO DUODECAPOLAR 7 FR X 110 cm   UNIDAD,UNIDAD,I
24310,ASA DE SIEMBRA BACTERIOLOGICA DE NICRON 10 uL (CON TERMINACION EN ARO)   UNIDAD,UNIDAD,I
37285,PLACA LC-DCP ESTRECHA 12 AGUJEROS 4.5 mm   UNIDAD,UNIDAD,I
44575,FRASCO GOTERO DE PLASTICO X 10 mL   UNIDAD,UNIDAD,I
32876,SIERRA GIGLI 40 cm   UNIDAD,UNIDAD,I
12362,SUTURA SEDA NEGRA TRENZADA 0 S/A 45 cm   UNIDAD,UNIDAD,I
25485,SET DE FIJACION EXTERNA PARA MANO   UNIDAD,UNIDAD,I
24301,TOALLA HIGIENICA AUTOADHESIVA CON ALAS X 10   UNIDAD,UNIDAD,I
36405,CANULA ENDOLUMINAL (STENT) CORONARIA DE METAL 4.0 mm X 24 mm   UNIDAD,UNIDAD,I
38948,CERA LANETTE N x 1 kg   UNIDAD,UNIDAD,I
27241,ANTICUERPO ANTI TOXOPLASMA GONDII IgM  1 DET KIT,KIT,I
50567,SET DE VITRECTOMIA VALVULADO PARA SEGMENTO POSTERIOR 27GA DE 10000 cpm   UNIDAD,UNIDAD,I
32561,CREATININA ENZIMATICA  1 DET KIT,KIT,I
41990,INTRODUCTOR PELABLE PARA CATETER CENTRAL DE INSERCION PERIFERICA N° 24   UNIDAD,UNIDAD,I
53824,CANULA VENOSA FEMORAL PEDIATRICA N/A 17 FRá UNIDAD,UNIDAD,I
42418,PROTECTOR DE ARCO EN C TELA NO TEJIDA DE POLIPROPILENO DESCARTABLE   UNIDAD,UNIDAD,I
45144,PLACA DE COMPRESION Y BLOQUEO ESTRECHA DE LCP DE 11 AGUJEROS X 4.5 mm   UNIDAD,UNIDAD,I
24081,TORNILLO DE EMERGENCIA 1.5 mm X 6 mm   UNIDAD,UNIDAD,I
49960,ESPIRAL PARA EMBOLIZACION ENDOVASCULAR 8 mm X 27 cm   UNIDAD,UNIDAD,I
44448,ALCOHOL ETILICO (ETANOL) ABSOLUTO 100% P.A.  X 1 L SOLUCION,SOLUCION,I
28303,PLACA DE ADAPTACION DE TITANIO 6 AGUJEROS SISTEMA 2.0 mm   UNIDAD,UNIDAD,I
34663,PASTA CONDUCTIVA DE ELECTROENCEFALOGRAMA X 228 g   UNIDAD,UNIDAD,I
19976,CHASIS (CASSETTE) PARA PELICULA RADIOGRAFICA CON PANTALLA SENSIBLE AL VERDE 14'' x 17''   UNIDAD,UNIDAD,I
46275,GEL DENTAL  34 g UNIDAD,UNIDAD,I
35429,APOSITO TRANSPARENTE CON BORDE REFORZADO 3.8 cm X 4.5 cm   UNIDAD,UNIDAD,I
33270,AGUJA PARA BIOPSIA DE TEJIDO BLANDO ASPIRATIVA DESCARTABLE 18 G X 15 cm   UNIDAD,UNIDAD,I
32954,SUERO CONTROL NORMAL (6 FRASCOS X 5 mL)   UNIDAD,UNIDAD,I
50910,SOLUCIONES PARA NUTRICION PARENTERAL PARCIAL CON AMINOACIDOS PARA INSUFICIENCIA RENAL 7% 2 L INYECTABLE,INYECTABLE,M
39171,BATA DESCARTABLE SIMPLE NO ESTERIL   UNIDAD,UNIDAD,I
4662,MEPIVACAINA 30 mg/mL 1.8 mL INYECTABLE,INYECTABLE,M
29780,BOLSA DE OXIGENO  X 1 L PARA EQUIPO DE ANESTESIA   UNIDAD,UNIDAD,I
824,AMPICILINA + SULBACTAM 1 g + 500 mg 50 mL INYECTABLE,INYECTABLE,M
54696,GANCHO ROBOTICO MONOPOLAR PARA CAUTERIZACION CON MANDIBULA - 8 mm X 16 mm X 322.6 mm UNIDAD,UNIDAD,I
51760,OCLUSOR PERCUTANEO PARA DEFECTO SEPTAL MULTIFUNCIONAL 10 mm x 8 mm   UNIDAD,UNIDAD,I
39354,SUTURA POLIGLECAPRONE MONOFILAMENTO 4/0 C/A 3/8 CIRCULO CORTANTE 19 mm x 45 cm   UNIDAD,UNIDAD,I
43348,BARRA DE FIBRA DE CARBONO 8 mm X 200 mm   UNIDAD,UNIDAD,I
17666,OXITETRACICLINA (UNGÜENTO OFTALMICO) 1 g/100 g 6 g UNGÜENTO,UNGUENTO,M
16491,FRESA DE DIAMANTE BAJA VELOCIDAD   UNIDAD,UNIDAD,I
22966,GUANTE QUIRURGICO ESTERIL EMPAQUE INDIV. Nº 7 PUÑO LARGO (PAR)   UNIDAD,UNIDAD,I
33870,TORNILLO ESPONJOSO 6.5 mm ROSCA 16 mm X 32 mm   UNIDAD,UNIDAD,I
36994,AGUJA PARA BIOPSIA 16 G X 15 cm COAXIAL 15 G X 10 cm   UNIDAD,UNIDAD,I
55433,KIT DETECCION MULTIPLE DE VIRUS RESPIRATORIO NO CULTIVABLES RSV hMPV RHV EN RT-PCR - X 400 DETERMINACIONES UNIDAD,UNIDAD,I
41791,SET DE CATETER DE DRENAJE SUPRAPUBICO 10 FR X 35 cm   UNIDAD,UNIDAD,I
36075,APOSITO DE ESPUMA (POLIURETANO) CON PLATA IONICA 1.2 % CON HIDROFIBRA (CARBOXIMETILCELULOSA SODICA) 9 cm X 10 cm   UNIDAD,UNIDAD,I
46234,PROTESIS INTRAVASCULAR AUTOEXPANDIBLE 14 mm X 60 mm   UNIDAD,UNIDAD,I
12639,TORNILLO PARA HUESO ESPONJOSO 6.5 mm X ROSCA 32 mm X 85 mm   UNIDAD,UNIDAD,I
42175,FRASCO DE VIDRIO GRADUADO CON TAPA ROSCA  X 500 mL UNIDAD,UNIDAD,I
31369,SUSTITUTO SINTETICO OSEO DE GRANULOS DE FOSFATO CALCICO TIPO BLOQUE DE 20 mm X 20 mm X 10 mm   UNIDAD,UNIDAD,I
29770,IMPLANTE DE TEJIDO OSEO DE ORIGEN HUMANO DIAFISIS TIBIAL 103 mm -113 mm   UNIDAD,UNIDAD,I
50405,CLAVO INTRAMEDULAR ANTEROGRADO PARA FEMUR IZQUIERDO 9 mm X 345 mm   UNIDAD,UNIDAD,I
52404,CRIOSONDA FLEXIBLE DESCARTABLE 2.4 mm x 1.15 m   UNIDAD,UNIDAD,I
10974,"ESPARADRAPO DE TELA 1"" X 10 yd   UNIDAD",UNIDAD,I
31630,ANCLA DE SUTURA 5 mm X 5.5 mm   UNIDAD,UNIDAD,I
40560,CATETER HIDROFILICO PARA CATETERISMO INTERMITENTE N° 10   UNIDAD,UNIDAD,I
41490,GUANTE PARA EXAMEN DESCARTABLE DE NITRILO SIN POLVO TALLA XL   UNIDAD,UNIDAD,I
1799,CIDOFOVIR 75 mg/mL 5 mL INYECTABLE,INYECTABLE,M
42469,CEMENTO DE TRIOXIDO MINERAL AGREGADO (POLVO-LIQUIDO) 30 g/15 mL  UND UNIDAD,UNIDAD,I
24639,"MICRO GUIA 0.007""   UNIDAD",UNIDAD,I
38117,MANGA MIXTA PARA ESTERILIZAR CON VAPOR Y/O OXIDO DE ETILENO SIN FUELLE 10 cm   UNIDAD,UNIDAD,I
37118,PLUMON HIDROFOBICO PARA INMUNOHISTOQUIMICA   UNIDAD,UNIDAD,I
20890,SUTURA SEDA NEGRA TRENZADA 4/0 C/A 1/2 CIRCULO REDONDA 15 mm X 70 cm   UNIDAD,UNIDAD,I
33400,PANTALONETA COMPLETA ELASTICA TALLA N° 4   UNIDAD,UNIDAD,I
40379,PUNTA ESTERIL DESCARTABLE 0.5 mm PARA PINZA BIPOLAR   UNIDAD,UNIDAD,I
54802,CEPILLO DE NAILON PARA LAVADO DE INSTRUMENTAL 17.5 cm - -,UNIDAD,I
3328,ETINILESTRADIOL + LEVONORGESTREL 30 µg + 150 µg  TABLETA,TABLETA,M
43316,FRESA DE ACERO INOXIDABLE REDONDA 5.0 mm x 7 cm PARA HUESO TEMPORAL   UNIDAD,UNIDAD,I
29110,AGAR SABOURAUD CON ANTIBIOTICO X 500 g   UNIDAD,UNIDAD,I
50966,ANTICUERPO MONOCLONAL PARA CD 8 (C8/144B) X 1 mL   UNIDAD,UNIDAD,I
23543,COLLARIN CERVICAL RIGIDO PARA NIÑO   UNIDAD,UNIDAD,I
11125,FRESA QUIRURUGICA DE HUESO 5.0 mm   UNIDAD,UNIDAD,I
42325,KIT COMPLETO DESCARTABLE DE TUBOS CORRUGADOS Y ACCESORIOS NEONATAL PARA CPAP Nº 2   UNIDAD,UNIDAD,I
26519,TORNILLO CORTICAL DE TITANIO AUTORROSCANTE 2.0 mm X 10 mm   UNIDAD,UNIDAD,I
39964,AGUJA PARA LOCALIZACION DE LESION NO PALPABLE EN MAMA 20 G X 10.7 cm   UNIDAD,UNIDAD,I
51556,CEMENTO DENTAL BIOCERAMICO JERINGA X 0.5 g   UNIDAD,UNIDAD,I
40463,PLACA DE BLOQUEO PARA TIBIA DISTAL DE 8 AGUJEROS x 4.5 mm   UNIDAD,UNIDAD,I
15263,BOLSA RESPIRATORIA X 1 L   UNIDAD,UNIDAD,I
33135,MALLA DE TITANIO 90 mm X 90 mm X 0.6 mm   UNIDAD,UNIDAD,I
32874,PUNCH PARA BIOPSIA DE PIEL Nº 6   UNIDAD,UNIDAD,I
11246,REACTIVO DE GLUCOSA ENZIMATICA   UNIDAD,UNIDAD,I
44385,TORNILLO TRANSPEDICULAR POLIAXIAL 4.75 mm X 40 mm   UNIDAD,UNIDAD,I
32640,ELECTRODO CORNEAL PARA ELECTRORETINOGRAMA   UNIDAD,UNIDAD,I
40513,CATETER DE SUCCION 6 FR   UNIDAD,UNIDAD,I
31305,"MASCARILLA ORONASAL PARA VENTILACION MECANICA NO INVASIVA TALLA ""M""   UNIDAD",UNIDAD,I
35309,BRACKETS DE METAL X 20 PIEZAS   UNIDAD,UNIDAD,I
40602,HIDROGEL SELLANTE DE DURAMADRE ESPINAL 5 mL   UNIDAD,UNIDAD,I
21428,COLORANTE HEMATOXILINA HARRIS  1 L SOLUCION,SOLUCION,I
23125,TUBO DE ASPIRACION NO CONDUCTIVO ESTERIL 7 mm X 11 mm X 3 m   UNIDAD,UNIDAD,I
25561,LAMINILLA CUBRE OBJETO 22 mm X 40 mm X 100   UNIDAD,UNIDAD,I
41902,MASCARA TERMOPLASTICA PERFORACION ESTANDAR   UNIDAD,UNIDAD,I
44671,CUCHILLETA DE VITRECTOMIA 23 G SPS 5000 PARA EQUIPO DE FACOEMULSIFICACION Y VITRECTOMI   UNIDAD,UNIDAD,I
3219,ESOMEPRAZOL 40 mg  TABLETA,TABLETA,M
28881,AGUJA PARA BIOPSIA RENAL DESCARTABLE 18 G X 15 cm   UNIDAD,UNIDAD,I
46359,GASA ESTERIL 5 X 5 cm X 16 PLIEGUES X 5 UNIDADES   UNIDAD,UNIDAD,I
45963,BOLSA DE POLIETILENO CON CIERRE HERMETICO 3 µm X 4 in X 5 in  UNIDAD,UNIDAD,I
22981,SUTURA ACIDO POLIGLACTIN 3/0 C/A 3/8 CIRCULO CORTANTE 24 mm X 45 cm   UNIDAD,UNIDAD,I
28662,N ACETIL - L - CISTEINA  500 g UNIDAD,UNIDAD,I
41541,SISTEMA DE PLACA DCP PEQUEÑOS FRAGMENTOS 3.5 mm  UNIDAD UNIDAD,UNIDAD,I
36201,INTRODUCTOR VASCULAR 5 FR X 12 cm   UNIDAD,UNIDAD,I
40940,CAMARA HUMIFICADORA DESCARTABLE PUA CON AGUJERO   UNIDAD,UNIDAD,I
38474,CANULA NASAL PARA SISTEMA CPAP DE BURBUJA N° 7.5   UNIDAD,UNIDAD,I
18464,SOLUCION PARA HEMODIALISIS CON BICARBONATO  5 L SOLUCION,SOLUCION,M
49333,AUDIFONO DIGITAL PROGRAMABLE DE 30 - 50 dB   UNIDAD,UNIDAD,I
30355,CORSE DE BOSTON (10 A 18 AÑOS EDAD)   UNIDAD,UNIDAD,I
31707,ANILLO DE ANULOPLASTIA PARA VALVULA MITRAL Nº 28   UNIDAD,UNIDAD,I
32046,LENTE INTRAOCULAR CAMARA ANTERIOR DE 13.0 mm DIOPTRIA +15.0 A +27.0   UNIDAD,UNIDAD,I
38623,SOLUCION PARA HEMOFILTRACION CON BICARBONATO  5 L SOLUCION,SOLUCION,M
32214,CATETER PARA EMBOLECTOMIA TIPO FOGARTY Nº 3   UNIDAD,UNIDAD,I
32362,AGUJA KIRSCHNER 2.5 mm X 300 mm   UNIDAD,UNIDAD,I
38991,"REACTIVO PARA GASES ARTERIALES INCLUYE COOXIMETRIA (HB, SO2)  1 DET KIT",KIT,I
26170,TUBO ESOFAGICO MONTGOMERY CON DERIVACION SALIVAL N° 14   UNIDAD,UNIDAD,I
44820,CARBOMERO 940 USP  1 kg UNIDAD,UNIDAD,I
54926,CATETER VENOSO CENTRAL TEMPORAL RECTO DE ALTO FLUJO,UNIDAD,I
27581,FORMULA POLIMERICA HIPERPROTEINICA HIPERCALORICA  1 L SOLUCION,SOLUCION,M
27894,MANGO CON CANULA DE CORTE 3.7 mm x 20 mm x 12 cm PARA EQUIPO ESTEREOTAXIA   UNIDAD,UNIDAD,I
45739,PINZA DE BIOPSIA PARA COLONOSCOPIA SIN AGUJA X 230 cm DE LONGITUD DESCARTABLE   UNIDAD,UNIDAD,I
22276,DISCO DE SENSIBILIDAD DE CEFTAZIDIMA/ACIDO CLAVULANICO 30/10 ug 50 DISCOS UNIDAD,UNIDAD,I
34679,MORTERO DE PORCELANA 50 mL CON PILON   UNIDAD,UNIDAD,I
28435,PLACA DE COMPRESION Y BLOQUEO ESTRECHA DE LCP DE 6 AGUJEROS X 4.5 mm   UNIDAD,UNIDAD,I
37730,SUPLEMENTO NUTRICIONAL DIETETICO INFANTIL DE SEGUIMIENTO  375 g POLVO,POLVO,M
49290,EMBUDO ESTANDAR DE VIDRIO BOROSILICATO 150 mm X 100 mm   UNIDAD,UNIDAD,I
32121,TORNILLO ESPONJOSO 4.0 mm X 60 mm   UNIDAD,UNIDAD,I
22154,SUTURA SEDA NEGRA TRENZADA 6/0 C/DOBLE AGUJA 1/4 CIRCULO ESPATULADA 8 mm X 45 cm   UNIDAD,UNIDAD,I
27356,CLIP DE ANEURISMA TEMPORAL RECTO 8 mm   UNIDAD,UNIDAD,I
45453,VALVULA AORTICA DE DISCO BIVALVA Nº 23   UNIDAD,UNIDAD,I
10980,"ESPARADRAPO DE TELA 3"" X 10 yd   UNIDAD",UNIDAD,I
22355,AGUJA DE BIOPSIA DE MAMA REPOSICIONABLE Nº 20 G X 10 cm   UNIDAD,UNIDAD,I
12744,TUBO NASOFARINGEO DESCARTABLE Nº 3   UNIDAD,UNIDAD,I
11678,PLACA L RECTA MINIFRAGMENTO DERECHO   UNIDAD,UNIDAD,I
30110,TORNILLO DE TITANIO 1.2 mm X 5 mm   UNIDAD,UNIDAD,I
25129,TUBO DE VIDRIO BOROSILICATO 20 mm X 125 mm CON TAPA ROSCA   UNIDAD,UNIDAD,I
49209,CLAVO INTRAMEDULAR DE TITANIO PARA TIBIA DE 9 mm X 28 cm   UNIDAD,UNIDAD,I
24577,CATETER CORONARIO TIPO JUDKINS DERECHO 6 FR X 100 cm   UNIDAD,UNIDAD,I
54208,CUBIERTA PROTECTORA DESCARTABLE ESTERIL PARA TRANSDUCTOR  14.0 cm X 91.5 cm UNIDAD,UNIDAD,I
42806,ANTISUERO ANTI BRUCELLA ABORTUS  X 5 mL UNIDAD,UNIDAD,I
39271,PLACA LCP DE ANGULO VARIABLE DE 2.7/3.5 mm DE 8 AGUJEROS PARA OLECRANON DERECHO DE TITANIO   UNIDAD,UNIDAD,I
53408,AGUJA DE GUIA 1.4 mm X 152 mm   UNIDAD,UNIDAD,I
32459,APOSITO DE ESPUMA (POLIURETANO) CON PLATA IONICA 1.2 % CON HIDROFIBRA (CARBOXIMETILCELULOSA SODICA) 12.5 cm X 12.5 c   UNIDAD,UNIDAD,I
38814,SET DE REACTIVOS PARA HEMOGRAMA AUTOMATIZADO DIFERENCIAL 5 ESTIRPES x 1000 DETERMINACIONES x 4 PIEZAS   SET,SET,I
25202,LINEA DE INFUSION CON CASETERA SIN BURETA PARA BOMBA DE INFUSION   UNIDAD,UNIDAD,I
23574,FIBRINOGENO  100 DET KIT,KIT,I
43282,EXTRACTO DE MANZANILLA X 1 L   UNIDAD,UNIDAD,I
35107,ESCARIADOR SET DEL 15 - 40 (1era SERIE) DE 25 mm   UNIDAD,UNIDAD,I
33264,PLACA LCP DE 06 AGUJEROS X 4.5/5.0 mm PARA FEMUR DISTAL ADULTO   UNIDAD,UNIDAD,I
36891,BOTADOR RECTO GRANDE   UNIDAD,UNIDAD,I
34099,TORNILLO CORTICAL 2.0 mm x 14 mm   UNIDAD,UNIDAD,I
45322,VALVULA PEEP PARA RESPIRADOR MANUAL   UNIDAD,UNIDAD,I
53954,ALIMENTO DIETETICO NUTRICIONAL FIBRA  X 350 g UNIDAD,UNIDAD,I
40111,CAJA INTERSOMATICA CERVICAL 11 mm X 12 mm X 14 mm   UNIDAD,UNIDAD,I
38498,CUCHILLETE DE INCISION PARA FACO ESTANDAR ANGULADO DE 2.75 º   UNIDAD,UNIDAD,I
41784,ESPACIADOR INTERVERTEBRAL LUMBAR ANTERIOR DE POLIETERETERCETONA 25 mm X 32 mm CON TORNILLOS Y PLACA   UNIDAD,UNIDAD,I
33274,MASCARA DE ANESTESIA TRANSPARENTE CON BORDE INFLABLE N° 2   UNIDAD,UNIDAD,I
20588,SUTURA SEDA NEGRA TRENZADA 0 C/A 1/2 CIRCULO CORTANTE 30 mm X 75 cm   UNIDAD,UNIDAD,I
32610,"CATETER ENDOVENOSO PERIFERICO Nº 16 G X 1 1/4""   UNIDAD",UNIDAD,I
38494,CATETER VENOSO CENTRAL DOBLE LUMEN 4 FR x 15 cm   UNIDAD,UNIDAD,I
46182,GUIA METALICA HIDROFILICA PUNTA RECTA 0.018 in X 2.60 m   UNIDAD,UNIDAD,I
47464,KIT DE ESTANDARES PARA LA CUANTIFICACION DE AMINOACIDOS Y ACILCARNITINAS ASOCIADOS AL TRASNTORNO METABOLICO NEONATA DE AMINOACIDOS Y ACIDOS GRASOS 960 DETERMINACIONES UNIDAD,UNIDAD,I
33969,ESPARADRAPO DE PLASTICO HIPOALERGENICO 28 cm X 9.1 m APROX. 5 CORTES   UNIDAD,UNIDAD,I
33994,BOTA DESCARTABLE X 50 PARES   UNIDAD,UNIDAD,I
29380,GANCHO PARA BARRA DE HARRINGTON   UNIDAD,UNIDAD,I
42759,PLACA LCP DE 8 AGUJEROS X 3.5 mm PARA TIBIA PROXIMAL MEDIAL IZQUIERDA   UNIDAD,UNIDAD,I
19571,CLAVO KIRSCHNER 1.2 mm X 280 mm   UNIDAD,UNIDAD,I
22799,GAS PERFLUOR DE CARBONO NO ESTERIL PARA CIRUGIA OFTALMICA X 30 mL   UNIDAD,UNIDAD,I
32063,SET DE ACCESORIOS PARA LIGAMENTO CRUZADO ANTERIOR (LCA) X 9 PIEZAS   UNIDAD,UNIDAD,I
43476,SENSOR DE SATURACION DE OXIGENO NEONATO PARA OXIMETRO PULSO NELLCOR   UNIDAD,UNIDAD,I
22523,PROTECTOR LARINGEO DE POLIETILENO DESCARTABLE Nº 4   UNIDAD,UNIDAD,I
44293,GUIA HIDROFILICA RECTA FLEXIBLE DESCARTABLE 0.035 in X 1.50 m   UNIDAD,UNIDAD,I
24923,PLACA DE PACIENTE CON ADHESIVO HIDROGEL CON CORDON   UNIDAD,UNIDAD,I
21762,NETILMICINA (SOLUCION OFTALMICA) 3 mg/mL 5 mL SOLUCION,SOLUCION,M
40301,CREMA HIDRATANTE Y TONIFICANTE DE PIEL X 200 mL   UNIDAD,UNIDAD,I
39275,CATETER INTRACRANEAL DE SOPORTE DISTAL 6 FR x 115 cm   UNIDAD,UNIDAD,I
52638,SUTURA DE POLIPROPILENO AZUL MONOFILAMENTO 2/0 C/A 1/2 CIRCULO REDONDA 30 mm X 70 cm   UNIDAD,UNIDAD,I
39420,PINZA HEMOSTATICA ELECTROQUIRURGICA COAGRASPER PARA GASTROSCOPIA 165 cm X 5 mm DE APERTURA   UNIDAD,UNIDAD,I
24831,MESALAZINA 500 mg  SUPOSITORIO,SUPOSITORIO,M
22294,ANTISUERO ANTISALMONELLA SOMATICO GRUPO A  3 mL SOLUCION,SOLUCION,I
5814,SILDENAFILO 50 mg  TABLETA,TABLETA,M
55616,TIJERA METZEMBAUM CURVA PARA LAPAROSCOPIA - 34 cm UNIDAD,UNIDAD,I
19312,FORMULACIONES DE SALES DE REHIDRATACION ORAL  1 L SOLUCION,SOLUCION,M
54059,TORNILLO DE COMPRESION AUTOPERFORANTE HCS - 3.0 mm X 24 mm UNIDAD,UNIDAD,I
40578,CEMENTO ESTERIL POLIMETIL METACRILATO PARA CRANEOTOMIA 40 g + 19 mL   KIT,KIT,I
32410,L-ASPARAGINASA 750 UI/mL 5 mL INYECTABLE,INYECTABLE,M
27669,HEMOGLOBINA GLICOSILADA  25 DET KIT,KIT,I
46284,GUIA TEFLONADA CURVA  0.035 in X 260 mm UNIDAD,UNIDAD,I
5354,PENICILAMINA 250 mg  TABLETA,TABLETA,M
49695,AGUJA DE ASPIRACION DE MEDULA OSEA DESCARTABLE Nº 15 G X 30/70 mm   UNIDAD,UNIDAD,I
55491,SUSTANCIA PARA SISTEMA EMBOLIZANTE 20 CENTIPOISE - X 1.5 mL UNIDAD,UNIDAD,I
26733,TORNILLO DE BLOQUEO 3.5 mm X 60 mm   UNIDAD,UNIDAD,I
52403,CRIOSONDA FLEXIBLE DESCARTABLE 1.7 mm x 1.15 m   UNIDAD,UNIDAD,I
49207,CEPILLO DE LIMPIEZA 5 mm DE DIAMETRO X 1.8 mm DE LONGITUD CON MANGO DE 180 cm PARA GASTROSCOPIO   UNIDAD,UNIDAD,I
37228,PROTESIS VASCULAR AORTICA ASCENDENTE 32 mm x 100 mm CON VALVULA CARDIACA AORTICA MECANICA N° 29   UNIDAD,UNIDAD,I
28165,SOPORTE TERMOPLASTICO ORTETICO TOBILLO PIE (OTP) POSTURAL BILATERAL   UNIDAD,UNIDAD,I
29426,CLAVO KIRSCHNER 2.0 mm X 150 mm CON PUNTA ROSCADA   UNIDAD,UNIDAD,I
31309,AUDIFONO RETROAURICULAR DIGITAL PROGRAMABLE DE GANANCIA ACUSTICA DE 30 - 50 dB 8 CANALES   UNIDAD,UNIDAD,I
29614,FILTRO HIGROSCOPICO DE POLIURETANO PARA TRAQUEOTOMIA   UNIDAD,UNIDAD,I
19378,GLUTARALDEHIDO 10.5 % 20 mL SOLUCION,SOLUCION,I
18266,RIFAMPICINA  5 g POLVO,POLVO,I
26814,KIT DE ROPA DESCARTABLE PARA CIRUGIA TALLA L X 10 PIEZAS   KIT,KIT,I
29675,MANGA MIXTA PARA ESTERILIZAR CON VAPOR Y/O OXIDO DE ETILENO CON FUELLE 7.5 cm   UNIDAD,UNIDAD,I
34629,BALON DILATADOR DE ESOFAGO HIDRONEUMATICO DE 12 mm - 13.5 mm - 15 mm DE DIAMETRO   UNIDAD,UNIDAD,I
49961,ESPIRAL PARA EMBOLIZACION ENDOVASCULAR 9 mm X 35 cm   UNIDAD,UNIDAD,I
38897,SUTURA SEDA NEGRA TRENZADA 3/0 C/A 1/2 CIRCULO REDONDA 20 mm x 70 cm   UNIDAD,UNIDAD,I
24870,FRESA PARA CRANEOTOMO DE ACERO PARA CORTE LISO DE 16 mm   UNIDAD,UNIDAD,I
39579,GUIA METALICA HIDROFILICA PUNTA ANGULADA 0.035? x 1.80 m   UNIDAD,UNIDAD,I
35345,CANULA CAVA CURVA Nº 32   UNIDAD,UNIDAD,I
40435,SET DE TRAQUEOTOMIA DESCARTABLE   SET,SET,I
21291,PIEDRA ARKANSAS ALTA VELOCIDAD TIPO BALA   UNIDAD,UNIDAD,I
43435,CASQUILLO DE CIERRE PARA TORNILLO PEDICULAR MULTIAXIAL DE TITANIO CON DOBLE BLOQUEO   UNIDAD,UNIDAD,I
33694,CHALECO MANGA CORTA ELASTICA TALLA N° 2   UNIDAD,UNIDAD,I
52890,EXPANSOR TISULAR SEMILUNAR LISO 500 mL   UNIDAD,UNIDAD,I
44512,CANULA VENOSA PARA OXIGENACION POR MEMBRANA EXTRACORPOREA (ECMO) UN LUMEN 8 FR   UNIDAD,UNIDAD,I
42382,ANTICUERPO ANTI-CITOPLASMA DEL NEOTROFILO INMUNOFLUORESCENCIA   UNIDAD,UNIDAD,I
19266,SUTURA CATGUT CROMICO 1 C/A 1/2 CIRCULO REDONDA 40 mm X 100 cm   UNIDAD,UNIDAD,I
42197,BALON DILATADOR DE ESOFAGO 8 mm - 9 mm - 10 mm DE 3 ETAPAS SIN GUIA   UNIDAD,UNIDAD,I
23856,PLACA DCP PEQUEÑOS FRAGMENTOS DE 10 AGUJEROS X 3.5 mm   UNIDAD,UNIDAD,I
29234,MICROCUBETA DESCARTABLE PARA HEMOGLOBINOMETRO PORTATIL X 100   UNIDAD,UNIDAD,I
32443,SUERO CONTROL ANORMAL (10 FRASCOS X 5 mL)   UNIDAD,UNIDAD,I
37521,TUBO DE PLASTICO 12 mm X 75 mm   UNIDAD,UNIDAD,I
52208,RIFAXIMINA 550 mg  TABLETA,TABLETA,M
30759,PLACA DE RETORNO INDIFERENTE RECIEN NACIDO DESCARTABLE PARA ELECTROBISTURI   UNIDAD,UNIDAD,I
29890,GUANTE DE NITRILO TALLA M   PAR,PAR,I
33459,KIT DE CATETER DIALISIS PERITONEAL 57 cm   KIT,KIT,I
27189,CANULA VENOSA RECTA Nº 24   UNIDAD,UNIDAD,I
29922,TORNILLO DE BLOQUEO 2.7 mm X 24 mm   UNIDAD,UNIDAD,I
25853,KIT DE AFERESIS PARA OBTENCION DE PLAQUETAS POR FLUJO CONTINUO   KIT,KIT,I
25634,DISPOSITIVO DE INHALACION PARA VENTILADOR MECANICO PEDIATRICO   UNIDAD,UNIDAD,I
37773,SUTURA ACIDO POLIGLACTIN 1 C/A 1/2 CIRCULO REDONDA 36.4 mm X 70 cm   UNIDAD,UNIDAD,I
15621,CATETER IMPLANTABLE CON PUERTO DE TITANIO 5 FR X 8.7 mm X 60 cm   UNIDAD,UNIDAD,I
29951,CATETER CORONARIO TIPO JUDKINS DERECHO 6 FR X 100 cm ASA Nº 4.0   UNIDAD,UNIDAD,I
27063,CATETER BALON PARA ANGIOPLASTIA CORONARIA 2.5 mm X 12 mm   UNIDAD,UNIDAD,I
20817,BROCA 1.6 mm X 50 mm   UNIDAD,UNIDAD,I
51286,FRASCO DE PLASTICO BOCA ANCHA X 120 ML CON TAPA ROSCA   UNIDAD,UNIDAD,I
54483,HORMONA PARATIROIDEA AUTOMATIZADA X 100 DETERMINACIONES - X 100 DET UNIDAD,UNIDAD,I
29332,TORNILLO DE BLOQUEO DE TITANIO AUTORROSCANTE 5.0 mm X 40 mm   UNIDAD,UNIDAD,I
32917,CATETER DE DIAGNOSTICO CUADRUPOLAR 6 FR X 92 cm   UNIDAD,UNIDAD,I
21969,CLIP DE ANEURISMA ESTANDAR RECTO 7 mm   UNIDAD,UNIDAD,I
25400,FRESA PARA CRANEOTOMO DE ACERO PARA CORTE ADULTO DE 2.3 mm X 15.9 mm   UNIDAD,UNIDAD,I
28012,INTRODUCTOR PRELUDE PARA MARCAPASO 6 FR X 11 cm   UNIDAD,UNIDAD,I
41024,TAPETE DESCONTAMINANTE DE POLIETILENO PARA PISO 90 cm X 1.15 m APROX.   UNIDAD,UNIDAD,I
30837,GUIA HIDROFILICA 0.35 mm X 1.5 m   UNIDAD,UNIDAD,I
42795,CATETER IMPLANTABLE CON PUERTO DE TITANIO 7 FR X 60 cm X 12.0 mm   UNIDAD,UNIDAD,I
21215,TORNILLO DE BLOQUEO 4.0 mm x 24 mm   UNIDAD,UNIDAD,I
38433,SENSOR OXIMETRO ADULTO DEDAL   UNIDAD,UNIDAD,I
42063,FILTRO INTERCAMBIADOR DE CALOR Y HUMEDAD ADULTO Y PEDIATRICO PARA VENTILADOR PULMONAR MECANICE   UNIDAD,UNIDAD,I
33285,ESFINTEROTOMO PARA VIA BILIAR   UNIDAD,UNIDAD,I
1565,CARMELOSA(SOLUCION OFTALMICA) 5 mg/mL 15 mL SOLUCION,SOLUCION,M
50850,CATETER SEPARADOR DE 0.072 in X 150 cm   UNIDAD,UNIDAD,I
25884,CRIOVIAL DE POLIPROPILENO ESTERIL 5.0 mL CON TAPA ROSCA BASE PLANA X 100   UNIDAD,UNIDAD,I
54217,PLACA DE BLOQUEO LCP ANATOMICA DE TITANIO PARA CLAVICULA IZQUIERDA DE 9 AGUJEROS  X 3.5/3.5 mm UNIDAD,UNIDAD,I
20776,FOSCARNET 24 mg/mL 250 mL INYECTABLE,INYECTABLE,M
24286,CATETER VENOSO CENTRAL UN LUMEN  Nº 7F X 20 cm   UNIDAD,UNIDAD,I
27218,COLORANTE SUDAN III  50 mL UNIDAD,UNIDAD,I
31578,MALLA MULTICAPA SEPARADORA DE TEJIDOS 30.5 cm X 30.5 cm   UNIDAD,UNIDAD,I
45697,CUBRE ZAPATO DESCARTABLE COLOR AZUL X 50 PARES   UNIDAD,UNIDAD,I
44565,"KIT DE ROPA DESCARTABLE ( 1 MANDIL, 1 GORRO, 1 PAR DE CUBRE CALZADO)TALLA L   UNIDAD",UNIDAD,I
26621,PLACA LCP DE 05 AGUJEROS X 2.3 mm para RADIO DISTAL   UNIDAD,UNIDAD,I
22622,OVOIDE DE JEBE TRANSVERSO 44 mm X 23 mm X 29 mm   UNIDAD,UNIDAD,I
39409,TORNILLO DE TITANIO 2.0 mm x 12 mm   UNIDAD,UNIDAD,I
31497,PUNTA DESCARTABLE DE PIEZA DE MANO DE EQUIPO QUIRURGICO ULTRASONICO DE 9 cm   UNIDAD,UNIDAD,I
10356,BOLSA COLECTORA DE PLASMA X 300 mL   UNIDAD,UNIDAD,I
53936,CAMPO DE INCISION ANTIMICROBIANO  85 cm X 60 cm UNIDAD,UNIDAD,I
8080,POTASIO FOSFATO 285 mg/170 mg 5 mL INYECTABLE,INYECTABLE,M
48989,HORMONA TESTOSTERONA TOTAL  X 100 DET UNIDAD,UNIDAD,I
47401,CLORHIDRATO DE POLIHEXAMETILENO DE GUANIDINA 0.135% + AMONIO CUATERNARIO 0.015% + AGUA 99.850% X 750 mL   UNIDAD,UNIDAD,I
44690,PLACA DE BLOQUEO DE CADERA LCP 120º DE 2.7 mm X 95 mm   UNIDAD,UNIDAD,I
4369,LEVOMEPROMAZINA 25 mg  TABLETA,TABLETA,M
51849,CIRCUITO DE ANESTESIA COAXIAL CON BOLSA Y FILTRO PEDIATRICO   UNIDAD,UNIDAD,I
32566,INTRODUCTOR 5 FR X 11 cm CON VALVULA ANTIREFLUJO   UNIDAD,UNIDAD,I
54582,CANULA ENDOLUMINAL (STENT) CORONARIA DE METAL MEDICADA - 3.5 mm X 22 mm UNIDAD,UNIDAD,I
34657,PUNTA DE ENDOLASER PARA EQUIPO PUREPOINT 25 G   UNIDAD,UNIDAD,I
35837,CATETER BALON PARA ANGIOPLASTIA CORONARIA 5.0 mm X 20 mm   UNIDAD,UNIDAD,I
50183,FILTRO REDONDO PARA ASPIRADORA DE SECRECIONES   UNIDAD,UNIDAD,I
47571,SET DE MATERIAL DESCARTABLE PARA PROCEDIMIENTOS QUIRURGICOS CON HIDRODISECTOR   UNIDAD,UNIDAD,I
34439,MASCARILLA DE ANESTESIA TRANSPARENTE Nº 5   UNIDAD,UNIDAD,I
1414,CAFEINA 100 mg  TABLETA,TABLETA,M
30573,MASCARA DE OXIGENO PARA RECIEN NACIDO   UNIDAD,UNIDAD,I
32672,SUTURA NAILON AZUL MONOFILAMENTO 4/0 C/A 3/8 CIRCULO CORTANTE 16 mm X 45 cm   UNIDAD,UNIDAD,I
30537,VENDITA ADHESIVA 19 mm X 76 mm   UNIDAD,UNIDAD,I
27924,BROCA LCP DE 2.8 mm DE DIAMETRO X 165 mm   UNIDAD,UNIDAD,I
30851,CATETER VENOSO CENTRAL 4 FR X 8 cm   UNIDAD,UNIDAD,I
43442,BROCA 2.8 mm x 220 mm   UNIDAD,UNIDAD,I
28508,MANGA MIXTA PARA ESTERILIZAR CON VAPOR Y/O OXIDO DE ETILENO CON FUELLE 25 cm   UNIDAD,UNIDAD,I
20723,PLACA METALICA 05 AGUJEROS 15 cm X 2 mm   UNIDAD,UNIDAD,I
32926,KIT DESCARTABLE DE CPAP NASAL CON SISTEMA DE CALENTAMIENTO Y HUMIDIFICACION   KIT,KIT,I
50666,CANULA ENDOLUMINAL (STENT) DE METAL PARA PSEUDOQUISTE PANCREATICA 15 mm X 10 mm   UNIDAD,UNIDAD,I
41737,CLAVO SCHANZ ROSCA CENTRAL 4.5 mm X 225 mm   UNIDAD,UNIDAD,I
31598,ESPATULA PARA CEMENTO DENTAL   UNIDAD,UNIDAD,I
31984,PLACA ANGULADA DE TITANIO DE 4 AGUJEROS SISTEMA 2.0 mm LADO DERECHO MAXILAR INFERIOR   UNIDAD,UNIDAD,I
26192,CLIP DE ANEURISMA SEMICURVO DE TITANIO 11 mm   UNIDAD,UNIDAD,I
39834,PINZA CON PUNTA DE CONTROL GRASPER FENESTRADA 41.7 mm   UNIDAD,UNIDAD,I
33709,CHALECO SIN MANGAS ELASTICA TALLA N° 12   UNIDAD,UNIDAD,I
21959,ELECTRODO PARA CIRUGIA ARTROSCOPICA C/TERMINAL EN PUNTA PROTEGIDA   UNIDAD,UNIDAD,I
31544,PARTICULA PARA EMBOLIZACION PVA TERAPEUTICA VASCULAR 500 µm  1 mL UNIDAD,UNIDAD,I
24322,TORNILLO CORTICAL 2.7 mm x 40 mm   UNIDAD,UNIDAD,I
22987,SUTURA DE POLIPROPILENO AZUL MONOFILAMENTO 3/0 C/2A 1/2 CIRCULO REDONDA 22 mm X 75 cm   UNIDAD,UNIDAD,I
26449,PEROXIDO DE BENZOILO USP  250 g UNIDAD,UNIDAD,I
39894,CATETER DE ABLACION NO IRRIGADO CON DEFLEXION 6 FR x 92 cm   UNIDAD,UNIDAD,I
22296,ANTISUERO ANTISALMONELLA SOMATICO GRUPO E  3 mL SOLUCION,SOLUCION,I
42352,TORNILLO DE BLOQUEO DE TITANIO AUTORROSCANTE  3.5 mm X 32 mm UNIDAD,UNIDAD,I
52468,MEDIO DE CULTIVO ACEITE MINERAL PARA FECUNDACION IN VITRO  500 mL UNIDAD,UNIDAD,I
33740,SOPORTE DE MENTON Y CUELLO ELASTICO TALLA N° 12   UNIDAD,UNIDAD,I
1995,CLOMIFENO CITRATO 50 mg  TABLETA,TABLETA,M
50429,MICROGUiA 0.008 in X 220 cm   UNIDAD,UNIDAD,I
20120,MICROCATETER 1.8 FR X 1.50 m   UNIDAD,UNIDAD,I
30091,CLAVO SCHANZ 3.0 mm X 150 mm   UNIDAD,UNIDAD,I
47822,FACTOR DE COAGULACION IX  01 DETERMINACION UNIDAD,UNIDAD,I
51765,OCLUSOR PERCUTANEO DE PERSISTENCIA DE DUCTUS ARTERIOSO DE 14 mm X 12 mm   UNIDAD,UNIDAD,I
25801,HIDROXIDO DE CALCIO BASE Y CATALIZADOR  13 g/13 g KIT,KIT,I
42434,ARCO PREFORMADO DE ACERO INOXIDABLE RECTANGULAR SUPERIOR CORTO 0.017 in X 0.025 in  UND UNIDAD,UNIDAD,I
42493,SUTURA NAILON AZUL MONOFILAMENTO 2/0 C/A 1/2 CIRCULO REDONDA 30 mm X 70 cm  UND UNIDAD,UNIDAD,I
35967,RECARGA PARA GRAPADORA QUIRURGICA LINEAL CORTANTE ENDOSCOPICA 60 mm X 1.0 mm   UNIDAD,UNIDAD,I
22292,ANTISUERO ANTISALMONELLA POLIVALENTE SOMATICO  3 mL SOLUCION,SOLUCION,I
36376,ESPIRAL PARA EMBOLIZACION ENDOVASCULAR 3 mm X 6 cm CON REVESTIMIENTO DE HIDROGEL   UNIDAD,UNIDAD,I
41959,DISTRACTOR PALATINO   UNIDAD,UNIDAD,I
39645,ARCO NITI REDONDOS SUPERIORES N° 14   UNIDAD,UNIDAD,I
31216,BROCA DE 4.5 mm DE DIAMETRO X 130 mm   UNIDAD,UNIDAD,I
22606,CANULA PARA TRAQUEOSTOMIA PERCUTANEA Nº 6 CON BALON   UNIDAD,UNIDAD,I
55519,SET DE CATETER PERCUTANEO CON INTRODUCTOR PELABLE 1.0 FR X 20 cm - UNIDAD,UNIDAD,I
19309,UREA CINETICA  200 DET KIT,KIT,I
35724,"INTRODUCTOR 5 FR CON GUIA RECTA 0.018"" X 11 cm   UNIDAD",UNIDAD,I
15735,CATETER VENOSO CENTRAL DOBLE LUMEN N° 12 F X 16 cm   UNIDAD,UNIDAD,I
36627,CANULA PARA TRAQUEOSTOMIA Nº 4 X 41 mm   UNIDAD,UNIDAD,I
32589,ARANDELA PARA TORNILLO CANULADO 6.5 mm   UNIDAD,UNIDAD,I
50684,TUBO PARA EXTRACCION DE SANGRE CON SISTEMA DE VACIO DE POLIETILENO TEREFTALATO (PET) DE 2 mL CON EDTA DIPOTASICO   UNIDAD,UNIDAD,I
12644,TORNILLO ESPONJOSO ROSCA TOTAL 6.5 mm X 40 mm   UNIDAD,UNIDAD,I
18933,CAMPO QUIRURGICO ANTIMICROBIANO 60 cm X 45 cm   UNIDAD,UNIDAD,I
49191,TOXINA BOTULINICA TIPO A 300U  INYECTABLE,INYECTABLE,M
30711,DISCO DE SENSIBILIDAD DE CIPROFLOXACINO 5 µg 100 DISCOS UNIDAD,UNIDAD,I
29589,MINIPLACA DE TITANIO EN L A LA IZQUIERDA 7 AGUJEROS SISTEMA 2.0 mm   UNIDAD,UNIDAD,I
23965,GUANTE QUIRURGICO ESTERIL EMPAQUE INDIV. Nº 7 1/2 PUÑO LARGO   PAR,PAR,I
48469,OXIGENADOR DE MEMBRANA CON RESERVORIO CARDIOTOMIA CON FILTRO ARTERIAL INTEGRADO NEONATAL   UNIDAD,UNIDAD,I
29520,APOSITO DE MEMBRANA AMNIOTICA ESTERIL 4 cm X 4 cm   UNIDAD,UNIDAD,I
30667,CANULA ENDOLUMINAL (STENT) CORONARIA DE METAL 2.5 mm X 24 mm   UNIDAD,UNIDAD,I
36829,"APOSITO DE POLIURETANO NEGRO CON SUCCION AL VACIO DE 1.74"" DIAMETRO   UNIDAD",UNIDAD,I
30449,CLORURO DE SODIO 3 mg/DOSIS (3%) 250 DOSIS AEROSOL,AEROSOL,M
38613,TUBO DE PACIENTE 4 mm x 250 cm CON 2 VALVULA ANTIREFLUJO DESCARTABLE PARA INYECTOR DE CONTRASTE PHILIPS   UNIDAD,UNIDAD,I
50462,SONDA NASOGASTRICA TIPO SANZTAKE BLAKEMORE ADULTO   UNIDAD,UNIDAD,I
36397,PLACA LCP DE 10 AGUJEROS X 2.7/3.5 mm PARA TIBIA DISTAL DERECHA   UNIDAD,UNIDAD,I
36191,CLORHEXIDINA GLUCONATO + ALCOHOL ETILICO 0.05% + 60% W/W 1 L GEL,GEL,I
54291,INTRODUCTOR FEMORAL CON CUBIERTA HIDROFILICA - 9 FR X 11 cm UNIDAD,UNIDAD,I
50022,BROCA 4.3 mm  X 180 mm   UNIDAD,UNIDAD,I
53293,TORNILLO DE COMPRESION SIN CABEZA CANULADO AUTOPERFORANTE ROSCA TOTAL 6.5 mm X 60 mm   UNIDAD,UNIDAD,I
29473,SISTEMA DOBLE DE DRENAJE TORAXICO DESCARTABLE 1 CAMARA CON VALVULA   UNIDAD,UNIDAD,I
47942,BARRA DE TITANIO 5.5 mm X 110 mm PARA COLUMNA VERTEBRAL   UNIDAD,UNIDAD,I
24700,IMPLANTE ORBITAL DE HIDROXIAPATITA Nº 20   UNIDAD,UNIDAD,I
21613,"PANTALON ESTERIL DESCARTABLE TALLA "" XL""   UNIDAD",UNIDAD,I
19707,AGALSIDASA BETA 35 mg  INYECTABLE,INYECTABLE,M
44980,ANTICUERPO MONOCLONAL CD 123 CON ALLOFICOCIANINA  1 mL UNIDAD,UNIDAD,I
49600,TUBO DE DRENAJE TORAXICO Nº 19   UNIDAD,UNIDAD,I
31904,PRUEBA RAPIDA PARA DETECCION DE ROTAVIRUS POR INMUNOCROMATOGRAFIA  25 DET UNIDAD,UNIDAD,I
23732,PLACA DE COMPRESION Y BLOQUEO ANCHA DE LCP DE 6 AGUJEROS X 4.5 mm   UNIDAD,UNIDAD,I
33549,TUBO CAPILAR CON HEPARINA X 1000   UNIDAD,UNIDAD,I
27711,MALLA DE POLIPROPILENO DESCARTABLE 15 cm X 20 cm   UNIDAD,UNIDAD,I
23688,INDICADOR MULTIPARAMETRO (INTEGRADOR) DE ESTERILIZACION A VAPOR X 100 UNI   UNIDAD,UNIDAD,I
32738,PINZA DE BIOPSIA PARA ENDOSCOPIA ALTA X 180 cm   UNIDAD,UNIDAD,I
11178,GEL PARA ECOGRAFIA  5 L UNIDAD,UNIDAD,I
26138,CATETER BALON DE BAJO PERFIL 6 mm X 3.0 cm DE 4 FR X 100 cm   UNIDAD,UNIDAD,I
54400,LURASIDONA 20 mg - TABLETA,TABLETA,M
28481,TAPON DE SEGURIDAD DE AUTOQUIEBRE PARA GANCHO LAMINAR 5.5 mm   UNIDAD,UNIDAD,I
30264,SEPARADOR HALLUX-VALGUS DIURNO   UNIDAD,UNIDAD,I
21155,APOSITO DE HIDROPOLIMERO 15 cm X 15 cm   UNIDAD,UNIDAD,I
25177,MEGLUMINA GADOPENTETATO 469.01 mg/mL 15 mL INYECTABLE,INYECTABLE,M
37198,CATETER DE DRENAJE PERCUTANEO 10.2 FR X 40 cm 32 ORIFICIOS DISTALES   UNIDAD,UNIDAD,I
20969,LIDOCAINA CLORHIDRATO 10 g/100 g 50 g AEROSOL,AEROSOL,M
38555,MALLA DE TITANIO CILINDRICA DE REEMPLAZO DE CUERPO VERTEBRAL 15 mm x 22 mm   UNIDAD,UNIDAD,I
28253,PLACA BLOQUEADA PARA FEMUR DISTAL 14 AGUJEROS X 310 mm   UNIDAD,UNIDAD,I
11779,ANTIGENO RPR  250 DET KIT,KIT,I
29840,INDICADOR QUIMICO INTERNO DE ESTERILIZACION A VAPOR   UNIDAD,UNIDAD,I
35408,CATETER DE DRENAJE TORAXICO 16 FR   UNIDAD,UNIDAD,I
17100,"AGUJA ESPINAL DESCARTABLE 22 G X 3 1/2""   UNIDAD",UNIDAD,I
51575,MICROCATETER 1.5 FR X 1.67 m   UNIDAD,UNIDAD,I
15948,CLAVO STEINMAN PUNTA TRIANGULAR 3.2 mm X 300 mm   UNIDAD,UNIDAD,I
29381,ALAMBRE REDONDO DE ACERO INOXIDABLE (USO ODONTOLOGICO) 0.9 mm DE DIAMETRO X 100 m   UNIDAD,UNIDAD,I
38303,AGUJA ESPINAL PUNTA LAPIZ CON INTRODUCTOR 27 G x 90 mm   UNIDAD,UNIDAD,I
33658,TIPS AMARILLO PARA MICROPIPETA 10 µL - 100 µL X 500   UNIDAD,UNIDAD,I
33423,MUSLERA CON PRETINA ELASTICA TALLA N° 6   UNIDAD,UNIDAD,I
50299,TELA NO TEJIDA 1.00 m X 1.00 m X 200 PLIEGOS   UNIDAD,UNIDAD,I
29199,DESMOPRESINA ACETATO 200 µg  TABLETA,TABLETA,M
12248,SUTURA NAILON AZUL MONOFILAMENTO 6/0 C/A 3/8 CIRCULO CORTANTE 10 mm X 45 cm   UNIDAD,UNIDAD,I
32332,FERULA DE PLASTICO PARA MANO   UNIDAD,UNIDAD,I
30890,LENTE INTRAOCULAR DIOPTRIA 24.5 CAMARA POSTERIOR PLEGABLE 1 PIEZA   UNIDAD,UNIDAD,I
51248,SONDA DE ASPIRACION DE SECRECIONES CIRCUITO CERRADO PARA TRAQUEOSTOMIA CON MDI FR 14   UNIDAD,UNIDAD,I
48082,DESINFECTANTE AMONIO CUATERNARIO CONCENTRADO  X 5 L UNIDAD,UNIDAD,I
45954,TORNILLO HEXALOBE DE BLOQUEO  3.5 mm X 12 mm UNIDAD,UNIDAD,I
41880,FRESA DIAMANTADA ALTA VELOCIDAD ESFERICA EXTRA GRANDE  UNIDAD UNIDAD,UNIDAD,I
26312,TORNILLO DE BLOQUEO 2.3 mm X 20 mm   UNIDAD,UNIDAD,I
33759,MASCARA CERRADA ELASTICA TALLA N° 10   UNIDAD,UNIDAD,I
18058,LATANOPROST + TIMOLO MALEATO 0.05 mg + 5 mg 2.5 mL SOLUCION,SOLUCION,M
28425,PAÑAL DESCARTABLE TIPO TOALLA   UNIDAD,UNIDAD,I
50448,CATETER VENOSO CENTRAL DOBLE LUMEN DE LARGA PERMANENCIA PARA HEMODIALISIS 15.5 FR X 33 cm   UNIDAD,UNIDAD,I
26162,VALVULA CARDIACA AORTICA MECANICA N° 25   UNIDAD,UNIDAD,I
4524,LOTEPREDNOL (SUSPENSION OFTALMICA) 5 mg/mL 5 mL SUSPENSION,SUSPENSION,M
38802,ROCIVERINA 10 mg  TABLETA,TABLETA,M
46180,CATETER BALON PARA ANGIOPLASTIA PERIFERICA 10 mm X 40 mm DE 6 FR X 135 cm   UNIDAD,UNIDAD,I
43957,GATIFLOXACINO 5 mg/mL 0.5 % X 5 mL SOLUCION,SOLUCION,M
35047,SENSOR PARA PULSOXIMETRO PEDIATRICO   UNIDAD,UNIDAD,I
51761,OCLUSOR PERCUTANEO PARA DEFECTO SEPTAL MULTIFUNCIONAL 12 mm x 10 mm   UNIDAD,UNIDAD,I
5597,FORMULACIONES DE SALES DE REHIDRATACION ORAL  500 mL SOLUCION,SOLUCION,M
35142,TORNILLO PEDICULAR MULTIAXIAL DE TITANIO 3.5 mm X 12 mm   UNIDAD,UNIDAD,I
31485,BROCA DE ANCLAJE RAPIDO 4.5 mm X 200 mm   UNIDAD,UNIDAD,I
39708,SOLUCION TAMPON (BUFFER) pH 4.00 +/- 0.01 (25 ºC) x 500 mL   UNIDAD,UNIDAD,I
48879,ANTICUERPO MONOCLONAL IREM 2 CON ALLOFICOCIANINA  X 1 mL UNIDAD,UNIDAD,I
10646,CLAVO RUSH 6.0 mm X 35 cm   UNIDAD,UNIDAD,I
24235,SUTURA ACIDO POLIGLACTIN 4/0 C/A 1/2 CIRCULO REDONDA 20 mm X 70 cm   UNIDAD,UNIDAD,I
46471,SISTEMA DE CLAVO TROCANTEREO PARA FIJACION INTRAMEDULAR   UNIDAD,UNIDAD,I
33414,PANTALONETA PIERNA CORTA ELASTICA TALLA N° 12   UNIDAD,UNIDAD,I
40776,DISTRACTOR MANDIBULAR MULTIAXIAL IZQUIERDO   UNIDAD,UNIDAD,I
38924,HEMOGRAMA AUTOMATIZADO DIFERENCIAL 5 ESTIRPES  1000 DET KIT,KIT,I
49617,NITROGENO  1 Kg LIQUIDO,LIQUIDO,I
33703,CHALECO SIN MANGAS ELASTICA TALLA N° 2   UNIDAD,UNIDAD,I
25039,BROCA 1.1 mm X 100 mm   UNIDAD,UNIDAD,I
12662,TORNILLO MALEOLAR 4.5mm X 50mm   UNIDAD,UNIDAD,I
20258,MALLA DE POLIPROPILENO DESCARTABLE 20 cm X 30 cm   UNIDAD,UNIDAD,I
37356,TORNILLO CANULADO 3.5 mm X 38 mm   UNIDAD,UNIDAD,I
22402,FRASCO DE PLASTICO BOCA ANCHA CON TAPA Y CONTRATAPA DE 500 mL   UNIDAD,UNIDAD,I
52499,CANNABIS SATIVA EXTRACTO ESTANDARIZADO CBD 10 % (100mg/mL) +/- 10 % THC < 1 % y ‗  0.120% (INSUMO)  1 L UNIDAD,UNIDAD,I
34856,CATETER DE DIAGNOSTICO CORONARIO TIGER 5 FR X 100 cm   UNIDAD,UNIDAD,I
41757,ACIDO CITRICO ANHIDRO USP x  1 kg   UNIDAD,UNIDAD,I
33612,MUÑEQUERA CON FIJACION A DEDO PULGAR ELASTICA TALLA N° 10   UNIDAD,UNIDAD,I
3543,FERROSO SULFATO 75 mg/5 mL 180 mL JARABE,JARABE,M
26517,AGUJA DE PUNCION PUNTA REDONDA 22 G X 8 cm PARA ECOENDOSCOPIA   UNIDAD,UNIDAD,I
33696,CHALECO MANGA CORTA ELASTICA TALLA N° 6	   UNIDAD,UNIDAD,I
28190,BALON DILATADOR DE ESOFAGO DE 15 mm DE DIAMETRO X 8 cm DE CATETER DE 200 cm   UNIDAD,UNIDAD,I
54594,REACTIVO PARA HORMONA ANTIMULLERIANA - X DET UNIDAD,UNIDAD,I
37042,STENT METALICO CUBIERTO PARA ARTERIA AORTA Y PULMONAR DE 3.4 cm X 8 mm   UNIDAD,UNIDAD,I
38556,RECARGA PARA GRAPADORA QUIRURGICA LINEAL CORTANTE PARA CIRUGIA ABIERTA 60 mm x 3.8 mm   UNIDAD,UNIDAD,I
40806,CATETER DOBLE LUMEN PARA CISTOMETRIA Nº 10   UNIDAD,UNIDAD,I
25464,FRESA PARA CRANEOTOMO DE ACERO PARA PERFORACION TIPO CERILLO 2.2 mm X 10 cm   UNIDAD,UNIDAD,I
25745,LENTE PROTECTOR DE PLASTICO TRANSPARENTE   UNIDAD,UNIDAD,I
11204,GUANTE DE LATEX DESCARTABLES  SMALL UNIDAD,UNIDAD,I
22945,TIPS AMARILLO 10 uL - 200 uL X 1000   UNIDAD,UNIDAD,I
30822,BROCA 4.5 mm X 200 mm   UNIDAD,UNIDAD,I
40706,DOSAJE DE METABOLITOS BENZODIAZEPINAS CASSETTE MET. INMUNOCROMATOGRAFICO X 50 DETERMINACIONES   UNIDAD,UNIDAD,I
40126,MICROCATETER 1.5 FR x 1.60 m   UNIDAD,UNIDAD,I
50687,DISCO DE SENSIBILIDAD DE NORFLOXACINO 10 µg  100 DISCOS UNIDAD,UNIDAD,I
35914,ESPACIADOR INTERVERTEBRAL LUMBAR TRANSFORAMINAL DE POLIETERETERCETONA 9 mm   UNIDAD,UNIDAD,I
34787,CANULA DE TRAQUEOTOMIA Nº 7   UNIDAD,UNIDAD,I
37539,TORNILLO CORTICAL 3.5 mm X 21 mm   UNIDAD,UNIDAD,I
20481,"BALON DILATADOR DE ESOFAGO 5.5 cm X 180 cm DE LONGITUD Y 6, 7 Y 8 mm DIAMETRO   UNIDAD",UNIDAD,I
23070,PLACA DE BLOQUEO DE CADERA LCP 150º 3.5 mm X 06 AGUJEROS 19 mm X 73 mm   UNIDAD,UNIDAD,I
